Torneio,Campeonato,Confronto,Jogador A,Time A,Jogador B,Time B,Data,Hora,Mercado,Tip,Linha,Janela 1,Winrate 1,Janela 2,Winrate 2,Odd,Placar Envio,Placar Final,Resultado,Lucro/Prej.,event_id
,B-EBASKBAT4X5,yangrainmaker x CHIEFKEEF,yangrainmaker,OKC Thunder,CHIEFKEEF,CHI Bulls,14/07/2026,04:02:43,Handicap,OKC Thunder (yangrainmaker) (+9.5),9.5,,,,,1.833,None-None,54-71,Red,-1.0,12223614
,B-EBASKBAT4X5,lucker x Lalkoff,lucker,MIA Heat,Lalkoff,DET Pistons,14/07/2026,04:00:00,Handicap,DET Pistons (Lalkoff) (+3.5),3.5,,,,,1.833,None-None,62-77,Green,0.833,12223613
,B-EBASKBAT4X5,Lalkoff x Kadzima,Lalkoff,DET Pistons,Kadzima,TOR Raptors,14/07/2026,05:10:25,Handicap,DET Pistons (Lalkoff) (+1.5),1.5,,,,,1.833,None-None,72-76,Red,-1.0,12223710
,B-EBASKBAT4X5,CHIEFKEEF x lucker,CHIEFKEEF,CHI Bulls,lucker,MIA Heat,14/07/2026,05:14:33,Handicap,MIA Heat (lucker) (+6.5),6.5,,,,,1.833,0-0,80-74,Green,0.833,12223709
,B-EBASKBAT4X5,Kadzima x CHIEFKEEF,Kadzima,TOR Raptors,CHIEFKEEF,CHI Bulls,14/07/2026,05:43:41,Handicap,TOR Raptors (Kadzima) (+13.5),13.5,,,,,1.833,None-None,67-72,Green,0.833,12223982
,B-EBASKBAT4X5,lucker x yangrainmaker,lucker,MIA Heat,yangrainmaker,OKC Thunder,14/07/2026,05:43:41,Handicap,OKC Thunder (yangrainmaker) (+2.5),2.5,,,,,1.833,None-None,69-71,Green,0.833,12223983
,B-EBASKBAT4X5,yangrainmaker x Kadzima,yangrainmaker,OKC Thunder,Kadzima,TOR Raptors,14/07/2026,05:43:41,Handicap,TOR Raptors (Kadzima) (+2.5),2.5,,,,,1.833,None-None,53-62,Green,0.833,12224025
,B-EBASKBAT4X5,CHIEFKEEF x Lalkoff,CHIEFKEEF,CHI Bulls,Lalkoff,DET Pistons,14/07/2026,05:46:08,Handicap,DET Pistons (Lalkoff) (+10.5),10.5,,,,,1.833,None-None,74-70,Green,0.833,12224026
,B-EBASKBAT4X5,Lalkoff x yangrainmaker,Lalkoff,DET Pistons,yangrainmaker,OKC Thunder,14/07/2026,06:20:51,Handicap,DET Pistons (Lalkoff) (+3.5),3.5,,,,,1.833,None-None,70-60,Green,0.833,12224130
,B-EBASKBAT4X5,Kadzima x lucker,Kadzima,TOR Raptors,lucker,MIA Heat,14/07/2026,06:20:51,Handicap,TOR Raptors (Kadzima) (+4.5),4.5,,,,,1.833,None-None,65-68,Green,0.833,12224131
,B-EBASKBAT4X5,CHIEFKEEF x yangrainmaker,CHIEFKEEF,CHI Bulls,yangrainmaker,OKC Thunder,14/07/2026,06:56:56,Handicap,OKC Thunder (yangrainmaker) (+10.5),10.5,,,,,1.833,None-None,76-62,Red,-1.0,12224221
,B-EBASKBAT4X5,Lalkoff x lucker,Lalkoff,DET Pistons,lucker,MIA Heat,14/07/2026,06:56:56,Handicap,DET Pistons (Lalkoff) (+1.5),1.5,,,,,1.833,None-None,65-67,Red,-1.0,12224220
,B-EBASKBAT4X5,lucker x CHIEFKEEF,lucker,MIA Heat,CHIEFKEEF,CHI Bulls,14/07/2026,07:47:14,Handicap,MIA Heat (lucker) (+5.5),5.5,,,,,1.833,None-None,59-64,Green,0.833,12224246
,B-EBASKBAT4X5,Kadzima x Lalkoff,Kadzima,TOR Raptors,Lalkoff,DET Pistons,14/07/2026,08:20:01,Handicap,DET Pistons (Lalkoff) (+2.5),2.5,,,,,1.833,None-None,68-61,Red,-1.0,12224247
,B-EBASKBAT4X5,CHIEFKEEF x Kadzima,CHIEFKEEF,CHI Bulls,Kadzima,TOR Raptors,14/07/2026,07:47:14,Handicap,TOR Raptors (Kadzima) (+9.5),9.5,,,,,1.833,None-None,72-64,Green,0.833,12224260
,B-EBASKBAT4X5,yangrainmaker x lucker,yangrainmaker,OKC Thunder,lucker,MIA Heat,14/07/2026,07:19:41,Handicap,OKC Thunder (yangrainmaker) (+1.5),1.5,,,,,1.833,None-None,63-77,Red,-1.0,12224261
,B-EBASKBAT4X5,Kadzima x yangrainmaker,Kadzima,TOR Raptors,yangrainmaker,OKC Thunder,14/07/2026,07:47:14,Handicap,OKC Thunder (yangrainmaker) (+1.5),1.5,,,,,1.833,None-None,68-75,Green,0.833,12224262
,B-EBASKBAT4X5,Lalkoff x CHIEFKEEF,Lalkoff,DET Pistons,CHIEFKEEF,CHI Bulls,14/07/2026,07:20:15,Handicap,DET Pistons (Lalkoff) (+7.5),7.5,,,,,1.833,None-None,70-78,Red,-1.0,12224263
,B-EBASKBAT4X5,yangrainmaker x Lalkoff,yangrainmaker,OKC Thunder,Lalkoff,DET Pistons,14/07/2026,08:55:27,Handicap,DET Pistons (Lalkoff) (+1.5),1.5,,,,,1.833,None-None,61-75,Green,0.833,12224503
,B-EBASKBAT4X5,lucker x Kadzima,lucker,MIA Heat,Kadzima,TOR Raptors,14/07/2026,08:55:27,Handicap,TOR Raptors (Kadzima) (+3.5),3.5,,,,,1.833,None-None,64-66,Green,0.833,12224504
,B-EBASKBAT4X5,yangrainmaker x CHIEFKEEF,yangrainmaker,OKC Thunder,CHIEFKEEF,CHI Bulls,14/07/2026,08:55:27,Handicap,OKC Thunder (yangrainmaker) (+10.5),10.5,,,,,1.833,None-None,64-75,Red,-1.0,12224506
,B-EBASKBAT4X5,lucker x Lalkoff,lucker,MIA Heat,Lalkoff,DET Pistons,14/07/2026,08:55:27,Handicap,DET Pistons (Lalkoff) (+2.5),2.5,,,,,1.833,None-None,80-78,Green,0.833,12224505
,B-EBASKBAT4X5,Lalkoff x Kadzima,Lalkoff,DET Pistons,Kadzima,TOR Raptors,14/07/2026,10:55:42,Handicap,DET Pistons (Lalkoff) (+3.5),3.5,,,,,1.833,None-None,63-82,Red,-1.0,12224911
,B-EBASKBAT4X5,CHIEFKEEF x lucker,CHIEFKEEF,CHI Bulls,lucker,MIA Heat,14/07/2026,10:55:42,Handicap,MIA Heat (lucker) (+6.5),6.5,,,,,1.833,None-None,80-78,Green,0.833,12224908
,B-EBASKBAT4X5,Pakapaka x Djoks,Pakapaka,PHI 76ers,Djoks,TOR Raptors,14/07/2026,11:33:20,Handicap,PHI 76ers (Pakapaka) (+2.5),2.5,,,,,1.833,None-None,54-62,Red,-1.0,12224988
,B-EBASKBAT4X5,Jovke x Koja,Jovke,POR T Blazers,Koja,NO Pelicans,14/07/2026,10:55:42,Handicap,NO Pelicans (Koja) (+4.5),4.5,,,,,1.833,None-None,67-57,Red,-1.0,12224954
,B-EBASKBAT4X5,Koja x Pakapaka,Koja,NO Pelicans,Pakapaka,PHI 76ers,14/07/2026,12:07:54,Handicap,NO Pelicans (Koja) (+2.5),2.5,,,,,1.833,None-None,59-74,Red,-1.0,12225139
,B-EBASKBAT4X5,Djoks x Lucashin,Djoks,TOR Raptors,Lucashin,SAC Kings,14/07/2026,12:07:54,Handicap,TOR Raptors (Djoks) (+2.5),2.5,,,,,1.833,None-None,64-65,Green,0.833,12225140
,B-EBASKBAT4X5,Lucashin x Koja,Lucashin,SAC Kings,Koja,NO Pelicans,14/07/2026,12:07:54,Handicap,NO Pelicans (Koja) (+4.5),4.5,,,,,1.833,None-None,58-47,Red,-1.0,12225141
,B-EBASKBAT4X5,Pakapaka x Jovke,Pakapaka,PHI 76ers,Jovke,POR T Blazers,14/07/2026,12:07:24,Handicap,PHI 76ers (Pakapaka) (+3.5),3.5,,,,,1.833,None-None,62-72,Red,-1.0,12225142
,B-EBASKBAT4X5,Koja x Djoks,Koja,NO Pelicans,Djoks,TOR Raptors,14/07/2026,12:07:54,Handicap,NO Pelicans (Koja) (+2.5),2.5,,,,,1.833,None-None,49-63,Red,-1.0,12225144
,B-EBASKBAT4X5,Jovke x Lucashin,Jovke,POR T Blazers,Lucashin,SAC Kings,14/07/2026,12:07:54,Handicap,POR T Blazers (Jovke) (+1.5),1.5,,,,,1.833,None-None,62-65,Red,-1.0,12225143
,B-EBASKBAT4X5,Djoks x Jovke,Djoks,TOR Raptors,Jovke,POR T Blazers,14/07/2026,14:52:04,Handicap,TOR Raptors (Djoks) (+1.5),1.5,,,,,1.833,None-None,57-71,Red,-1.0,12225582
,B-EBASKBAT4X5,Lucashin x Pakapaka,Lucashin,SAC Kings,Pakapaka,PHI 76ers,14/07/2026,14:54:11,Handicap,PHI 76ers (Pakapaka) (+4.5),4.5,,,,,1.833,None-None,71-64,Red,-1.0,12225583
,B-EBASKBAT4X5,Djoks x Pakapaka,Djoks,TOR Raptors,Pakapaka,PHI 76ers,14/07/2026,14:52:04,Handicap,PHI 76ers (Pakapaka) (+4.5),4.5,,,,,1.833,None-None,55-43,Red,-1.0,12225584
,B-EBASKBAT4X5,Koja x Jovke,Koja,NO Pelicans,Jovke,POR T Blazers,14/07/2026,14:52:04,Handicap,NO Pelicans (Koja) (+6.5),6.5,,,,,1.833,None-None,55-60,Green,0.833,12225585
,B-EBASKBAT4X5,Pakapaka x Koja,Pakapaka,PHI 76ers,Koja,NO Pelicans,14/07/2026,16:02:26,Handicap,NO Pelicans (Koja) (+5.5),5.5,,,,,1.833,None-None,52-50,Green,0.833,12225963
,B-EBASKBAT4X5,Lucashin x Djoks,Lucashin,SAC Kings,Djoks,TOR Raptors,14/07/2026,16:02:26,Handicap,TOR Raptors (Djoks) (+3.5),3.5,,,,,1.833,None-None,74-73,Green,0.833,12225964
,B-EBASKBAT4X5,Koja x Lucashin,Koja,NO Pelicans,Lucashin,SAC Kings,14/07/2026,16:02:26,Handicap,NO Pelicans (Koja) (+9.5),9.5,,,,,1.833,None-None,65-61,Green,0.833,12225965
,B-EBASKBAT4X5,Jovke x Pakapaka,Jovke,POR T Blazers,Pakapaka,PHI 76ers,14/07/2026,16:02:26,Handicap,PHI 76ers (Pakapaka) (+4.5),4.5,,,,,1.833,None-None,69-66,Green,0.833,12225966
,B-EBASKBAT4X5,Lucashin x Jovke,Lucashin,SAC Kings,Jovke,POR T Blazers,14/07/2026,16:02:26,Handicap,POR T Blazers (Jovke) (+1.5),1.5,,,,,1.833,None-None,85-66,Red,-1.0,12225967
,B-EBASKBAT4X5,Djoks x Koja,Djoks,TOR Raptors,Koja,NO Pelicans,14/07/2026,16:02:26,Handicap,NO Pelicans (Koja) (+6.5),6.5,,,,,1.833,None-None,73-57,Red,-1.0,12225968
,B-EBASKBAT4X5,Pakapaka x Lucashin,Pakapaka,PHI 76ers,Lucashin,SAC Kings,14/07/2026,16:49:45,Handicap,PHI 76ers (Pakapaka) (+5.5),5.5,,,,,1.833,None-None,49-73,Red,-1.0,12226126
,B-EBASKBAT4X5,Jovke x Djoks,Jovke,POR T Blazers,Djoks,TOR Raptors,14/07/2026,16:49:45,Handicap,TOR Raptors (Djoks) (+2.5),2.5,,,,,1.833,None-None,56-54,Green,0.833,12226125
,B-EBASKBAT4X5,Pakapaka x Djoks,Pakapaka,PHI 76ers,Djoks,TOR Raptors,14/07/2026,17:51:19,Handicap,PHI 76ers (Pakapaka) (+6.5),6.5,,,,,1.833,None-None,52-63,Red,-1.0,12226200
,B-EBASKBAT4X5,Jovke x Koja,Jovke,POR T Blazers,Koja,NO Pelicans,14/07/2026,17:51:19,Handicap,NO Pelicans (Koja) (+6.5),6.5,,,,,1.833,None-None,60-62,Green,0.833,12226201
,B-EBASKBAT4X5,Koja x Pakapaka,Koja,NO Pelicans,Pakapaka,PHI 76ers,14/07/2026,19:28:28,Handicap,NO Pelicans (Koja) (+4.5),4.5,,,,,1.833,None-None,75-70,Green,0.833,12226826
,B-EBASKBAT4X5,Djoks x Lucashin,Djoks,TOR Raptors,Lucashin,SAC Kings,14/07/2026,19:28:28,Handicap,TOR Raptors (Djoks) (+2.5),2.5,,,,,1.833,None-None,64-59,Green,0.833,12226827
,B-EBASKBAT4X5,yangrainmaker x Barmaley,yangrainmaker,OKC Thunder,Barmaley,MIN Timberwolves,15/07/2026,04:11:37,Handicap,OKC Thunder (yangrainmaker) (+7.5),7.5,,,,,1.833,None-None,57-92,Red,-1.0,12228997
,B-EBASKBAT4X5,Kadzima x lucker,Kadzima,TOR Raptors,lucker,MIA Heat,15/07/2026,04:11:37,Handicap,TOR Raptors (Kadzima) (+2.5),2.5,,,,,1.833,None-None,67-82,Red,-1.0,12228998
,B-EBASKBAT4X5,Barmaley x The_Professor,Barmaley,MIN Timberwolves,The_Professor,SAC Kings,15/07/2026,04:35:13,Handicap,MIN Timberwolves (Barmaley) (+1.5),1.5,,,,,1.833,None-None,89-63,Green,0.833,12229233
,B-EBASKBAT4X5,lucker x yangrainmaker,lucker,MIA Heat,yangrainmaker,OKC Thunder,15/07/2026,04:35:13,Handicap,OKC Thunder (yangrainmaker) (+2.5),2.5,,,,,1.833,None-None,71-72,Green,0.833,12229232
,B-EBASKBAT4X5,yangrainmaker x Kadzima,yangrainmaker,OKC Thunder,Kadzima,TOR Raptors,15/07/2026,05:45:39,Handicap,OKC Thunder (yangrainmaker) (+1.5),1.5,,,,,1.833,None-None,63-69,Red,-1.0,12229332
,B-EBASKBAT4X5,The_Professor x lucker,The_Professor,SAC Kings,lucker,MIA Heat,15/07/2026,05:45:39,Handicap,MIA Heat (lucker) (+3.5),3.5,,,,,1.833,None-None,66-65,Green,0.833,12229331
,B-EBASKBAT4X5,Kadzima x The_Professor,Kadzima,TOR Raptors,The_Professor,SAC Kings,15/07/2026,05:45:39,Handicap,TOR Raptors (Kadzima) (+5.5),5.5,,,,,1.833,None-None,59-73,Red,-1.0,12229359
,B-EBASKBAT4X5,lucker x Barmaley,lucker,MIA Heat,Barmaley,MIN Timberwolves,15/07/2026,05:45:39,Handicap,MIA Heat (lucker) (+2.5),2.5,,,,,1.833,None-None,71-67,Green,0.833,12229360
,B-EBASKBAT4X5,Barmaley x Kadzima,Barmaley,MIN Timberwolves,Kadzima,TOR Raptors,15/07/2026,06:21:03,Handicap,TOR Raptors (Kadzima) (+7.5),7.5,,,,,1.833,None-None,61-80,Green,0.833,12229466
,B-EBASKBAT4X5,lucker x Kadzima,lucker,MIA Heat,Kadzima,TOR Raptors,15/07/2026,06:59:13,Handicap,TOR Raptors (Kadzima) (+5.5),5.5,,,,,1.833,None-None,63-49,Red,-1.0,12229551
,B-EBASKBAT4X5,The_Professor x Barmaley,The_Professor,SAC Kings,Barmaley,MIN Timberwolves,15/07/2026,07:44:50,Handicap,SAC Kings (The_Professor) (+1.5),1.5,,,,,1.833,None-None,81-79,Green,0.833,12229619
,B-EBASKBAT4X5,lucker x The_Professor,lucker,MIA Heat,The_Professor,SAC Kings,15/07/2026,08:22:01,Handicap,MIA Heat (lucker) (+2.5),2.5,,,,,2.0,None-None,58-84,Red,-1.0,12229688
,B-EBASKBAT4X5,The_Professor x Kadzima,The_Professor,SAC Kings,Kadzima,TOR Raptors,15/07/2026,08:23:04,Handicap,TOR Raptors (Kadzima) (+8.5),8.5,,,,,1.952,None-None,57-63,Green,0.952,12229720
,B-EBASKBAT4X5,Barmaley x lucker,Barmaley,MIN Timberwolves,lucker,MIA Heat,15/07/2026,08:23:04,Handicap,MIA Heat (lucker) (+2.5),2.5,,,,,1.833,None-None,58-73,Green,0.833,12229721
,B-EBASKBAT4X5,Kadzima x Barmaley,Kadzima,TOR Raptors,Barmaley,MIN Timberwolves,15/07/2026,09:31:43,Handicap,TOR Raptors (Kadzima) (+5.5),5.5,,,,,1.833,None-None,55-63,Red,-1.0,12229929
,B-EBASKBAT4X5,Kadzima x lucker,Kadzima,TOR Raptors,lucker,MIA Heat,15/07/2026,10:05:07,Handicap,TOR Raptors (Kadzima) (+5.5),5.5,,,,,1.952,None-None,62-73,Red,-1.0,12230020
,B-EBASKBAT4X5,Barmaley x The_Professor,Barmaley,MIN Timberwolves,The_Professor,SAC Kings,15/07/2026,09:31:43,Handicap,MIN Timberwolves (Barmaley) (+1.5),1.5,,,,,1.74,None-None,116-113,Green,0.74,12229951
,B-EBASKBAT4X5,Dzojo x veljouni,Dzojo,PHX Suns,veljouni,MIA Heat,15/07/2026,13:09:21,Handicap,MIA Heat (veljouni) (+1.5),1.5,,,,,1.833,0-0,69-66,Red,-1.0,12230855
,B-EBASKBAT4X5,Koja x Bazuka,Koja,NO Pelicans,Bazuka,MIN Timberwolves,15/07/2026,12:32:18,Handicap,MIN Timberwolves (Bazuka) (+4.5),4.5,,,,,1.833,None-None,66-54,Red,-1.0,12230515
,B-EBASKBAT4X5,Bazuka x Dzojo,Bazuka,MIN Timberwolves,Dzojo,PHX Suns,15/07/2026,13:44:33,Handicap,MIN Timberwolves (Bazuka) (+11.5),11.5,,,,,1.833,0-0,59-61,Green,0.833,12230882
,B-EBASKBAT4X5,Djoks x Bazuka,Djoks,TOR Raptors,Bazuka,MIN Timberwolves,15/07/2026,14:14:58,Handicap,MIN Timberwolves (Bazuka) (+8.5),8.5,,,,,1.833,None-None,67-64,Green,0.833,12230883
,B-EBASKBAT4X5,Dzojo x Koja,Dzojo,PHX Suns,Koja,NO Pelicans,15/07/2026,14:14:58,Handicap,NO Pelicans (Koja) (+6.5),6.5,,,,,1.833,None-None,71-77,Green,0.833,12230884
,B-EBASKBAT4X5,Koja x Djoks,Koja,NO Pelicans,Djoks,TOR Raptors,15/07/2026,14:53:57,Handicap,NO Pelicans (Koja) (+4.5),4.5,,,,,1.833,None-None,60-54,Green,0.833,12230885
,B-EBASKBAT4X5,veljouni x Koja,veljouni,MIA Heat,Koja,NO Pelicans,15/07/2026,14:53:57,Handicap,NO Pelicans (Koja) (+2.5),2.5,,,,,1.833,None-None,62-69,Green,0.833,12231572
,B-EBASKBAT4X5,Djoks x Dzojo,Djoks,TOR Raptors,Dzojo,PHX Suns,15/07/2026,14:46:54,Handicap,PHX Suns (Dzojo) (+1.5),1.5,,,,,1.74,None-None,53-66,Green,0.74,12231580
,B-EBASKBAT4X5,Bazuka x Koja,Bazuka,MIN Timberwolves,Koja,NO Pelicans,15/07/2026,14:46:54,Handicap,MIN Timberwolves (Bazuka) (+4.5),4.5,,,,,1.952,None-None,57-53,Green,0.952,12231582
,B-EBASKBAT4X5,veljouni x Dzojo,veljouni,MIA Heat,Dzojo,PHX Suns,15/07/2026,14:46:54,Handicap,MIA Heat (veljouni) (+1.5),1.5,,,,,1.952,None-None,75-84,Red,-1.0,12231581
,B-EBASKBAT4X5,Dzojo x Bazuka,Dzojo,PHX Suns,Bazuka,MIN Timberwolves,15/07/2026,14:46:54,Handicap,MIN Timberwolves (Bazuka) (+8.5),8.5,,,,,1.833,None-None,59-61,Green,0.833,12231583
,B-EBASKBAT4X5,Koja x Dzojo,Koja,NO Pelicans,Dzojo,PHX Suns,15/07/2026,16:53:37,Handicap,NO Pelicans (Koja) (+5.5),5.5,,,,,1.833,None-None,67-82,Red,-1.0,12232162
,B-EBASKBAT4X5,Bazuka x Djoks,Bazuka,MIN Timberwolves,Djoks,TOR Raptors,15/07/2026,16:49:01,Handicap,MIN Timberwolves (Bazuka) (+6.5),6.5,,,,,1.833,None-None,70-66,Green,0.833,12232161
,B-EBASKBAT4X5,Djoks x Koja,Djoks,TOR Raptors,Koja,NO Pelicans,15/07/2026,16:49:01,Handicap,NO Pelicans (Koja) (+3.5),3.5,,,,,1.833,None-None,63-61,Green,0.833,12232163
,B-EBASKBAT4X5,Dzojo x Djoks,Dzojo,PHX Suns,Djoks,TOR Raptors,15/07/2026,16:49:01,Handicap,TOR Raptors (Djoks) (+1.5),1.5,,,,,1.833,None-None,54-69,Green,0.833,12232230
,B-EBASKBAT4X5,Koja x veljouni,Koja,NO Pelicans,veljouni,MIA Heat,15/07/2026,16:49:01,Handicap,NO Pelicans (Koja) (+2.5),2.5,,,,,1.833,None-None,63-47,Green,0.833,12232229
,B-EBASKBAT4X5,Dzojo x veljouni,Dzojo,PHX Suns,veljouni,MIA Heat,15/07/2026,17:43:10,Handicap,MIA Heat (veljouni) (+3.5),3.5,,,,,1.833,None-None,70-74,Green,0.833,12232820
,B-EBASKBAT4X5,Koja x Bazuka,Koja,NO Pelicans,Bazuka,MIN Timberwolves,15/07/2026,17:43:10,Handicap,MIN Timberwolves (Bazuka) (+3.5),3.5,,,,,1.833,None-None,68-61,Red,-1.0,12232821
,B-EBASKBAT4X5,Bazuka x Dzojo,Bazuka,MIN Timberwolves,Dzojo,PHX Suns,15/07/2026,18:13:11,Handicap,MIN Timberwolves (Bazuka) (+5.5),5.5,,,,,1.833,None-None,85-78,Green,0.833,12232835
,B-EBASKBAT4X5,Barmaley x panteraxball,Barmaley,MIN Timberwolves,panteraxball,ORL Magic,16/07/2026,04:27:12,Handicap,MIN Timberwolves (Barmaley) (+4.5),4.5,,,,,1.833,None-None,71-56,Green,0.833,12239223
,B-EBASKBAT4X5,CHIEFKEEF x The_Professor,CHIEFKEEF,CHI Bulls,The_Professor,SAC Kings,16/07/2026,05:14:27,Handicap,SAC Kings (The_Professor) (+2.5),2.5,,,,,1.833,0-0,73-78,Green,0.833,12239582
,B-EBASKBAT4X5,The_Professor x panteraxball,The_Professor,SAC Kings,panteraxball,ORL Magic,16/07/2026,05:49:29,Handicap,ORL Magic (panteraxball) (+5.5),5.5,,,,,1.833,0-0,79-70,Red,-1.0,12239752
,B-EBASKBAT4X5,Barmaley x The_Professor,Barmaley,MIN Timberwolves,The_Professor,SAC Kings,16/07/2026,06:24:09,Handicap,MIN Timberwolves (Barmaley) (+1.5),1.5,,,,,1.833,0-0,70-76,Red,-1.0,12240883
,B-EBASKBAT4X5,panteraxball x CHIEFKEEF,panteraxball,ORL Magic,CHIEFKEEF,CHI Bulls,16/07/2026,06:24:25,Handicap,ORL Magic (panteraxball) (+4.5),4.5,,,,,1.833,0-0,78-90,Red,-1.0,12240884
,B-EBASKBAT4X5,CHIEFKEEF x Barmaley,CHIEFKEEF,CHI Bulls,Barmaley,MIN Timberwolves,16/07/2026,06:59:43,Handicap,CHI Bulls (CHIEFKEEF) (+2.5),2.5,,,,,1.833,0-0,78-69,Green,0.833,12242016
,B-EBASKBAT4X5,panteraxball x Barmaley,panteraxball,ORL Magic,Barmaley,MIN Timberwolves,16/07/2026,07:30:36,Handicap,ORL Magic (panteraxball) (+3.5),3.5,,,,,1.833,None-None,87-61,Green,0.833,12242299
,B-EBASKBAT4X5,The_Professor x CHIEFKEEF,The_Professor,SAC Kings,CHIEFKEEF,CHI Bulls,16/07/2026,08:20:28,Handicap,CHI Bulls (CHIEFKEEF) (+1.5),1.5,,,,,1.952,None-None,59-67,Green,0.952,12242453
,B-EBASKBAT4X5,panteraxball x The_Professor,panteraxball,ORL Magic,The_Professor,SAC Kings,16/07/2026,08:20:28,Handicap,ORL Magic (panteraxball) (+5.5),5.5,,,,,1.833,None-None,70-90,Red,-1.0,12242454
,B-EBASKBAT4X5,The_Professor x Barmaley,The_Professor,SAC Kings,Barmaley,MIN Timberwolves,16/07/2026,08:59:02,Handicap,MIN Timberwolves (Barmaley) (+3.5),3.5,,,,,1.833,None-None,87-85,Green,0.833,12242577
,B-EBASKBAT4X5,CHIEFKEEF x panteraxball,CHIEFKEEF,CHI Bulls,panteraxball,ORL Magic,16/07/2026,08:59:02,Handicap,ORL Magic (panteraxball) (+5.5),5.5,,,,,1.952,None-None,71-72,Green,0.952,12242578
,B-EBASKBAT4X5,Barmaley x CHIEFKEEF,Barmaley,MIN Timberwolves,CHIEFKEEF,CHI Bulls,16/07/2026,08:59:02,Handicap,MIN Timberwolves (Barmaley) (+2.5),2.5,,,,,1.833,None-None,61-81,Red,-1.0,12242597
,B-EBASKBAT4X5,Barmaley x panteraxball,Barmaley,MIN Timberwolves,panteraxball,ORL Magic,16/07/2026,08:59:02,Handicap,MIN Timberwolves (Barmaley) (+2.5),2.5,,,,,1.952,None-None,75-71,Green,0.952,12242598
,B-EBASKBAT4X5,CHIEFKEEF x The_Professor,CHIEFKEEF,CHI Bulls,The_Professor,SAC Kings,16/07/2026,10:54:46,Handicap,SAC Kings (The_Professor) (+3.5),3.5,,,,,1.833,None-None,70-73,Green,0.833,12242986
,B-EBASKBAT4X5,Lucashin x Dzojo,Lucashin,SAC Kings,Dzojo,PHX Suns,16/07/2026,12:05:11,Handicap,PHX Suns (Dzojo) (+3.5),3.5,,,,,1.833,None-None,76-66,Red,-1.0,12243093
,B-EBASKBAT4X5,Pakapaka x Bazuka,Pakapaka,PHI 76ers,Bazuka,MIN Timberwolves,16/07/2026,12:08:20,Handicap,MIN Timberwolves (Bazuka) (+1.5),1.5,,,,,1.833,None-None,58-64,Green,0.833,12243094
,B-EBASKBAT4X5,Bazuka x Lucashin,Bazuka,MIN Timberwolves,Lucashin,SAC Kings,16/07/2026,13:01:42,Handicap,MIN Timberwolves (Bazuka) (+10.5),10.5,,,,,1.833,None-None,57-69,Red,-1.0,12243532
,B-EBASKBAT4X5,Dzojo x veljouni,Dzojo,PHX Suns,veljouni,MIA Heat,16/07/2026,13:01:42,Handicap,MIA Heat (veljouni) (+2.5),2.5,,,,,1.833,None-None,64-70,Green,0.833,12243533
,B-EBASKBAT4X5,Lucashin x Pakapaka,Lucashin,SAC Kings,Pakapaka,PHI 76ers,16/07/2026,13:01:42,Handicap,PHI 76ers (Pakapaka) (+3.5),3.5,,,,,1.833,None-None,71-66,Red,-1.0,12243534
,B-EBASKBAT4X5,Pakapaka x veljouni,Pakapaka,PHI 76ers,veljouni,MIA Heat,16/07/2026,14:13:42,Handicap,MIA Heat (veljouni) (+1.5),1.5,,,,,1.833,None-None,68-66,Red,-1.0,12243653
,B-EBASKBAT4X5,Bazuka x Dzojo,Bazuka,MIN Timberwolves,Dzojo,PHX Suns,16/07/2026,14:13:42,Handicap,MIN Timberwolves (Bazuka) (+6.5),6.5,,,,,1.833,None-None,75-77,Green,0.833,12243646
,B-EBASKBAT4X5,Dzojo x Pakapaka,Dzojo,PHX Suns,Pakapaka,PHI 76ers,16/07/2026,14:13:42,Handicap,PHX Suns (Dzojo) (+2.5),2.5,,,,,1.833,None-None,82-56,Green,0.833,12243654
,B-EBASKBAT4X5,veljouni x Lucashin,veljouni,MIA Heat,Lucashin,SAC Kings,16/07/2026,14:13:42,Handicap,MIA Heat (veljouni) (+1.5),1.5,,,,,1.833,None-None,72-64,Green,0.833,12243655
,B-EBASKBAT4X5,Dzojo x Lucashin,Dzojo,PHX Suns,Lucashin,SAC Kings,16/07/2026,15:27:36,Handicap,PHX Suns (Dzojo) (+5.5),5.5,,,,,1.833,None-None,65-69,Green,0.833,12243954
,B-EBASKBAT4X5,Bazuka x Pakapaka,Bazuka,MIN Timberwolves,Pakapaka,PHI 76ers,16/07/2026,15:27:36,Handicap,PHI 76ers (Pakapaka) (+1.5),1.5,,,,,1.833,None-None,72-79,Green,0.833,12243955
,B-EBASKBAT4X5,Lucashin x Bazuka,Lucashin,SAC Kings,Bazuka,MIN Timberwolves,16/07/2026,15:27:36,Handicap,MIN Timberwolves (Bazuka) (+10.5),10.5,,,,,1.833,None-None,61-54,Green,0.833,12243956
,B-EBASKBAT4X5,veljouni x Dzojo,veljouni,MIA Heat,Dzojo,PHX Suns,16/07/2026,15:27:36,Handicap,MIA Heat (veljouni) (+2.5),2.5,,,,,1.833,None-None,75-69,Green,0.833,12243957
,B-EBASKBAT4X5,Pakapaka x Lucashin,Pakapaka,PHI 76ers,Lucashin,SAC Kings,16/07/2026,15:27:36,Handicap,PHI 76ers (Pakapaka) (+4.5),4.5,,,,,1.833,None-None,66-59,Green,0.833,12243958
,B-EBASKBAT4X5,veljouni x Pakapaka,veljouni,MIA Heat,Pakapaka,PHI 76ers,16/07/2026,16:48:12,Handicap,MIA Heat (veljouni) (+1.5),1.5,,,,,1.833,None-None,62-68,Red,-1.0,12244316
,B-EBASKBAT4X5,Dzojo x Bazuka,Dzojo,PHX Suns,Bazuka,MIN Timberwolves,16/07/2026,16:48:12,Handicap,MIN Timberwolves (Bazuka) (+7.5),7.5,,,,,1.833,None-None,76-64,Red,-1.0,12244317
,B-EBASKBAT4X5,Lucashin x veljouni,Lucashin,SAC Kings,veljouni,MIA Heat,16/07/2026,16:48:12,Handicap,SAC Kings (Lucashin) (+1.5),1.5,,,,,1.833,None-None,59-55,Green,0.833,12244320
,B-EBASKBAT4X5,Pakapaka x Dzojo,Pakapaka,PHI 76ers,Dzojo,PHX Suns,16/07/2026,16:48:12,Handicap,PHI 76ers (Pakapaka) (+2.5),2.5,,,,,1.833,None-None,79-73,Green,0.833,12244318
,B-EBASKBAT4X5,Pakapaka x Bazuka,Pakapaka,PHI 76ers,Bazuka,MIN Timberwolves,16/07/2026,18:54:42,Handicap,MIN Timberwolves (Bazuka) (+2.5),2.5,,,,,1.833,None-None,57-52,Red,-1.0,12244905
,B-EBASKBAT4X5,Lucashin x Dzojo,Lucashin,SAC Kings,Dzojo,PHX Suns,16/07/2026,18:54:42,Handicap,PHX Suns (Dzojo) (+5.5),5.5,,,,,1.833,None-None,77-73,Green,0.833,12244906
,B-EBASKBAT4X5,Bazuka x Lucashin,Bazuka,MIN Timberwolves,Lucashin,SAC Kings,16/07/2026,19:28:17,Handicap,MIN Timberwolves (Bazuka) (+9.5),9.5,,,,,1.833,None-None,62-59,Green,0.833,12245395
,B-EBASKBAT4X5,Dzojo x veljouni,Dzojo,PHX Suns,veljouni,MIA Heat,16/07/2026,19:27:23,Handicap,MIA Heat (veljouni) (+1.5),1.5,,,,,1.833,None-None,66-65,Green,0.833,12245396
,B-EBASKBAT4X5,panteraxball x The_Professor,panteraxball,ORL Magic,The_Professor,SAC Kings,17/07/2026,04:19:18,Handicap,ORL Magic (panteraxball) (+3.5),3.5,,,,,1.833,None-None,66-103,Red,-1.0,12250871
,B-EBASKBAT4X5,faLcOn x panteraxball,faLcOn,POR T Blazers,panteraxball,ORL Magic,17/07/2026,05:14:33,Handicap,POR T Blazers (faLcOn) (+4.5),4.5,,,,,1.833,0-0,64-67,Green,0.833,12252095
,B-EBASKBAT4X5,The_Professor x CHIEFKEEF,The_Professor,SAC Kings,CHIEFKEEF,CHI Bulls,17/07/2026,05:14:38,Handicap,SAC Kings (The_Professor) (+2.5),2.5,,,,,1.833,0-0,82-74,Green,0.833,12252096
,B-EBASKBAT4X5,panteraxball x lucker,panteraxball,ORL Magic,lucker,MIA Heat,17/07/2026,05:49:11,Handicap,ORL Magic (panteraxball) (+1.5),1.5,,,,,1.833,0-0,74-78,Red,-1.0,12252138
,B-EBASKBAT4X5,CHIEFKEEF x faLcOn,CHIEFKEEF,CHI Bulls,faLcOn,POR T Blazers,17/07/2026,05:39:13,Handicap,POR T Blazers (faLcOn) (+12.5),12.5,,,,,1.833,None-None,80-62,Red,-1.0,12252137
,B-EBASKBAT4X5,faLcOn x The_Professor,faLcOn,POR T Blazers,The_Professor,SAC Kings,17/07/2026,06:24:36,Handicap,POR T Blazers (faLcOn) (+9.5),9.5,,,,,1.833,0-0,66-76,Red,-1.0,12252233
,B-EBASKBAT4X5,lucker x CHIEFKEEF,lucker,MIA Heat,CHIEFKEEF,CHI Bulls,17/07/2026,06:24:14,Handicap,MIA Heat (lucker) (+6.5),6.5,,,,,1.833,0-0,78-73,Green,0.833,12252232
,B-EBASKBAT4X5,The_Professor x lucker,The_Professor,SAC Kings,lucker,MIA Heat,17/07/2026,06:59:25,Handicap,MIA Heat (lucker) (+3.5),3.5,,,,,1.833,0-0,76-74,Green,0.833,12252306
,B-EBASKBAT4X5,CHIEFKEEF x panteraxball,CHIEFKEEF,CHI Bulls,panteraxball,ORL Magic,17/07/2026,06:59:53,Handicap,ORL Magic (panteraxball) (+5.5),5.5,,,,,1.833,None-None,66-74,Green,0.833,12252344
,B-EBASKBAT4X5,The_Professor x panteraxball,The_Professor,SAC Kings,panteraxball,ORL Magic,17/07/2026,06:59:53,Handicap,ORL Magic (panteraxball) (+9.5),9.5,,,,,1.833,None-None,58-68,Green,0.833,12252345
,B-EBASKBAT4X5,CHIEFKEEF x The_Professor,CHIEFKEEF,CHI Bulls,The_Professor,SAC Kings,17/07/2026,08:25:08,Handicap,SAC Kings (The_Professor) (+2.5),2.5,,,,,1.833,0-0,68-85,Green,0.833,12252410
,B-EBASKBAT4X5,panteraxball x faLcOn,panteraxball,ORL Magic,faLcOn,POR T Blazers,17/07/2026,07:43:34,Handicap,POR T Blazers (faLcOn) (+4.5),4.5,,,,,1.833,None-None,66-67,Green,0.833,12252408
,B-EBASKBAT4X5,lucker x panteraxball,lucker,MIA Heat,panteraxball,ORL Magic,17/07/2026,07:43:34,Handicap,ORL Magic (panteraxball) (+2.5),2.5,,,,,1.833,None-None,70-75,Green,0.833,12252412
,B-EBASKBAT4X5,faLcOn x CHIEFKEEF,faLcOn,POR T Blazers,CHIEFKEEF,CHI Bulls,17/07/2026,07:43:34,Handicap,POR T Blazers (faLcOn) (+13.5),13.5,,,,,1.833,None-None,62-81,Red,-1.0,12252411
,B-EBASKBAT4X5,CHIEFKEEF x lucker,CHIEFKEEF,CHI Bulls,lucker,MIA Heat,17/07/2026,08:53:19,Handicap,MIA Heat (lucker) (+4.5),4.5,,,,,1.833,None-None,70-63,Red,-1.0,12252728
,B-EBASKBAT4X5,The_Professor x faLcOn,The_Professor,SAC Kings,faLcOn,POR T Blazers,17/07/2026,08:53:19,Handicap,POR T Blazers (faLcOn) (+6.5),6.5,,,,,1.833,None-None,78-71,Red,-1.0,12252745
,B-EBASKBAT4X5,panteraxball x CHIEFKEEF,panteraxball,ORL Magic,CHIEFKEEF,CHI Bulls,17/07/2026,08:53:19,Handicap,ORL Magic (panteraxball) (+4.5),4.5,,,,,1.833,None-None,64-68,Green,0.833,12252747
,B-EBASKBAT4X5,lucker x The_Professor,lucker,MIA Heat,The_Professor,SAC Kings,17/07/2026,08:53:19,Handicap,MIA Heat (lucker) (+3.5),3.5,,,,,1.833,None-None,64-62,Green,0.833,12252746
,B-EBASKBAT4X5,panteraxball x The_Professor,panteraxball,ORL Magic,The_Professor,SAC Kings,17/07/2026,10:19:09,Handicap,ORL Magic (panteraxball) (+5.5),5.5,,,,,1.833,None-None,67-59,Green,0.833,12253228
,B-EBASKBAT4X5,faLcOn x panteraxball,faLcOn,POR T Blazers,panteraxball,ORL Magic,17/07/2026,10:20:18,Handicap,POR T Blazers (faLcOn) (+3.5),3.5,,,,,1.833,None-None,57-64,Red,-1.0,12253236
,B-EBASKBAT4X5,The_Professor x CHIEFKEEF,The_Professor,SAC Kings,CHIEFKEEF,CHI Bulls,17/07/2026,10:19:09,Handicap,CHI Bulls (CHIEFKEEF) (+1.5),1.5,,,,,1.833,None-None,77-67,Red,-1.0,12253237
,B-EBASKBAT4X5,Bazuka x veljouni,Bazuka,MIN Timberwolves,veljouni,MIA Heat,17/07/2026,12:43:23,Handicap,MIN Timberwolves (Bazuka) (+4.5),4.5,,,,,1.833,None-None,68-58,Green,0.833,12253900
,B-EBASKBAT4X5,Jovke x Dzojo,Jovke,POR T Blazers,Dzojo,PHX Suns,17/07/2026,12:43:23,Handicap,PHX Suns (Dzojo) (+1.5),1.5,,,,,1.833,None-None,76-77,Green,0.833,12253901
,B-EBASKBAT4X5,veljouni x Koja,veljouni,MIA Heat,Koja,NO Pelicans,17/07/2026,12:43:23,Handicap,MIA Heat (veljouni) (+2.5),2.5,,,,,1.833,None-None,61-62,Green,0.833,12253903
,B-EBASKBAT4X5,Dzojo x Bazuka,Dzojo,PHX Suns,Bazuka,MIN Timberwolves,17/07/2026,12:43:23,Handicap,MIN Timberwolves (Bazuka) (+7.5),7.5,,,,,1.833,None-None,58-69,Green,0.833,12253902
,B-EBASKBAT4X5,Koja x Dzojo,Koja,NO Pelicans,Dzojo,PHX Suns,17/07/2026,12:52:22,Handicap,NO Pelicans (Koja) (+5.5),5.5,,,,,1.833,None-None,68-69,Green,0.833,12253932
,B-EBASKBAT4X5,Bazuka x Jovke,Bazuka,MIN Timberwolves,Jovke,POR T Blazers,17/07/2026,12:52:22,Handicap,MIN Timberwolves (Bazuka) (+7.5),7.5,,,,,1.833,None-None,78-75,Green,0.833,12253933
,B-EBASKBAT4X5,Jovke x Koja,Jovke,POR T Blazers,Koja,NO Pelicans,17/07/2026,13:44:50,Handicap,NO Pelicans (Koja) (+5.5),5.5,,,,,1.833,None-None,69-54,Red,-1.0,12253997
,B-EBASKBAT4X5,Dzojo x veljouni,Dzojo,PHX Suns,veljouni,MIA Heat,17/07/2026,13:44:50,Handicap,MIA Heat (veljouni) (+3.5),3.5,,,,,1.833,None-None,70-61,Red,-1.0,12253998
,B-EBASKBAT4X5,Koja x Bazuka,Koja,NO Pelicans,Bazuka,MIN Timberwolves,17/07/2026,14:54:16,Handicap,MIN Timberwolves (Bazuka) (+3.5),3.5,,,,,1.833,None-None,48-76,Green,0.833,12254409
,B-EBASKBAT4X5,veljouni x Bazuka,veljouni,MIA Heat,Bazuka,MIN Timberwolves,17/07/2026,14:54:16,Handicap,MIN Timberwolves (Bazuka) (+2.5),2.5,,,,,1.833,None-None,65-68,Green,0.833,12254440
,B-EBASKBAT4X5,Dzojo x Jovke,Dzojo,PHX Suns,Jovke,POR T Blazers,17/07/2026,14:54:16,Handicap,POR T Blazers (Jovke) (+1.5),1.5,,,,,1.833,None-None,79-65,Red,-1.0,12254441
,B-EBASKBAT4X5,Koja x veljouni,Koja,NO Pelicans,veljouni,MIA Heat,17/07/2026,15:23:26,Handicap,MIA Heat (veljouni) (+1.5),1.5,,,,,1.833,None-None,59-64,Green,0.833,12254478
,B-EBASKBAT4X5,Bazuka x Dzojo,Bazuka,MIN Timberwolves,Dzojo,PHX Suns,17/07/2026,15:23:26,Handicap,MIN Timberwolves (Bazuka) (+5.5),5.5,,,,,1.833,None-None,73-63,Green,0.833,12254460
,B-EBASKBAT4X5,Dzojo x Koja,Dzojo,PHX Suns,Koja,NO Pelicans,17/07/2026,15:43:12,Handicap,NO Pelicans (Koja) (+4.5),4.5,,,,,1.833,None-None,71-68,Green,0.833,12254614
,B-EBASKBAT4X5,Jovke x Bazuka,Jovke,POR T Blazers,Bazuka,MIN Timberwolves,17/07/2026,16:11:19,Handicap,MIN Timberwolves (Bazuka) (+6.5),6.5,,,,,1.833,None-None,59-53,Green,0.833,12254638
,B-EBASKBAT4X5,Koja x Jovke,Koja,NO Pelicans,Jovke,POR T Blazers,17/07/2026,16:46:58,Handicap,NO Pelicans (Koja) (+6.5),6.5,,,,,1.833,None-None,82-81,Green,0.833,12254717
,B-EBASKBAT4X5,veljouni x Dzojo,veljouni,MIA Heat,Dzojo,PHX Suns,17/07/2026,16:46:58,Handicap,MIA Heat (veljouni) (+4.5),4.5,,,,,1.833,None-None,75-77,Green,0.833,12254734
,B-EBASKBAT4X5,Bazuka x Koja,Bazuka,MIN Timberwolves,Koja,NO Pelicans,17/07/2026,16:46:58,Handicap,MIN Timberwolves (Bazuka) (+1.5),1.5,,,,,1.833,None-None,58-68,Red,-1.0,12254735
,B-EBASKBAT4X5,Bazuka x veljouni,Bazuka,MIN Timberwolves,veljouni,MIA Heat,17/07/2026,17:48:02,Handicap,MIN Timberwolves (Bazuka) (+1.5),1.5,,,,,1.833,None-None,65-68,Red,-1.0,12255131
,B-EBASKBAT4X5,Jovke x Dzojo,Jovke,POR T Blazers,Dzojo,PHX Suns,17/07/2026,17:48:02,Handicap,POR T Blazers (Jovke) (+2.5),2.5,,,,,1.833,None-None,78-80,Green,0.833,12255132
,B-EBASKBAT4X5,Dzojo x Bazuka,Dzojo,PHX Suns,Bazuka,MIN Timberwolves,17/07/2026,18:57:06,Handicap,MIN Timberwolves (Bazuka) (+4.5),4.5,,,,,1.833,None-None,86-52,Red,-1.0,12255281
,B-EBASKBAT4X5,veljouni x Koja,veljouni,MIA Heat,Koja,NO Pelicans,17/07/2026,17:48:02,Handicap,NO Pelicans (Koja) (+1.5),1.5,,,,,1.833,None-None,69-61,Red,-1.0,12255133
,B-EBASKBAT4X5,Barmaley x Lalkoff,Barmaley,MIN Timberwolves,Lalkoff,DET Pistons,18/07/2026,04:19:23,Handicap,DET Pistons (Lalkoff) (+8.5),8.5,,,,,1.833,None-None,89-42,Red,-1.0,12257865
,B-EBASKBAT4X5,The_Professor x yangrainmaker,The_Professor,SAC Kings,yangrainmaker,OKC Thunder,18/07/2026,04:19:23,Handicap,OKC Thunder (yangrainmaker) (+11.5),11.5,,,,,1.833,None-None,72-48,Red,-1.0,12257866
,B-EBASKBAT4X5,yangrainmaker x Barmaley,yangrainmaker,OKC Thunder,Barmaley,MIN Timberwolves,18/07/2026,05:10:09,Handicap,OKC Thunder (yangrainmaker) (+9.5),9.5,,,,,1.833,None-None,60-83,Red,-1.0,12257976
,B-EBASKBAT4X5,Lalkoff x panteraxball,Lalkoff,DET Pistons,panteraxball,ORL Magic,18/07/2026,05:10:09,Handicap,DET Pistons (Lalkoff) (+4.5),4.5,,,,,1.833,None-None,60-57,Green,0.833,12257977
,B-EBASKBAT4X5,panteraxball x yangrainmaker,panteraxball,ORL Magic,yangrainmaker,OKC Thunder,18/07/2026,05:45:01,Handicap,OKC Thunder (yangrainmaker) (+6.5),6.5,,,,,1.833,None-None,58-72,Green,0.833,12258108
,B-EBASKBAT4X5,Barmaley x The_Professor,Barmaley,MIN Timberwolves,The_Professor,SAC Kings,18/07/2026,05:49:31,Handicap,MIN Timberwolves (Barmaley) (+1.5),1.5,,,,,1.833,0-0,84-82,Green,0.833,12258115
,B-EBASKBAT4X5,The_Professor x panteraxball,The_Professor,SAC Kings,panteraxball,ORL Magic,18/07/2026,06:24:08,Handicap,ORL Magic (panteraxball) (+6.5),6.5,,,,,1.833,0-0,77-66,Red,-1.0,12258211
,B-EBASKBAT4X5,yangrainmaker x Lalkoff,yangrainmaker,OKC Thunder,Lalkoff,DET Pistons,18/07/2026,06:24:39,Handicap,OKC Thunder (yangrainmaker) (+1.5),1.5,,,,,1.833,0-0,54-64,Red,-1.0,12258214
,B-EBASKBAT4X5,Lalkoff x The_Professor,Lalkoff,DET Pistons,The_Professor,SAC Kings,18/07/2026,06:51:31,Handicap,DET Pistons (Lalkoff) (+9.5),9.5,,,,,1.833,None-None,59-73,Red,-1.0,12258289
,B-EBASKBAT4X5,panteraxball x Barmaley,panteraxball,ORL Magic,Barmaley,MIN Timberwolves,18/07/2026,06:51:31,Handicap,MIN Timberwolves (Barmaley) (+2.5),2.5,,,,,1.833,None-None,93-65,Red,-1.0,12258314
,B-EBASKBAT4X5,yangrainmaker x The_Professor,yangrainmaker,OKC Thunder,The_Professor,SAC Kings,18/07/2026,07:49:38,Handicap,OKC Thunder (yangrainmaker) (+12.5),12.5,,,,,1.833,0-0,64-95,Red,-1.0,12258363
,B-EBASKBAT4X5,Lalkoff x Barmaley,Lalkoff,DET Pistons,Barmaley,MIN Timberwolves,18/07/2026,07:50:05,Handicap,DET Pistons (Lalkoff) (+10.5),10.5,,,,,1.833,0-0,69-86,Red,-1.0,12258362
,B-EBASKBAT4X5,Barmaley x yangrainmaker,Barmaley,MIN Timberwolves,yangrainmaker,OKC Thunder,18/07/2026,08:24:41,Handicap,OKC Thunder (yangrainmaker) (+12.5),12.5,,,,,1.833,0-0,63-67,Green,0.833,12258364
,B-EBASKBAT4X5,panteraxball x Lalkoff,panteraxball,ORL Magic,Lalkoff,DET Pistons,18/07/2026,08:25:09,Handicap,DET Pistons (Lalkoff) (+2.5),2.5,,,,,1.833,0-0,69-71,Green,0.833,12258381
,B-EBASKBAT4X5,The_Professor x Barmaley,The_Professor,SAC Kings,Barmaley,MIN Timberwolves,18/07/2026,08:55:59,Handicap,MIN Timberwolves (Barmaley) (+1.5),1.5,,,,,1.833,None-None,64-77,Green,0.833,12258453
,B-EBASKBAT4X5,yangrainmaker x panteraxball,yangrainmaker,OKC Thunder,panteraxball,ORL Magic,18/07/2026,08:14:47,Handicap,OKC Thunder (yangrainmaker) (+3.5),3.5,,,,,1.833,None-None,77-57,Green,0.833,12258442
,B-EBASKBAT4X5,panteraxball x The_Professor,panteraxball,ORL Magic,The_Professor,SAC Kings,18/07/2026,08:55:59,Handicap,ORL Magic (panteraxball) (+6.5),6.5,,,,,1.833,None-None,58-101,Red,-1.0,12258470
,B-EBASKBAT4X5,Lalkoff x yangrainmaker,Lalkoff,DET Pistons,yangrainmaker,OKC Thunder,18/07/2026,08:55:59,Handicap,OKC Thunder (yangrainmaker) (+2.5),2.5,,,,,1.833,None-None,62-61,Green,0.833,12258461
,B-EBASKBAT4X5,The_Professor x Lalkoff,The_Professor,SAC Kings,Lalkoff,DET Pistons,18/07/2026,09:28:38,Handicap,DET Pistons (Lalkoff) (+10.5),10.5,,,,,1.833,None-None,71-57,Red,-1.0,12258891
,B-EBASKBAT4X5,Barmaley x panteraxball,Barmaley,MIN Timberwolves,panteraxball,ORL Magic,18/07/2026,09:28:38,Handicap,MIN Timberwolves (Barmaley) (+3.5),3.5,,,,,1.833,None-None,91-72,Green,0.833,12258892
,B-EBASKBAT4X5,Barmaley x Lalkoff,Barmaley,MIN Timberwolves,Lalkoff,DET Pistons,18/07/2026,10:55:03,Handicap,DET Pistons (Lalkoff) (+12.5),12.5,,,,,1.833,None-None,96-70,Red,-1.0,12259134
,B-EBASKBAT4X5,The_Professor x yangrainmaker,The_Professor,SAC Kings,yangrainmaker,OKC Thunder,18/07/2026,10:55:03,Handicap,OKC Thunder (yangrainmaker) (+13.5),13.5,,,,,1.833,None-None,75-72,Green,0.833,12259135
,B-EBASKBAT4X5,yangrainmaker x Barmaley,yangrainmaker,OKC Thunder,Barmaley,MIN Timberwolves,18/07/2026,10:55:03,Handicap,OKC Thunder (yangrainmaker) (+9.5),9.5,,,,,1.833,None-None,70-89,Red,-1.0,12259141
,B-EBASKBAT4X5,Lalkoff x panteraxball,Lalkoff,DET Pistons,panteraxball,ORL Magic,18/07/2026,10:55:03,Handicap,DET Pistons (Lalkoff) (+1.5),1.5,,,,,1.833,None-None,66-74,Red,-1.0,12259143
,B-EBASKBAT4X5,Koja x Bazuka,Koja,NO Pelicans,Bazuka,MIN Timberwolves,18/07/2026,12:09:33,Handicap,MIN Timberwolves (Bazuka) (+5.5),5.5,,,,,1.833,None-None,58-63,Green,0.833,12259400
,B-EBASKBAT4X5,Jovke x Pakapaka,Jovke,POR T Blazers,Pakapaka,PHI 76ers,18/07/2026,12:09:33,Handicap,PHI 76ers (Pakapaka) (+4.5),4.5,,,,,1.833,None-None,75-73,Green,0.833,12259401
,B-EBASKBAT4X5,Bazuka x Dzojo,Bazuka,MIN Timberwolves,Dzojo,PHX Suns,18/07/2026,12:17:08,Handicap,MIN Timberwolves (Bazuka) (+7.5),7.5,,,,,1.833,None-None,50-72,Red,-1.0,12259420
,B-EBASKBAT4X5,Pakapaka x Koja,Pakapaka,PHI 76ers,Koja,NO Pelicans,18/07/2026,12:17:08,Handicap,NO Pelicans (Koja) (+2.5),2.5,,,,,1.833,None-None,67-55,Red,-1.0,12259419
,B-EBASKBAT4X5,Koja x Jovke,Koja,NO Pelicans,Jovke,POR T Blazers,18/07/2026,12:17:08,Handicap,NO Pelicans (Koja) (+4.5),4.5,,,,,1.833,None-None,59-69,Red,-1.0,12259422
,B-EBASKBAT4X5,Dzojo x Pakapaka,Dzojo,PHX Suns,Pakapaka,PHI 76ers,18/07/2026,12:17:08,Handicap,PHX Suns (Dzojo) (+2.5),2.5,,,,,1.833,None-None,84-81,Green,0.833,12259421
,B-EBASKBAT4X5,Jovke x Dzojo,Jovke,POR T Blazers,Dzojo,PHX Suns,18/07/2026,13:38:08,Handicap,PHX Suns (Dzojo) (+1.5),1.5,,,,,1.833,None-None,79-72,Red,-1.0,12260054
,B-EBASKBAT4X5,Pakapaka x Bazuka,Pakapaka,PHI 76ers,Bazuka,MIN Timberwolves,18/07/2026,13:38:08,Handicap,MIN Timberwolves (Bazuka) (+2.5),2.5,,,,,1.833,None-None,63-43,Red,-1.0,12260055
,B-EBASKBAT4X5,Bazuka x Jovke,Bazuka,MIN Timberwolves,Jovke,POR T Blazers,18/07/2026,13:38:08,Handicap,MIN Timberwolves (Bazuka) (+13.5),13.5,,,,,1.833,None-None,61-78,Red,-1.0,12260064
,B-EBASKBAT4X5,Dzojo x Koja,Dzojo,PHX Suns,Koja,NO Pelicans,18/07/2026,13:38:08,Handicap,NO Pelicans (Koja) (+7.5),7.5,,,,,1.833,None-None,72-68,Green,0.833,12260065
,B-EBASKBAT4X5,Bazuka x Koja,Bazuka,MIN Timberwolves,Koja,NO Pelicans,18/07/2026,15:26:05,Handicap,MIN Timberwolves (Bazuka) (+3.5),3.5,,,,,1.833,None-None,57-47,Green,0.833,12260918
,B-EBASKBAT4X5,Pakapaka x Jovke,Pakapaka,PHI 76ers,Jovke,POR T Blazers,18/07/2026,15:27:35,Handicap,PHI 76ers (Pakapaka) (+3.5),3.5,,,,,1.833,None-None,60-65,Red,-1.0,12260919
,B-EBASKBAT4X5,Koja x Pakapaka,Koja,NO Pelicans,Pakapaka,PHI 76ers,18/07/2026,15:27:35,Handicap,NO Pelicans (Koja) (+4.5),4.5,,,,,1.833,None-None,41-51,Red,-1.0,12260914
,B-EBASKBAT4X5,Dzojo x Bazuka,Dzojo,PHX Suns,Bazuka,MIN Timberwolves,18/07/2026,15:27:35,Handicap,MIN Timberwolves (Bazuka) (+8.5),8.5,,,,,1.833,None-None,69-55,Red,-1.0,12260915
,B-EBASKBAT4X5,Jovke x Koja,Jovke,POR T Blazers,Koja,NO Pelicans,18/07/2026,16:15:14,Handicap,NO Pelicans (Koja) (+6.5),6.5,,,,,1.833,None-None,72-61,Red,-1.0,12261133
,B-EBASKBAT4X5,Pakapaka x Dzojo,Pakapaka,PHI 76ers,Dzojo,PHX Suns,18/07/2026,16:15:14,Handicap,PHX Suns (Dzojo) (+1.5),1.5,,,,,1.833,None-None,64-81,Green,0.833,12261132
,B-EBASKBAT4X5,Dzojo x Jovke,Dzojo,PHX Suns,Jovke,POR T Blazers,18/07/2026,16:15:14,Handicap,PHX Suns (Dzojo) (+1.5),1.5,,,,,1.833,None-None,71-83,Red,-1.0,12261134
,B-EBASKBAT4X5,Bazuka x Pakapaka,Bazuka,MIN Timberwolves,Pakapaka,PHI 76ers,18/07/2026,16:17:03,Handicap,MIN Timberwolves (Bazuka) (+5.5),5.5,,,,,1.833,None-None,67-48,Green,0.833,12261135
,B-EBASKBAT4X5,Jovke x Bazuka,Jovke,POR T Blazers,Bazuka,MIN Timberwolves,18/07/2026,17:09:39,Handicap,MIN Timberwolves (Bazuka) (+13.5),13.5,,,,,1.833,None-None,61-64,Green,0.833,12261482
,B-EBASKBAT4X5,Koja x Dzojo,Koja,NO Pelicans,Dzojo,PHX Suns,18/07/2026,17:27:04,Handicap,NO Pelicans (Koja) (+6.5),6.5,,,,,1.833,None-None,77-78,Green,0.833,12261477
,B-EBASKBAT4X5,Koja x Bazuka,Koja,NO Pelicans,Bazuka,MIN Timberwolves,18/07/2026,18:48:17,Handicap,MIN Timberwolves (Bazuka) (+1.5),1.5,,,,,1.833,None-None,63-58,Red,-1.0,12261715
,B-EBASKBAT4X5,Jovke x Pakapaka,Jovke,POR T Blazers,Pakapaka,PHI 76ers,18/07/2026,18:42:43,Handicap,PHI 76ers (Pakapaka) (+3.5),3.5,,,,,1.833,None-None,80-59,Red,-1.0,12261716
,B-EBASKBAT4X5,Pakapaka x Koja,Pakapaka,PHI 76ers,Koja,NO Pelicans,18/07/2026,18:48:17,Handicap,NO Pelicans (Koja) (+4.5),4.5,,,,,1.833,None-None,62-58,Green,0.833,12261717
,B-EBASKBAT4X5,Bazuka x Dzojo,Bazuka,MIN Timberwolves,Dzojo,PHX Suns,18/07/2026,18:48:17,Handicap,MIN Timberwolves (Bazuka) (+9.5),9.5,,,,,1.833,None-None,58-70,Red,-1.0,12261718
,B-EBASKBAT4X5,The_Professor x Barmaley,The_Professor,SAC Kings,Barmaley,MIN Timberwolves,19/07/2026,03:59:42,Handicap,MIN Timberwolves (Barmaley) (+1.5),1.5,,,,,1.833,None-None,75-84,Green,0.833,12264114
,B-EBASKBAT4X5,Lalkoff x panteraxball,Lalkoff,DET Pistons,panteraxball,ORL Magic,19/07/2026,03:59:42,Handicap,DET Pistons (Lalkoff) (+4.5),4.5,,,,,1.833,None-None,48-69,Red,-1.0,12264115
,B-EBASKBAT4X5,Barmaley x yangrainmaker,Barmaley,MIN Timberwolves,yangrainmaker,OKC Thunder,19/07/2026,05:14:36,Handicap,OKC Thunder (yangrainmaker) (+11.5),11.5,,,,,1.833,0-0,85-55,Red,-1.0,12264202
,B-EBASKBAT4X5,panteraxball x The_Professor,panteraxball,ORL Magic,The_Professor,SAC Kings,19/07/2026,05:14:33,Handicap,ORL Magic (panteraxball) (+5.5),5.5,,,,,1.833,0-0,64-66,Green,0.833,12264201
,B-EBASKBAT4X5,The_Professor x Lalkoff,The_Professor,SAC Kings,Lalkoff,DET Pistons,19/07/2026,05:14:15,Handicap,DET Pistons (Lalkoff) (+5.5),5.5,,,,,1.833,None-None,82-72,Red,-1.0,12264260
,B-EBASKBAT4X5,yangrainmaker x panteraxball,yangrainmaker,OKC Thunder,panteraxball,ORL Magic,19/07/2026,05:14:15,Handicap,OKC Thunder (yangrainmaker) (+6.5),6.5,,,,,1.833,None-None,53-67,Red,-1.0,12264259
,B-EBASKBAT4X5,panteraxball x Barmaley,panteraxball,ORL Magic,Barmaley,MIN Timberwolves,19/07/2026,05:45:52,Handicap,ORL Magic (panteraxball) (+6.5),6.5,,,,,1.833,None-None,73-92,Red,-1.0,12264352
,B-EBASKBAT4X5,Lalkoff x yangrainmaker,Lalkoff,DET Pistons,yangrainmaker,OKC Thunder,19/07/2026,05:45:52,Handicap,OKC Thunder (yangrainmaker) (+2.5),2.5,,,,,1.833,None-None,52-77,Green,0.833,12264351
,B-EBASKBAT4X5,Barmaley x Lalkoff,Barmaley,MIN Timberwolves,Lalkoff,DET Pistons,19/07/2026,06:22:12,Handicap,DET Pistons (Lalkoff) (+10.5),10.5,,,,,1.833,None-None,96-51,Red,-1.0,12264413
,B-EBASKBAT4X5,yangrainmaker x The_Professor,yangrainmaker,OKC Thunder,The_Professor,SAC Kings,19/07/2026,06:22:12,Handicap,OKC Thunder (yangrainmaker) (+11.5),11.5,,,,,1.833,None-None,66-76,Green,0.833,12264414
,B-EBASKBAT4X5,Barmaley x The_Professor,Barmaley,MIN Timberwolves,The_Professor,SAC Kings,19/07/2026,06:57:05,Handicap,SAC Kings (The_Professor) (+2.5),2.5,,,,,1.833,None-None,61-87,Green,0.833,12264483
,B-EBASKBAT4X5,panteraxball x Lalkoff,panteraxball,ORL Magic,Lalkoff,DET Pistons,19/07/2026,06:57:05,Handicap,DET Pistons (Lalkoff) (+6.5),6.5,,,,,1.833,None-None,71-52,Red,-1.0,12264484
,B-EBASKBAT4X5,yangrainmaker x Barmaley,yangrainmaker,OKC Thunder,Barmaley,MIN Timberwolves,19/07/2026,08:19:39,Handicap,OKC Thunder (yangrainmaker) (+12.5),12.5,,,,,1.833,None-None,65-59,Green,0.833,12264557
,B-EBASKBAT4X5,The_Professor x panteraxball,The_Professor,SAC Kings,panteraxball,ORL Magic,19/07/2026,08:19:39,Handicap,ORL Magic (panteraxball) (+5.5),5.5,,,,,1.833,None-None,78-74,Green,0.833,12264556
,B-EBASKBAT4X5,panteraxball x yangrainmaker,panteraxball,ORL Magic,yangrainmaker,OKC Thunder,19/07/2026,08:42:27,Handicap,OKC Thunder (yangrainmaker) (+7.5),7.5,,,,,1.833,None-None,84-69,Red,-1.0,12264697
,B-EBASKBAT4X5,Lalkoff x The_Professor,Lalkoff,DET Pistons,The_Professor,SAC Kings,19/07/2026,08:19:39,Handicap,DET Pistons (Lalkoff) (+7.5),7.5,,,,,1.833,None-None,61-77,Red,-1.0,12264558
,B-EBASKBAT4X5,yangrainmaker x Lalkoff,yangrainmaker,OKC Thunder,Lalkoff,DET Pistons,19/07/2026,08:19:39,Handicap,DET Pistons (Lalkoff) (+1.5),1.5,,,,,1.833,None-None,85-49,Red,-1.0,12264593
,B-EBASKBAT4X5,Barmaley x panteraxball,Barmaley,MIN Timberwolves,panteraxball,ORL Magic,19/07/2026,09:49:26,Handicap,ORL Magic (panteraxball) (+5.5),5.5,,,,,1.833,0-0,75-84,Green,0.833,12264705
,B-EBASKBAT4X5,The_Professor x yangrainmaker,The_Professor,SAC Kings,yangrainmaker,OKC Thunder,19/07/2026,10:21:31,Handicap,OKC Thunder (yangrainmaker) (+10.5),10.5,,,,,1.833,None-None,67-65,Green,0.833,12264795
,B-EBASKBAT4X5,Lalkoff x Barmaley,Lalkoff,DET Pistons,Barmaley,MIN Timberwolves,19/07/2026,10:21:31,Handicap,DET Pistons (Lalkoff) (+12.5),12.5,,,,,1.833,None-None,66-81,Red,-1.0,12264848
,B-EBASKBAT4X5,The_Professor x Barmaley,The_Professor,SAC Kings,Barmaley,MIN Timberwolves,19/07/2026,10:21:31,Handicap,MIN Timberwolves (Barmaley) (+2.5),2.5,,,,,1.833,None-None,75-81,Green,0.833,12264796
,B-EBASKBAT4X5,Lalkoff x panteraxball,Lalkoff,DET Pistons,panteraxball,ORL Magic,19/07/2026,10:21:31,Handicap,DET Pistons (Lalkoff) (+7.5),7.5,,,,,1.833,None-None,82-71,Green,0.833,12264849
,B-EBASKBAT4X5,Barmaley x yangrainmaker,Barmaley,MIN Timberwolves,yangrainmaker,OKC Thunder,19/07/2026,10:11:46,Handicap,OKC Thunder (yangrainmaker) (+10.5),10.5,,,,,1.833,None-None,92-72,Red,-1.0,12264873
,B-EBASKBAT4X5,panteraxball x The_Professor,panteraxball,ORL Magic,The_Professor,SAC Kings,19/07/2026,10:20:38,Handicap,ORL Magic (panteraxball) (+3.5),3.5,,,,,1.833,None-None,58-83,Red,-1.0,12264872
,B-EBASKBAT4X5,Koja x Bazuka,Koja,NO Pelicans,Bazuka,MIN Timberwolves,19/07/2026,12:34:39,Handicap,MIN Timberwolves (Bazuka) (+3.5),3.5,,,,,1.833,None-None,54-60,Green,0.833,12265467
,B-EBASKBAT4X5,veljouni x Dzojo,veljouni,MIA Heat,Dzojo,PHX Suns,19/07/2026,12:34:39,Handicap,MIA Heat (veljouni) (+3.5),3.5,,,,,1.833,None-None,68-84,Red,-1.0,12265468
,B-EBASKBAT4X5,Dzojo x Koja,Dzojo,PHX Suns,Koja,NO Pelicans,19/07/2026,12:34:39,Handicap,NO Pelicans (Koja) (+5.5),5.5,,,,,1.833,None-None,70-66,Green,0.833,12265469
,B-EBASKBAT4X5,Bazuka x Lucashin,Bazuka,MIN Timberwolves,Lucashin,SAC Kings,19/07/2026,12:34:39,Handicap,MIN Timberwolves (Bazuka) (+11.5),11.5,,,,,1.833,None-None,59-68,Green,0.833,12265470
,B-EBASKBAT4X5,Lucashin x Dzojo,Lucashin,SAC Kings,Dzojo,PHX Suns,19/07/2026,13:41:06,Handicap,PHX Suns (Dzojo) (+4.5),4.5,,,,,1.833,None-None,75-65,Red,-1.0,12265637
,B-EBASKBAT4X5,Koja x veljouni,Koja,NO Pelicans,veljouni,MIA Heat,19/07/2026,13:41:06,Handicap,NO Pelicans (Koja) (+1.5),1.5,,,,,1.833,None-None,66-61,Green,0.833,12265638
,B-EBASKBAT4X5,Dzojo x Bazuka,Dzojo,PHX Suns,Bazuka,MIN Timberwolves,19/07/2026,13:41:06,Handicap,MIN Timberwolves (Bazuka) (+7.5),7.5,,,,,1.833,None-None,66-65,Green,0.833,12265640
,B-EBASKBAT4X5,veljouni x Lucashin,veljouni,MIA Heat,Lucashin,SAC Kings,19/07/2026,13:41:06,Handicap,MIA Heat (veljouni) (+3.5),3.5,,,,,1.833,None-None,69-77,Red,-1.0,12265639
,B-EBASKBAT4X5,Lucashin x Koja,Lucashin,SAC Kings,Koja,NO Pelicans,19/07/2026,14:17:29,Handicap,NO Pelicans (Koja) (+5.5),5.5,,,,,1.833,None-None,75-55,Red,-1.0,12265888
,B-EBASKBAT4X5,Bazuka x Koja,Bazuka,MIN Timberwolves,Koja,NO Pelicans,19/07/2026,15:27:27,Handicap,MIN Timberwolves (Bazuka) (+1.5),1.5,,,,,1.833,None-None,50-61,Red,-1.0,12265981
,B-EBASKBAT4X5,Dzojo x veljouni,Dzojo,PHX Suns,veljouni,MIA Heat,19/07/2026,15:27:27,Handicap,MIA Heat (veljouni) (+5.5),5.5,,,,,1.833,None-None,74-78,Green,0.833,12265994
,B-EBASKBAT4X5,Lucashin x Bazuka,Lucashin,SAC Kings,Bazuka,MIN Timberwolves,19/07/2026,15:27:27,Handicap,MIN Timberwolves (Bazuka) (+10.5),10.5,,,,,1.833,None-None,57-69,Green,0.833,12265995
,B-EBASKBAT4X5,Koja x Dzojo,Koja,NO Pelicans,Dzojo,PHX Suns,19/07/2026,16:07:41,Handicap,NO Pelicans (Koja) (+4.5),4.5,,,,,1.833,None-None,83-67,Green,0.833,12266180
,B-EBASKBAT4X5,veljouni x Koja,veljouni,MIA Heat,Koja,NO Pelicans,19/07/2026,16:47:25,Handicap,MIA Heat (veljouni) (+1.5),1.5,,,,,1.833,None-None,66-49,Green,0.833,12266258
,B-EBASKBAT4X5,Dzojo x Lucashin,Dzojo,PHX Suns,Lucashin,SAC Kings,19/07/2026,16:47:25,Handicap,PHX Suns (Dzojo) (+5.5),5.5,,,,,1.833,None-None,77-80,Green,0.833,12266263
,B-EBASKBAT4X5,Lucashin x veljouni,Lucashin,SAC Kings,veljouni,MIA Heat,19/07/2026,16:47:25,Handicap,MIA Heat (veljouni) (+4.5),4.5,,,,,1.833,None-None,54-75,Green,0.833,12266259
,B-EBASKBAT4X5,Bazuka x Dzojo,Bazuka,MIN Timberwolves,Dzojo,PHX Suns,19/07/2026,16:47:25,Handicap,MIN Timberwolves (Bazuka) (+5.5),5.5,,,,,1.833,None-None,50-69,Red,-1.0,12266260
,B-EBASKBAT4X5,Koja x Lucashin,Koja,NO Pelicans,Lucashin,SAC Kings,19/07/2026,17:29:46,Handicap,NO Pelicans (Koja) (+5.5),5.5,,,,,1.833,None-None,54-74,Red,-1.0,12266436
,B-EBASKBAT4X5,Koja x Bazuka,Koja,NO Pelicans,Bazuka,MIN Timberwolves,19/07/2026,18:45:06,Handicap,MIN Timberwolves (Bazuka) (+3.5),3.5,,,,,1.833,None-None,59-74,Green,0.833,12266631
,B-EBASKBAT4X5,veljouni x Dzojo,veljouni,MIA Heat,Dzojo,PHX Suns,19/07/2026,18:46:33,Handicap,MIA Heat (veljouni) (+4.5),4.5,,,,,1.833,None-None,55-81,Red,-1.0,12266632
,B-EBASKBAT4X5,Bazuka x Lucashin,Bazuka,MIN Timberwolves,Lucashin,SAC Kings,19/07/2026,19:25:12,Handicap,MIN Timberwolves (Bazuka) (+10.5),10.5,,,,,1.833,None-None,70-60,Green,0.833,12266860
,B-EBASKBAT4X5,Dzojo x Koja,Dzojo,PHX Suns,Koja,NO Pelicans,19/07/2026,19:25:12,Handicap,NO Pelicans (Koja) (+4.5),4.5,,,,,1.833,None-None,82-74,Red,-1.0,12266859
,B-EBASKBAT4X5,yangrainmaker x The_Professor,yangrainmaker,OKC Thunder,The_Professor,SAC Kings,20/07/2026,04:20:22,Handicap,OKC Thunder (yangrainmaker) (+11.5),11.5,,,,,1.833,None-None,71-70,Green,0.833,12268217
,B-EBASKBAT4X5,Lalkoff x lucker,Lalkoff,DET Pistons,lucker,MIA Heat,20/07/2026,05:08:38,Handicap,DET Pistons (Lalkoff) (+7.5),7.5,,,,,1.833,None-None,56-67,Red,-1.0,12268302
,B-EBASKBAT4X5,The_Professor x faLcOn,The_Professor,SAC Kings,faLcOn,POR T Blazers,20/07/2026,05:08:38,Handicap,POR T Blazers (faLcOn) (+9.5),9.5,,,,,1.833,None-None,81-65,Red,-1.0,12268301
,B-EBASKBAT4X5,lucker x The_Professor,lucker,MIA Heat,The_Professor,SAC Kings,20/07/2026,05:46:46,Handicap,MIA Heat (lucker) (+4.5),4.5,,,,,1.833,None-None,84-87,Green,0.833,12268339
,B-EBASKBAT4X5,The_Professor x Lalkoff,The_Professor,SAC Kings,Lalkoff,DET Pistons,20/07/2026,06:24:08,Handicap,DET Pistons (Lalkoff) (+10.5),10.5,,,,,1.833,0-0,76-64,Red,-1.0,12268457
,B-EBASKBAT4X5,yangrainmaker x lucker,yangrainmaker,OKC Thunder,lucker,MIA Heat,20/07/2026,06:24:07,Handicap,OKC Thunder (yangrainmaker) (+4.5),4.5,,,,,1.833,0-0,71-69,Green,0.833,12268456
,B-EBASKBAT4X5,Lalkoff x yangrainmaker,Lalkoff,DET Pistons,yangrainmaker,OKC Thunder,20/07/2026,06:55:32,Handicap,DET Pistons (Lalkoff) (+2.5),2.5,,,,,1.833,None-None,69-86,Red,-1.0,12268875
,B-EBASKBAT4X5,The_Professor x yangrainmaker,The_Professor,SAC Kings,yangrainmaker,OKC Thunder,20/07/2026,07:40:01,Handicap,OKC Thunder (yangrainmaker) (+7.5),7.5,,,,,1.833,None-None,73-62,Red,-1.0,12268970
,B-EBASKBAT4X5,faLcOn x The_Professor,faLcOn,POR T Blazers,The_Professor,SAC Kings,20/07/2026,08:05:48,Handicap,POR T Blazers (faLcOn) (+11.5),11.5,,,,,1.833,None-None,70-76,Green,0.833,12268971
,B-EBASKBAT4X5,The_Professor x lucker,The_Professor,SAC Kings,lucker,MIA Heat,20/07/2026,07:48:53,Handicap,MIA Heat (lucker) (+4.5),4.5,,,,,1.833,None-None,77-83,Green,0.833,12269282
,B-EBASKBAT4X5,lucker x Lalkoff,lucker,MIA Heat,Lalkoff,DET Pistons,20/07/2026,07:12:56,Handicap,DET Pistons (Lalkoff) (+6.5),6.5,,,,,1.833,None-None,76-65,Red,-1.0,12268938
,B-EBASKBAT4X5,lucker x yangrainmaker,lucker,MIA Heat,yangrainmaker,OKC Thunder,20/07/2026,08:20:42,Handicap,OKC Thunder (yangrainmaker) (+4.5),4.5,,,,,1.833,None-None,74-55,Red,-1.0,12269362
,B-EBASKBAT4X5,Lalkoff x The_Professor,Lalkoff,DET Pistons,The_Professor,SAC Kings,20/07/2026,08:33:23,Handicap,DET Pistons (Lalkoff) (+10.5),10.5,,,,,1.833,None-None,56-69,Red,-1.0,12269466
,B-EBASKBAT4X5,yangrainmaker x Lalkoff,yangrainmaker,OKC Thunder,Lalkoff,DET Pistons,20/07/2026,09:33:55,Handicap,DET Pistons (Lalkoff) (+4.5),4.5,,,,,1.833,None-None,71-51,Red,-1.0,12269677
,B-EBASKBAT4X5,yangrainmaker x The_Professor,yangrainmaker,OKC Thunder,The_Professor,SAC Kings,20/07/2026,10:22:46,Handicap,OKC Thunder (yangrainmaker) (+7.5),7.5,,,,,1.833,None-None,78-62,Green,0.833,12269789
,B-EBASKBAT4X5,Lalkoff x lucker,Lalkoff,DET Pistons,lucker,MIA Heat,20/07/2026,10:22:46,Handicap,DET Pistons (Lalkoff) (+6.5),6.5,,,,,1.833,None-None,80-72,Green,0.833,12269791
,B-EBASKBAT4X5,The_Professor x faLcOn,The_Professor,SAC Kings,faLcOn,POR T Blazers,20/07/2026,10:22:46,Handicap,POR T Blazers (faLcOn) (+8.5),8.5,,,,,1.833,None-None,80-58,Red,-1.0,12269790
,B-EBASKBAT4X5,Lucashin x Koja,Lucashin,SAC Kings,Koja,NO Pelicans,20/07/2026,12:25:20,Handicap,NO Pelicans (Koja) (+4.5),4.5,,,,,1.833,None-None,70-62,Red,-1.0,12270132
,B-EBASKBAT4X5,Jovke x Bazuka,Jovke,POR T Blazers,Bazuka,MIN Timberwolves,20/07/2026,12:25:20,Handicap,MIN Timberwolves (Bazuka) (+12.5),12.5,,,,,1.833,None-None,71-66,Green,0.833,12270133
,B-EBASKBAT4X5,Bazuka x Lucashin,Bazuka,MIN Timberwolves,Lucashin,SAC Kings,20/07/2026,12:25:20,Handicap,MIN Timberwolves (Bazuka) (+10.5),10.5,,,,,1.833,None-None,56-60,Green,0.833,12270134
,B-EBASKBAT4X5,Koja x veljouni,Koja,NO Pelicans,veljouni,MIA Heat,20/07/2026,12:25:20,Handicap,NO Pelicans (Koja) (+1.5),1.5,,,,,1.833,None-None,55-69,Red,-1.0,12270135
,B-EBASKBAT4X5,veljouni x Bazuka,veljouni,MIA Heat,Bazuka,MIN Timberwolves,20/07/2026,13:40:17,Handicap,MIN Timberwolves (Bazuka) (+1.5),1.5,,,,,1.833,None-None,65-58,Red,-1.0,12270248
,B-EBASKBAT4X5,Lucashin x Jovke,Lucashin,SAC Kings,Jovke,POR T Blazers,20/07/2026,13:40:17,Handicap,POR T Blazers (Jovke) (+3.5),3.5,,,,,1.833,None-None,70-57,Red,-1.0,12270249
,B-EBASKBAT4X5,Bazuka x Koja,Bazuka,MIN Timberwolves,Koja,NO Pelicans,20/07/2026,13:40:17,Handicap,MIN Timberwolves (Bazuka) (+3.5),3.5,,,,,1.833,None-None,51-59,Red,-1.0,12270305
,B-EBASKBAT4X5,Koja x Jovke,Koja,NO Pelicans,Jovke,POR T Blazers,20/07/2026,14:04:26,Handicap,NO Pelicans (Koja) (+4.5),4.5,,,,,1.833,None-None,76-51,Green,0.833,12270421
,B-EBASKBAT4X5,veljouni x Lucashin,veljouni,MIA Heat,Lucashin,SAC Kings,20/07/2026,14:04:26,Handicap,MIA Heat (veljouni) (+2.5),2.5,,,,,1.833,None-None,74-73,Green,0.833,12270422
,B-EBASKBAT4X5,Koja x Lucashin,Koja,NO Pelicans,Lucashin,SAC Kings,20/07/2026,15:00:26,Handicap,NO Pelicans (Koja) (+7.5),7.5,,,,,1.833,None-None,58-66,Red,-1.0,12270652
,B-EBASKBAT4X5,Bazuka x Jovke,Bazuka,MIN Timberwolves,Jovke,POR T Blazers,20/07/2026,15:00:26,Handicap,MIN Timberwolves (Bazuka) (+10.5),10.5,,,,,1.833,None-None,64-71,Green,0.833,12270653
,B-EBASKBAT4X5,veljouni x Koja,veljouni,MIA Heat,Koja,NO Pelicans,20/07/2026,15:00:26,Handicap,NO Pelicans (Koja) (+3.5),3.5,,,,,1.833,None-None,68-60,Red,-1.0,12270655
,B-EBASKBAT4X5,Lucashin x Bazuka,Lucashin,SAC Kings,Bazuka,MIN Timberwolves,20/07/2026,15:00:26,Handicap,MIN Timberwolves (Bazuka) (+7.5),7.5,,,,,1.833,None-None,66-55,Red,-1.0,12270654
,B-EBASKBAT4X5,Bazuka x veljouni,Bazuka,MIN Timberwolves,veljouni,MIA Heat,20/07/2026,15:59:11,Handicap,MIN Timberwolves (Bazuka) (+2.5),2.5,,,,,1.833,None-None,48-61,Red,-1.0,12270809
,B-EBASKBAT4X5,Jovke x Lucashin,Jovke,POR T Blazers,Lucashin,SAC Kings,20/07/2026,16:19:07,Handicap,POR T Blazers (Jovke) (+3.5),3.5,,,,,1.833,None-None,68-60,Green,0.833,12270810
,B-EBASKBAT4X5,Koja x Bazuka,Koja,NO Pelicans,Bazuka,MIN Timberwolves,20/07/2026,16:41:20,Handicap,MIN Timberwolves (Bazuka) (+4.5),4.5,,,,,1.833,None-None,58-63,Green,0.833,12271021
,B-EBASKBAT4X5,Jovke x Koja,Jovke,POR T Blazers,Koja,NO Pelicans,20/07/2026,17:44:24,Handicap,NO Pelicans (Koja) (+3.5),3.5,,,,,1.833,None-None,61-57,Red,-1.0,12271199
,B-EBASKBAT4X5,Lucashin x veljouni,Lucashin,SAC Kings,veljouni,MIA Heat,20/07/2026,17:44:24,Handicap,MIA Heat (veljouni) (+2.5),2.5,,,,,1.833,None-None,61-69,Green,0.833,12271207
,B-EBASKBAT4X5,Lucashin x Koja,Lucashin,SAC Kings,Koja,NO Pelicans,20/07/2026,17:44:24,Handicap,NO Pelicans (Koja) (+7.5),7.5,,,,,1.833,None-None,73-62,Red,-1.0,12271212
,B-EBASKBAT4X5,Jovke x Bazuka,Jovke,POR T Blazers,Bazuka,MIN Timberwolves,20/07/2026,17:44:24,Handicap,MIN Timberwolves (Bazuka) (+8.5),8.5,,,,,1.833,None-None,65-58,Green,0.833,12271213
,B-EBASKBAT4X5,Koja x veljouni,Koja,NO Pelicans,veljouni,MIA Heat,20/07/2026,17:44:24,Handicap,NO Pelicans (Koja) (+3.5),3.5,,,,,1.833,None-None,72-65,Green,0.833,12271222
,B-EBASKBAT4X5,Bazuka x Lucashin,Bazuka,MIN Timberwolves,Lucashin,SAC Kings,20/07/2026,17:44:24,Handicap,MIN Timberwolves (Bazuka) (+9.5),9.5,,,,,1.833,None-None,71-67,Green,0.833,12271214
,B-EBASKBAT4X5,Kadzima x lucker,Kadzima,TOR Raptors,lucker,MIA Heat,21/07/2026,04:32:53,Handicap,TOR Raptors (Kadzima) (+5.5),5.5,,,,,1.833,None-None,62-53,Green,0.833,12274992
,B-EBASKBAT4X5,CHIEFKEEF x The_Professor,CHIEFKEEF,CHI Bulls,The_Professor,SAC Kings,21/07/2026,04:33:34,Handicap,SAC Kings (The_Professor) (+1.5),1.5,,,,,1.833,None-None,67-71,Green,0.833,12274993
,B-EBASKBAT4X5,lucker x Lalkoff,lucker,MIA Heat,Lalkoff,DET Pistons,21/07/2026,05:12:38,Handicap,DET Pistons (Lalkoff) (+4.5),4.5,,,,,1.833,None-None,75-73,Green,0.833,12275307
,B-EBASKBAT4X5,The_Professor x Kadzima,The_Professor,SAC Kings,Kadzima,TOR Raptors,21/07/2026,05:12:38,Handicap,TOR Raptors (Kadzima) (+8.5),8.5,,,,,1.833,None-None,78-59,Red,-1.0,12275306
,B-EBASKBAT4X5,Lalkoff x The_Professor,Lalkoff,DET Pistons,The_Professor,SAC Kings,21/07/2026,05:48:10,Handicap,DET Pistons (Lalkoff) (+10.5),10.5,,,,,1.833,None-None,0-0,Green,0.833,12275383
,B-EBASKBAT4X5,Kadzima x CHIEFKEEF,Kadzima,TOR Raptors,CHIEFKEEF,CHI Bulls,21/07/2026,05:48:10,Handicap,TOR Raptors (Kadzima) (+11.5),11.5,,,,,1.833,None-None,66-75,Green,0.833,12275384
,B-EBASKBAT4X5,The_Professor x lucker,The_Professor,SAC Kings,lucker,MIA Heat,21/07/2026,06:19:33,Handicap,MIA Heat (lucker) (+4.5),4.5,,,,,1.833,None-None,77-64,Red,-1.0,12275447
,B-EBASKBAT4X5,CHIEFKEEF x Lalkoff,CHIEFKEEF,CHI Bulls,Lalkoff,DET Pistons,21/07/2026,06:10:48,Handicap,DET Pistons (Lalkoff) (+10.5),10.5,,,,,1.833,None-None,82-79,Green,0.833,12275446
,B-EBASKBAT4X5,lucker x CHIEFKEEF,lucker,MIA Heat,CHIEFKEEF,CHI Bulls,21/07/2026,06:33:57,Handicap,MIA Heat (lucker) (+5.5),5.5,,,,,1.833,None-None,64-59,Green,0.833,12275534
,B-EBASKBAT4X5,Lalkoff x Kadzima,Lalkoff,DET Pistons,Kadzima,TOR Raptors,21/07/2026,07:14:42,Handicap,DET Pistons (Lalkoff) (+5.5),5.5,,,,,1.833,0-0,63-57,Green,0.833,12275577
,B-EBASKBAT4X5,lucker x Kadzima,lucker,MIA Heat,Kadzima,TOR Raptors,21/07/2026,07:49:16,Handicap,TOR Raptors (Kadzima) (+2.5),2.5,,,,,1.833,0-0,73-60,Red,-1.0,12275593
,B-EBASKBAT4X5,The_Professor x CHIEFKEEF,The_Professor,SAC Kings,CHIEFKEEF,CHI Bulls,21/07/2026,07:49:28,Handicap,CHI Bulls (CHIEFKEEF) (+1.5),1.5,,,,,1.833,0-0,76-70,Red,-1.0,12275594
,B-EBASKBAT4X5,Lalkoff x lucker,Lalkoff,DET Pistons,lucker,MIA Heat,21/07/2026,08:24:24,Handicap,DET Pistons (Lalkoff) (+3.5),3.5,,,,,1.833,0-0,61-75,Red,-1.0,12275595
,B-EBASKBAT4X5,Kadzima x The_Professor,Kadzima,TOR Raptors,The_Professor,SAC Kings,21/07/2026,08:24:34,Handicap,TOR Raptors (Kadzima) (+10.5),10.5,,,,,1.833,0-0,70-73,Green,0.833,12275596
,B-EBASKBAT4X5,CHIEFKEEF x Kadzima,CHIEFKEEF,CHI Bulls,Kadzima,TOR Raptors,21/07/2026,08:40:42,Handicap,TOR Raptors (Kadzima) (+10.5),10.5,,,,,1.833,None-None,79-61,Red,-1.0,12275708
,B-EBASKBAT4X5,The_Professor x Lalkoff,The_Professor,SAC Kings,Lalkoff,DET Pistons,21/07/2026,08:40:42,Handicap,DET Pistons (Lalkoff) (+11.5),11.5,,,,,1.833,None-None,59-65,Green,0.833,12275707
,B-EBASKBAT4X5,Lalkoff x CHIEFKEEF,Lalkoff,DET Pistons,CHIEFKEEF,CHI Bulls,21/07/2026,08:40:42,Handicap,DET Pistons (Lalkoff) (+8.5),8.5,,,,,1.833,None-None,71-68,Green,0.833,12275709
,B-EBASKBAT4X5,lucker x The_Professor,lucker,MIA Heat,The_Professor,SAC Kings,21/07/2026,08:40:42,Handicap,MIA Heat (lucker) (+5.5),5.5,,,,,1.833,None-None,55-78,Red,-1.0,12275710
,B-EBASKBAT4X5,Kadzima x Lalkoff,Kadzima,TOR Raptors,Lalkoff,DET Pistons,21/07/2026,09:47:53,Handicap,DET Pistons (Lalkoff) (+2.5),2.5,,,,,1.833,None-None,70-56,Red,-1.0,12276236
,B-EBASKBAT4X5,CHIEFKEEF x lucker,CHIEFKEEF,CHI Bulls,lucker,MIA Heat,21/07/2026,09:47:53,Handicap,MIA Heat (lucker) (+4.5),4.5,,,,,1.833,None-None,87-71,Red,-1.0,12276089
,B-EBASKBAT4X5,Kadzima x lucker,Kadzima,TOR Raptors,lucker,MIA Heat,21/07/2026,10:24:12,Handicap,TOR Raptors (Kadzima) (+3.5),3.5,,,,,1.833,None-None,66-77,Red,-1.0,12276250
,B-EBASKBAT4X5,CHIEFKEEF x The_Professor,CHIEFKEEF,CHI Bulls,The_Professor,SAC Kings,21/07/2026,09:47:53,Handicap,CHI Bulls (CHIEFKEEF) (+1.5),1.5,,,,,1.833,None-None,62-82,Red,-1.0,12276237
,B-EBASKBAT4X5,lucker x Lalkoff,lucker,MIA Heat,Lalkoff,DET Pistons,21/07/2026,09:47:53,Handicap,DET Pistons (Lalkoff) (+5.5),5.5,,,,,1.833,None-None,75-61,Red,-1.0,12276238
,B-EBASKBAT4X5,The_Professor x Kadzima,The_Professor,SAC Kings,Kadzima,TOR Raptors,21/07/2026,10:20:14,Handicap,TOR Raptors (Kadzima) (+8.5),8.5,,,,,1.833,None-None,70-64,Green,0.833,12276251
,B-EBASKBAT4X5,Pakapaka x veljouni,Pakapaka,PHI 76ers,veljouni,MIA Heat,21/07/2026,12:32:30,Handicap,MIA Heat (veljouni) (+3.5),3.5,,,,,1.833,None-None,64-76,Green,0.833,12276887
,B-EBASKBAT4X5,Jovke x Lucashin,Jovke,POR T Blazers,Lucashin,SAC Kings,21/07/2026,12:32:30,Handicap,POR T Blazers (Jovke) (+3.5),3.5,,,,,1.833,None-None,55-71,Red,-1.0,12276888
,B-EBASKBAT4X5,veljouni x Dzojo,veljouni,MIA Heat,Dzojo,PHX Suns,21/07/2026,12:32:30,Handicap,MIA Heat (veljouni) (+4.5),4.5,,,,,1.833,None-None,61-78,Red,-1.0,12276890
,B-EBASKBAT4X5,Lucashin x Pakapaka,Lucashin,SAC Kings,Pakapaka,PHI 76ers,21/07/2026,12:32:30,Handicap,PHI 76ers (Pakapaka) (+5.5),5.5,,,,,1.833,None-None,72-66,Red,-1.0,12276889
,B-EBASKBAT4X5,Dzojo x Lucashin,Dzojo,PHX Suns,Lucashin,SAC Kings,21/07/2026,12:57:14,Handicap,PHX Suns (Dzojo) (+5.5),5.5,,,,,1.833,None-None,70-69,Green,0.833,12276996
,B-EBASKBAT4X5,Pakapaka x Jovke,Pakapaka,PHI 76ers,Jovke,POR T Blazers,21/07/2026,12:57:14,Handicap,PHI 76ers (Pakapaka) (+5.5),5.5,,,,,1.833,None-None,50-73,Red,-1.0,12276997
,B-EBASKBAT4X5,Jovke x Dzojo,Jovke,POR T Blazers,Dzojo,PHX Suns,21/07/2026,14:12:41,Handicap,POR T Blazers (Jovke) (+1.5),1.5,,,,,1.833,None-None,72-78,Red,-1.0,12277221
,B-EBASKBAT4X5,Lucashin x veljouni,Lucashin,SAC Kings,veljouni,MIA Heat,21/07/2026,14:12:41,Handicap,MIA Heat (veljouni) (+2.5),2.5,,,,,1.833,None-None,77-65,Red,-1.0,12277205
,B-EBASKBAT4X5,veljouni x Jovke,veljouni,MIA Heat,Jovke,POR T Blazers,21/07/2026,14:12:41,Handicap,MIA Heat (veljouni) (+4.5),4.5,,,,,1.833,None-None,64-75,Red,-1.0,12277206
,B-EBASKBAT4X5,Dzojo x Pakapaka,Dzojo,PHX Suns,Pakapaka,PHI 76ers,21/07/2026,14:12:41,Handicap,PHI 76ers (Pakapaka) (+2.5),2.5,,,,,1.833,None-None,88-91,Green,0.833,12277236
,B-EBASKBAT4X5,Lucashin x Jovke,Lucashin,SAC Kings,Jovke,POR T Blazers,21/07/2026,15:29:34,Handicap,POR T Blazers (Jovke) (+4.5),4.5,,,,,1.833,None-None,84-65,Red,-1.0,12277488
,B-EBASKBAT4X5,veljouni x Pakapaka,veljouni,MIA Heat,Pakapaka,PHI 76ers,21/07/2026,15:29:34,Handicap,MIA Heat (veljouni) (+1.5),1.5,,,,,1.833,None-None,65-61,Green,0.833,12277487
,B-EBASKBAT4X5,Dzojo x veljouni,Dzojo,PHX Suns,veljouni,MIA Heat,21/07/2026,15:29:34,Handicap,MIA Heat (veljouni) (+5.5),5.5,,,,,1.833,None-None,87-80,Red,-1.0,12277498
,B-EBASKBAT4X5,Pakapaka x Lucashin,Pakapaka,PHI 76ers,Lucashin,SAC Kings,21/07/2026,15:29:34,Handicap,PHI 76ers (Pakapaka) (+5.5),5.5,,,,,1.833,None-None,85-82,Green,0.833,12277489
,B-EBASKBAT4X5,Jovke x Pakapaka,Jovke,POR T Blazers,Pakapaka,PHI 76ers,21/07/2026,16:50:12,Handicap,PHI 76ers (Pakapaka) (+7.5),7.5,,,,,1.833,None-None,77-69,Red,-1.0,12277755
,B-EBASKBAT4X5,Lucashin x Dzojo,Lucashin,SAC Kings,Dzojo,PHX Suns,21/07/2026,16:50:12,Handicap,PHX Suns (Dzojo) (+3.5),3.5,,,,,1.833,None-None,74-66,Red,-1.0,12277754
,B-EBASKBAT4X5,Dzojo x Jovke,Dzojo,PHX Suns,Jovke,POR T Blazers,21/07/2026,16:50:12,Handicap,POR T Blazers (Jovke) (+2.5),2.5,,,,,1.833,None-None,61-86,Green,0.833,12277756
,B-EBASKBAT4X5,veljouni x Lucashin,veljouni,MIA Heat,Lucashin,SAC Kings,21/07/2026,16:50:12,Handicap,MIA Heat (veljouni) (+4.5),4.5,,,,,1.833,None-None,65-68,Green,0.833,12277757
,B-EBASKBAT4X5,Jovke x veljouni,Jovke,POR T Blazers,veljouni,MIA Heat,21/07/2026,16:53:04,Handicap,MIA Heat (veljouni) (+6.5),6.5,,,,,1.833,None-None,75-72,Green,0.833,12277767
,B-EBASKBAT4X5,Pakapaka x Dzojo,Pakapaka,PHI 76ers,Dzojo,PHX Suns,21/07/2026,17:31:46,Handicap,PHI 76ers (Pakapaka) (+2.5),2.5,,,,,1.833,None-None,49-74,Red,-1.0,12277768
,B-EBASKBAT4X5,Pakapaka x veljouni,Pakapaka,PHI 76ers,veljouni,MIA Heat,21/07/2026,19:29:57,Handicap,PHI 76ers (Pakapaka) (+1.5),1.5,,,,,1.833,0-0,68-63,Green,0.833,12278109
,B-EBASKBAT4X5,Jovke x Lucashin,Jovke,POR T Blazers,Lucashin,SAC Kings,21/07/2026,19:30:06,Handicap,POR T Blazers (Jovke) (+5.5),5.5,,,,,1.833,0-0,65-68,Green,0.833,12278110
,B-EBASKBAT4X5,veljouni x Dzojo,veljouni,MIA Heat,Dzojo,PHX Suns,21/07/2026,19:52:57,Handicap,MIA Heat (veljouni) (+6.5),6.5,,,,,1.833,None-None,72-76,Green,0.833,12278119
,B-EBASKBAT4X5,Lucashin x Pakapaka,Lucashin,SAC Kings,Pakapaka,PHI 76ers,21/07/2026,20:04:31,Handicap,PHI 76ers (Pakapaka) (+3.5),3.5,,,,,1.833,0-0,69-72,Green,0.833,12278111
,B-EBASKBAT4X5,faLcOn x CHIEFKEEF,faLcOn,POR T Blazers,CHIEFKEEF,CHI Bulls,22/07/2026,04:10:47,Handicap,POR T Blazers (faLcOn) (+9.5),9.5,,,,,1.833,None-None,85-81,Green,0.833,12279676
,B-EBASKBAT4X5,Kadzima x The_Professor,Kadzima,TOR Raptors,The_Professor,SAC Kings,22/07/2026,04:10:47,Handicap,TOR Raptors (Kadzima) (+8.5),8.5,,,,,1.833,None-None,61-64,Green,0.833,12279675
,B-EBASKBAT4X5,CHIEFKEEF x lucker,CHIEFKEEF,CHI Bulls,lucker,MIA Heat,22/07/2026,05:14:38,Handicap,MIA Heat (lucker) (+4.5),4.5,,,,,1.833,0-0,76-64,Red,-1.0,12279901
,B-EBASKBAT4X5,The_Professor x faLcOn,The_Professor,SAC Kings,faLcOn,POR T Blazers,22/07/2026,05:14:41,Handicap,POR T Blazers (faLcOn) (+13.5),13.5,,,,,1.833,0-0,65-72,Green,0.833,12279934
,B-EBASKBAT4X5,faLcOn x Kadzima,faLcOn,POR T Blazers,Kadzima,TOR Raptors,22/07/2026,05:45:09,Handicap,POR T Blazers (faLcOn) (+5.5),5.5,,,,,1.833,None-None,65-72,Red,-1.0,12279960
,B-EBASKBAT4X5,lucker x The_Professor,lucker,MIA Heat,The_Professor,SAC Kings,22/07/2026,05:45:09,Handicap,MIA Heat (lucker) (+4.5),4.5,,,,,1.833,None-None,58-63,Red,-1.0,12279944
,B-EBASKBAT4X5,Kadzima x lucker,Kadzima,TOR Raptors,lucker,MIA Heat,22/07/2026,06:21:49,Handicap,TOR Raptors (Kadzima) (+3.5),3.5,,,,,1.833,None-None,62-71,Red,-1.0,12280048
,B-EBASKBAT4X5,The_Professor x CHIEFKEEF,The_Professor,SAC Kings,CHIEFKEEF,CHI Bulls,22/07/2026,06:21:49,Handicap,SAC Kings (The_Professor) (+1.5),1.5,,,,,1.833,None-None,73-58,Green,0.833,12280049
,B-EBASKBAT4X5,CHIEFKEEF x Kadzima,CHIEFKEEF,CHI Bulls,Kadzima,TOR Raptors,22/07/2026,06:59:14,Handicap,TOR Raptors (Kadzima) (+7.5),7.5,,,,,1.833,0-0,60-69,Green,0.833,12280120
,B-EBASKBAT4X5,lucker x faLcOn,lucker,MIA Heat,faLcOn,POR T Blazers,22/07/2026,07:14:07,Handicap,POR T Blazers (faLcOn) (+8.5),8.5,,,,,1.833,0-0,55-69,Green,0.833,12280126
,B-EBASKBAT4X5,CHIEFKEEF x faLcOn,CHIEFKEEF,CHI Bulls,faLcOn,POR T Blazers,22/07/2026,07:49:19,Handicap,POR T Blazers (faLcOn) (+5.5),5.5,,,,,1.833,0-0,78-55,Red,-1.0,12280201
,B-EBASKBAT4X5,The_Professor x Kadzima,The_Professor,SAC Kings,Kadzima,TOR Raptors,22/07/2026,07:49:29,Handicap,TOR Raptors (Kadzima) (+6.5),6.5,,,,,1.833,0-0,70-49,Red,-1.0,12280200
,B-EBASKBAT4X5,lucker x CHIEFKEEF,lucker,MIA Heat,CHIEFKEEF,CHI Bulls,22/07/2026,08:24:09,Handicap,MIA Heat (lucker) (+5.5),5.5,,,,,1.833,0-0,69-75,Red,-1.0,12280210
,B-EBASKBAT4X5,faLcOn x The_Professor,faLcOn,POR T Blazers,The_Professor,SAC Kings,22/07/2026,08:24:25,Handicap,POR T Blazers (faLcOn) (+9.5),9.5,,,,,1.833,0-0,65-66,Green,0.833,12280212
,B-EBASKBAT4X5,Kadzima x faLcOn,Kadzima,TOR Raptors,faLcOn,POR T Blazers,22/07/2026,08:59:26,Handicap,POR T Blazers (faLcOn) (+2.5),2.5,,,,,1.833,0-0,64-69,Green,0.833,12280322
,B-EBASKBAT4X5,The_Professor x lucker,The_Professor,SAC Kings,lucker,MIA Heat,22/07/2026,08:59:17,Handicap,MIA Heat (lucker) (+6.5),6.5,,,,,1.833,0-0,73-56,Red,-1.0,12280320
,B-EBASKBAT4X5,lucker x Kadzima,lucker,MIA Heat,Kadzima,TOR Raptors,22/07/2026,09:30:16,Handicap,TOR Raptors (Kadzima) (+4.5),4.5,,,,,1.833,None-None,92-68,Red,-1.0,12280351
,B-EBASKBAT4X5,CHIEFKEEF x The_Professor,CHIEFKEEF,CHI Bulls,The_Professor,SAC Kings,22/07/2026,09:30:16,Handicap,CHI Bulls (CHIEFKEEF) (+2.5),2.5,,,,,1.833,None-None,61-74,Red,-1.0,12280321
,B-EBASKBAT4X5,faLcOn x lucker,faLcOn,POR T Blazers,lucker,MIA Heat,22/07/2026,09:30:16,Handicap,POR T Blazers (faLcOn) (+2.5),2.5,,,,,1.833,None-None,65-83,Red,-1.0,12280323
,B-EBASKBAT4X5,Kadzima x CHIEFKEEF,Kadzima,TOR Raptors,CHIEFKEEF,CHI Bulls,22/07/2026,09:30:16,Handicap,TOR Raptors (Kadzima) (+5.5),5.5,,,,,1.833,None-None,74-78,Green,0.833,12280325
,B-EBASKBAT4X5,faLcOn x CHIEFKEEF,faLcOn,POR T Blazers,CHIEFKEEF,CHI Bulls,22/07/2026,10:55:59,Handicap,POR T Blazers (faLcOn) (+6.5),6.5,,,,,1.833,None-None,64-70,Green,0.833,12280679
,B-EBASKBAT4X5,Kadzima x The_Professor,Kadzima,TOR Raptors,The_Professor,SAC Kings,22/07/2026,10:24:51,Handicap,TOR Raptors (Kadzima) (+8.5),8.5,,,,,1.833,None-None,71-64,Green,0.833,12280678
,B-EBASKBAT4X5,The_Professor x faLcOn,The_Professor,SAC Kings,faLcOn,POR T Blazers,22/07/2026,10:24:51,Handicap,POR T Blazers (faLcOn) (+6.5),6.5,,,,,1.833,None-None,77-74,Green,0.833,12280685
,B-EBASKBAT4X5,CHIEFKEEF x lucker,CHIEFKEEF,CHI Bulls,lucker,MIA Heat,22/07/2026,10:24:51,Handicap,MIA Heat (lucker) (+5.5),5.5,,,,,1.833,None-None,77-73,Green,0.833,12280684
,B-EBASKBAT4X5,veljouni x Lucashin,veljouni,MIA Heat,Lucashin,SAC Kings,22/07/2026,12:40:30,Handicap,MIA Heat (veljouni) (+2.5),2.5,,,,,1.833,None-None,63-55,Green,0.833,12281477
,B-EBASKBAT4X5,Pakapaka x Bazuka,Pakapaka,PHI 76ers,Bazuka,MIN Timberwolves,22/07/2026,12:40:30,Handicap,MIN Timberwolves (Bazuka) (+3.5),3.5,,,,,1.833,None-None,52-61,Green,0.833,12281476
,B-EBASKBAT4X5,Bazuka x Koja,Bazuka,MIN Timberwolves,Koja,NO Pelicans,22/07/2026,12:40:30,Handicap,MIN Timberwolves (Bazuka) (+2.5),2.5,,,,,1.833,None-None,55-45,Green,0.833,12281479
,B-EBASKBAT4X5,Lucashin x Pakapaka,Lucashin,SAC Kings,Pakapaka,PHI 76ers,22/07/2026,12:40:30,Handicap,PHI 76ers (Pakapaka) (+4.5),4.5,,,,,1.833,None-None,70-65,Red,-1.0,12281478
,B-EBASKBAT4X5,Pakapaka x veljouni,Pakapaka,PHI 76ers,veljouni,MIA Heat,22/07/2026,12:40:30,Handicap,MIA Heat (veljouni) (+2.5),2.5,,,,,1.833,None-None,50-77,Green,0.833,12281481
,B-EBASKBAT4X5,Koja x Lucashin,Koja,NO Pelicans,Lucashin,SAC Kings,22/07/2026,12:40:30,Handicap,NO Pelicans (Koja) (+6.5),6.5,,,,,1.833,None-None,53-65,Red,-1.0,12281480
,B-EBASKBAT4X5,Lucashin x Bazuka,Lucashin,SAC Kings,Bazuka,MIN Timberwolves,22/07/2026,13:37:22,Handicap,MIN Timberwolves (Bazuka) (+8.5),8.5,,,,,1.833,None-None,61-69,Green,0.833,12281699
,B-EBASKBAT4X5,veljouni x Koja,veljouni,MIA Heat,Koja,NO Pelicans,22/07/2026,13:37:22,Handicap,NO Pelicans (Koja) (+2.5),2.5,,,,,1.833,None-None,59-58,Green,0.833,12281698
,B-EBASKBAT4X5,Bazuka x veljouni,Bazuka,MIN Timberwolves,veljouni,MIA Heat,22/07/2026,13:37:22,Handicap,MIN Timberwolves (Bazuka) (+4.5),4.5,,,,,1.833,None-None,61-69,Red,-1.0,12281868
,B-EBASKBAT4X5,Koja x Pakapaka,Koja,NO Pelicans,Pakapaka,PHI 76ers,22/07/2026,13:37:22,Handicap,NO Pelicans (Koja) (+4.5),4.5,,,,,1.833,None-None,52-56,Green,0.833,12281869
,B-EBASKBAT4X5,Lucashin x veljouni,Lucashin,SAC Kings,veljouni,MIA Heat,22/07/2026,14:47:22,Handicap,MIA Heat (veljouni) (+1.5),1.5,,,,,1.833,None-None,80-68,Red,-1.0,12282271
,B-EBASKBAT4X5,Bazuka x Pakapaka,Bazuka,MIN Timberwolves,Pakapaka,PHI 76ers,22/07/2026,15:27:39,Handicap,MIN Timberwolves (Bazuka) (+1.5),1.5,,,,,1.833,None-None,51-65,Red,-1.0,12282270
,B-EBASKBAT4X5,Pakapaka x Lucashin,Pakapaka,PHI 76ers,Lucashin,SAC Kings,22/07/2026,14:47:22,Handicap,PHI 76ers (Pakapaka) (+4.5),4.5,,,,,1.833,None-None,54-69,Red,-1.0,12282272
,B-EBASKBAT4X5,Koja x Bazuka,Koja,NO Pelicans,Bazuka,MIN Timberwolves,22/07/2026,16:54:33,Handicap,MIN Timberwolves (Bazuka) (+1.5),1.5,,,,,1.833,0-0,62-46,Red,-1.0,12282558
,B-EBASKBAT4X5,veljouni x Pakapaka,veljouni,MIA Heat,Pakapaka,PHI 76ers,22/07/2026,16:16:58,Handicap,PHI 76ers (Pakapaka) (+1.5),1.5,,,,,1.833,None-None,82-59,Red,-1.0,12282662
,B-EBASKBAT4X5,Lucashin x Koja,Lucashin,SAC Kings,Koja,NO Pelicans,22/07/2026,16:47:39,Handicap,NO Pelicans (Koja) (+6.5),6.5,,,,,1.833,None-None,60-67,Green,0.833,12282661
,B-EBASKBAT4X5,Koja x veljouni,Koja,NO Pelicans,veljouni,MIA Heat,22/07/2026,16:16:58,Handicap,NO Pelicans (Koja) (+2.5),2.5,,,,,1.833,None-None,49-61,Red,-1.0,12282663
,B-EBASKBAT4X5,Bazuka x Lucashin,Bazuka,MIN Timberwolves,Lucashin,SAC Kings,22/07/2026,16:16:58,Handicap,MIN Timberwolves (Bazuka) (+5.5),5.5,,,,,1.833,None-None,54-64,Red,-1.0,12282664
,B-EBASKBAT4X5,Pakapaka x Koja,Pakapaka,PHI 76ers,Koja,NO Pelicans,22/07/2026,16:47:39,Handicap,NO Pelicans (Koja) (+4.5),4.5,,,,,1.833,None-None,43-70,Green,0.833,12282746
,B-EBASKBAT4X5,veljouni x Bazuka,veljouni,MIA Heat,Bazuka,MIN Timberwolves,22/07/2026,16:16:58,Handicap,MIN Timberwolves (Bazuka) (+4.5),4.5,,,,,1.833,None-None,58-50,Red,-1.0,12282665
,B-EBASKBAT4X5,veljouni x Lucashin,veljouni,MIA Heat,Lucashin,SAC Kings,22/07/2026,19:22:29,Handicap,MIA Heat (veljouni) (+3.5),3.5,,,,,1.833,None-None,56-69,Red,-1.0,12283662
,B-EBASKBAT4X5,Pakapaka x Bazuka,Pakapaka,PHI 76ers,Bazuka,MIN Timberwolves,22/07/2026,19:27:27,Handicap,MIN Timberwolves (Bazuka) (+2.5),2.5,,,,,1.833,None-None,55-61,Green,0.833,12283661
,B-EBASKBAT4X5,Bazuka x Koja,Bazuka,MIN Timberwolves,Koja,NO Pelicans,22/07/2026,19:22:29,Handicap,MIN Timberwolves (Bazuka) (+2.5),2.5,,,,,1.833,None-None,71-53,Green,0.833,12283663
,B-EBASKBAT4X5,Lucashin x Pakapaka,Lucashin,SAC Kings,Pakapaka,PHI 76ers,22/07/2026,19:22:29,Handicap,PHI 76ers (Pakapaka) (+5.5),5.5,,,,,1.833,None-None,62-70,Green,0.833,12283758
,B-EBASKBAT4X5,faLcOn x The_Professor,faLcOn,POR T Blazers,The_Professor,SAC Kings,23/07/2026,04:33:18,Handicap,POR T Blazers (faLcOn) (+6.5),6.5,,,,,1.833,None-None,57-75,Red,-1.0,12285955
,B-EBASKBAT4X5,CHIEFKEEF x panteraxball,CHIEFKEEF,CHI Bulls,panteraxball,ORL Magic,23/07/2026,04:33:18,Handicap,ORL Magic (panteraxball) (+3.5),3.5,,,,,1.833,None-None,83-67,Red,-1.0,12285954
,B-EBASKBAT4X5,panteraxball x Barmaley,panteraxball,ORL Magic,Barmaley,MIN Timberwolves,23/07/2026,05:14:44,Handicap,ORL Magic (panteraxball) (+1.5),1.5,,,,,1.833,0-0,59-76,Red,-1.0,12285993
,B-EBASKBAT4X5,The_Professor x CHIEFKEEF,The_Professor,SAC Kings,CHIEFKEEF,CHI Bulls,23/07/2026,05:14:34,Handicap,CHI Bulls (CHIEFKEEF) (+1.5),1.5,,,,,1.833,0-0,73-67,Red,-1.0,12285998
,B-EBASKBAT4X5,CHIEFKEEF x faLcOn,CHIEFKEEF,CHI Bulls,faLcOn,POR T Blazers,23/07/2026,05:48:00,Handicap,POR T Blazers (faLcOn) (+3.5),3.5,,,,,1.833,None-None,79-46,Red,-1.0,12286102
,B-EBASKBAT4X5,Barmaley x The_Professor,Barmaley,MIN Timberwolves,The_Professor,SAC Kings,23/07/2026,05:48:00,Handicap,MIN Timberwolves (Barmaley) (+1.5),1.5,,,,,1.833,None-None,78-72,Green,0.833,12286101
,B-EBASKBAT4X5,The_Professor x panteraxball,The_Professor,SAC Kings,panteraxball,ORL Magic,23/07/2026,06:23:10,Handicap,ORL Magic (panteraxball) (+6.5),6.5,,,,,1.833,None-None,61-71,Green,0.833,12286220
,B-EBASKBAT4X5,panteraxball x faLcOn,panteraxball,ORL Magic,faLcOn,POR T Blazers,23/07/2026,06:57:41,Handicap,POR T Blazers (faLcOn) (+3.5),3.5,,,,,1.833,None-None,68-48,Red,-1.0,12286273
,B-EBASKBAT4X5,Barmaley x CHIEFKEEF,Barmaley,MIN Timberwolves,CHIEFKEEF,CHI Bulls,23/07/2026,06:57:41,Handicap,CHI Bulls (CHIEFKEEF) (+1.5),1.5,,,,,1.833,None-None,70-80,Green,0.833,12286275
,B-EBASKBAT4X5,The_Professor x faLcOn,The_Professor,SAC Kings,faLcOn,POR T Blazers,23/07/2026,07:43:04,Handicap,POR T Blazers (faLcOn) (+9.5),9.5,,,,,1.833,None-None,95-56,Red,-1.0,12286549
,B-EBASKBAT4X5,panteraxball x CHIEFKEEF,panteraxball,ORL Magic,CHIEFKEEF,CHI Bulls,23/07/2026,07:49:22,Handicap,ORL Magic (panteraxball) (+7.5),7.5,,,,,1.833,0-0,68-81,Red,-1.0,12286548
,B-EBASKBAT4X5,CHIEFKEEF x The_Professor,CHIEFKEEF,CHI Bulls,The_Professor,SAC Kings,23/07/2026,07:44:58,Handicap,SAC Kings (The_Professor) (+1.5),1.5,,,,,1.833,None-None,77-64,Red,-1.0,12286551
,B-EBASKBAT4X5,Barmaley x panteraxball,Barmaley,MIN Timberwolves,panteraxball,ORL Magic,23/07/2026,07:43:04,Handicap,ORL Magic (panteraxball) (+4.5),4.5,,,,,1.833,None-None,96-65,Red,-1.0,12286552
,B-EBASKBAT4X5,The_Professor x Barmaley,The_Professor,SAC Kings,Barmaley,MIN Timberwolves,23/07/2026,08:55:19,Handicap,MIN Timberwolves (Barmaley) (+1.5),1.5,,,,,1.833,None-None,66-83,Green,0.833,12286715
,B-EBASKBAT4X5,faLcOn x CHIEFKEEF,faLcOn,POR T Blazers,CHIEFKEEF,CHI Bulls,23/07/2026,08:58:53,Handicap,POR T Blazers (faLcOn) (+9.5),9.5,,,,,1.833,None-None,59-76,Red,-1.0,12286720
,B-EBASKBAT4X5,panteraxball x The_Professor,panteraxball,ORL Magic,The_Professor,SAC Kings,23/07/2026,08:55:19,Handicap,ORL Magic (panteraxball) (+6.5),6.5,,,,,1.833,None-None,69-66,Green,0.833,12286725
,B-EBASKBAT4X5,faLcOn x panteraxball,faLcOn,POR T Blazers,panteraxball,ORL Magic,23/07/2026,09:44:49,Handicap,POR T Blazers (faLcOn) (+7.5),7.5,,,,,1.833,None-None,50-67,Red,-1.0,12286932
,B-EBASKBAT4X5,CHIEFKEEF x Barmaley,CHIEFKEEF,CHI Bulls,Barmaley,MIN Timberwolves,23/07/2026,09:44:49,Handicap,MIN Timberwolves (Barmaley) (+3.5),3.5,,,,,1.833,None-None,54-79,Green,0.833,12286933
,B-EBASKBAT4X5,faLcOn x The_Professor,faLcOn,POR T Blazers,The_Professor,SAC Kings,23/07/2026,09:44:49,Handicap,POR T Blazers (faLcOn) (+11.5),11.5,,,,,1.833,None-None,60-82,Red,-1.0,12286935
,B-EBASKBAT4X5,CHIEFKEEF x panteraxball,CHIEFKEEF,CHI Bulls,panteraxball,ORL Magic,23/07/2026,09:44:49,Handicap,ORL Magic (panteraxball) (+8.5),8.5,,,,,1.833,None-None,68-74,Green,0.833,12286934
,B-EBASKBAT4X5,The_Professor x CHIEFKEEF,The_Professor,SAC Kings,CHIEFKEEF,CHI Bulls,23/07/2026,11:31:42,Handicap,SAC Kings (The_Professor) (+3.5),3.5,,,,,1.833,None-None,79-59,Green,0.833,12287619
,B-EBASKBAT4X5,panteraxball x Barmaley,panteraxball,ORL Magic,Barmaley,MIN Timberwolves,23/07/2026,11:30:30,Handicap,ORL Magic (panteraxball) (+6.5),6.5,,,,,1.833,None-None,74-86,Red,-1.0,12287597
,B-EBASKBAT4X5,Koja x Pakapaka,Koja,NO Pelicans,Pakapaka,PHI 76ers,23/07/2026,12:52:14,Handicap,NO Pelicans (Koja) (+3.5),3.5,,,,,1.833,None-None,71-51,Green,0.833,12288001
,B-EBASKBAT4X5,Jovke x Dzojo,Jovke,POR T Blazers,Dzojo,PHX Suns,23/07/2026,12:52:14,Handicap,POR T Blazers (Jovke) (+1.5),1.5,,,,,1.833,None-None,90-76,Green,0.833,12288002
,B-EBASKBAT4X5,Dzojo x Koja,Dzojo,PHX Suns,Koja,NO Pelicans,23/07/2026,12:52:14,Handicap,NO Pelicans (Koja) (+4.5),4.5,,,,,1.833,None-None,68-74,Green,0.833,12288024
,B-EBASKBAT4X5,Pakapaka x Lucashin,Pakapaka,PHI 76ers,Lucashin,SAC Kings,23/07/2026,12:52:14,Handicap,PHI 76ers (Pakapaka) (+3.5),3.5,,,,,1.833,None-None,58-71,Red,-1.0,12288003
,B-EBASKBAT4X5,Koja x Jovke,Koja,NO Pelicans,Jovke,POR T Blazers,23/07/2026,12:59:48,Handicap,NO Pelicans (Koja) (+4.5),4.5,,,,,1.833,None-None,56-57,Green,0.833,12288051
,B-EBASKBAT4X5,Lucashin x Dzojo,Lucashin,SAC Kings,Dzojo,PHX Suns,23/07/2026,12:59:48,Handicap,PHX Suns (Dzojo) (+1.5),1.5,,,,,1.833,None-None,77-79,Green,0.833,12288050
,B-EBASKBAT4X5,Dzojo x Pakapaka,Dzojo,PHX Suns,Pakapaka,PHI 76ers,23/07/2026,14:47:30,Handicap,PHI 76ers (Pakapaka) (+3.5),3.5,,,,,1.833,None-None,68-59,Red,-1.0,12288328
,B-EBASKBAT4X5,Jovke x Lucashin,Jovke,POR T Blazers,Lucashin,SAC Kings,23/07/2026,14:47:30,Handicap,POR T Blazers (Jovke) (+1.5),1.5,,,,,1.833,None-None,47-61,Red,-1.0,12288327
,B-EBASKBAT4X5,Pakapaka x Jovke,Pakapaka,PHI 76ers,Jovke,POR T Blazers,23/07/2026,14:47:30,Handicap,PHI 76ers (Pakapaka) (+4.5),4.5,,,,,1.833,None-None,56-86,Red,-1.0,12288341
,B-EBASKBAT4X5,Lucashin x Koja,Lucashin,SAC Kings,Koja,NO Pelicans,23/07/2026,14:47:30,Handicap,NO Pelicans (Koja) (+6.5),6.5,,,,,1.833,None-None,57-62,Green,0.833,12288342
,B-EBASKBAT4X5,Dzojo x Jovke,Dzojo,PHX Suns,Jovke,POR T Blazers,23/07/2026,14:47:30,Handicap,PHX Suns (Dzojo) (+1.5),1.5,,,,,1.833,None-None,74-83,Red,-1.0,12288343
,B-EBASKBAT4X5,Lucashin x Pakapaka,Lucashin,SAC Kings,Pakapaka,PHI 76ers,23/07/2026,16:01:52,Handicap,PHI 76ers (Pakapaka) (+6.5),6.5,,,,,1.833,None-None,69-53,Red,-1.0,12288761
,B-EBASKBAT4X5,Koja x Dzojo,Koja,NO Pelicans,Dzojo,PHX Suns,23/07/2026,16:16:28,Handicap,NO Pelicans (Koja) (+3.5),3.5,,,,,1.833,None-None,67-78,Red,-1.0,12288760
,B-EBASKBAT4X5,Pakapaka x Koja,Pakapaka,PHI 76ers,Koja,NO Pelicans,23/07/2026,14:47:30,Handicap,PHI 76ers (Pakapaka) (+1.5),1.5,,,,,1.833,None-None,62-69,Red,-1.0,12288346
,B-EBASKBAT4X5,Jovke x Koja,Jovke,POR T Blazers,Koja,NO Pelicans,23/07/2026,16:16:28,Handicap,NO Pelicans (Koja) (+3.5),3.5,,,,,1.833,None-None,60-69,Green,0.833,12288763
,B-EBASKBAT4X5,Dzojo x Lucashin,Dzojo,PHX Suns,Lucashin,SAC Kings,23/07/2026,16:16:28,Handicap,PHX Suns (Dzojo) (+1.5),1.5,,,,,1.833,None-None,78-70,Green,0.833,12288762
,B-EBASKBAT4X5,Lucashin x Jovke,Lucashin,SAC Kings,Jovke,POR T Blazers,23/07/2026,16:54:19,Handicap,POR T Blazers (Jovke) (+3.5),3.5,,,,,1.833,None-None,66-59,Red,-1.0,12289063
,B-EBASKBAT4X5,Pakapaka x Dzojo,Pakapaka,PHI 76ers,Dzojo,PHX Suns,23/07/2026,16:59:54,Handicap,PHI 76ers (Pakapaka) (+6.5),6.5,,,,,1.833,None-None,64-69,Green,0.833,12289072
,B-EBASKBAT4X5,Jovke x Pakapaka,Jovke,POR T Blazers,Pakapaka,PHI 76ers,23/07/2026,16:54:19,Handicap,PHI 76ers (Pakapaka) (+9.5),9.5,,,,,1.833,None-None,72-69,Green,0.833,12289073
,B-EBASKBAT4X5,Koja x Lucashin,Koja,NO Pelicans,Lucashin,SAC Kings,23/07/2026,16:54:19,Handicap,NO Pelicans (Koja) (+4.5),4.5,,,,,1.833,None-None,60-70,Red,-1.0,12289074
,B-EBASKBAT4X5,Jovke x Dzojo,Jovke,POR T Blazers,Dzojo,PHX Suns,23/07/2026,19:24:31,Handicap,PHX Suns (Dzojo) (+3.5),3.5,,,,,1.833,None-None,91-69,Red,-1.0,12290043
,B-EBASKBAT4X5,Koja x Pakapaka,Koja,NO Pelicans,Pakapaka,PHI 76ers,23/07/2026,19:21:53,Handicap,PHI 76ers (Pakapaka) (+3.5),3.5,,,,,1.833,None-None,56-59,Green,0.833,12290042
,B-EBASKBAT4X5,Pakapaka x Lucashin,Pakapaka,PHI 76ers,Lucashin,SAC Kings,23/07/2026,19:24:31,Handicap,PHI 76ers (Pakapaka) (+7.5),7.5,,,,,1.833,None-None,83-78,Green,0.833,12290045
,B-EBASKBAT4X5,Dzojo x Koja,Dzojo,PHX Suns,Koja,NO Pelicans,23/07/2026,19:24:31,Handicap,NO Pelicans (Koja) (+4.5),4.5,,,,,1.833,None-None,78-90,Green,0.833,12290044
,B-EBASKBAT4X5,CHIEFKEEF x yangrainmaker,CHIEFKEEF,CHI Bulls,yangrainmaker,OKC Thunder,24/07/2026,04:39:03,Handicap,OKC Thunder (yangrainmaker) (+5.5),5.5,,,,,1.833,0-0,72-60,Red,-1.0,12292113
,B-EBASKBAT4X5,The_Professor x Lalkoff,The_Professor,SAC Kings,Lalkoff,DET Pistons,24/07/2026,04:39:04,Handicap,DET Pistons (Lalkoff) (+9.5),9.5,,,,,1.833,0-0,78-53,Red,-1.0,12292114
,B-EBASKBAT4X5,yangrainmaker x faLcOn,yangrainmaker,OKC Thunder,faLcOn,POR T Blazers,24/07/2026,05:07:53,Handicap,POR T Blazers (faLcOn) (+7.5),7.5,,,,,1.833,None-None,79-68,Red,-1.0,12292154
,B-EBASKBAT4X5,Lalkoff x CHIEFKEEF,Lalkoff,DET Pistons,CHIEFKEEF,CHI Bulls,24/07/2026,05:07:53,Handicap,DET Pistons (Lalkoff) (+9.5),9.5,,,,,1.833,None-None,62-68,Green,0.833,12292153
,B-EBASKBAT4X5,faLcOn x Lalkoff,faLcOn,POR T Blazers,Lalkoff,DET Pistons,24/07/2026,05:46:05,Handicap,POR T Blazers (faLcOn) (+3.5),3.5,,,,,1.833,None-None,70-49,Green,0.833,12292303
,B-EBASKBAT4X5,CHIEFKEEF x The_Professor,CHIEFKEEF,CHI Bulls,The_Professor,SAC Kings,24/07/2026,05:48:59,Handicap,SAC Kings (The_Professor) (+1.5),1.5,,,,,1.833,0-0,68-64,Red,-1.0,12292302
,B-EBASKBAT4X5,Lalkoff x yangrainmaker,Lalkoff,DET Pistons,yangrainmaker,OKC Thunder,24/07/2026,06:24:15,Handicap,OKC Thunder (yangrainmaker) (+6.5),6.5,,,,,1.833,0-0,54-83,Green,0.833,12292442
,B-EBASKBAT4X5,The_Professor x faLcOn,The_Professor,SAC Kings,faLcOn,POR T Blazers,24/07/2026,06:24:20,Handicap,POR T Blazers (faLcOn) (+12.5),12.5,,,,,1.833,0-0,91-61,Red,-1.0,12292443
,B-EBASKBAT4X5,yangrainmaker x The_Professor,yangrainmaker,OKC Thunder,The_Professor,SAC Kings,24/07/2026,06:53:38,Handicap,OKC Thunder (yangrainmaker) (+7.5),7.5,,,,,1.833,None-None,74-80,Green,0.833,12292459
,B-EBASKBAT4X5,faLcOn x CHIEFKEEF,faLcOn,POR T Blazers,CHIEFKEEF,CHI Bulls,24/07/2026,06:53:38,Handicap,POR T Blazers (faLcOn) (+10.5),10.5,,,,,1.833,None-None,70-78,Green,0.833,12292460
,B-EBASKBAT4X5,yangrainmaker x CHIEFKEEF,yangrainmaker,OKC Thunder,CHIEFKEEF,CHI Bulls,24/07/2026,07:47:12,Handicap,OKC Thunder (yangrainmaker) (+8.5),8.5,,,,,1.833,None-None,68-60,Green,0.833,12292579
,B-EBASKBAT4X5,Lalkoff x The_Professor,Lalkoff,DET Pistons,The_Professor,SAC Kings,24/07/2026,07:47:12,Handicap,DET Pistons (Lalkoff) (+10.5),10.5,,,,,1.833,None-None,60-76,Red,-1.0,12292580
,B-EBASKBAT4X5,The_Professor x CHIEFKEEF,The_Professor,SAC Kings,CHIEFKEEF,CHI Bulls,24/07/2026,09:00:00,Handicap,SAC Kings (The_Professor) (+1.5),1.5,,,,,1.833,0-0,0-0,Green,0.833,12292622
,B-EBASKBAT4X5,Lalkoff x faLcOn,Lalkoff,DET Pistons,faLcOn,POR T Blazers,24/07/2026,08:21:50,Handicap,POR T Blazers (faLcOn) (+1.5),1.5,,,,,1.833,None-None,0-0,Green,0.833,12292624
,B-EBASKBAT4X5,faLcOn x yangrainmaker,faLcOn,POR T Blazers,yangrainmaker,OKC Thunder,24/07/2026,07:47:12,Handicap,POR T Blazers (faLcOn) (+8.5),8.5,,,,,1.833,None-None,66-69,Green,0.833,12292585
,B-EBASKBAT4X5,CHIEFKEEF x Lalkoff,CHIEFKEEF,CHI Bulls,Lalkoff,DET Pistons,24/07/2026,07:47:12,Handicap,DET Pistons (Lalkoff) (+7.5),7.5,,,,,1.833,None-None,75-73,Green,0.833,12292581
,B-EBASKBAT4X5,faLcOn x The_Professor,faLcOn,POR T Blazers,The_Professor,SAC Kings,24/07/2026,09:34:12,Handicap,POR T Blazers (faLcOn) (+14.5),14.5,,,,,1.833,0-0,60-81,Red,-1.0,12293625
,B-EBASKBAT4X5,yangrainmaker x Lalkoff,yangrainmaker,OKC Thunder,Lalkoff,DET Pistons,24/07/2026,09:50:05,Handicap,DET Pistons (Lalkoff) (+3.5),3.5,,,,,1.833,0-0,79-67,Red,-1.0,12293641
,B-EBASKBAT4X5,CHIEFKEEF x faLcOn,CHIEFKEEF,CHI Bulls,faLcOn,POR T Blazers,24/07/2026,10:24:19,Handicap,POR T Blazers (faLcOn) (+10.5),10.5,,,,,1.833,0-0,71-65,Green,0.833,12293804
,B-EBASKBAT4X5,The_Professor x yangrainmaker,The_Professor,SAC Kings,yangrainmaker,OKC Thunder,24/07/2026,10:24:53,Handicap,OKC Thunder (yangrainmaker) (+7.5),7.5,,,,,1.833,0-0,75-68,Green,0.833,12293803
,B-EBASKBAT4X5,The_Professor x Lalkoff,The_Professor,SAC Kings,Lalkoff,DET Pistons,24/07/2026,10:56:44,Handicap,DET Pistons (Lalkoff) (+12.5),12.5,,,,,1.833,None-None,69-59,Green,0.833,12294033
,B-EBASKBAT4X5,CHIEFKEEF x yangrainmaker,CHIEFKEEF,CHI Bulls,yangrainmaker,OKC Thunder,24/07/2026,11:00:00,Handicap,OKC Thunder (yangrainmaker) (+6.5),6.5,,,,,1.833,0-0,88-73,Red,-1.0,12294032
,B-EBASKBAT4X5,Lalkoff x CHIEFKEEF,Lalkoff,DET Pistons,CHIEFKEEF,CHI Bulls,24/07/2026,10:56:48,Handicap,DET Pistons (Lalkoff) (+5.5),5.5,,,,,1.833,None-None,54-64,Red,-1.0,12293976
,B-EBASKBAT4X5,yangrainmaker x faLcOn,yangrainmaker,OKC Thunder,faLcOn,POR T Blazers,24/07/2026,11:34:45,Handicap,POR T Blazers (faLcOn) (+7.5),7.5,,,,,1.833,0-0,71-59,Red,-1.0,12294037
,B-EBASKBAT4X5,Jovke x veljouni,Jovke,POR T Blazers,veljouni,MIA Heat,24/07/2026,11:30:11,Handicap,MIA Heat (veljouni) (+2.5),2.5,,,,,1.833,None-None,67-64,Red,-1.0,12294129
,B-EBASKBAT4X5,Dzojo x Koja,Dzojo,PHX Suns,Koja,NO Pelicans,24/07/2026,11:30:11,Handicap,NO Pelicans (Koja) (+4.5),4.5,,,,,1.833,None-None,69-65,Green,0.833,12294128
,B-EBASKBAT4X5,Koja x Pakapaka,Koja,NO Pelicans,Pakapaka,PHI 76ers,24/07/2026,12:03:27,Handicap,PHI 76ers (Pakapaka) (+1.5),1.5,,,,,1.833,None-None,66-69,Green,0.833,12294218
,B-EBASKBAT4X5,veljouni x Dzojo,veljouni,MIA Heat,Dzojo,PHX Suns,24/07/2026,12:03:27,Handicap,MIA Heat (veljouni) (+2.5),2.5,,,,,1.833,None-None,83-69,Green,0.833,12294217
,B-EBASKBAT4X5,Dzojo x Jovke,Dzojo,PHX Suns,Jovke,POR T Blazers,24/07/2026,12:49:09,Handicap,PHX Suns (Dzojo) (+1.5),1.5,,,,,1.833,None-None,58-69,Red,-1.0,12294471
,B-EBASKBAT4X5,Pakapaka x veljouni,Pakapaka,PHI 76ers,veljouni,MIA Heat,24/07/2026,12:49:09,Handicap,PHI 76ers (Pakapaka) (+3.5),3.5,,,,,1.833,None-None,52-68,Red,-1.0,12294470
,B-EBASKBAT4X5,Jovke x Pakapaka,Jovke,POR T Blazers,Pakapaka,PHI 76ers,24/07/2026,13:40:43,Handicap,PHI 76ers (Pakapaka) (+6.5),6.5,,,,,1.833,None-None,71-55,Red,-1.0,12294566
,B-EBASKBAT4X5,veljouni x Koja,veljouni,MIA Heat,Koja,NO Pelicans,24/07/2026,13:40:43,Handicap,NO Pelicans (Koja) (+2.5),2.5,,,,,1.833,None-None,76-66,Red,-1.0,12294565
,B-EBASKBAT4X5,Koja x Jovke,Koja,NO Pelicans,Jovke,POR T Blazers,24/07/2026,14:48:02,Handicap,NO Pelicans (Koja) (+4.5),4.5,,,,,1.833,None-None,49-56,Red,-1.0,12294732
,B-EBASKBAT4X5,Pakapaka x Dzojo,Pakapaka,PHI 76ers,Dzojo,PHX Suns,24/07/2026,14:16:59,Handicap,PHI 76ers (Pakapaka) (+5.5),5.5,,,,,1.833,None-None,70-100,Red,-1.0,12294722
,B-EBASKBAT4X5,Koja x Dzojo,Koja,NO Pelicans,Dzojo,PHX Suns,24/07/2026,14:48:02,Handicap,NO Pelicans (Koja) (+4.5),4.5,,,,,1.833,None-None,75-67,Green,0.833,12295109
,B-EBASKBAT4X5,veljouni x Jovke,veljouni,MIA Heat,Jovke,POR T Blazers,24/07/2026,14:48:02,Handicap,MIA Heat (veljouni) (+2.5),2.5,,,,,1.833,None-None,82-80,Green,0.833,12295110
,B-EBASKBAT4X5,Dzojo x veljouni,Dzojo,PHX Suns,veljouni,MIA Heat,24/07/2026,14:50:50,Handicap,PHX Suns (Dzojo) (+1.5),1.5,,,,,1.833,None-None,58-71,Red,-1.0,12295125
,B-EBASKBAT4X5,Pakapaka x Koja,Pakapaka,PHI 76ers,Koja,NO Pelicans,24/07/2026,14:50:50,Handicap,PHI 76ers (Pakapaka) (+1.5),1.5,,,,,1.833,None-None,53-59,Red,-1.0,12295126
,B-EBASKBAT4X5,veljouni x Pakapaka,veljouni,MIA Heat,Pakapaka,PHI 76ers,24/07/2026,14:50:50,Handicap,PHI 76ers (Pakapaka) (+4.5),4.5,,,,,1.833,None-None,61-68,Green,0.833,12295127
,B-EBASKBAT4X5,Jovke x Dzojo,Jovke,POR T Blazers,Dzojo,PHX Suns,24/07/2026,14:50:50,Handicap,PHX Suns (Dzojo) (+2.5),2.5,,,,,1.833,None-None,73-83,Green,0.833,12295128
,B-EBASKBAT4X5,Pakapaka x Jovke,Pakapaka,PHI 76ers,Jovke,POR T Blazers,24/07/2026,16:49:03,Handicap,PHI 76ers (Pakapaka) (+8.5),8.5,,,,,1.833,None-None,37-59,Red,-1.0,12295460
,B-EBASKBAT4X5,Koja x veljouni,Koja,NO Pelicans,veljouni,MIA Heat,24/07/2026,16:49:03,Handicap,NO Pelicans (Koja) (+3.5),3.5,,,,,1.833,None-None,49-72,Red,-1.0,12295461
,B-EBASKBAT4X5,Jovke x Koja,Jovke,POR T Blazers,Koja,NO Pelicans,24/07/2026,16:51:49,Handicap,NO Pelicans (Koja) (+5.5),5.5,,,,,1.833,None-None,77-68,Red,-1.0,12295462
,B-EBASKBAT4X5,Dzojo x Pakapaka,Dzojo,PHX Suns,Pakapaka,PHI 76ers,24/07/2026,16:49:03,Handicap,PHI 76ers (Pakapaka) (+9.5),9.5,,,,,1.833,None-None,90-63,Red,-1.0,12295463
,B-EBASKBAT4X5,Dzojo x Koja,Dzojo,PHX Suns,Koja,NO Pelicans,24/07/2026,18:00:23,Handicap,NO Pelicans (Koja) (+2.5),2.5,,,,,1.833,None-None,93-65,Red,-1.0,12295942
,B-EBASKBAT4X5,Jovke x veljouni,Jovke,POR T Blazers,veljouni,MIA Heat,24/07/2026,18:00:23,Handicap,MIA Heat (veljouni) (+1.5),1.5,,,,,1.833,None-None,56-63,Green,0.833,12295943
,B-EBASKBAT4X5,veljouni x Dzojo,veljouni,MIA Heat,Dzojo,PHX Suns,24/07/2026,18:00:23,Handicap,PHX Suns (Dzojo) (+3.5),3.5,,,,,1.833,None-None,55-71,Green,0.833,12295944
,B-EBASKBAT4X5,Koja x Pakapaka,Koja,NO Pelicans,Pakapaka,PHI 76ers,24/07/2026,18:00:23,Handicap,PHI 76ers (Pakapaka) (+1.5),1.5,,,,,1.833,None-None,71-54,Red,-1.0,12295945
,B-EBASKBAT4X5,Lalkoff x yangrainmaker,Lalkoff,DET Pistons,yangrainmaker,OKC Thunder,25/07/2026,04:10:17,Handicap,DET Pistons (Lalkoff) (+5.5),5.5,,,,,1.833,None-None,67-70,Green,0.833,12298231
,B-EBASKBAT4X5,yangrainmaker x Barmaley,yangrainmaker,OKC Thunder,Barmaley,MIN Timberwolves,25/07/2026,05:09:47,Handicap,OKC Thunder (yangrainmaker) (+6.5),6.5,,,,,1.833,None-None,55-81,Red,-1.0,12298343
,B-EBASKBAT4X5,panteraxball x Lalkoff,panteraxball,ORL Magic,Lalkoff,DET Pistons,25/07/2026,05:09:47,Handicap,DET Pistons (Lalkoff) (+4.5),4.5,,,,,1.833,None-None,75-57,Red,-1.0,12298342
,B-EBASKBAT4X5,Barmaley x panteraxball,Barmaley,MIN Timberwolves,panteraxball,ORL Magic,25/07/2026,05:49:12,Handicap,ORL Magic (panteraxball) (+1.5),1.5,,,,,1.833,0-0,87-69,Red,-1.0,12298344
,B-EBASKBAT4X5,panteraxball x yangrainmaker,panteraxball,ORL Magic,yangrainmaker,OKC Thunder,25/07/2026,06:19:26,Handicap,OKC Thunder (yangrainmaker) (+1.5),1.5,,,,,1.833,None-None,66-54,Red,-1.0,12298434
,B-EBASKBAT4X5,Barmaley x Lalkoff,Barmaley,MIN Timberwolves,Lalkoff,DET Pistons,25/07/2026,06:19:26,Handicap,DET Pistons (Lalkoff) (+6.5),6.5,,,,,1.833,None-None,82-71,Red,-1.0,12298534
,B-EBASKBAT4X5,yangrainmaker x Lalkoff,yangrainmaker,OKC Thunder,Lalkoff,DET Pistons,25/07/2026,06:54:05,Handicap,DET Pistons (Lalkoff) (+4.5),4.5,,,,,1.833,None-None,56-60,Green,0.833,12298704
,B-EBASKBAT4X5,Barmaley x yangrainmaker,Barmaley,MIN Timberwolves,yangrainmaker,OKC Thunder,25/07/2026,07:43:39,Handicap,OKC Thunder (yangrainmaker) (+8.5),8.5,,,,,1.833,None-None,75-63,Red,-1.0,12299001
,B-EBASKBAT4X5,Lalkoff x panteraxball,Lalkoff,DET Pistons,panteraxball,ORL Magic,25/07/2026,08:24:35,Handicap,DET Pistons (Lalkoff) (+5.5),5.5,,,,,1.833,0-0,67-72,Green,0.833,12299003
,B-EBASKBAT4X5,panteraxball x Barmaley,panteraxball,ORL Magic,Barmaley,MIN Timberwolves,25/07/2026,07:43:39,Handicap,ORL Magic (panteraxball) (+3.5),3.5,,,,,1.833,None-None,68-86,Red,-1.0,12299002
,B-EBASKBAT4X5,yangrainmaker x panteraxball,yangrainmaker,OKC Thunder,panteraxball,ORL Magic,25/07/2026,08:59:35,Handicap,OKC Thunder (yangrainmaker) (+2.5),2.5,,,,,1.833,None-None,78-61,Green,0.833,12299171
,B-EBASKBAT4X5,Lalkoff x Barmaley,Lalkoff,DET Pistons,Barmaley,MIN Timberwolves,25/07/2026,10:18:36,Handicap,DET Pistons (Lalkoff) (+7.5),7.5,,,,,1.833,None-None,71-86,Red,-1.0,12299452
,B-EBASKBAT4X5,Lalkoff x yangrainmaker,Lalkoff,DET Pistons,yangrainmaker,OKC Thunder,25/07/2026,10:18:36,Handicap,DET Pistons (Lalkoff) (+2.5),2.5,,,,,1.833,None-None,68-64,Green,0.833,12299453
,B-EBASKBAT4X5,yangrainmaker x Barmaley,yangrainmaker,OKC Thunder,Barmaley,MIN Timberwolves,25/07/2026,10:18:36,Handicap,OKC Thunder (yangrainmaker) (+6.5),6.5,,,,,1.833,None-None,82-105,Red,-1.0,12299455
,B-EBASKBAT4X5,panteraxball x Lalkoff,panteraxball,ORL Magic,Lalkoff,DET Pistons,25/07/2026,10:18:36,Handicap,DET Pistons (Lalkoff) (+3.5),3.5,,,,,1.833,None-None,67-71,Green,0.833,12299454
,B-EBASKBAT4X5,Jovke x Pakapaka,Jovke,POR T Blazers,Pakapaka,PHI 76ers,25/07/2026,12:27:13,Handicap,PHI 76ers (Pakapaka) (+7.5),7.5,,,,,1.833,None-None,63-54,Red,-1.0,12300185
,B-EBASKBAT4X5,Lucashin x Bazuka,Lucashin,SAC Kings,Bazuka,MIN Timberwolves,25/07/2026,12:27:13,Handicap,MIN Timberwolves (Bazuka) (+6.5),6.5,,,,,1.833,None-None,67-71,Green,0.833,12300184
,B-EBASKBAT4X5,Bazuka x veljouni,Bazuka,MIN Timberwolves,veljouni,MIA Heat,25/07/2026,12:27:13,Handicap,MIN Timberwolves (Bazuka) (+4.5),4.5,,,,,1.833,None-None,55-71,Red,-1.0,12300187
,B-EBASKBAT4X5,Pakapaka x Lucashin,Pakapaka,PHI 76ers,Lucashin,SAC Kings,25/07/2026,12:27:13,Handicap,PHI 76ers (Pakapaka) (+7.5),7.5,,,,,1.833,None-None,61-73,Red,-1.0,12300186
,B-EBASKBAT4X5,veljouni x Pakapaka,veljouni,MIA Heat,Pakapaka,PHI 76ers,25/07/2026,14:15:25,Handicap,PHI 76ers (Pakapaka) (+6.5),6.5,,,,,1.833,None-None,86-81,Green,0.833,12300456
,B-EBASKBAT4X5,Lucashin x Jovke,Lucashin,SAC Kings,Jovke,POR T Blazers,25/07/2026,14:15:25,Handicap,POR T Blazers (Jovke) (+3.5),3.5,,,,,1.833,None-None,70-73,Green,0.833,12300457
,B-EBASKBAT4X5,Pakapaka x Bazuka,Pakapaka,PHI 76ers,Bazuka,MIN Timberwolves,25/07/2026,14:15:25,Handicap,PHI 76ers (Pakapaka) (+1.5),1.5,,,,,1.833,None-None,57-73,Red,-1.0,12300539
,B-EBASKBAT4X5,Jovke x veljouni,Jovke,POR T Blazers,veljouni,MIA Heat,25/07/2026,14:15:25,Handicap,MIA Heat (veljouni) (+1.5),1.5,,,,,1.833,None-None,69-73,Green,0.833,12300538
,B-EBASKBAT4X5,Bazuka x Jovke,Bazuka,MIN Timberwolves,Jovke,POR T Blazers,25/07/2026,14:48:28,Handicap,MIN Timberwolves (Bazuka) (+5.5),5.5,,,,,1.833,None-None,52-58,Red,-1.0,12300622
,B-EBASKBAT4X5,veljouni x Lucashin,veljouni,MIA Heat,Lucashin,SAC Kings,25/07/2026,14:48:28,Handicap,MIA Heat (veljouni) (+2.5),2.5,,,,,1.833,None-None,75-69,Green,0.833,12300623
,B-EBASKBAT4X5,Bazuka x Lucashin,Bazuka,MIN Timberwolves,Lucashin,SAC Kings,25/07/2026,15:24:17,Handicap,MIN Timberwolves (Bazuka) (+4.5),4.5,,,,,1.833,None-None,50-74,Red,-1.0,12300712
,B-EBASKBAT4X5,Pakapaka x Jovke,Pakapaka,PHI 76ers,Jovke,POR T Blazers,25/07/2026,15:24:17,Handicap,PHI 76ers (Pakapaka) (+7.5),7.5,,,,,1.833,None-None,58-72,Red,-1.0,12300718
,B-EBASKBAT4X5,Lucashin x Pakapaka,Lucashin,SAC Kings,Pakapaka,PHI 76ers,25/07/2026,16:54:34,Handicap,PHI 76ers (Pakapaka) (+6.5),6.5,,,,,1.833,0-0,83-60,Red,-1.0,12301118
,B-EBASKBAT4X5,veljouni x Bazuka,veljouni,MIA Heat,Bazuka,MIN Timberwolves,25/07/2026,16:54:49,Handicap,MIN Timberwolves (Bazuka) (+6.5),6.5,,,,,1.833,0-0,50-65,Green,0.833,12301119
,B-EBASKBAT4X5,Pakapaka x veljouni,Pakapaka,PHI 76ers,veljouni,MIA Heat,25/07/2026,17:21:44,Handicap,PHI 76ers (Pakapaka) (+2.5),2.5,,,,,1.833,None-None,59-76,Red,-1.0,12301193
,B-EBASKBAT4X5,Jovke x Lucashin,Jovke,POR T Blazers,Lucashin,SAC Kings,25/07/2026,17:21:44,Handicap,POR T Blazers (Jovke) (+1.5),1.5,,,,,1.833,None-None,64-65,Green,0.833,12301194
,B-EBASKBAT4X5,veljouni x Jovke,veljouni,MIA Heat,Jovke,POR T Blazers,25/07/2026,17:47:07,Handicap,MIA Heat (veljouni) (+1.5),1.5,,,,,1.714,None-None,75-66,Green,0.714,12301266
,B-EBASKBAT4X5,Bazuka x Pakapaka,Bazuka,MIN Timberwolves,Pakapaka,PHI 76ers,25/07/2026,17:49:42,Handicap,PHI 76ers (Pakapaka) (+2.5),2.5,,,,,1.833,None-None,53-57,Green,0.833,12301267
,B-EBASKBAT4X5,Lucashin x veljouni,Lucashin,SAC Kings,veljouni,MIA Heat,25/07/2026,18:54:29,Handicap,MIA Heat (veljouni) (+1.5),1.5,,,,,1.833,0-0,57-70,Green,0.833,12301559
,B-EBASKBAT4X5,Jovke x Bazuka,Jovke,POR T Blazers,Bazuka,MIN Timberwolves,25/07/2026,18:48:10,Handicap,MIN Timberwolves (Bazuka) (+5.5),5.5,,,,,1.833,None-None,70-71,Green,0.833,12301542
,B-EBASKBAT4X5,Jovke x Pakapaka,Jovke,POR T Blazers,Pakapaka,PHI 76ers,25/07/2026,19:28:13,Handicap,PHI 76ers (Pakapaka) (+6.5),6.5,,,,,1.833,None-None,74-64,Red,-1.0,12301722
,B-EBASKBAT4X5,Lucashin x Bazuka,Lucashin,SAC Kings,Bazuka,MIN Timberwolves,25/07/2026,19:29:56,Handicap,MIN Timberwolves (Bazuka) (+6.5),6.5,,,,,1.833,0-0,69-48,Red,-1.0,12301721
,B-EBASKBAT4X5,Bazuka x veljouni,Bazuka,MIN Timberwolves,veljouni,MIA Heat,25/07/2026,20:00:49,Handicap,MIN Timberwolves (Bazuka) (+4.5),4.5,,,,,1.833,None-None,0-0,Green,0.833,12301724
,B-EBASKBAT4X5,Pakapaka x Lucashin,Pakapaka,PHI 76ers,Lucashin,SAC Kings,25/07/2026,19:28:55,Handicap,PHI 76ers (Pakapaka) (+7.5),7.5,,,,,1.833,None-None,75-66,Green,0.833,12301723
,B-EBASKBAT4X5,yangrainmaker x Kadzima,yangrainmaker,OKC Thunder,Kadzima,TOR Raptors,26/07/2026,04:03:25,Handicap,TOR Raptors (Kadzima) (+1.5),1.5,,,,,1.833,None-None,69-61,Red,-1.0,12303843
,B-EBASKBAT4X5,Lalkoff x panteraxball,Lalkoff,DET Pistons,panteraxball,ORL Magic,26/07/2026,04:03:25,Handicap,DET Pistons (Lalkoff) (+3.5),3.5,,,,,1.833,None-None,51-60,Red,-1.0,12303844
,B-EBASKBAT4X5,Kadzima x Barmaley,Kadzima,TOR Raptors,Barmaley,MIN Timberwolves,26/07/2026,05:10:08,Handicap,TOR Raptors (Kadzima) (+8.5),8.5,,,,,1.833,None-None,66-95,Red,-1.0,12304034
,B-EBASKBAT4X5,panteraxball x yangrainmaker,panteraxball,ORL Magic,yangrainmaker,OKC Thunder,26/07/2026,05:10:08,Handicap,OKC Thunder (yangrainmaker) (+1.5),1.5,,,,,1.833,None-None,78-60,Red,-1.0,12304033
,B-EBASKBAT4X5,yangrainmaker x Lalkoff,yangrainmaker,OKC Thunder,Lalkoff,DET Pistons,26/07/2026,05:49:20,Handicap,DET Pistons (Lalkoff) (+5.5),5.5,,,,,1.833,0-0,55-75,Green,0.833,12304150
,B-EBASKBAT4X5,Barmaley x panteraxball,Barmaley,MIN Timberwolves,panteraxball,ORL Magic,26/07/2026,05:49:07,Handicap,ORL Magic (panteraxball) (+6.5),6.5,,,,,1.833,0-0,63-76,Green,0.833,12304149
,B-EBASKBAT4X5,Lalkoff x Barmaley,Lalkoff,DET Pistons,Barmaley,MIN Timberwolves,26/07/2026,06:19:17,Handicap,DET Pistons (Lalkoff) (+14.5),14.5,,,,,1.833,None-None,60-84,Red,-1.0,12304177
,B-EBASKBAT4X5,panteraxball x Kadzima,panteraxball,ORL Magic,Kadzima,TOR Raptors,26/07/2026,06:19:17,Handicap,TOR Raptors (Kadzima) (+4.5),4.5,,,,,1.833,None-None,83-55,Red,-1.0,12304178
,B-EBASKBAT4X5,Kadzima x Lalkoff,Kadzima,TOR Raptors,Lalkoff,DET Pistons,26/07/2026,06:55:36,Handicap,DET Pistons (Lalkoff) (+5.5),5.5,,,,,1.833,None-None,60-66,Green,0.833,12304249
,B-EBASKBAT4X5,Barmaley x yangrainmaker,Barmaley,MIN Timberwolves,yangrainmaker,OKC Thunder,26/07/2026,06:55:36,Handicap,OKC Thunder (yangrainmaker) (+12.5),12.5,,,,,1.833,None-None,82-69,Red,-1.0,12304250
,B-EBASKBAT4X5,Kadzima x yangrainmaker,Kadzima,TOR Raptors,yangrainmaker,OKC Thunder,26/07/2026,06:55:36,Handicap,TOR Raptors (Kadzima) (+3.5),3.5,,,,,1.833,None-None,78-75,Green,0.833,12304282
,B-EBASKBAT4X5,panteraxball x Lalkoff,panteraxball,ORL Magic,Lalkoff,DET Pistons,26/07/2026,06:55:36,Handicap,DET Pistons (Lalkoff) (+5.5),5.5,,,,,1.833,None-None,81-61,Red,-1.0,12304283
,B-EBASKBAT4X5,Barmaley x Kadzima,Barmaley,MIN Timberwolves,Kadzima,TOR Raptors,26/07/2026,07:47:28,Handicap,TOR Raptors (Kadzima) (+10.5),10.5,,,,,1.833,None-None,69-78,Green,0.833,12304353
,B-EBASKBAT4X5,yangrainmaker x panteraxball,yangrainmaker,OKC Thunder,panteraxball,ORL Magic,26/07/2026,07:47:28,Handicap,OKC Thunder (yangrainmaker) (+3.5),3.5,,,,,1.833,None-None,77-72,Green,0.833,12304352
,B-EBASKBAT4X5,panteraxball x Barmaley,panteraxball,ORL Magic,Barmaley,MIN Timberwolves,26/07/2026,08:55:57,Handicap,ORL Magic (panteraxball) (+3.5),3.5,,,,,1.833,None-None,70-78,Red,-1.0,12304453
,B-EBASKBAT4X5,Lalkoff x yangrainmaker,Lalkoff,DET Pistons,yangrainmaker,OKC Thunder,26/07/2026,08:55:57,Handicap,DET Pistons (Lalkoff) (+3.5),3.5,,,,,1.833,None-None,64-67,Green,0.833,12304454
,B-EBASKBAT4X5,Barmaley x Lalkoff,Barmaley,MIN Timberwolves,Lalkoff,DET Pistons,26/07/2026,09:31:03,Handicap,DET Pistons (Lalkoff) (+14.5),14.5,,,,,1.833,None-None,73-71,Green,0.833,12304509
,B-EBASKBAT4X5,Kadzima x panteraxball,Kadzima,TOR Raptors,panteraxball,ORL Magic,26/07/2026,09:49:44,Handicap,TOR Raptors (Kadzima) (+3.5),3.5,,,,,1.833,0-0,71-80,Red,-1.0,12304520
,B-EBASKBAT4X5,yangrainmaker x Barmaley,yangrainmaker,OKC Thunder,Barmaley,MIN Timberwolves,26/07/2026,10:19:44,Handicap,OKC Thunder (yangrainmaker) (+12.5),12.5,,,,,1.833,None-None,73-95,Red,-1.0,12304597
,B-EBASKBAT4X5,Lalkoff x Kadzima,Lalkoff,DET Pistons,Kadzima,TOR Raptors,26/07/2026,10:19:44,Handicap,DET Pistons (Lalkoff) (+5.5),5.5,,,,,1.833,None-None,50-68,Red,-1.0,12304596
,B-EBASKBAT4X5,yangrainmaker x Kadzima,yangrainmaker,OKC Thunder,Kadzima,TOR Raptors,26/07/2026,10:59:58,Handicap,TOR Raptors (Kadzima) (+1.5),1.5,,,,,1.833,0-0,61-80,Green,0.833,12304805
,B-EBASKBAT4X5,Lalkoff x panteraxball,Lalkoff,DET Pistons,panteraxball,ORL Magic,26/07/2026,10:19:44,Handicap,DET Pistons (Lalkoff) (+8.5),8.5,,,,,1.833,None-None,63-69,Green,0.833,12304598
,B-EBASKBAT4X5,Kadzima x Barmaley,Kadzima,TOR Raptors,Barmaley,MIN Timberwolves,26/07/2026,10:19:44,Handicap,TOR Raptors (Kadzima) (+7.5),7.5,,,,,1.833,None-None,70-97,Red,-1.0,12304607
,B-EBASKBAT4X5,panteraxball x yangrainmaker,panteraxball,ORL Magic,yangrainmaker,OKC Thunder,26/07/2026,10:19:44,Handicap,OKC Thunder (yangrainmaker) (+2.5),2.5,,,,,1.833,None-None,86-68,Red,-1.0,12304599
,B-EBASKBAT4X5,Jovke x Bazuka,Jovke,POR T Blazers,Bazuka,MIN Timberwolves,26/07/2026,12:38:18,Handicap,MIN Timberwolves (Bazuka) (+4.5),4.5,,,,,1.833,None-None,74-63,Red,-1.0,12305141
,B-EBASKBAT4X5,veljouni x Dzojo,veljouni,MIA Heat,Dzojo,PHX Suns,26/07/2026,12:38:18,Handicap,MIA Heat (veljouni) (+1.5),1.5,,,,,1.833,None-None,53-57,Red,-1.0,12305140
,B-EBASKBAT4X5,Bazuka x veljouni,Bazuka,MIN Timberwolves,veljouni,MIA Heat,26/07/2026,12:52:02,Handicap,MIN Timberwolves (Bazuka) (+4.5),4.5,,,,,1.833,None-None,50-78,Red,-1.0,12305177
,B-EBASKBAT4X5,Dzojo x Pakapaka,Dzojo,PHX Suns,Pakapaka,PHI 76ers,26/07/2026,12:52:02,Handicap,PHI 76ers (Pakapaka) (+7.5),7.5,,,,,1.833,None-None,69-88,Green,0.833,12305178
,B-EBASKBAT4X5,Pakapaka x Bazuka,Pakapaka,PHI 76ers,Bazuka,MIN Timberwolves,26/07/2026,13:43:09,Handicap,PHI 76ers (Pakapaka) (+1.5),1.5,,,,,1.833,None-None,54-60,Red,-1.0,12305295
,B-EBASKBAT4X5,veljouni x Jovke,veljouni,MIA Heat,Jovke,POR T Blazers,26/07/2026,14:15:01,Handicap,POR T Blazers (Jovke) (+1.5),1.5,,,,,1.833,None-None,68-71,Green,0.833,12305276
,B-EBASKBAT4X5,Bazuka x Dzojo,Bazuka,MIN Timberwolves,Dzojo,PHX Suns,26/07/2026,14:48:33,Handicap,MIN Timberwolves (Bazuka) (+5.5),5.5,,,,,1.833,None-None,64-70,Red,-1.0,12305486
,B-EBASKBAT4X5,Jovke x Pakapaka,Jovke,POR T Blazers,Pakapaka,PHI 76ers,26/07/2026,14:15:01,Handicap,PHI 76ers (Pakapaka) (+8.5),8.5,,,,,1.833,None-None,63-61,Green,0.833,12305359
,B-EBASKBAT4X5,Dzojo x Jovke,Dzojo,PHX Suns,Jovke,POR T Blazers,26/07/2026,14:49:49,Handicap,PHX Suns (Dzojo) (+1.5),1.5,,,,,1.833,None-None,72-69,Green,0.833,12305515
,B-EBASKBAT4X5,Pakapaka x veljouni,Pakapaka,PHI 76ers,veljouni,MIA Heat,26/07/2026,14:49:49,Handicap,PHI 76ers (Pakapaka) (+6.5),6.5,,,,,1.833,None-None,58-66,Red,-1.0,12305543
,B-EBASKBAT4X5,Bazuka x Jovke,Bazuka,MIN Timberwolves,Jovke,POR T Blazers,26/07/2026,16:16:27,Handicap,MIN Timberwolves (Bazuka) (+7.5),7.5,,,,,1.833,None-None,66-78,Red,-1.0,12305613
,B-EBASKBAT4X5,Dzojo x veljouni,Dzojo,PHX Suns,veljouni,MIA Heat,26/07/2026,16:05:25,Handicap,MIA Heat (veljouni) (+1.5),1.5,,,,,1.833,None-None,68-76,Green,0.833,12305727
,B-EBASKBAT4X5,Pakapaka x Dzojo,Pakapaka,PHI 76ers,Dzojo,PHX Suns,26/07/2026,16:16:27,Handicap,PHI 76ers (Pakapaka) (+5.5),5.5,,,,,1.833,None-None,83-65,Green,0.833,12305661
,B-EBASKBAT4X5,veljouni x Bazuka,veljouni,MIA Heat,Bazuka,MIN Timberwolves,26/07/2026,16:48:58,Handicap,MIN Timberwolves (Bazuka) (+5.5),5.5,,,,,1.833,None-None,70-64,Red,-1.0,12305660
,B-EBASKBAT4X5,Jovke x veljouni,Jovke,POR T Blazers,veljouni,MIA Heat,26/07/2026,17:24:16,Handicap,MIA Heat (veljouni) (+1.5),1.5,,,,,1.74,None-None,72-68,Red,-1.0,12306070
,B-EBASKBAT4X5,Bazuka x Pakapaka,Bazuka,MIN Timberwolves,Pakapaka,PHI 76ers,26/07/2026,17:24:51,Handicap,PHI 76ers (Pakapaka) (+1.5),1.5,,,,,1.833,None-None,50-61,Green,0.833,12306065
,B-EBASKBAT4X5,Pakapaka x Jovke,Pakapaka,PHI 76ers,Jovke,POR T Blazers,26/07/2026,17:24:51,Handicap,PHI 76ers (Pakapaka) (+5.5),5.5,,,,,1.833,None-None,62-48,Green,0.833,12306066
,B-EBASKBAT4X5,Dzojo x Bazuka,Dzojo,PHX Suns,Bazuka,MIN Timberwolves,26/07/2026,17:20:46,Handicap,MIN Timberwolves (Bazuka) (+6.5),6.5,,,,,1.833,None-None,89-63,Red,-1.0,12306071
,B-EBASKBAT4X5,Jovke x Dzojo,Jovke,POR T Blazers,Dzojo,PHX Suns,26/07/2026,17:24:51,Handicap,POR T Blazers (Jovke) (+1.5),1.5,,,,,1.74,None-None,87-67,Green,0.74,12306082
,B-EBASKBAT4X5,veljouni x Pakapaka,veljouni,MIA Heat,Pakapaka,PHI 76ers,26/07/2026,17:24:51,Handicap,PHI 76ers (Pakapaka) (+7.5),7.5,,,,,1.833,None-None,72-74,Green,0.833,12306083
,B-EBASKBAT4X5,veljouni x Dzojo,veljouni,MIA Heat,Dzojo,PHX Suns,26/07/2026,18:53:05,Handicap,PHX Suns (Dzojo) (+1.5),1.5,,,,,1.74,None-None,61-80,Green,0.74,12306452
,B-EBASKBAT4X5,Jovke x Bazuka,Jovke,POR T Blazers,Bazuka,MIN Timberwolves,26/07/2026,18:53:05,Handicap,MIN Timberwolves (Bazuka) (+8.5),8.5,,,,,1.952,None-None,72-78,Green,0.952,12306453
,B-EBASKBAT4X5,Dzojo x Pakapaka,Dzojo,PHX Suns,Pakapaka,PHI 76ers,26/07/2026,19:58:22,Handicap,PHI 76ers (Pakapaka) (+4.5),4.5,,,,,1.714,None-None,62-67,Green,0.714,12306515
,B-EBASKBAT4X5,Bazuka x veljouni,Bazuka,MIN Timberwolves,veljouni,MIA Heat,26/07/2026,19:58:22,Handicap,MIN Timberwolves (Bazuka) (+7.5),7.5,,,,,1.833,None-None,61-87,Red,-1.0,12306514
,B-EBASKBAT4X5,Kadzima x Barmaley,Kadzima,TOR Raptors,Barmaley,MIN Timberwolves,27/07/2026,04:17:28,Handicap,TOR Raptors (Kadzima) (+8.5),8.5,,,,,1.833,None-None,71-84,Red,-1.0,12307946
,B-EBASKBAT4X5,Barmaley x Lalkoff,Barmaley,MIN Timberwolves,Lalkoff,DET Pistons,27/07/2026,05:08:21,Handicap,DET Pistons (Lalkoff) (+10.5),10.5,,,,,1.833,None-None,71-68,Green,0.833,12308152
,B-EBASKBAT4X5,CHIEFKEEF x Barmaley,CHIEFKEEF,CHI Bulls,Barmaley,MIN Timberwolves,27/07/2026,05:47:35,Handicap,CHI Bulls (CHIEFKEEF) (+1.5),1.5,,,,,1.714,None-None,65-90,Red,-1.0,12308254
,B-EBASKBAT4X5,Lalkoff x Kadzima,Lalkoff,DET Pistons,Kadzima,TOR Raptors,27/07/2026,05:42:50,Handicap,DET Pistons (Lalkoff) (+3.5),3.5,,,,,1.833,None-None,55-67,Red,-1.0,12308255
,B-EBASKBAT4X5,Kadzima x CHIEFKEEF,Kadzima,TOR Raptors,CHIEFKEEF,CHI Bulls,27/07/2026,06:19:13,Handicap,TOR Raptors (Kadzima) (+6.5),6.5,,,,,1.833,None-None,76-60,Green,0.833,12308376
,B-EBASKBAT4X5,CHIEFKEEF x Lalkoff,CHIEFKEEF,CHI Bulls,Lalkoff,DET Pistons,27/07/2026,06:52:05,Handicap,DET Pistons (Lalkoff) (+7.5),7.5,,,,,1.833,None-None,75-63,Red,-1.0,12308496
,B-EBASKBAT4X5,Barmaley x Kadzima,Barmaley,MIN Timberwolves,Kadzima,TOR Raptors,27/07/2026,07:49:05,Handicap,TOR Raptors (Kadzima) (+9.5),9.5,,,,,1.833,0-0,111-79,Red,-1.0,12308704
,B-EBASKBAT4X5,Lalkoff x Barmaley,Lalkoff,DET Pistons,Barmaley,MIN Timberwolves,27/07/2026,07:42:28,Handicap,DET Pistons (Lalkoff) (+7.5),7.5,,,,,1.833,None-None,66-84,Red,-1.0,12308681
,B-EBASKBAT4X5,Barmaley x CHIEFKEEF,Barmaley,MIN Timberwolves,CHIEFKEEF,CHI Bulls,27/07/2026,08:52:33,Handicap,CHI Bulls (CHIEFKEEF) (+4.5),4.5,,,,,1.833,None-None,82-63,Red,-1.0,12308733
,B-EBASKBAT4X5,Kadzima x Lalkoff,Kadzima,TOR Raptors,Lalkoff,DET Pistons,27/07/2026,08:52:33,Handicap,DET Pistons (Lalkoff) (+6.5),6.5,,,,,1.833,None-None,71-74,Green,0.833,12308847
,B-EBASKBAT4X5,CHIEFKEEF x Kadzima,CHIEFKEEF,CHI Bulls,Kadzima,TOR Raptors,27/07/2026,08:52:33,Handicap,TOR Raptors (Kadzima) (+3.5),3.5,,,,,1.833,None-None,80-61,Red,-1.0,12308848
,B-EBASKBAT4X5,Lalkoff x CHIEFKEEF,Lalkoff,DET Pistons,CHIEFKEEF,CHI Bulls,27/07/2026,08:52:33,Handicap,DET Pistons (Lalkoff) (+8.5),8.5,,,,,1.833,None-None,46-58,Red,-1.0,12308849
,B-EBASKBAT4X5,Kadzima x Barmaley,Kadzima,TOR Raptors,Barmaley,MIN Timberwolves,27/07/2026,10:03:24,Handicap,TOR Raptors (Kadzima) (+11.5),11.5,,,,,1.833,None-None,68-96,Red,-1.0,12309143
,B-EBASKBAT4X5,Barmaley x Lalkoff,Barmaley,MIN Timberwolves,Lalkoff,DET Pistons,27/07/2026,10:03:24,Handicap,DET Pistons (Lalkoff) (+9.5),9.5,,,,,1.833,None-None,86-77,Green,0.833,12309144
,B-EBASKBAT4X5,Jovke x Djoks,Jovke,POR T Blazers,Djoks,TOR Raptors,27/07/2026,12:39:14,Handicap,TOR Raptors (Djoks) (+1.5),1.5,,,,,1.833,None-None,76-62,Red,-1.0,12309848
,B-EBASKBAT4X5,Dzojo x veljouni,Dzojo,PHX Suns,veljouni,MIA Heat,27/07/2026,12:46:13,Handicap,PHX Suns (Dzojo) (+1.5),1.5,,,,,1.833,None-None,68-76,Red,-1.0,12309859
,B-EBASKBAT4X5,veljouni x Koja,veljouni,MIA Heat,Koja,NO Pelicans,27/07/2026,12:39:14,Handicap,NO Pelicans (Koja) (+5.5),5.5,,,,,1.833,None-None,73-66,Red,-1.0,12309849
,B-EBASKBAT4X5,Djoks x Dzojo,Djoks,TOR Raptors,Dzojo,PHX Suns,27/07/2026,12:46:13,Handicap,TOR Raptors (Djoks) (+1.5),1.5,,,,,1.833,None-None,64-77,Red,-1.0,12309860
,B-EBASKBAT4X5,Dzojo x Jovke,Dzojo,PHX Suns,Jovke,POR T Blazers,27/07/2026,14:14:37,Handicap,POR T Blazers (Jovke) (+1.5),1.5,,,,,1.833,None-None,79-65,Red,-1.0,12310125
,B-EBASKBAT4X5,Koja x Djoks,Koja,NO Pelicans,Djoks,TOR Raptors,27/07/2026,14:14:37,Handicap,NO Pelicans (Koja) (+2.5),2.5,,,,,1.833,None-None,83-70,Green,0.833,12310124
,B-EBASKBAT4X5,Jovke x Koja,Jovke,POR T Blazers,Koja,NO Pelicans,27/07/2026,14:48:58,Handicap,NO Pelicans (Koja) (+3.5),3.5,,,,,1.833,None-None,68-59,Red,-1.0,12310211
,B-EBASKBAT4X5,Djoks x veljouni,Djoks,TOR Raptors,veljouni,MIA Heat,27/07/2026,14:48:58,Handicap,MIA Heat (veljouni) (+1.5),1.5,,,,,1.833,None-None,68-76,Green,0.833,12310228
,B-EBASKBAT4X5,veljouni x Jovke,veljouni,MIA Heat,Jovke,POR T Blazers,27/07/2026,14:48:58,Handicap,POR T Blazers (Jovke) (+2.5),2.5,,,,,1.833,None-None,80-67,Red,-1.0,12310251
,B-EBASKBAT4X5,Koja x Dzojo,Koja,NO Pelicans,Dzojo,PHX Suns,27/07/2026,14:48:58,Handicap,NO Pelicans (Koja) (+5.5),5.5,,,,,1.833,None-None,73-80,Red,-1.0,12310252
,B-EBASKBAT4X5,Djoks x Jovke,Djoks,TOR Raptors,Jovke,POR T Blazers,27/07/2026,15:38:45,Handicap,TOR Raptors (Djoks) (+4.5),4.5,,,,,1.833,None-None,60-47,Green,0.833,12310264
,B-EBASKBAT4X5,veljouni x Dzojo,veljouni,MIA Heat,Dzojo,PHX Suns,27/07/2026,15:41:24,Handicap,PHX Suns (Dzojo) (+3.5),3.5,,,,,1.833,None-None,70-76,Green,0.833,12310256
,B-EBASKBAT4X5,Koja x veljouni,Koja,NO Pelicans,veljouni,MIA Heat,27/07/2026,16:12:59,Handicap,NO Pelicans (Koja) (+6.5),6.5,,,,,1.833,None-None,68-67,Green,0.833,12310731
,B-EBASKBAT4X5,Dzojo x Djoks,Dzojo,PHX Suns,Djoks,TOR Raptors,27/07/2026,16:54:43,Handicap,TOR Raptors (Djoks) (+2.5),2.5,,,,,1.833,0-0,86-77,Red,-1.0,12310734
,B-EBASKBAT4X5,Djoks x Koja,Djoks,TOR Raptors,Koja,NO Pelicans,27/07/2026,16:13:58,Handicap,NO Pelicans (Koja) (+1.5),1.5,,,,,1.833,None-None,73-53,Red,-1.0,12310841
,B-EBASKBAT4X5,Jovke x Dzojo,Jovke,POR T Blazers,Dzojo,PHX Suns,27/07/2026,16:13:58,Handicap,POR T Blazers (Jovke) (+2.5),2.5,,,,,1.833,None-None,70-75,Red,-1.0,12310842
,B-EBASKBAT4X5,Koja x Jovke,Koja,NO Pelicans,Jovke,POR T Blazers,27/07/2026,17:26:59,Handicap,NO Pelicans (Koja) (+5.5),5.5,,,,,1.833,None-None,44-57,Red,-1.0,12311029
,B-EBASKBAT4X5,veljouni x Djoks,veljouni,MIA Heat,Djoks,TOR Raptors,27/07/2026,18:19:31,Handicap,MIA Heat (veljouni) (+1.5),1.5,,,,,1.833,0-0,69-71,Red,-1.0,12311032
,B-EBASKBAT4X5,Jovke x veljouni,Jovke,POR T Blazers,veljouni,MIA Heat,27/07/2026,17:57:53,Handicap,POR T Blazers (Jovke) (+6.5),6.5,,,,,1.833,None-None,57-58,Green,0.833,12311204
,B-EBASKBAT4X5,Dzojo x Koja,Dzojo,PHX Suns,Koja,NO Pelicans,27/07/2026,17:57:53,Handicap,NO Pelicans (Koja) (+6.5),6.5,,,,,1.833,None-None,76-60,Red,-1.0,12311205
,B-EBASKBAT4X5,Dzojo x veljouni,Dzojo,PHX Suns,veljouni,MIA Heat,27/07/2026,17:57:53,Handicap,PHX Suns (Dzojo) (+1.5),1.5,,,,,1.833,None-None,74-84,Red,-1.0,12311206
,B-EBASKBAT4X5,Jovke x Djoks,Jovke,POR T Blazers,Djoks,TOR Raptors,27/07/2026,17:57:53,Handicap,TOR Raptors (Djoks) (+1.5),1.5,,,,,1.833,None-None,60-67,Green,0.833,12311207
,B-EBASKBAT4X5,veljouni x Koja,veljouni,MIA Heat,Koja,NO Pelicans,27/07/2026,17:57:53,Handicap,NO Pelicans (Koja) (+5.5),5.5,,,,,1.833,None-None,72-65,Red,-1.0,12311216
,B-EBASKBAT4X5,Djoks x Dzojo,Djoks,TOR Raptors,Dzojo,PHX Suns,27/07/2026,17:57:53,Handicap,TOR Raptors (Djoks) (+5.5),5.5,,,,,1.833,None-None,74-70,Green,0.833,12311215
,B-EBASKBAT4X5,Lalkoff x CHIEFKEEF,Lalkoff,DET Pistons,CHIEFKEEF,CHI Bulls,28/07/2026,04:39:06,Handicap,DET Pistons (Lalkoff) (+7.5),7.5,,,,,1.833,0-0,47-63,Red,-1.0,12313628
,B-EBASKBAT4X5,Barmaley x Kadzima,Barmaley,MIN Timberwolves,Kadzima,TOR Raptors,28/07/2026,04:39:07,Handicap,TOR Raptors (Kadzima) (+12.5),12.5,,,,,1.833,0-0,97-77,Red,-1.0,12313627
,B-EBASKBAT4X5,CHIEFKEEF x Barmaley,CHIEFKEEF,CHI Bulls,Barmaley,MIN Timberwolves,28/07/2026,05:14:22,Handicap,CHI Bulls (CHIEFKEEF) (+3.5),3.5,,,,,1.833,0-0,70-96,Red,-1.0,12313673
,B-EBASKBAT4X5,Barmaley x Lalkoff,Barmaley,MIN Timberwolves,Lalkoff,DET Pistons,28/07/2026,05:42:27,Handicap,DET Pistons (Lalkoff) (+11.5),11.5,,,,,1.833,None-None,84-68,Red,-1.0,12313737
,B-EBASKBAT4X5,CHIEFKEEF x Kadzima,CHIEFKEEF,CHI Bulls,Kadzima,TOR Raptors,28/07/2026,06:18:02,Handicap,TOR Raptors (Kadzima) (+9.5),9.5,,,,,1.833,None-None,70-60,Red,-1.0,12313830
,B-EBASKBAT4X5,Kadzima x Lalkoff,Kadzima,TOR Raptors,Lalkoff,DET Pistons,28/07/2026,06:53:19,Handicap,DET Pistons (Lalkoff) (+3.5),3.5,,,,,1.833,None-None,74-62,Red,-1.0,12313880
,B-EBASKBAT4X5,Kadzima x Barmaley,Kadzima,TOR Raptors,Barmaley,MIN Timberwolves,28/07/2026,06:55:12,Handicap,TOR Raptors (Kadzima) (+13.5),13.5,,,,,1.833,None-None,73-76,Green,0.833,12313933
,B-EBASKBAT4X5,CHIEFKEEF x Lalkoff,CHIEFKEEF,CHI Bulls,Lalkoff,DET Pistons,28/07/2026,06:53:19,Handicap,DET Pistons (Lalkoff) (+12.5),12.5,,,,,1.833,None-None,69-55,Red,-1.0,12313928
,B-EBASKBAT4X5,Barmaley x CHIEFKEEF,Barmaley,MIN Timberwolves,CHIEFKEEF,CHI Bulls,28/07/2026,07:27:12,Handicap,CHI Bulls (CHIEFKEEF) (+4.5),4.5,,,,,1.833,None-None,84-71,Red,-1.0,12313976
,B-EBASKBAT4X5,Lalkoff x Barmaley,Lalkoff,DET Pistons,Barmaley,MIN Timberwolves,28/07/2026,08:18:13,Handicap,DET Pistons (Lalkoff) (+11.5),11.5,,,,,1.833,None-None,73-91,Red,-1.0,12314076
,B-EBASKBAT4X5,Kadzima x CHIEFKEEF,Kadzima,TOR Raptors,CHIEFKEEF,CHI Bulls,28/07/2026,09:28:17,Handicap,TOR Raptors (Kadzima) (+8.5),8.5,,,,,1.833,None-None,82-70,Green,0.833,12314223
,B-EBASKBAT4X5,Lalkoff x Kadzima,Lalkoff,DET Pistons,Kadzima,TOR Raptors,28/07/2026,09:28:17,Handicap,DET Pistons (Lalkoff) (+4.5),4.5,,,,,1.833,None-None,69-73,Green,0.833,12314224
,B-EBASKBAT4X5,Barmaley x Kadzima,Barmaley,MIN Timberwolves,Kadzima,TOR Raptors,28/07/2026,10:53:56,Handicap,TOR Raptors (Kadzima) (+9.5),9.5,,,,,1.833,None-None,103-84,Red,-1.0,12314412
,B-EBASKBAT4X5,Lalkoff x CHIEFKEEF,Lalkoff,DET Pistons,CHIEFKEEF,CHI Bulls,28/07/2026,10:53:56,Handicap,DET Pistons (Lalkoff) (+10.5),10.5,,,,,1.833,None-None,66-58,Green,0.833,12314413
,B-EBASKBAT4X5,CHIEFKEEF x Barmaley,CHIEFKEEF,CHI Bulls,Barmaley,MIN Timberwolves,28/07/2026,10:53:56,Handicap,CHI Bulls (CHIEFKEEF) (+5.5),5.5,,,,,1.833,None-None,75-119,Red,-1.0,12314528
,B-EBASKBAT4X5,Jovke x Koja,Jovke,POR T Blazers,Koja,NO Pelicans,28/07/2026,12:38:06,Handicap,NO Pelicans (Koja) (+3.5),3.5,,,,,1.833,None-None,0-0,Green,0.833,12314951
,B-EBASKBAT4X5,Bazuka x Lucashin,Bazuka,MIN Timberwolves,Lucashin,SAC Kings,28/07/2026,12:38:06,Handicap,MIN Timberwolves (Bazuka) (+8.5),8.5,,,,,1.833,None-None,4-9,Green,0.833,12314950
,B-EBASKBAT4X5,Koja x Bazuka,Koja,NO Pelicans,Bazuka,MIN Timberwolves,28/07/2026,12:42:48,Handicap,MIN Timberwolves (Bazuka) (+1.5),1.5,,,,,1.833,None-None,10-6,Red,-1.0,12314967
,B-EBASKBAT4X5,Lucashin x Pakapaka,Lucashin,SAC Kings,Pakapaka,PHI 76ers,28/07/2026,12:42:48,Handicap,PHI 76ers (Pakapaka) (+6.5),6.5,,,,,1.833,None-None,15-17,Green,0.833,12314968
,B-EBASKBAT4X5,Bazuka x Jovke,Bazuka,MIN Timberwolves,Jovke,POR T Blazers,28/07/2026,14:19:09,Handicap,MIN Timberwolves (Bazuka) (+4.5),4.5,,,,,1.833,0-0,17-22,Red,-1.0,12315140
,B-EBASKBAT4X5,Pakapaka x Koja,Pakapaka,PHI 76ers,Koja,NO Pelicans,28/07/2026,13:33:16,Handicap,NO Pelicans (Koja) (+1.5),1.5,,,,,1.833,None-None,36-50,Green,0.833,12315139
,B-EBASKBAT4X5,Koja x Lucashin,Koja,NO Pelicans,Lucashin,SAC Kings,28/07/2026,14:53:36,Handicap,NO Pelicans (Koja) (+8.5),8.5,,,,,1.833,None-None,65-70,Green,0.833,12315305
,B-EBASKBAT4X5,Jovke x Pakapaka,Jovke,POR T Blazers,Pakapaka,PHI 76ers,28/07/2026,14:53:36,Handicap,PHI 76ers (Pakapaka) (+7.5),7.5,,,,,1.833,None-None,73-71,Green,0.833,12315318
,B-EBASKBAT4X5,Lucashin x Jovke,Lucashin,SAC Kings,Jovke,POR T Blazers,28/07/2026,14:53:36,Handicap,POR T Blazers (Jovke) (+5.5),5.5,,,,,1.833,None-None,59-63,Green,0.833,12315319
,B-EBASKBAT4X5,Pakapaka x Bazuka,Pakapaka,PHI 76ers,Bazuka,MIN Timberwolves,28/07/2026,15:25:37,Handicap,MIN Timberwolves (Bazuka) (+1.5),1.5,,,,,1.833,None-None,53-59,Green,0.833,12315674
,B-EBASKBAT4X5,Koja x Jovke,Koja,NO Pelicans,Jovke,POR T Blazers,28/07/2026,15:25:37,Handicap,NO Pelicans (Koja) (+2.5),2.5,,,,,1.833,None-None,65-68,Red,-1.0,12315676
,B-EBASKBAT4X5,Lucashin x Bazuka,Lucashin,SAC Kings,Bazuka,MIN Timberwolves,28/07/2026,15:25:37,Handicap,MIN Timberwolves (Bazuka) (+6.5),6.5,,,,,1.833,None-None,63-56,Red,-1.0,12315675
,B-EBASKBAT4X5,Pakapaka x Lucashin,Pakapaka,PHI 76ers,Lucashin,SAC Kings,28/07/2026,16:54:12,Handicap,PHI 76ers (Pakapaka) (+7.5),7.5,,,,,1.833,0-0,71-60,Green,0.833,12315992
,B-EBASKBAT4X5,Bazuka x Koja,Bazuka,MIN Timberwolves,Koja,NO Pelicans,28/07/2026,16:54:11,Handicap,MIN Timberwolves (Bazuka) (+2.5),2.5,,,,,1.833,0-0,59-63,Red,-1.0,12315991
,B-EBASKBAT4X5,Jovke x Bazuka,Jovke,POR T Blazers,Bazuka,MIN Timberwolves,28/07/2026,17:25:42,Handicap,MIN Timberwolves (Bazuka) (+4.5),4.5,,,,,1.833,None-None,75-51,Red,-1.0,12315994
,B-EBASKBAT4X5,Koja x Pakapaka,Koja,NO Pelicans,Pakapaka,PHI 76ers,28/07/2026,17:25:42,Handicap,PHI 76ers (Pakapaka) (+1.5),1.5,,,,,1.833,None-None,62-54,Red,-1.0,12315993
,B-EBASKBAT4X5,Pakapaka x Jovke,Pakapaka,PHI 76ers,Jovke,POR T Blazers,28/07/2026,17:58:26,Handicap,PHI 76ers (Pakapaka) (+4.5),4.5,,,,,1.833,None-None,48-65,Red,-1.0,12316268
,B-EBASKBAT4X5,Lucashin x Koja,Lucashin,SAC Kings,Koja,NO Pelicans,28/07/2026,17:58:26,Handicap,NO Pelicans (Koja) (+6.5),6.5,,,,,1.833,None-None,70-54,Red,-1.0,12316269
,B-EBASKBAT4X5,Bazuka x Pakapaka,Bazuka,MIN Timberwolves,Pakapaka,PHI 76ers,28/07/2026,17:58:26,Handicap,MIN Timberwolves (Bazuka) (+2.5),2.5,,,,,1.833,None-None,70-53,Green,0.833,12316271
,B-EBASKBAT4X5,Jovke x Lucashin,Jovke,POR T Blazers,Lucashin,SAC Kings,28/07/2026,17:58:26,Handicap,POR T Blazers (Jovke) (+3.5),3.5,,,,,1.833,None-None,72-53,Green,0.833,12316270
,B-EBASKBAT4X5,Jovke x Koja,Jovke,POR T Blazers,Koja,NO Pelicans,28/07/2026,18:50:08,Handicap,NO Pelicans (Koja) (+2.5),2.5,,,,,1.833,None-None,54-73,Green,0.833,12316476
,B-EBASKBAT4X5,Bazuka x Lucashin,Bazuka,MIN Timberwolves,Lucashin,SAC Kings,28/07/2026,18:50:08,Handicap,MIN Timberwolves (Bazuka) (+6.5),6.5,,,,,1.833,None-None,70-67,Green,0.833,12316475
,B-EBASKBAT4X5,Lucashin x Pakapaka,Lucashin,SAC Kings,Pakapaka,PHI 76ers,28/07/2026,18:50:08,Handicap,PHI 76ers (Pakapaka) (+5.5),5.5,,,,,1.833,None-None,65-72,Green,0.833,12316478
,B-EBASKBAT4X5,Koja x Bazuka,Koja,NO Pelicans,Bazuka,MIN Timberwolves,28/07/2026,18:50:08,Handicap,MIN Timberwolves (Bazuka) (+3.5),3.5,,,,,1.833,None-None,57-66,Green,0.833,12316477
,B-EBASKBAT4X5,Barmaley x Lalkoff,Barmaley,MIN Timberwolves,Lalkoff,DET Pistons,29/07/2026,04:22:57,Handicap,DET Pistons (Lalkoff) (+13.5),13.5,,,,,1.833,None-None,78-68,Green,0.833,12318109
,B-EBASKBAT4X5,faLcOn x yangrainmaker,faLcOn,POR T Blazers,yangrainmaker,OKC Thunder,29/07/2026,04:22:57,Handicap,POR T Blazers (faLcOn) (+4.5),4.5,,,,,1.833,None-None,80-69,Green,0.833,12318108
,B-EBASKBAT4X5,yangrainmaker x Kadzima,yangrainmaker,OKC Thunder,Kadzima,TOR Raptors,29/07/2026,05:10:55,Handicap,OKC Thunder (yangrainmaker) (+2.5),2.5,,,,,1.833,None-None,61-57,Green,0.833,12318184
,B-EBASKBAT4X5,Lalkoff x faLcOn,Lalkoff,DET Pistons,faLcOn,POR T Blazers,29/07/2026,05:10:55,Handicap,POR T Blazers (faLcOn) (+1.5),1.5,,,,,1.833,None-None,75-60,Red,-1.0,12318183
,B-EBASKBAT4X5,faLcOn x Barmaley,faLcOn,POR T Blazers,Barmaley,MIN Timberwolves,29/07/2026,05:43:31,Handicap,POR T Blazers (faLcOn) (+12.5),12.5,,,,,1.833,None-None,64-100,Red,-1.0,12318299
,B-EBASKBAT4X5,Kadzima x Lalkoff,Kadzima,TOR Raptors,Lalkoff,DET Pistons,29/07/2026,05:43:31,Handicap,DET Pistons (Lalkoff) (+6.5),6.5,,,,,1.833,None-None,84-67,Red,-1.0,12318298
,B-EBASKBAT4X5,Barmaley x Kadzima,Barmaley,MIN Timberwolves,Kadzima,TOR Raptors,29/07/2026,06:23:24,Handicap,TOR Raptors (Kadzima) (+13.5),13.5,,,,,1.833,None-None,96-74,Red,-1.0,12318554
,B-EBASKBAT4X5,Lalkoff x yangrainmaker,Lalkoff,DET Pistons,yangrainmaker,OKC Thunder,29/07/2026,06:23:24,Handicap,DET Pistons (Lalkoff) (+5.5),5.5,,,,,1.833,None-None,60-82,Red,-1.0,12318504
,B-EBASKBAT4X5,yangrainmaker x Barmaley,yangrainmaker,OKC Thunder,Barmaley,MIN Timberwolves,29/07/2026,06:55:55,Handicap,OKC Thunder (yangrainmaker) (+11.5),11.5,,,,,1.833,None-None,54-91,Red,-1.0,12318604
,B-EBASKBAT4X5,Kadzima x faLcOn,Kadzima,TOR Raptors,faLcOn,POR T Blazers,29/07/2026,06:55:55,Handicap,POR T Blazers (faLcOn) (+2.5),2.5,,,,,1.833,None-None,81-60,Red,-1.0,12318605
,B-EBASKBAT4X5,Lalkoff x Barmaley,Lalkoff,DET Pistons,Barmaley,MIN Timberwolves,29/07/2026,07:13:18,Handicap,DET Pistons (Lalkoff) (+12.5),12.5,,,,,1.833,None-None,73-92,Red,-1.0,12318686
,B-EBASKBAT4X5,yangrainmaker x faLcOn,yangrainmaker,OKC Thunder,faLcOn,POR T Blazers,29/07/2026,07:13:18,Handicap,POR T Blazers (faLcOn) (+3.5),3.5,,,,,1.833,None-None,74-63,Red,-1.0,12318685
,B-EBASKBAT4X5,Kadzima x yangrainmaker,Kadzima,TOR Raptors,yangrainmaker,OKC Thunder,29/07/2026,07:45:37,Handicap,TOR Raptors (Kadzima) (+1.5),1.5,,,,,1.833,None-None,75-62,Green,0.833,12318724
,B-EBASKBAT4X5,faLcOn x Lalkoff,faLcOn,POR T Blazers,Lalkoff,DET Pistons,29/07/2026,07:45:37,Handicap,POR T Blazers (faLcOn) (+3.5),3.5,,,,,1.833,None-None,77-81,Red,-1.0,12318723
,B-EBASKBAT4X5,Barmaley x faLcOn,Barmaley,MIN Timberwolves,faLcOn,POR T Blazers,29/07/2026,08:17:39,Handicap,POR T Blazers (faLcOn) (+16.5),16.5,,,,,1.833,None-None,86-69,Red,-1.0,12318779
,B-EBASKBAT4X5,Lalkoff x Kadzima,Lalkoff,DET Pistons,Kadzima,TOR Raptors,29/07/2026,07:49:46,Handicap,DET Pistons (Lalkoff) (+4.5),4.5,,,,,1.833,None-None,58-75,Red,-1.0,12318775
,B-EBASKBAT4X5,Kadzima x Barmaley,Kadzima,TOR Raptors,Barmaley,MIN Timberwolves,29/07/2026,08:58:10,Handicap,TOR Raptors (Kadzima) (+14.5),14.5,,,,,1.833,None-None,83-101,Red,-1.0,12318903
,B-EBASKBAT4X5,yangrainmaker x Lalkoff,yangrainmaker,OKC Thunder,Lalkoff,DET Pistons,29/07/2026,08:58:10,Handicap,DET Pistons (Lalkoff) (+3.5),3.5,,,,,1.833,None-None,71-53,Red,-1.0,12318904
,B-EBASKBAT4X5,Barmaley x yangrainmaker,Barmaley,MIN Timberwolves,yangrainmaker,OKC Thunder,29/07/2026,09:30:12,Handicap,OKC Thunder (yangrainmaker) (+14.5),14.5,,,,,1.833,None-None,82-60,Red,-1.0,12319053
,B-EBASKBAT4X5,faLcOn x Kadzima,faLcOn,POR T Blazers,Kadzima,TOR Raptors,29/07/2026,09:30:12,Handicap,POR T Blazers (faLcOn) (+5.5),5.5,,,,,1.833,None-None,64-76,Red,-1.0,12319054
,B-EBASKBAT4X5,Barmaley x Lalkoff,Barmaley,MIN Timberwolves,Lalkoff,DET Pistons,29/07/2026,10:17:33,Handicap,DET Pistons (Lalkoff) (+14.5),14.5,,,,,1.833,None-None,59-84,Green,0.833,12319137
,B-EBASKBAT4X5,faLcOn x yangrainmaker,faLcOn,POR T Blazers,yangrainmaker,OKC Thunder,29/07/2026,10:17:33,Handicap,POR T Blazers (faLcOn) (+5.5),5.5,,,,,1.833,None-None,68-81,Red,-1.0,12319154
,B-EBASKBAT4X5,Lalkoff x faLcOn,Lalkoff,DET Pistons,faLcOn,POR T Blazers,29/07/2026,10:54:31,Handicap,POR T Blazers (faLcOn) (+3.5),3.5,,,,,1.833,None-None,73-72,Green,0.833,12319391
,B-EBASKBAT4X5,yangrainmaker x Kadzima,yangrainmaker,OKC Thunder,Kadzima,TOR Raptors,29/07/2026,10:54:31,Handicap,OKC Thunder (yangrainmaker) (+1.5),1.5,,,,,1.833,None-None,72-67,Green,0.833,12319431
,B-EBASKBAT4X5,Djoks x Koja,Djoks,TOR Raptors,Koja,NO Pelicans,29/07/2026,12:55:14,Handicap,NO Pelicans (Koja) (+3.5),3.5,,,,,1.833,None-None,53-62,Green,0.833,12320317
,B-EBASKBAT4X5,Pakapaka x veljouni,Pakapaka,PHI 76ers,veljouni,MIA Heat,29/07/2026,12:55:14,Handicap,PHI 76ers (Pakapaka) (+5.5),5.5,,,,,1.833,None-None,79-78,Green,0.833,12320318
,B-EBASKBAT4X5,Koja x Lucashin,Koja,NO Pelicans,Lucashin,SAC Kings,29/07/2026,13:44:19,Handicap,NO Pelicans (Koja) (+5.5),5.5,,,,,1.833,0-0,58-63,Green,0.833,12320369
,B-EBASKBAT4X5,veljouni x Djoks,veljouni,MIA Heat,Djoks,TOR Raptors,29/07/2026,13:44:06,Handicap,TOR Raptors (Djoks) (+1.5),1.5,,,,,1.74,0-0,69-73,Green,0.74,12320393
,B-EBASKBAT4X5,Lucashin x veljouni,Lucashin,SAC Kings,veljouni,MIA Heat,29/07/2026,13:45:07,Handicap,MIA Heat (veljouni) (+1.5),1.5,,,,,1.74,None-None,69-66,Red,-1.0,12320385
,B-EBASKBAT4X5,Djoks x Pakapaka,Djoks,TOR Raptors,Pakapaka,PHI 76ers,29/07/2026,13:45:07,Handicap,PHI 76ers (Pakapaka) (+4.5),4.5,,,,,1.833,None-None,68-62,Red,-1.0,12320386
,B-EBASKBAT4X5,veljouni x Koja,veljouni,MIA Heat,Koja,NO Pelicans,29/07/2026,13:45:07,Handicap,NO Pelicans (Koja) (+5.5),5.5,,,,,1.833,None-None,68-48,Red,-1.0,12320509
,B-EBASKBAT4X5,Pakapaka x Lucashin,Pakapaka,PHI 76ers,Lucashin,SAC Kings,29/07/2026,13:45:07,Handicap,PHI 76ers (Pakapaka) (+5.5),5.5,,,,,1.833,None-None,50-67,Red,-1.0,12320508
,B-EBASKBAT4X5,Koja x Pakapaka,Koja,NO Pelicans,Pakapaka,PHI 76ers,29/07/2026,13:45:07,Handicap,PHI 76ers (Pakapaka) (+1.5),1.5,,,,,1.833,None-None,63-53,Red,-1.0,12320510
,B-EBASKBAT4X5,Lucashin x Djoks,Lucashin,SAC Kings,Djoks,TOR Raptors,29/07/2026,13:45:07,Handicap,TOR Raptors (Djoks) (+1.5),1.5,,,,,1.74,None-None,62-72,Green,0.74,12320511
,B-EBASKBAT4X5,veljouni x Pakapaka,veljouni,MIA Heat,Pakapaka,PHI 76ers,29/07/2026,14:18:41,Handicap,PHI 76ers (Pakapaka) (+4.5),4.5,,,,,1.74,None-None,58-70,Green,0.74,12320609
,B-EBASKBAT4X5,Koja x Djoks,Koja,NO Pelicans,Djoks,TOR Raptors,29/07/2026,14:18:41,Handicap,NO Pelicans (Koja) (+2.5),2.5,,,,,1.833,None-None,56-65,Red,-1.0,12320543
,B-EBASKBAT4X5,Djoks x veljouni,Djoks,TOR Raptors,veljouni,MIA Heat,29/07/2026,16:21:13,Handicap,TOR Raptors (Djoks) (+1.5),1.5,,,,,1.833,None-None,60-56,Green,0.833,12321219
,B-EBASKBAT4X5,Lucashin x Koja,Lucashin,SAC Kings,Koja,NO Pelicans,29/07/2026,15:26:26,Handicap,NO Pelicans (Koja) (+6.5),6.5,,,,,1.833,None-None,76-78,Green,0.833,12320969
,B-EBASKBAT4X5,veljouni x Lucashin,veljouni,MIA Heat,Lucashin,SAC Kings,29/07/2026,16:16:47,Handicap,MIA Heat (veljouni) (+1.5),1.5,,,,,1.833,None-None,81-66,Green,0.833,12321170
,B-EBASKBAT4X5,Pakapaka x Djoks,Pakapaka,PHI 76ers,Djoks,TOR Raptors,29/07/2026,16:16:47,Handicap,PHI 76ers (Pakapaka) (+4.5),4.5,,,,,1.833,None-None,70-57,Green,0.833,12321171
,B-EBASKBAT4X5,Lucashin x Pakapaka,Lucashin,SAC Kings,Pakapaka,PHI 76ers,29/07/2026,16:48:13,Handicap,PHI 76ers (Pakapaka) (+6.5),6.5,,,,,1.833,None-None,78-57,Red,-1.0,12321373
,B-EBASKBAT4X5,Koja x veljouni,Koja,NO Pelicans,veljouni,MIA Heat,29/07/2026,16:51:28,Handicap,NO Pelicans (Koja) (+6.5),6.5,,,,,1.833,None-None,64-56,Green,0.833,12321374
,B-EBASKBAT4X5,Pakapaka x Koja,Pakapaka,PHI 76ers,Koja,NO Pelicans,29/07/2026,18:49:06,Handicap,NO Pelicans (Koja) (+1.5),1.5,,,,,1.833,None-None,58-75,Green,0.833,12322023
,B-EBASKBAT4X5,Djoks x Lucashin,Djoks,TOR Raptors,Lucashin,SAC Kings,29/07/2026,18:49:06,Handicap,SAC Kings (Lucashin) (+1.5),1.5,,,,,1.833,None-None,67-63,Red,-1.0,12322024
,B-EBASKBAT4X5,Pakapaka x veljouni,Pakapaka,PHI 76ers,veljouni,MIA Heat,29/07/2026,19:28:31,Handicap,PHI 76ers (Pakapaka) (+2.5),2.5,,,,,1.833,None-None,52-75,Red,-1.0,12322493
,B-EBASKBAT4X5,Djoks x Koja,Djoks,TOR Raptors,Koja,NO Pelicans,29/07/2026,19:27:43,Handicap,NO Pelicans (Koja) (+3.5),3.5,,,,,1.833,None-None,68-61,Red,-1.0,12322488
,B-EBASKBAT4X5,Koja x Lucashin,Koja,NO Pelicans,Lucashin,SAC Kings,29/07/2026,19:27:43,Handicap,NO Pelicans (Koja) (+3.5),3.5,,,,,1.833,None-None,61-66,Red,-1.0,12322490
,B-EBASKBAT4X5,veljouni x Djoks,veljouni,MIA Heat,Djoks,TOR Raptors,29/07/2026,19:27:43,Handicap,TOR Raptors (Djoks) (+1.5),1.5,,,,,1.833,None-None,70-54,Red,-1.0,12322489
,B-EBASKBAT4X5,yangrainmaker x lucker,yangrainmaker,OKC Thunder,lucker,MIA Heat,30/07/2026,04:10:48,Handicap,OKC Thunder (yangrainmaker) (+2.5),2.5,,,,,1.833,None-None,0-0,Green,0.833,12327718
,B-EBASKBAT4X5,Kadzima x Lalkoff,Kadzima,TOR Raptors,Lalkoff,DET Pistons,30/07/2026,04:28:31,Handicap,DET Pistons (Lalkoff) (+6.5),6.5,,,,,1.833,None-None,69-62,Red,-1.0,12327763
,B-EBASKBAT4X5,Lalkoff x panteraxball,Lalkoff,DET Pistons,panteraxball,ORL Magic,30/07/2026,04:37:12,Handicap,DET Pistons (Lalkoff) (+3.5),3.5,,,,,1.833,None-None,75-70,Green,0.833,12327787
,B-EBASKBAT4X5,lucker x Kadzima,lucker,MIA Heat,Kadzima,TOR Raptors,30/07/2026,04:37:12,Handicap,TOR Raptors (Kadzima) (+2.5),2.5,,,,,1.833,None-None,73-72,Green,0.833,12327786
,B-EBASKBAT4X5,Kadzima x yangrainmaker,Kadzima,TOR Raptors,yangrainmaker,OKC Thunder,30/07/2026,05:47:17,Handicap,OKC Thunder (yangrainmaker) (+1.5),1.5,,,,,1.833,None-None,75-62,Red,-1.0,12327914
,B-EBASKBAT4X5,panteraxball x lucker,panteraxball,ORL Magic,lucker,MIA Heat,30/07/2026,05:14:38,Handicap,ORL Magic (panteraxball) (+2.5),2.5,,,,,1.833,None-None,66-67,Green,0.833,12327816
,B-EBASKBAT4X5,yangrainmaker x panteraxball,yangrainmaker,OKC Thunder,panteraxball,ORL Magic,30/07/2026,05:53:31,Handicap,OKC Thunder (yangrainmaker) (+1.5),1.5,,,,,1.833,None-None,63-60,Green,0.833,12327951
,B-EBASKBAT4X5,lucker x Lalkoff,lucker,MIA Heat,Lalkoff,DET Pistons,30/07/2026,05:53:31,Handicap,DET Pistons (Lalkoff) (+4.5),4.5,,,,,1.833,None-None,69-67,Green,0.833,12327952
,B-EBASKBAT4X5,Lalkoff x yangrainmaker,Lalkoff,DET Pistons,yangrainmaker,OKC Thunder,30/07/2026,06:59:28,Handicap,DET Pistons (Lalkoff) (+4.5),4.5,,,,,1.833,0-0,66-60,Green,0.833,12328428
,B-EBASKBAT4X5,panteraxball x Kadzima,panteraxball,ORL Magic,Kadzima,TOR Raptors,30/07/2026,07:14:32,Handicap,TOR Raptors (Kadzima) (+1.5),1.5,,,,,1.833,0-0,71-66,Red,-1.0,12328132
,B-EBASKBAT4X5,lucker x yangrainmaker,lucker,MIA Heat,yangrainmaker,OKC Thunder,30/07/2026,07:44:01,Handicap,OKC Thunder (yangrainmaker) (+2.5),2.5,,,,,1.833,None-None,71-62,Red,-1.0,12328911
,B-EBASKBAT4X5,Lalkoff x Kadzima,Lalkoff,DET Pistons,Kadzima,TOR Raptors,30/07/2026,07:44:01,Handicap,DET Pistons (Lalkoff) (+6.5),6.5,,,,,1.833,None-None,60-68,Red,-1.0,12328133
,B-EBASKBAT4X5,Kadzima x lucker,Kadzima,TOR Raptors,lucker,MIA Heat,30/07/2026,07:44:01,Handicap,TOR Raptors (Kadzima) (+2.5),2.5,,,,,1.833,None-None,72-66,Green,0.833,12329136
,B-EBASKBAT4X5,panteraxball x Lalkoff,panteraxball,ORL Magic,Lalkoff,DET Pistons,30/07/2026,07:44:01,Handicap,DET Pistons (Lalkoff) (+2.5),2.5,,,,,1.833,None-None,82-45,Red,-1.0,12329111
,B-EBASKBAT4X5,yangrainmaker x Kadzima,yangrainmaker,OKC Thunder,Kadzima,TOR Raptors,30/07/2026,07:44:01,Handicap,OKC Thunder (yangrainmaker) (+2.5),2.5,,,,,1.833,None-None,57-64,Red,-1.0,12329138
,B-EBASKBAT4X5,lucker x panteraxball,lucker,MIA Heat,panteraxball,ORL Magic,30/07/2026,07:44:01,Handicap,ORL Magic (panteraxball) (+2.5),2.5,,,,,1.833,None-None,63-68,Green,0.833,12329137
,B-EBASKBAT4X5,panteraxball x yangrainmaker,panteraxball,ORL Magic,yangrainmaker,OKC Thunder,30/07/2026,07:44:01,Handicap,OKC Thunder (yangrainmaker) (+1.5),1.5,,,,,1.833,None-None,65-69,Green,0.833,12329139
,B-EBASKBAT4X5,Lalkoff x lucker,Lalkoff,DET Pistons,lucker,MIA Heat,30/07/2026,07:44:01,Handicap,DET Pistons (Lalkoff) (+4.5),4.5,,,,,1.833,None-None,73-61,Green,0.833,12329140
,B-EBASKBAT4X5,Kadzima x panteraxball,Kadzima,TOR Raptors,panteraxball,ORL Magic,30/07/2026,08:53:26,Handicap,TOR Raptors (Kadzima) (+3.5),3.5,,,,,1.833,None-None,72-78,Red,-1.0,12329486
,B-EBASKBAT4X5,yangrainmaker x Lalkoff,yangrainmaker,OKC Thunder,Lalkoff,DET Pistons,30/07/2026,08:53:26,Handicap,DET Pistons (Lalkoff) (+1.5),1.5,,,,,1.833,None-None,64-66,Green,0.833,12329485
,B-EBASKBAT4X5,Kadzima x Lalkoff,Kadzima,TOR Raptors,Lalkoff,DET Pistons,30/07/2026,08:53:26,Handicap,DET Pistons (Lalkoff) (+6.5),6.5,,,,,1.833,None-None,78-68,Red,-1.0,12329487
,B-EBASKBAT4X5,yangrainmaker x lucker,yangrainmaker,OKC Thunder,lucker,MIA Heat,30/07/2026,08:55:24,Handicap,OKC Thunder (yangrainmaker) (+3.5),3.5,,,,,1.833,None-None,72-68,Green,0.833,12329488
,B-EBASKBAT4X5,lucker x Kadzima,lucker,MIA Heat,Kadzima,TOR Raptors,30/07/2026,10:18:20,Handicap,TOR Raptors (Kadzima) (+1.5),1.5,,,,,1.833,None-None,67-76,Green,0.833,12329727
,B-EBASKBAT4X5,Lalkoff x panteraxball,Lalkoff,DET Pistons,panteraxball,ORL Magic,30/07/2026,10:18:20,Handicap,DET Pistons (Lalkoff) (+4.5),4.5,,,,,1.833,None-None,80-70,Green,0.833,12329728
,B-EBASKBAT4X5,Jovke x Lucashin,Jovke,POR T Blazers,Lucashin,SAC Kings,30/07/2026,11:31:21,Handicap,POR T Blazers (Jovke) (+2.5),2.5,,,,,1.833,None-None,64-66,Green,0.833,12330243
,B-EBASKBAT4X5,Koja x Djoks,Koja,NO Pelicans,Djoks,TOR Raptors,30/07/2026,11:32:20,Handicap,NO Pelicans (Koja) (+2.5),2.5,,,,,1.833,None-None,62-64,Green,0.833,12330277
,B-EBASKBAT4X5,Lucashin x Koja,Lucashin,SAC Kings,Koja,NO Pelicans,30/07/2026,11:31:21,Handicap,NO Pelicans (Koja) (+4.5),4.5,,,,,1.833,None-None,59-57,Green,0.833,12330244
,B-EBASKBAT4X5,Djoks x Bazuka,Djoks,TOR Raptors,Bazuka,MIN Timberwolves,30/07/2026,11:31:21,Handicap,MIN Timberwolves (Bazuka) (+5.5),5.5,,,,,1.833,None-None,60-63,Green,0.833,12330245
,B-EBASKBAT4X5,Koja x Jovke,Koja,NO Pelicans,Jovke,POR T Blazers,30/07/2026,11:31:21,Handicap,NO Pelicans (Koja) (+2.5),2.5,,,,,1.833,None-None,62-52,Green,0.833,12330279
,B-EBASKBAT4X5,Bazuka x Lucashin,Bazuka,MIN Timberwolves,Lucashin,SAC Kings,30/07/2026,11:31:21,Handicap,MIN Timberwolves (Bazuka) (+6.5),6.5,,,,,1.833,None-None,69-58,Green,0.833,12330278
,B-EBASKBAT4X5,Jovke x Bazuka,Jovke,POR T Blazers,Bazuka,MIN Timberwolves,30/07/2026,13:40:48,Handicap,MIN Timberwolves (Bazuka) (+6.5),6.5,,,,,1.833,None-None,61-71,Green,0.833,12331417
,B-EBASKBAT4X5,Lucashin x Djoks,Lucashin,SAC Kings,Djoks,TOR Raptors,30/07/2026,13:40:48,Handicap,TOR Raptors (Djoks) (+3.5),3.5,,,,,1.833,None-None,54-60,Green,0.833,12331418
,B-EBASKBAT4X5,Djoks x Jovke,Djoks,TOR Raptors,Jovke,POR T Blazers,30/07/2026,13:40:48,Handicap,TOR Raptors (Djoks) (+1.5),1.5,,,,,1.833,None-None,64-60,Green,0.833,12331419
,B-EBASKBAT4X5,Bazuka x Koja,Bazuka,MIN Timberwolves,Koja,NO Pelicans,30/07/2026,13:40:48,Handicap,MIN Timberwolves (Bazuka) (+2.5),2.5,,,,,1.833,None-None,53-54,Green,0.833,12331420
,B-EBASKBAT4X5,Lucashin x Jovke,Lucashin,SAC Kings,Jovke,POR T Blazers,30/07/2026,15:24:32,Handicap,POR T Blazers (Jovke) (+2.5),2.5,,,,,1.833,None-None,72-63,Red,-1.0,12331711
,B-EBASKBAT4X5,Djoks x Koja,Djoks,TOR Raptors,Koja,NO Pelicans,30/07/2026,15:24:32,Handicap,NO Pelicans (Koja) (+2.5),2.5,,,,,1.833,None-None,53-62,Green,0.833,12331710
,B-EBASKBAT4X5,Bazuka x Djoks,Bazuka,MIN Timberwolves,Djoks,TOR Raptors,30/07/2026,15:24:32,Handicap,MIN Timberwolves (Bazuka) (+3.5),3.5,,,,,1.833,None-None,61-58,Green,0.833,12331713
,B-EBASKBAT4X5,Koja x Lucashin,Koja,NO Pelicans,Lucashin,SAC Kings,30/07/2026,15:24:32,Handicap,NO Pelicans (Koja) (+4.5),4.5,,,,,1.833,None-None,72-82,Red,-1.0,12331712
,B-EBASKBAT4X5,Lucashin x Bazuka,Lucashin,SAC Kings,Bazuka,MIN Timberwolves,30/07/2026,16:14:16,Handicap,MIN Timberwolves (Bazuka) (+4.5),4.5,,,,,1.833,None-None,66-50,Red,-1.0,12331791
,B-EBASKBAT4X5,Jovke x Koja,Jovke,POR T Blazers,Koja,NO Pelicans,30/07/2026,16:14:16,Handicap,NO Pelicans (Koja) (+1.5),1.5,,,,,1.833,None-None,68-58,Red,-1.0,12331794
,B-EBASKBAT4X5,Djoks x Lucashin,Djoks,TOR Raptors,Lucashin,SAC Kings,30/07/2026,16:14:16,Handicap,TOR Raptors (Djoks) (+1.5),1.5,,,,,1.833,None-None,58-63,Red,-1.0,12331793
,B-EBASKBAT4X5,Bazuka x Jovke,Bazuka,MIN Timberwolves,Jovke,POR T Blazers,30/07/2026,16:14:16,Handicap,MIN Timberwolves (Bazuka) (+2.5),2.5,,,,,1.833,None-None,61-66,Red,-1.0,12331792
,B-EBASKBAT4X5,Koja x Bazuka,Koja,NO Pelicans,Bazuka,MIN Timberwolves,30/07/2026,16:47:02,Handicap,MIN Timberwolves (Bazuka) (+1.5),1.5,,,,,1.833,None-None,70-64,Red,-1.0,12332206
,B-EBASKBAT4X5,Jovke x Djoks,Jovke,POR T Blazers,Djoks,TOR Raptors,30/07/2026,16:47:02,Handicap,POR T Blazers (Jovke) (+1.5),1.5,,,,,1.833,None-None,58-47,Green,0.833,12332205
,B-EBASKBAT4X5,Koja x Djoks,Koja,NO Pelicans,Djoks,TOR Raptors,30/07/2026,18:55:03,Handicap,NO Pelicans (Koja) (+1.5),1.5,,,,,1.833,None-None,49-59,Red,-1.0,12332847
,B-EBASKBAT4X5,Jovke x Lucashin,Jovke,POR T Blazers,Lucashin,SAC Kings,30/07/2026,18:55:03,Handicap,POR T Blazers (Jovke) (+3.5),3.5,,,,,1.833,None-None,68-71,Green,0.833,12332848
,B-EBASKBAT4X5,Lucashin x Koja,Lucashin,SAC Kings,Koja,NO Pelicans,30/07/2026,18:55:03,Handicap,NO Pelicans (Koja) (+5.5),5.5,,,,,1.833,None-None,63-68,Green,0.833,12332852
,B-EBASKBAT4X5,Djoks x Bazuka,Djoks,TOR Raptors,Bazuka,MIN Timberwolves,30/07/2026,18:55:03,Handicap,MIN Timberwolves (Bazuka) (+3.5),3.5,,,,,1.833,None-None,65-63,Green,0.833,12332853
,B-EBASKBAT4X5,lucker x yangrainmaker,lucker,MIA Heat,yangrainmaker,OKC Thunder,31/07/2026,04:04:00,Handicap,OKC Thunder (yangrainmaker) (+1.5),1.5,,,,,1.833,None-None,67-65,Red,-1.0,12337166
,B-EBASKBAT4X5,panteraxball x CHIEFKEEF,panteraxball,ORL Magic,CHIEFKEEF,CHI Bulls,31/07/2026,04:04:00,Handicap,ORL Magic (panteraxball) (+2.5),2.5,,,,,1.833,None-None,76-73,Green,0.833,12337165
,B-EBASKBAT4X5,CHIEFKEEF x Kadzima,CHIEFKEEF,CHI Bulls,Kadzima,TOR Raptors,31/07/2026,04:52:31,Handicap,TOR Raptors (Kadzima) (+3.5),3.5,,,,,1.833,None-None,75-68,Red,-1.0,12337254
,B-EBASKBAT4X5,yangrainmaker x panteraxball,yangrainmaker,OKC Thunder,panteraxball,ORL Magic,31/07/2026,05:14:27,Handicap,OKC Thunder (yangrainmaker) (+2.5),2.5,,,,,1.833,0-0,71-74,Red,-1.0,12337253
,B-EBASKBAT4X5,Kadzima x yangrainmaker,Kadzima,TOR Raptors,yangrainmaker,OKC Thunder,31/07/2026,05:49:17,Handicap,OKC Thunder (yangrainmaker) (+1.5),1.5,,,,,1.833,0-0,69-56,Red,-1.0,12337556
,B-EBASKBAT4X5,panteraxball x lucker,panteraxball,ORL Magic,lucker,MIA Heat,31/07/2026,05:49:23,Handicap,ORL Magic (panteraxball) (+1.5),1.5,,,,,1.833,0-0,77-81,Red,-1.0,12337477
,B-EBASKBAT4X5,lucker x Kadzima,lucker,MIA Heat,Kadzima,TOR Raptors,31/07/2026,05:49:43,Handicap,TOR Raptors (Kadzima) (+1.5),1.5,,,,,1.833,None-None,65-60,Red,-1.0,12337691
,B-EBASKBAT4X5,yangrainmaker x CHIEFKEEF,yangrainmaker,OKC Thunder,CHIEFKEEF,CHI Bulls,31/07/2026,05:49:43,Handicap,OKC Thunder (yangrainmaker) (+4.5),4.5,,,,,1.833,None-None,65-81,Red,-1.0,12337692
,B-EBASKBAT4X5,CHIEFKEEF x lucker,CHIEFKEEF,CHI Bulls,lucker,MIA Heat,31/07/2026,06:57:01,Handicap,MIA Heat (lucker) (+3.5),3.5,,,,,1.833,None-None,64-57,Red,-1.0,12337997
,B-EBASKBAT4X5,Kadzima x panteraxball,Kadzima,TOR Raptors,panteraxball,ORL Magic,31/07/2026,06:57:01,Handicap,TOR Raptors (Kadzima) (+2.5),2.5,,,,,1.833,None-None,59-70,Red,-1.0,12337998
,B-EBASKBAT4X5,yangrainmaker x lucker,yangrainmaker,OKC Thunder,lucker,MIA Heat,31/07/2026,06:57:01,Handicap,OKC Thunder (yangrainmaker) (+1.5),1.5,,,,,1.833,None-None,66-76,Red,-1.0,12338036
,B-EBASKBAT4X5,CHIEFKEEF x panteraxball,CHIEFKEEF,CHI Bulls,panteraxball,ORL Magic,31/07/2026,06:57:01,Handicap,ORL Magic (panteraxball) (+1.5),1.5,,,,,1.833,None-None,85-68,Red,-1.0,12338035
,B-EBASKBAT4X5,Kadzima x CHIEFKEEF,Kadzima,TOR Raptors,CHIEFKEEF,CHI Bulls,31/07/2026,07:41:06,Handicap,TOR Raptors (Kadzima) (+4.5),4.5,,,,,1.833,None-None,61-66,Red,-1.0,12338352
,B-EBASKBAT4X5,panteraxball x yangrainmaker,panteraxball,ORL Magic,yangrainmaker,OKC Thunder,31/07/2026,07:41:06,Handicap,OKC Thunder (yangrainmaker) (+2.5),2.5,,,,,1.833,None-None,60-67,Green,0.833,12338351
,B-EBASKBAT4X5,yangrainmaker x Kadzima,yangrainmaker,OKC Thunder,Kadzima,TOR Raptors,31/07/2026,08:32:31,Handicap,OKC Thunder (yangrainmaker) (+3.5),3.5,,,,,1.833,None-None,65-56,Green,0.833,12338551
,B-EBASKBAT4X5,lucker x panteraxball,lucker,MIA Heat,panteraxball,ORL Magic,31/07/2026,08:32:31,Handicap,ORL Magic (panteraxball) (+1.5),1.5,,,,,1.833,None-None,81-66,Red,-1.0,12338552
,B-EBASKBAT4X5,Kadzima x lucker,Kadzima,TOR Raptors,lucker,MIA Heat,31/07/2026,08:58:28,Handicap,TOR Raptors (Kadzima) (+3.5),3.5,,,,,1.833,None-None,66-73,Red,-1.0,12338580
,B-EBASKBAT4X5,CHIEFKEEF x yangrainmaker,CHIEFKEEF,CHI Bulls,yangrainmaker,OKC Thunder,31/07/2026,08:58:28,Handicap,OKC Thunder (yangrainmaker) (+6.5),6.5,,,,,1.833,None-None,79-73,Green,0.833,12338581
,B-EBASKBAT4X5,panteraxball x Kadzima,panteraxball,ORL Magic,Kadzima,TOR Raptors,31/07/2026,10:24:45,Handicap,TOR Raptors (Kadzima) (+4.5),4.5,,,,,1.833,0-0,72-68,Green,0.833,12338865
,B-EBASKBAT4X5,lucker x CHIEFKEEF,lucker,MIA Heat,CHIEFKEEF,CHI Bulls,31/07/2026,08:58:28,Handicap,MIA Heat (lucker) (+5.5),5.5,,,,,1.833,None-None,74-84,Red,-1.0,12338598
,B-EBASKBAT4X5,lucker x yangrainmaker,lucker,MIA Heat,yangrainmaker,OKC Thunder,31/07/2026,10:54:14,Handicap,OKC Thunder (yangrainmaker) (+2.5),2.5,,,,,1.833,None-None,75-60,Red,-1.0,12338962
,B-EBASKBAT4X5,panteraxball x CHIEFKEEF,panteraxball,ORL Magic,CHIEFKEEF,CHI Bulls,31/07/2026,10:54:14,Handicap,ORL Magic (panteraxball) (+4.5),4.5,,,,,1.833,None-None,75-77,Green,0.833,12338965
,B-EBASKBAT4X5,CHIEFKEEF x Kadzima,CHIEFKEEF,CHI Bulls,Kadzima,TOR Raptors,31/07/2026,10:54:14,Handicap,TOR Raptors (Kadzima) (+2.5),2.5,,,,,1.833,None-None,89-82,Red,-1.0,12338966
,B-EBASKBAT4X5,yangrainmaker x panteraxball,yangrainmaker,OKC Thunder,panteraxball,ORL Magic,31/07/2026,10:54:14,Handicap,ORL Magic (panteraxball) (+3.5),3.5,,,,,1.833,None-None,82-65,Red,-1.0,12338963
,B-EBASKBAT4X5,Bazuka x Pakapaka,Bazuka,MIN Timberwolves,Pakapaka,PHI 76ers,31/07/2026,12:33:41,Handicap,PHI 76ers (Pakapaka) (+1.5),1.5,,,,,1.833,None-None,67-56,Red,-1.0,12339533
,B-EBASKBAT4X5,Jovke x Dzojo,Jovke,POR T Blazers,Dzojo,PHX Suns,31/07/2026,12:33:41,Handicap,POR T Blazers (Jovke) (+2.5),2.5,,,,,1.833,None-None,82-74,Green,0.833,12339534
,B-EBASKBAT4X5,Pakapaka x veljouni,Pakapaka,PHI 76ers,veljouni,MIA Heat,31/07/2026,13:38:52,Handicap,PHI 76ers (Pakapaka) (+6.5),6.5,,,,,1.833,None-None,67-64,Green,0.833,12339822
,B-EBASKBAT4X5,Dzojo x Bazuka,Dzojo,PHX Suns,Bazuka,MIN Timberwolves,31/07/2026,13:08:51,Handicap,MIN Timberwolves (Bazuka) (+5.5),5.5,,,,,1.833,None-None,65-70,Green,0.833,12339653
,B-EBASKBAT4X5,Bazuka x Jovke,Bazuka,MIN Timberwolves,Jovke,POR T Blazers,31/07/2026,14:12:37,Handicap,MIN Timberwolves (Bazuka) (+6.5),6.5,,,,,1.833,None-None,56-64,Red,-1.0,12339978
,B-EBASKBAT4X5,veljouni x Dzojo,veljouni,MIA Heat,Dzojo,PHX Suns,31/07/2026,14:12:37,Handicap,PHX Suns (Dzojo) (+1.5),1.5,,,,,1.833,None-None,80-78,Red,-1.0,12339981
,B-EBASKBAT4X5,Jovke x veljouni,Jovke,POR T Blazers,veljouni,MIA Heat,31/07/2026,14:12:37,Handicap,POR T Blazers (Jovke) (+2.5),2.5,,,,,1.833,None-None,57-62,Red,-1.0,12339979
,B-EBASKBAT4X5,Dzojo x Pakapaka,Dzojo,PHX Suns,Pakapaka,PHI 76ers,31/07/2026,14:12:37,Handicap,PHI 76ers (Pakapaka) (+4.5),4.5,,,,,1.833,None-None,72-61,Red,-1.0,12339980
,B-EBASKBAT4X5,Pakapaka x Jovke,Pakapaka,PHI 76ers,Jovke,POR T Blazers,31/07/2026,15:24:07,Handicap,PHI 76ers (Pakapaka) (+3.5),3.5,,,,,1.833,None-None,67-78,Red,-1.0,12340111
,B-EBASKBAT4X5,veljouni x Bazuka,veljouni,MIA Heat,Bazuka,MIN Timberwolves,31/07/2026,14:49:51,Handicap,MIN Timberwolves (Bazuka) (+5.5),5.5,,,,,1.833,None-None,64-51,Red,-1.0,12340121
,B-EBASKBAT4X5,Pakapaka x Bazuka,Pakapaka,PHI 76ers,Bazuka,MIN Timberwolves,31/07/2026,15:24:07,Handicap,PHI 76ers (Pakapaka) (+1.5),1.5,,,,,1.833,None-None,74-44,Green,0.833,12340225
,B-EBASKBAT4X5,Dzojo x Jovke,Dzojo,PHX Suns,Jovke,POR T Blazers,31/07/2026,15:24:07,Handicap,PHX Suns (Dzojo) (+1.5),1.5,,,,,1.833,None-None,86-72,Green,0.833,12340226
,B-EBASKBAT4X5,veljouni x Pakapaka,veljouni,MIA Heat,Pakapaka,PHI 76ers,31/07/2026,15:24:07,Handicap,MIA Heat (veljouni) (+3.5),3.5,,,,,1.833,None-None,47-69,Red,-1.0,12340237
,B-EBASKBAT4X5,Bazuka x Dzojo,Bazuka,MIN Timberwolves,Dzojo,PHX Suns,31/07/2026,15:24:07,Handicap,MIN Timberwolves (Bazuka) (+3.5),3.5,,,,,1.833,None-None,51-77,Red,-1.0,12340252
,B-EBASKBAT4X5,Jovke x Bazuka,Jovke,POR T Blazers,Bazuka,MIN Timberwolves,31/07/2026,16:11:05,Handicap,MIN Timberwolves (Bazuka) (+6.5),6.5,,,,,1.833,None-None,73-60,Red,-1.0,12340445
,B-EBASKBAT4X5,Dzojo x veljouni,Dzojo,PHX Suns,veljouni,MIA Heat,31/07/2026,16:11:05,Handicap,PHX Suns (Dzojo) (+1.5),1.5,,,,,1.833,None-None,73-78,Red,-1.0,12340444
,B-EBASKBAT4X5,veljouni x Jovke,veljouni,MIA Heat,Jovke,POR T Blazers,31/07/2026,16:11:05,Handicap,POR T Blazers (Jovke) (+2.5),2.5,,,,,1.833,None-None,48-75,Green,0.833,12340446
,B-EBASKBAT4X5,Pakapaka x Dzojo,Pakapaka,PHI 76ers,Dzojo,PHX Suns,31/07/2026,16:11:05,Handicap,PHI 76ers (Pakapaka) (+5.5),5.5,,,,,1.833,None-None,75-76,Green,0.833,12340447
,B-EBASKBAT4X5,Jovke x Pakapaka,Jovke,POR T Blazers,Pakapaka,PHI 76ers,31/07/2026,18:50:23,Handicap,PHI 76ers (Pakapaka) (+6.5),6.5,,,,,1.833,None-None,68-52,Red,-1.0,12340996
,B-EBASKBAT4X5,Bazuka x veljouni,Bazuka,MIN Timberwolves,veljouni,MIA Heat,31/07/2026,18:50:23,Handicap,MIN Timberwolves (Bazuka) (+5.5),5.5,,,,,1.833,None-None,46-71,Red,-1.0,12341060
,B-EBASKBAT4X5,Bazuka x Pakapaka,Bazuka,MIN Timberwolves,Pakapaka,PHI 76ers,31/07/2026,18:50:23,Handicap,MIN Timberwolves (Bazuka) (+2.5),2.5,,,,,1.833,None-None,63-51,Green,0.833,12341061
,B-EBASKBAT4X5,Jovke x Dzojo,Jovke,POR T Blazers,Dzojo,PHX Suns,31/07/2026,18:50:23,Handicap,POR T Blazers (Jovke) (+1.5),1.5,,,,,1.833,None-None,82-71,Green,0.833,12341062
,B-EBASKBAT4X5,Pakapaka x veljouni,Pakapaka,PHI 76ers,veljouni,MIA Heat,31/07/2026,18:50:23,Handicap,MIA Heat (veljouni) (+1.5),1.5,,,,,1.833,None-None,52-62,Green,0.833,12341155
,B-EBASKBAT4X5,Dzojo x Bazuka,Dzojo,PHX Suns,Bazuka,MIN Timberwolves,31/07/2026,18:50:23,Handicap,MIN Timberwolves (Bazuka) (+6.5),6.5,,,,,1.833,None-None,78-73,Green,0.833,12341154
,B-EBASKBAT4X5,Kadzima x faLcOn,Kadzima,TOR Raptors,faLcOn,POR T Blazers,01/08/2026,04:26:29,Handicap,POR T Blazers (faLcOn) (+5.5),5.5,,,,,1.833,None-None,72-54,Red,-1.0,12344453
,B-EBASKBAT4X5,yangrainmaker x panteraxball,yangrainmaker,OKC Thunder,panteraxball,ORL Magic,01/08/2026,04:29:13,Handicap,OKC Thunder (yangrainmaker) (+1.5),1.5,,,,,1.833,None-None,72-77,Red,-1.0,12344452
,B-EBASKBAT4X5,panteraxball x lucker,panteraxball,ORL Magic,lucker,MIA Heat,01/08/2026,05:14:46,Handicap,ORL Magic (panteraxball) (+2.5),2.5,,,,,1.833,0-0,65-79,Red,-1.0,12344538
,B-EBASKBAT4X5,faLcOn x yangrainmaker,faLcOn,POR T Blazers,yangrainmaker,OKC Thunder,01/08/2026,05:15:14,Handicap,POR T Blazers (faLcOn) (+8.5),8.5,,,,,1.833,0-0,69-80,Red,-1.0,12344537
,B-EBASKBAT4X5,lucker x faLcOn,lucker,MIA Heat,faLcOn,POR T Blazers,01/08/2026,05:45:40,Handicap,POR T Blazers (faLcOn) (+6.5),6.5,,,,,1.833,None-None,84-78,Green,0.833,12344614
,B-EBASKBAT4X5,yangrainmaker x Kadzima,yangrainmaker,OKC Thunder,Kadzima,TOR Raptors,01/08/2026,05:45:40,Handicap,OKC Thunder (yangrainmaker) (+1.5),1.5,,,,,1.833,None-None,54-70,Red,-1.0,12344615
,B-EBASKBAT4X5,faLcOn x panteraxball,faLcOn,POR T Blazers,panteraxball,ORL Magic,01/08/2026,06:20:01,Handicap,POR T Blazers (faLcOn) (+5.5),5.5,,,,,1.833,None-None,60-73,Red,-1.0,12344715
,B-EBASKBAT4X5,Kadzima x lucker,Kadzima,TOR Raptors,lucker,MIA Heat,01/08/2026,06:20:01,Handicap,TOR Raptors (Kadzima) (+2.5),2.5,,,,,1.833,None-None,78-59,Green,0.833,12344714
,B-EBASKBAT4X5,panteraxball x Kadzima,panteraxball,ORL Magic,Kadzima,TOR Raptors,01/08/2026,06:59:56,Handicap,TOR Raptors (Kadzima) (+1.5),1.5,,,,,1.833,0-0,78-79,Green,0.833,12344784
,B-EBASKBAT4X5,lucker x yangrainmaker,lucker,MIA Heat,yangrainmaker,OKC Thunder,01/08/2026,07:14:17,Handicap,OKC Thunder (yangrainmaker) (+2.5),2.5,,,,,1.833,0-0,70-63,Red,-1.0,12344789
,B-EBASKBAT4X5,panteraxball x yangrainmaker,panteraxball,ORL Magic,yangrainmaker,OKC Thunder,01/08/2026,07:42:27,Handicap,OKC Thunder (yangrainmaker) (+2.5),2.5,,,,,1.833,None-None,73-68,Red,-1.0,12345010
,B-EBASKBAT4X5,faLcOn x Kadzima,faLcOn,POR T Blazers,Kadzima,TOR Raptors,01/08/2026,07:42:27,Handicap,POR T Blazers (faLcOn) (+6.5),6.5,,,,,1.833,None-None,72-82,Red,-1.0,12345011
,B-EBASKBAT4X5,yangrainmaker x faLcOn,yangrainmaker,OKC Thunder,faLcOn,POR T Blazers,01/08/2026,07:42:27,Handicap,POR T Blazers (faLcOn) (+7.5),7.5,,,,,1.833,None-None,70-61,Red,-1.0,12345015
,B-EBASKBAT4X5,lucker x panteraxball,lucker,MIA Heat,panteraxball,ORL Magic,01/08/2026,08:24:43,Handicap,ORL Magic (panteraxball) (+4.5),4.5,,,,,1.833,0-0,85-74,Red,-1.0,12345055
,B-EBASKBAT4X5,faLcOn x lucker,faLcOn,POR T Blazers,lucker,MIA Heat,01/08/2026,08:54:12,Handicap,POR T Blazers (faLcOn) (+5.5),5.5,,,,,1.833,None-None,66-78,Red,-1.0,12345204
,B-EBASKBAT4X5,Kadzima x yangrainmaker,Kadzima,TOR Raptors,yangrainmaker,OKC Thunder,01/08/2026,08:54:12,Handicap,OKC Thunder (yangrainmaker) (+3.5),3.5,,,,,1.833,None-None,60-67,Green,0.833,12345209
,B-EBASKBAT4X5,lucker x Kadzima,lucker,MIA Heat,Kadzima,TOR Raptors,01/08/2026,09:26:22,Handicap,TOR Raptors (Kadzima) (+1.5),1.5,,,,,1.833,None-None,74-73,Green,0.833,12345349
,B-EBASKBAT4X5,panteraxball x faLcOn,panteraxball,ORL Magic,faLcOn,POR T Blazers,01/08/2026,09:26:22,Handicap,POR T Blazers (faLcOn) (+7.5),7.5,,,,,1.833,None-None,71-54,Red,-1.0,12345358
,B-EBASKBAT4X5,yangrainmaker x lucker,yangrainmaker,OKC Thunder,lucker,MIA Heat,01/08/2026,09:26:22,Handicap,OKC Thunder (yangrainmaker) (+3.5),3.5,,,,,1.833,None-None,75-60,Green,0.833,12345360
,B-EBASKBAT4X5,Kadzima x panteraxball,Kadzima,TOR Raptors,panteraxball,ORL Magic,01/08/2026,09:26:22,Handicap,TOR Raptors (Kadzima) (+2.5),2.5,,,,,1.833,None-None,76-69,Green,0.833,12345359
,B-EBASKBAT4X5,Kadzima x faLcOn,Kadzima,TOR Raptors,faLcOn,POR T Blazers,01/08/2026,09:26:22,Handicap,POR T Blazers (faLcOn) (+7.5),7.5,,,,,1.833,None-None,86-69,Red,-1.0,12345362
,B-EBASKBAT4X5,yangrainmaker x panteraxball,yangrainmaker,OKC Thunder,panteraxball,ORL Magic,01/08/2026,09:26:22,Handicap,OKC Thunder (yangrainmaker) (+3.5),3.5,,,,,1.833,None-None,61-65,Red,-1.0,12345361
,B-EBASKBAT4X5,faLcOn x yangrainmaker,faLcOn,POR T Blazers,yangrainmaker,OKC Thunder,01/08/2026,09:26:22,Handicap,POR T Blazers (faLcOn) (+7.5),7.5,,,,,1.833,None-None,59-82,Red,-1.0,12345389
,B-EBASKBAT4X5,panteraxball x lucker,panteraxball,ORL Magic,lucker,MIA Heat,01/08/2026,09:26:22,Handicap,ORL Magic (panteraxball) (+6.5),6.5,,,,,1.833,None-None,62-72,Red,-1.0,12345390
,B-EBASKBAT4X5,veljouni x Koja,veljouni,MIA Heat,Koja,NO Pelicans,01/08/2026,12:46:36,Handicap,NO Pelicans (Koja) (+4.5),4.5,,,,,1.833,None-None,60-58,Green,0.833,12346249
,B-EBASKBAT4X5,Jovke x Dzojo,Jovke,POR T Blazers,Dzojo,PHX Suns,01/08/2026,12:46:36,Handicap,PHX Suns (Dzojo) (+1.5),1.5,,,,,1.833,None-None,74-90,Green,0.833,12346250
,B-EBASKBAT4X5,Koja x Pakapaka,Koja,NO Pelicans,Pakapaka,PHI 76ers,01/08/2026,13:10:13,Handicap,PHI 76ers (Pakapaka) (+1.5),1.5,,,,,1.833,None-None,53-62,Green,0.833,12346344
,B-EBASKBAT4X5,Dzojo x veljouni,Dzojo,PHX Suns,veljouni,MIA Heat,01/08/2026,13:10:13,Handicap,MIA Heat (veljouni) (+1.5),1.5,,,,,1.833,None-None,62-69,Green,0.833,12346343
,B-EBASKBAT4X5,veljouni x Jovke,veljouni,MIA Heat,Jovke,POR T Blazers,01/08/2026,14:12:15,Handicap,POR T Blazers (Jovke) (+1.5),1.5,,,,,1.833,None-None,70-68,Red,-1.0,12346513
,B-EBASKBAT4X5,Pakapaka x Dzojo,Pakapaka,PHI 76ers,Dzojo,PHX Suns,01/08/2026,14:13:51,Handicap,PHI 76ers (Pakapaka) (+4.5),4.5,,,,,1.833,None-None,75-64,Green,0.833,12346512
,B-EBASKBAT4X5,Dzojo x Koja,Dzojo,PHX Suns,Koja,NO Pelicans,01/08/2026,14:12:15,Handicap,NO Pelicans (Koja) (+5.5),5.5,,,,,1.833,None-None,69-74,Green,0.833,12346541
,B-EBASKBAT4X5,Jovke x Pakapaka,Jovke,POR T Blazers,Pakapaka,PHI 76ers,01/08/2026,14:10:25,Handicap,PHI 76ers (Pakapaka) (+4.5),4.5,,,,,1.833,None-None,69-64,Red,-1.0,12346540
,B-EBASKBAT4X5,Koja x Jovke,Koja,NO Pelicans,Jovke,POR T Blazers,01/08/2026,15:26:30,Handicap,NO Pelicans (Koja) (+2.5),2.5,,,,,1.833,None-None,66-62,Green,0.833,12346723
,B-EBASKBAT4X5,Pakapaka x veljouni,Pakapaka,PHI 76ers,veljouni,MIA Heat,01/08/2026,15:26:30,Handicap,PHI 76ers (Pakapaka) (+3.5),3.5,,,,,1.833,None-None,80-50,Green,0.833,12346724
,B-EBASKBAT4X5,Dzojo x Jovke,Dzojo,PHX Suns,Jovke,POR T Blazers,01/08/2026,16:15:04,Handicap,POR T Blazers (Jovke) (+1.5),1.5,,,,,1.833,None-None,69-67,Red,-1.0,12346915
,B-EBASKBAT4X5,Koja x veljouni,Koja,NO Pelicans,veljouni,MIA Heat,01/08/2026,16:15:04,Handicap,NO Pelicans (Koja) (+4.5),4.5,,,,,1.952,None-None,61-56,Green,0.952,12346914
,B-EBASKBAT4X5,Pakapaka x Koja,Pakapaka,PHI 76ers,Koja,NO Pelicans,01/08/2026,16:52:56,Handicap,NO Pelicans (Koja) (+1.5),1.5,,,,,1.833,None-None,59-50,Red,-1.0,12347197
,B-EBASKBAT4X5,veljouni x Dzojo,veljouni,MIA Heat,Dzojo,PHX Suns,01/08/2026,16:52:56,Handicap,PHX Suns (Dzojo) (+1.5),1.5,,,,,1.833,None-None,72-79,Green,0.833,12347196
,B-EBASKBAT4X5,Jovke x veljouni,Jovke,POR T Blazers,veljouni,MIA Heat,01/08/2026,17:26:43,Handicap,POR T Blazers (Jovke) (+1.5),1.5,,,,,1.833,None-None,66-68,Red,-1.0,12347397
,B-EBASKBAT4X5,Dzojo x Pakapaka,Dzojo,PHX Suns,Pakapaka,PHI 76ers,01/08/2026,17:26:43,Handicap,PHI 76ers (Pakapaka) (+2.5),2.5,,,,,1.833,None-None,84-85,Green,0.833,12347396
,B-EBASKBAT4X5,Pakapaka x Jovke,Pakapaka,PHI 76ers,Jovke,POR T Blazers,01/08/2026,17:38:25,Handicap,PHI 76ers (Pakapaka) (+4.5),4.5,,,,,1.833,None-None,60-63,Green,0.833,12347480
,B-EBASKBAT4X5,Koja x Dzojo,Koja,NO Pelicans,Dzojo,PHX Suns,01/08/2026,17:38:25,Handicap,NO Pelicans (Koja) (+3.5),3.5,,,,,1.833,None-None,80-87,Red,-1.0,12347481
,B-EBASKBAT4X5,Jovke x Koja,Jovke,POR T Blazers,Koja,NO Pelicans,01/08/2026,18:47:56,Handicap,NO Pelicans (Koja) (+1.5),1.5,,,,,1.833,None-None,65-69,Green,0.833,12347590
,B-EBASKBAT4X5,veljouni x Pakapaka,veljouni,MIA Heat,Pakapaka,PHI 76ers,01/08/2026,18:47:56,Handicap,PHI 76ers (Pakapaka) (+2.5),2.5,,,,,1.833,None-None,65-66,Green,0.833,12347591
,B-EBASKBAT4X5,veljouni x Koja,veljouni,MIA Heat,Koja,NO Pelicans,01/08/2026,19:29:35,Handicap,NO Pelicans (Koja) (+1.5),1.5,,,,,1.833,0-0,62-69,Green,0.833,12347833
,B-EBASKBAT4X5,Jovke x Dzojo,Jovke,POR T Blazers,Dzojo,PHX Suns,01/08/2026,19:28:07,Handicap,POR T Blazers (Jovke) (+2.5),2.5,,,,,1.833,None-None,81-67,Green,0.833,12347827
,B-EBASKBAT4X5,Dzojo x veljouni,Dzojo,PHX Suns,veljouni,MIA Heat,01/08/2026,19:28:07,Handicap,PHX Suns (Dzojo) (+2.5),2.5,,,,,1.833,None-None,83-55,Green,0.833,12347828
,B-EBASKBAT4X5,Koja x Pakapaka,Koja,NO Pelicans,Pakapaka,PHI 76ers,01/08/2026,19:28:07,Handicap,NO Pelicans (Koja) (+2.5),2.5,,,,,1.833,None-None,65-49,Green,0.833,12347829
,B-EBASKBAT4X5,lucker x faLcOn,lucker,MIA Heat,faLcOn,POR T Blazers,02/08/2026,04:34:14,Handicap,POR T Blazers (faLcOn) (+7.5),7.5,,,,,1.833,None-None,70-55,Red,-1.0,12349715
,B-EBASKBAT4X5,panteraxball x yangrainmaker,panteraxball,ORL Magic,yangrainmaker,OKC Thunder,02/08/2026,04:35:26,Handicap,OKC Thunder (yangrainmaker) (+1.5),1.5,,,,,1.833,None-None,67-75,Green,0.833,12349714
,B-EBASKBAT4X5,faLcOn x yangrainmaker,faLcOn,POR T Blazers,yangrainmaker,OKC Thunder,02/08/2026,05:12:27,Handicap,POR T Blazers (faLcOn) (+8.5),8.5,,,,,1.833,None-None,75-91,Red,-1.0,12349761
,B-EBASKBAT4X5,panteraxball x lucker,panteraxball,ORL Magic,lucker,MIA Heat,02/08/2026,05:12:27,Handicap,ORL Magic (panteraxball) (+4.5),4.5,,,,,1.833,None-None,72-89,Red,-1.0,12349760
,B-EBASKBAT4X5,faLcOn x panteraxball,faLcOn,POR T Blazers,panteraxball,ORL Magic,02/08/2026,05:49:33,Handicap,POR T Blazers (faLcOn) (+8.5),8.5,,,,,1.833,0-0,75-70,Green,0.833,12349915
,B-EBASKBAT4X5,yangrainmaker x lucker,yangrainmaker,OKC Thunder,lucker,MIA Heat,02/08/2026,05:49:23,Handicap,OKC Thunder (yangrainmaker) (+2.5),2.5,,,,,1.833,0-0,68-62,Green,0.833,12349916
,B-EBASKBAT4X5,panteraxball x yangrainmaker,panteraxball,ORL Magic,yangrainmaker,OKC Thunder,02/08/2026,06:21:13,Handicap,ORL Magic (panteraxball) (+2.5),2.5,,,,,1.833,None-None,70-67,Green,0.833,12350049
,B-EBASKBAT4X5,lucker x faLcOn,lucker,MIA Heat,faLcOn,POR T Blazers,02/08/2026,06:49:28,Handicap,POR T Blazers (faLcOn) (+8.5),8.5,,,,,1.833,0-0,77-68,Red,-1.0,12350131
,B-EBASKBAT4X5,faLcOn x yangrainmaker,faLcOn,POR T Blazers,yangrainmaker,OKC Thunder,02/08/2026,07:21:45,Handicap,POR T Blazers (faLcOn) (+10.5),10.5,,,,,1.833,None-None,57-80,Red,-1.0,12350188
,B-EBASKBAT4X5,panteraxball x lucker,panteraxball,ORL Magic,lucker,MIA Heat,02/08/2026,07:17:51,Handicap,ORL Magic (panteraxball) (+6.5),6.5,,,,,1.833,None-None,75-79,Green,0.833,12350187
,B-EBASKBAT4X5,yangrainmaker x lucker,yangrainmaker,OKC Thunder,lucker,MIA Heat,02/08/2026,07:21:45,Handicap,OKC Thunder (yangrainmaker) (+1.5),1.5,,,,,1.833,None-None,68-70,Red,-1.0,12350218
,B-EBASKBAT4X5,faLcOn x panteraxball,faLcOn,POR T Blazers,panteraxball,ORL Magic,02/08/2026,07:21:45,Handicap,POR T Blazers (faLcOn) (+5.5),5.5,,,,,1.833,None-None,70-76,Red,-1.0,12350217
,B-EBASKBAT4X5,panteraxball x yangrainmaker,panteraxball,ORL Magic,yangrainmaker,OKC Thunder,02/08/2026,08:28:55,Handicap,ORL Magic (panteraxball) (+1.5),1.5,,,,,1.833,None-None,64-65,Green,0.833,12350320
,B-EBASKBAT4X5,lucker x faLcOn,lucker,MIA Heat,faLcOn,POR T Blazers,02/08/2026,08:28:55,Handicap,POR T Blazers (faLcOn) (+8.5),8.5,,,,,1.833,None-None,79-74,Green,0.833,12350321
,B-EBASKBAT4X5,panteraxball x lucker,panteraxball,ORL Magic,lucker,MIA Heat,02/08/2026,08:28:55,Handicap,ORL Magic (panteraxball) (+4.5),4.5,,,,,1.833,None-None,68-79,Red,-1.0,12350322
,B-EBASKBAT4X5,faLcOn x yangrainmaker,faLcOn,POR T Blazers,yangrainmaker,OKC Thunder,02/08/2026,09:34:20,Handicap,POR T Blazers (faLcOn) (+11.5),11.5,,,,,1.833,0-0,66-64,Green,0.833,12350556
,B-EBASKBAT4X5,faLcOn x panteraxball,faLcOn,POR T Blazers,panteraxball,ORL Magic,02/08/2026,10:07:04,Handicap,POR T Blazers (faLcOn) (+5.5),5.5,,,,,1.833,None-None,59-68,Red,-1.0,12350557
,B-EBASKBAT4X5,yangrainmaker x lucker,yangrainmaker,OKC Thunder,lucker,MIA Heat,02/08/2026,10:07:04,Handicap,OKC Thunder (yangrainmaker) (+2.5),2.5,,,,,1.833,None-None,50-57,Red,-1.0,12350564
,B-EBASKBAT4X5,panteraxball x yangrainmaker,panteraxball,ORL Magic,yangrainmaker,OKC Thunder,02/08/2026,10:07:04,Handicap,ORL Magic (panteraxball) (+1.5),1.5,,,,,1.833,None-None,69-74,Red,-1.0,12350612
,B-EBASKBAT4X5,lucker x faLcOn,lucker,MIA Heat,faLcOn,POR T Blazers,02/08/2026,10:07:04,Handicap,POR T Blazers (faLcOn) (+8.5),8.5,,,,,1.833,None-None,83-70,Red,-1.0,12350613
,B-EBASKBAT4X5,faLcOn x yangrainmaker,faLcOn,POR T Blazers,yangrainmaker,OKC Thunder,02/08/2026,10:40:39,Handicap,POR T Blazers (faLcOn) (+8.5),8.5,,,,,1.833,None-None,59-83,Red,-1.0,12350723
,B-EBASKBAT4X5,panteraxball x lucker,panteraxball,ORL Magic,lucker,MIA Heat,02/08/2026,11:19:46,Handicap,ORL Magic (panteraxball) (+5.5),5.5,,,,,1.833,0-0,78-65,Green,0.833,12350731
,B-EBASKBAT4X5,Koja x Bazuka,Koja,NO Pelicans,Bazuka,MIN Timberwolves,02/08/2026,12:47:15,Handicap,MIN Timberwolves (Bazuka) (+2.5),2.5,,,,,1.833,None-None,69-57,Red,-1.0,12351160
,B-EBASKBAT4X5,Dzojo x Lucashin,Dzojo,PHX Suns,Lucashin,SAC Kings,02/08/2026,12:47:15,Handicap,PHX Suns (Dzojo) (+2.5),2.5,,,,,1.833,None-None,77-72,Green,0.833,12351159
,B-EBASKBAT4X5,Bazuka x Dzojo,Bazuka,MIN Timberwolves,Dzojo,PHX Suns,02/08/2026,12:58:08,Handicap,MIN Timberwolves (Bazuka) (+6.5),6.5,,,,,1.833,None-None,52-74,Red,-1.0,12351189
,B-EBASKBAT4X5,Lucashin x Pakapaka,Lucashin,SAC Kings,Pakapaka,PHI 76ers,02/08/2026,12:53:02,Handicap,PHI 76ers (Pakapaka) (+4.5),4.5,,,,,1.833,None-None,55-63,Green,0.833,12351171
,B-EBASKBAT4X5,Dzojo x Koja,Dzojo,PHX Suns,Koja,NO Pelicans,02/08/2026,13:03:55,Handicap,NO Pelicans (Koja) (+4.5),4.5,,,,,1.833,None-None,81-74,Red,-1.0,12351224
,B-EBASKBAT4X5,Pakapaka x Bazuka,Pakapaka,PHI 76ers,Bazuka,MIN Timberwolves,02/08/2026,13:03:55,Handicap,PHI 76ers (Pakapaka) (+1.5),1.5,,,,,1.833,None-None,58-59,Green,0.833,12351223
,B-EBASKBAT4X5,Koja x Pakapaka,Koja,NO Pelicans,Pakapaka,PHI 76ers,02/08/2026,14:12:56,Handicap,PHI 76ers (Pakapaka) (+1.5),1.5,,,,,1.833,None-None,54-45,Red,-1.0,12351418
,B-EBASKBAT4X5,Bazuka x Lucashin,Bazuka,MIN Timberwolves,Lucashin,SAC Kings,02/08/2026,14:12:56,Handicap,MIN Timberwolves (Bazuka) (+3.5),3.5,,,,,1.833,None-None,49-61,Red,-1.0,12351419
,B-EBASKBAT4X5,Lucashin x Koja,Lucashin,SAC Kings,Koja,NO Pelicans,02/08/2026,14:50:26,Handicap,NO Pelicans (Koja) (+5.5),5.5,,,,,1.833,None-None,76-72,Green,0.833,12351585
,B-EBASKBAT4X5,Pakapaka x Dzojo,Pakapaka,PHI 76ers,Dzojo,PHX Suns,02/08/2026,15:22:25,Handicap,PHI 76ers (Pakapaka) (+3.5),3.5,,,,,1.833,None-None,55-76,Red,-1.0,12351709
,B-EBASKBAT4X5,Bazuka x Koja,Bazuka,MIN Timberwolves,Koja,NO Pelicans,02/08/2026,15:22:25,Handicap,MIN Timberwolves (Bazuka) (+3.5),3.5,,,,,1.833,None-None,70-54,Green,0.833,12351768
,B-EBASKBAT4X5,Lucashin x Dzojo,Lucashin,SAC Kings,Dzojo,PHX Suns,02/08/2026,15:22:25,Handicap,SAC Kings (Lucashin) (+1.5),1.5,,,,,1.833,None-None,75-70,Green,0.833,12351767
,B-EBASKBAT4X5,Dzojo x Bazuka,Dzojo,PHX Suns,Bazuka,MIN Timberwolves,02/08/2026,16:13:01,Handicap,MIN Timberwolves (Bazuka) (+6.5),6.5,,,,,1.833,None-None,74-76,Green,0.833,12351863
,B-EBASKBAT4X5,Pakapaka x Lucashin,Pakapaka,PHI 76ers,Lucashin,SAC Kings,02/08/2026,16:13:01,Handicap,PHI 76ers (Pakapaka) (+3.5),3.5,,,,,1.833,None-None,58-65,Red,-1.0,12351864
,B-EBASKBAT4X5,Koja x Dzojo,Koja,NO Pelicans,Dzojo,PHX Suns,02/08/2026,16:52:21,Handicap,NO Pelicans (Koja) (+5.5),5.5,,,,,1.833,None-None,75-82,Red,-1.0,12351965
,B-EBASKBAT4X5,Bazuka x Pakapaka,Bazuka,MIN Timberwolves,Pakapaka,PHI 76ers,02/08/2026,16:52:21,Handicap,PHI 76ers (Pakapaka) (+1.5),1.5,,,,,1.833,None-None,70-53,Red,-1.0,12351964
,B-EBASKBAT4X5,Pakapaka x Koja,Pakapaka,PHI 76ers,Koja,NO Pelicans,02/08/2026,17:30:03,Handicap,PHI 76ers (Pakapaka) (+1.5),1.5,,,,,1.833,None-None,54-79,Red,-1.0,12352098
,B-EBASKBAT4X5,Lucashin x Bazuka,Lucashin,SAC Kings,Bazuka,MIN Timberwolves,02/08/2026,17:30:03,Handicap,MIN Timberwolves (Bazuka) (+5.5),5.5,,,,,1.833,None-None,59-55,Green,0.833,12352099
,B-EBASKBAT4X5,Dzojo x Pakapaka,Dzojo,PHX Suns,Pakapaka,PHI 76ers,02/08/2026,17:30:03,Handicap,PHI 76ers (Pakapaka) (+4.5),4.5,,,,,2.0,None-None,60-72,Green,1.0,12352101
,B-EBASKBAT4X5,Koja x Lucashin,Koja,NO Pelicans,Lucashin,SAC Kings,02/08/2026,17:30:03,Handicap,NO Pelicans (Koja) (+4.5),4.5,,,,,1.833,None-None,69-71,Green,0.833,12352100
,B-EBASKBAT4X5,Dzojo x Lucashin,Dzojo,PHX Suns,Lucashin,SAC Kings,02/08/2026,17:30:03,Handicap,PHX Suns (Dzojo) (+2.5),2.5,,,,,1.952,None-None,64-78,Red,-1.0,12352111
,B-EBASKBAT4X5,Koja x Bazuka,Koja,NO Pelicans,Bazuka,MIN Timberwolves,02/08/2026,17:30:03,Handicap,MIN Timberwolves (Bazuka) (+2.5),2.5,,,,,1.74,None-None,44-61,Green,0.74,12352112
,B-EBASKBAT4X5,Bazuka x Dzojo,Bazuka,MIN Timberwolves,Dzojo,PHX Suns,02/08/2026,19:28:45,Handicap,MIN Timberwolves (Bazuka) (+6.5),6.5,,,,,1.833,None-None,73-78,Green,0.833,12352654
,B-EBASKBAT4X5,Lucashin x Pakapaka,Lucashin,SAC Kings,Pakapaka,PHI 76ers,02/08/2026,19:28:11,Handicap,PHI 76ers (Pakapaka) (+6.5),6.5,,,,,1.74,None-None,70-80,Green,0.74,12352627
,B-EBASKBAT4X5,lucker x panteraxball,lucker,MIA Heat,panteraxball,ORL Magic,03/08/2026,04:00:25,Handicap,ORL Magic (panteraxball) (+3.5),3.5,,,,,1.833,None-None,77-62,Red,-1.0,12354085
,B-EBASKBAT4X5,CHIEFKEEF x yangrainmaker,CHIEFKEEF,CHI Bulls,yangrainmaker,OKC Thunder,03/08/2026,04:00:25,Handicap,OKC Thunder (yangrainmaker) (+4.5),4.5,,,,,1.833,None-None,58-54,Green,0.833,12354079
,B-EBASKBAT4X5,panteraxball x CHIEFKEEF,panteraxball,ORL Magic,CHIEFKEEF,CHI Bulls,03/08/2026,05:09:14,Handicap,ORL Magic (panteraxball) (+3.5),3.5,,,,,1.833,None-None,68-82,Red,-1.0,12354137
,B-EBASKBAT4X5,yangrainmaker x faLcOn,yangrainmaker,OKC Thunder,faLcOn,POR T Blazers,03/08/2026,05:09:14,Handicap,POR T Blazers (faLcOn) (+9.5),9.5,,,,,1.833,None-None,72-58,Red,-1.0,12354138
,B-EBASKBAT4X5,faLcOn x panteraxball,faLcOn,POR T Blazers,panteraxball,ORL Magic,03/08/2026,05:11:53,Handicap,POR T Blazers (faLcOn) (+5.5),5.5,,,,,1.833,None-None,63-72,Red,-1.0,12354195
,B-EBASKBAT4X5,CHIEFKEEF x lucker,CHIEFKEEF,CHI Bulls,lucker,MIA Heat,03/08/2026,05:11:53,Handicap,MIA Heat (lucker) (+3.5),3.5,,,,,1.833,None-None,63-64,Green,0.833,12354196
,B-EBASKBAT4X5,lucker x faLcOn,lucker,MIA Heat,faLcOn,POR T Blazers,03/08/2026,05:46:02,Handicap,POR T Blazers (faLcOn) (+8.5),8.5,,,,,1.833,None-None,74-67,Green,0.833,12354256
,B-EBASKBAT4X5,panteraxball x yangrainmaker,panteraxball,ORL Magic,yangrainmaker,OKC Thunder,03/08/2026,05:46:02,Handicap,ORL Magic (panteraxball) (+1.5),1.5,,,,,1.833,None-None,86-66,Green,0.833,12354257
,B-EBASKBAT4X5,yangrainmaker x lucker,yangrainmaker,OKC Thunder,lucker,MIA Heat,03/08/2026,06:20:53,Handicap,OKC Thunder (yangrainmaker) (+1.5),1.5,,,,,1.833,None-None,72-76,Red,-1.0,12354324
,B-EBASKBAT4X5,faLcOn x CHIEFKEEF,faLcOn,POR T Blazers,CHIEFKEEF,CHI Bulls,03/08/2026,06:20:53,Handicap,POR T Blazers (faLcOn) (+9.5),9.5,,,,,1.833,None-None,89-94,Green,0.833,12354325
,B-EBASKBAT4X5,yangrainmaker x CHIEFKEEF,yangrainmaker,OKC Thunder,CHIEFKEEF,CHI Bulls,03/08/2026,06:53:47,Handicap,OKC Thunder (yangrainmaker) (+4.5),4.5,,,,,1.833,None-None,54-74,Red,-1.0,12354390
,B-EBASKBAT4X5,panteraxball x lucker,panteraxball,ORL Magic,lucker,MIA Heat,03/08/2026,06:53:47,Handicap,ORL Magic (panteraxball) (+5.5),5.5,,,,,1.833,None-None,63-75,Red,-1.0,12354391
,B-EBASKBAT4X5,CHIEFKEEF x panteraxball,CHIEFKEEF,CHI Bulls,panteraxball,ORL Magic,03/08/2026,07:56:10,Handicap,ORL Magic (panteraxball) (+6.5),6.5,,,,,1.833,None-None,78-89,Green,0.833,12354497
,B-EBASKBAT4X5,faLcOn x yangrainmaker,faLcOn,POR T Blazers,yangrainmaker,OKC Thunder,03/08/2026,08:01:21,Handicap,POR T Blazers (faLcOn) (+10.5),10.5,,,,,1.833,None-None,77-79,Green,0.833,12354540
,B-EBASKBAT4X5,lucker x CHIEFKEEF,lucker,MIA Heat,CHIEFKEEF,CHI Bulls,03/08/2026,08:18:46,Handicap,MIA Heat (lucker) (+3.5),3.5,,,,,1.952,None-None,65-72,Red,-1.0,12354552
,B-EBASKBAT4X5,panteraxball x faLcOn,panteraxball,ORL Magic,faLcOn,POR T Blazers,03/08/2026,08:18:46,Handicap,POR T Blazers (faLcOn) (+7.5),7.5,,,,,1.833,None-None,87-62,Red,-1.0,12354563
,B-EBASKBAT4X5,faLcOn x lucker,faLcOn,POR T Blazers,lucker,MIA Heat,03/08/2026,08:18:46,Handicap,POR T Blazers (faLcOn) (+8.5),8.5,,,,,1.833,None-None,78-82,Green,0.833,12354564
,B-EBASKBAT4X5,yangrainmaker x panteraxball,yangrainmaker,OKC Thunder,panteraxball,ORL Magic,03/08/2026,08:18:46,Handicap,OKC Thunder (yangrainmaker) (+2.5),2.5,,,,,2.0,None-None,57-77,Red,-1.0,12354565
,B-EBASKBAT4X5,CHIEFKEEF x faLcOn,CHIEFKEEF,CHI Bulls,faLcOn,POR T Blazers,03/08/2026,10:07:25,Handicap,POR T Blazers (faLcOn) (+9.5),9.5,,,,,1.833,None-None,76-59,Red,-1.0,12354939
,B-EBASKBAT4X5,lucker x yangrainmaker,lucker,MIA Heat,yangrainmaker,OKC Thunder,03/08/2026,10:18:33,Handicap,OKC Thunder (yangrainmaker) (+5.5),5.5,,,,,1.833,None-None,73-81,Green,0.833,12354934
,B-EBASKBAT4X5,lucker x panteraxball,lucker,MIA Heat,panteraxball,ORL Magic,03/08/2026,10:18:19,Handicap,ORL Magic (panteraxball) (+5.5),5.5,,,,,1.952,None-None,79-74,Green,0.952,12354941
,B-EBASKBAT4X5,CHIEFKEEF x yangrainmaker,CHIEFKEEF,CHI Bulls,yangrainmaker,OKC Thunder,03/08/2026,10:18:33,Handicap,OKC Thunder (yangrainmaker) (+9.5),9.5,,,,,2.0,None-None,85-80,Green,1.0,12354940
,B-EBASKBAT4X5,panteraxball x CHIEFKEEF,panteraxball,ORL Magic,CHIEFKEEF,CHI Bulls,03/08/2026,10:18:33,Handicap,ORL Magic (panteraxball) (+4.5),4.5,,,,,1.833,None-None,69-79,Red,-1.0,12354990
,B-EBASKBAT4X5,yangrainmaker x faLcOn,yangrainmaker,OKC Thunder,faLcOn,POR T Blazers,03/08/2026,11:04:34,Handicap,POR T Blazers (faLcOn) (+8.5),8.5,,,,,2.0,None-None,87-79,Green,1.0,12354991
,B-EBASKBAT4X5,Bazuka x Koja,Bazuka,MIN Timberwolves,Koja,NO Pelicans,03/08/2026,12:07:05,Handicap,MIN Timberwolves (Bazuka) (+1.5),1.5,,,,,1.833,None-None,44-65,Red,-1.0,12355425
,B-EBASKBAT4X5,veljouni x Pakapaka,veljouni,MIA Heat,Pakapaka,PHI 76ers,03/08/2026,13:09:43,Handicap,PHI 76ers (Pakapaka) (+1.5),1.5,,,,,1.833,0-0,64-62,Red,-1.0,12355427
,B-EBASKBAT4X5,Pakapaka x Lucashin,Pakapaka,PHI 76ers,Lucashin,SAC Kings,03/08/2026,12:02:50,Handicap,PHI 76ers (Pakapaka) (+3.5),3.5,,,,,1.833,None-None,60-65,Red,-1.0,12355443
,B-EBASKBAT4X5,Koja x veljouni,Koja,NO Pelicans,veljouni,MIA Heat,03/08/2026,12:02:02,Handicap,NO Pelicans (Koja) (+1.5),1.5,,,,,2.0,None-None,78-70,Green,1.0,12355442
,B-EBASKBAT4X5,veljouni x Bazuka,veljouni,MIA Heat,Bazuka,MIN Timberwolves,03/08/2026,12:02:50,Handicap,MIN Timberwolves (Bazuka) (+5.5),5.5,,,,,1.833,None-None,70-59,Red,-1.0,12355445
,B-EBASKBAT4X5,Lucashin x Koja,Lucashin,SAC Kings,Koja,NO Pelicans,03/08/2026,12:02:50,Handicap,NO Pelicans (Koja) (+4.5),4.5,,,,,1.833,None-None,58-53,Red,-1.0,12355444
,B-EBASKBAT4X5,Bazuka x Lucashin,Bazuka,MIN Timberwolves,Lucashin,SAC Kings,03/08/2026,14:14:44,Handicap,MIN Timberwolves (Bazuka) (+6.5),6.5,,,,,1.833,None-None,57-73,Red,-1.0,12355896
,B-EBASKBAT4X5,Koja x Pakapaka,Koja,NO Pelicans,Pakapaka,PHI 76ers,03/08/2026,14:14:44,Handicap,PHI 76ers (Pakapaka) (+1.5),1.5,,,,,2.0,None-None,40-58,Green,1.0,12355898
,B-EBASKBAT4X5,Pakapaka x Bazuka,Pakapaka,PHI 76ers,Bazuka,MIN Timberwolves,03/08/2026,14:14:44,Handicap,PHI 76ers (Pakapaka) (+1.5),1.5,,,,,1.869,None-None,42-68,Red,-1.0,12355924
,B-EBASKBAT4X5,Lucashin x veljouni,Lucashin,SAC Kings,veljouni,MIA Heat,03/08/2026,14:14:44,Handicap,SAC Kings (Lucashin) (+1.5),1.5,,,,,1.74,None-None,59-68,Red,-1.0,12355932
,B-EBASKBAT4X5,Pakapaka x veljouni,Pakapaka,PHI 76ers,veljouni,MIA Heat,03/08/2026,16:13:40,Handicap,PHI 76ers (Pakapaka) (+1.5),1.5,,,,,1.833,None-None,65-70,Red,-1.0,12356214
,B-EBASKBAT4X5,Koja x Bazuka,Koja,NO Pelicans,Bazuka,MIN Timberwolves,03/08/2026,16:13:40,Handicap,MIN Timberwolves (Bazuka) (+3.5),3.5,,,,,1.833,None-None,61-54,Red,-1.0,12356215
,B-EBASKBAT4X5,veljouni x Koja,veljouni,MIA Heat,Koja,NO Pelicans,03/08/2026,16:54:38,Handicap,MIA Heat (veljouni) (+1.5),1.5,,,,,1.833,0-0,60-54,Green,0.833,12356392
,B-EBASKBAT4X5,Lucashin x Pakapaka,Lucashin,SAC Kings,Pakapaka,PHI 76ers,03/08/2026,16:55:02,Handicap,PHI 76ers (Pakapaka) (+3.5),3.5,,,,,1.833,0-0,65-68,Green,0.833,12356393
,B-EBASKBAT4X5,Bazuka x veljouni,Bazuka,MIN Timberwolves,veljouni,MIA Heat,03/08/2026,17:06:47,Handicap,MIN Timberwolves (Bazuka) (+7.5),7.5,,,,,1.833,None-None,60-75,Red,-1.0,12356501
,B-EBASKBAT4X5,Koja x Lucashin,Koja,NO Pelicans,Lucashin,SAC Kings,03/08/2026,17:06:47,Handicap,NO Pelicans (Koja) (+4.5),4.5,,,,,1.833,None-None,67-73,Red,-1.0,12356500
,B-EBASKBAT4X5,Lucashin x Bazuka,Lucashin,SAC Kings,Bazuka,MIN Timberwolves,03/08/2026,17:07:12,Handicap,MIN Timberwolves (Bazuka) (+6.5),6.5,,,,,2.0,None-None,78-63,Red,-1.0,12356503
,B-EBASKBAT4X5,Pakapaka x Koja,Pakapaka,PHI 76ers,Koja,NO Pelicans,03/08/2026,17:06:47,Handicap,NO Pelicans (Koja) (+1.5),1.5,,,,,1.833,None-None,69-57,Red,-1.0,12356502
,B-EBASKBAT4X5,Bazuka x Pakapaka,Bazuka,MIN Timberwolves,Pakapaka,PHI 76ers,03/08/2026,18:38:42,Handicap,PHI 76ers (Pakapaka) (+2.5),2.5,,,,,1.833,None-None,76-49,Red,-1.0,12356836
,B-EBASKBAT4X5,veljouni x Lucashin,veljouni,MIA Heat,Lucashin,SAC Kings,03/08/2026,18:52:35,Handicap,SAC Kings (Lucashin) (+1.5),1.5,,,,,1.833,None-None,78-62,Red,-1.0,12356837
,B-EBASKBAT4X5,Bazuka x Koja,Bazuka,MIN Timberwolves,Koja,NO Pelicans,03/08/2026,18:52:35,Handicap,MIN Timberwolves (Bazuka) (+3.5),3.5,,,,,1.833,None-None,56-51,Green,0.833,12356914
,B-EBASKBAT4X5,veljouni x Pakapaka,veljouni,MIA Heat,Pakapaka,PHI 76ers,03/08/2026,18:52:35,Handicap,PHI 76ers (Pakapaka) (+2.5),2.5,,,,,1.833,None-None,65-51,Red,-1.0,12356913
,B-EBASKBAT4X5,Pakapaka x Lucashin,Pakapaka,PHI 76ers,Lucashin,SAC Kings,03/08/2026,18:52:35,Handicap,PHI 76ers (Pakapaka) (+3.5),3.5,,,,,1.833,None-None,73-65,Green,0.833,12356916
,B-EBASKBAT4X5,Koja x veljouni,Koja,NO Pelicans,veljouni,MIA Heat,03/08/2026,18:52:35,Handicap,NO Pelicans (Koja) (+1.5),1.5,,,,,1.833,None-None,72-74,Red,-1.0,12356915
,B-EBASKBAT4X5,panteraxball x Kadzima,panteraxball,ORL Magic,Kadzima,TOR Raptors,04/08/2026,04:02:04,Handicap,TOR Raptors (Kadzima) (+1.5),1.5,,,,,1.833,None-None,72-63,Red,-1.0,12359049
,B-EBASKBAT4X5,yangrainmaker x CHIEFKEEF,yangrainmaker,OKC Thunder,CHIEFKEEF,CHI Bulls,04/08/2026,04:02:04,Handicap,OKC Thunder (yangrainmaker) (+7.5),7.5,,,,,1.833,None-None,59-75,Red,-1.0,12359048
,B-EBASKBAT4X5,Kadzima x yangrainmaker,Kadzima,TOR Raptors,yangrainmaker,OKC Thunder,04/08/2026,05:08:30,Handicap,OKC Thunder (yangrainmaker) (+1.5),1.5,,,,,1.833,None-None,76-60,Red,-1.0,12359124
,B-EBASKBAT4X5,CHIEFKEEF x The_Professor,CHIEFKEEF,CHI Bulls,The_Professor,SAC Kings,04/08/2026,05:08:30,Handicap,CHI Bulls (CHIEFKEEF) (+4.5),4.5,,,,,1.833,None-None,58-70,Red,-1.0,12359125
,B-EBASKBAT4X5,The_Professor x Kadzima,The_Professor,SAC Kings,Kadzima,TOR Raptors,04/08/2026,05:44:16,Handicap,TOR Raptors (Kadzima) (+5.5),5.5,,,,,1.833,None-None,83-55,Red,-1.0,12359214
,B-EBASKBAT4X5,yangrainmaker x panteraxball,yangrainmaker,OKC Thunder,panteraxball,ORL Magic,04/08/2026,05:44:16,Handicap,OKC Thunder (yangrainmaker) (+1.5),1.5,,,,,1.833,None-None,73-69,Green,0.833,12359215
,B-EBASKBAT4X5,Kadzima x CHIEFKEEF,Kadzima,TOR Raptors,CHIEFKEEF,CHI Bulls,04/08/2026,05:53:53,Handicap,TOR Raptors (Kadzima) (+4.5),4.5,,,,,1.833,None-None,77-81,Green,0.833,12359298
,B-EBASKBAT4X5,panteraxball x The_Professor,panteraxball,ORL Magic,The_Professor,SAC Kings,04/08/2026,05:53:53,Handicap,ORL Magic (panteraxball) (+6.5),6.5,,,,,1.833,None-None,57-76,Red,-1.0,12359297
,B-EBASKBAT4X5,CHIEFKEEF x panteraxball,CHIEFKEEF,CHI Bulls,panteraxball,ORL Magic,04/08/2026,06:20:55,Handicap,ORL Magic (panteraxball) (+3.5),3.5,,,,,1.833,None-None,87-62,Red,-1.0,12359399
,B-EBASKBAT4X5,The_Professor x yangrainmaker,The_Professor,SAC Kings,yangrainmaker,OKC Thunder,04/08/2026,06:20:55,Handicap,OKC Thunder (yangrainmaker) (+8.5),8.5,,,,,1.833,None-None,70-64,Green,0.833,12359400
,B-EBASKBAT4X5,Kadzima x panteraxball,Kadzima,TOR Raptors,panteraxball,ORL Magic,04/08/2026,07:49:15,Handicap,TOR Raptors (Kadzima) (+4.5),4.5,,,,,1.833,0-0,62-81,Red,-1.0,12359510
,B-EBASKBAT4X5,CHIEFKEEF x yangrainmaker,CHIEFKEEF,CHI Bulls,yangrainmaker,OKC Thunder,04/08/2026,07:49:29,Handicap,OKC Thunder (yangrainmaker) (+10.5),10.5,,,,,1.833,0-0,84-74,Green,0.833,12359509
,B-EBASKBAT4X5,The_Professor x CHIEFKEEF,The_Professor,SAC Kings,CHIEFKEEF,CHI Bulls,04/08/2026,08:16:08,Handicap,CHI Bulls (CHIEFKEEF) (+5.5),5.5,,,,,1.833,None-None,72-61,Red,-1.0,12359643
,B-EBASKBAT4X5,yangrainmaker x Kadzima,yangrainmaker,OKC Thunder,Kadzima,TOR Raptors,04/08/2026,08:16:08,Handicap,OKC Thunder (yangrainmaker) (+5.5),5.5,,,,,1.833,None-None,65-63,Green,0.833,12359644
,B-EBASKBAT4X5,Kadzima x The_Professor,Kadzima,TOR Raptors,The_Professor,SAC Kings,04/08/2026,08:53:42,Handicap,TOR Raptors (Kadzima) (+10.5),10.5,,,,,1.833,None-None,68-73,Green,0.833,12359719
,B-EBASKBAT4X5,panteraxball x yangrainmaker,panteraxball,ORL Magic,yangrainmaker,OKC Thunder,04/08/2026,08:53:42,Handicap,OKC Thunder (yangrainmaker) (+1.5),1.5,,,,,1.833,None-None,69-83,Green,0.833,12359722
,B-EBASKBAT4X5,The_Professor x panteraxball,The_Professor,SAC Kings,panteraxball,ORL Magic,04/08/2026,08:53:42,Handicap,ORL Magic (panteraxball) (+8.5),8.5,,,,,1.833,None-None,79-74,Green,0.833,12359742
,B-EBASKBAT4X5,CHIEFKEEF x Kadzima,CHIEFKEEF,CHI Bulls,Kadzima,TOR Raptors,04/08/2026,08:53:42,Handicap,TOR Raptors (Kadzima) (+5.5),5.5,,,,,1.833,None-None,77-59,Red,-1.0,12359743
,B-EBASKBAT4X5,panteraxball x CHIEFKEEF,panteraxball,ORL Magic,CHIEFKEEF,CHI Bulls,04/08/2026,09:31:38,Handicap,ORL Magic (panteraxball) (+6.5),6.5,,,,,2.0,None-None,54-77,Red,-1.0,12359864
,B-EBASKBAT4X5,yangrainmaker x The_Professor,yangrainmaker,OKC Thunder,The_Professor,SAC Kings,04/08/2026,09:31:38,Handicap,OKC Thunder (yangrainmaker) (+7.5),7.5,,,,,1.833,None-None,54-74,Red,-1.0,12359865
,B-EBASKBAT4X5,yangrainmaker x CHIEFKEEF,yangrainmaker,OKC Thunder,CHIEFKEEF,CHI Bulls,04/08/2026,09:31:38,Handicap,OKC Thunder (yangrainmaker) (+9.5),9.5,,,,,2.0,None-None,58-66,Green,1.0,12359867
,B-EBASKBAT4X5,panteraxball x Kadzima,panteraxball,ORL Magic,Kadzima,TOR Raptors,04/08/2026,10:06:51,Handicap,TOR Raptors (Kadzima) (+6.5),6.5,,,,,2.0,None-None,66-75,Green,1.0,12359909
,B-EBASKBAT4X5,Kadzima x yangrainmaker,Kadzima,TOR Raptors,yangrainmaker,OKC Thunder,04/08/2026,11:29:32,Handicap,OKC Thunder (yangrainmaker) (+1.5),1.5,,,,,2.0,None-None,69-54,Red,-1.0,12359922
,B-EBASKBAT4X5,CHIEFKEEF x The_Professor,CHIEFKEEF,CHI Bulls,The_Professor,SAC Kings,04/08/2026,11:29:32,Handicap,CHI Bulls (CHIEFKEEF) (+6.5),6.5,,,,,1.833,None-None,78-80,Green,0.833,12359923
,B-EBASKBAT4X5,Koja x Lucashin,Koja,NO Pelicans,Lucashin,SAC Kings,04/08/2026,12:12:54,Handicap,NO Pelicans (Koja) (+4.5),4.5,,,,,1.833,None-None,60-63,Green,0.833,12360486
,B-EBASKBAT4X5,veljouni x Djoks,veljouni,MIA Heat,Djoks,TOR Raptors,04/08/2026,12:12:54,Handicap,TOR Raptors (Djoks) (+1.5),1.5,,,,,1.74,None-None,69-67,Red,-1.0,12360487
,B-EBASKBAT4X5,Djoks x Koja,Djoks,TOR Raptors,Koja,NO Pelicans,04/08/2026,12:12:54,Handicap,NO Pelicans (Koja) (+1.5),1.5,,,,,1.833,None-None,69-53,Red,-1.0,12360488
,B-EBASKBAT4X5,Lucashin x Bazuka,Lucashin,SAC Kings,Bazuka,MIN Timberwolves,04/08/2026,12:12:54,Handicap,MIN Timberwolves (Bazuka) (+5.5),5.5,,,,,2.0,None-None,68-64,Green,1.0,12360489
,B-EBASKBAT4X5,Bazuka x Djoks,Bazuka,MIN Timberwolves,Djoks,TOR Raptors,04/08/2026,13:40:23,Handicap,MIN Timberwolves (Bazuka) (+3.5),3.5,,,,,1.833,None-None,47-54,Red,-1.0,12360738
,B-EBASKBAT4X5,Koja x veljouni,Koja,NO Pelicans,veljouni,MIA Heat,04/08/2026,13:40:23,Handicap,NO Pelicans (Koja) (+4.5),4.5,,,,,1.833,None-None,55-53,Green,0.833,12360739
,B-EBASKBAT4X5,veljouni x Bazuka,veljouni,MIA Heat,Bazuka,MIN Timberwolves,04/08/2026,13:40:23,Handicap,MIN Timberwolves (Bazuka) (+7.5),7.5,,,,,1.833,None-None,73-60,Red,-1.0,12360796
,B-EBASKBAT4X5,Djoks x Lucashin,Djoks,TOR Raptors,Lucashin,SAC Kings,04/08/2026,13:40:23,Handicap,TOR Raptors (Djoks) (+2.5),2.5,,,,,1.833,None-None,69-57,Green,0.833,12360797
,B-EBASKBAT4X5,Lucashin x veljouni,Lucashin,SAC Kings,veljouni,MIA Heat,04/08/2026,14:17:58,Handicap,SAC Kings (Lucashin) (+1.5),1.5,,,,,1.833,None-None,66-68,Red,-1.0,12360968
,B-EBASKBAT4X5,Bazuka x Koja,Bazuka,MIN Timberwolves,Koja,NO Pelicans,04/08/2026,14:17:58,Handicap,MIN Timberwolves (Bazuka) (+1.5),1.5,,,,,1.833,None-None,54-62,Red,-1.0,12360969
,B-EBASKBAT4X5,Lucashin x Koja,Lucashin,SAC Kings,Koja,NO Pelicans,04/08/2026,16:12:50,Handicap,NO Pelicans (Koja) (+4.5),4.5,,,,,1.833,None-None,55-63,Green,0.833,12361511
,B-EBASKBAT4X5,Djoks x veljouni,Djoks,TOR Raptors,veljouni,MIA Heat,04/08/2026,16:12:50,Handicap,TOR Raptors (Djoks) (+1.5),1.5,,,,,1.833,None-None,69-67,Green,0.833,12361512
,B-EBASKBAT4X5,Bazuka x Lucashin,Bazuka,MIN Timberwolves,Lucashin,SAC Kings,04/08/2026,16:12:50,Handicap,MIN Timberwolves (Bazuka) (+5.5),5.5,,,,,1.833,None-None,69-81,Red,-1.0,12361516
,B-EBASKBAT4X5,Koja x Djoks,Koja,NO Pelicans,Djoks,TOR Raptors,04/08/2026,16:12:50,Handicap,NO Pelicans (Koja) (+4.5),4.5,,,,,1.833,None-None,56-45,Green,0.833,12361515
,B-EBASKBAT4X5,Djoks x Bazuka,Djoks,TOR Raptors,Bazuka,MIN Timberwolves,04/08/2026,16:12:50,Handicap,MIN Timberwolves (Bazuka) (+4.5),4.5,,,,,1.833,None-None,63-71,Green,0.833,12361520
,B-EBASKBAT4X5,veljouni x Koja,veljouni,MIA Heat,Koja,NO Pelicans,04/08/2026,16:12:50,Handicap,NO Pelicans (Koja) (+3.5),3.5,,,,,1.833,None-None,80-70,Red,-1.0,12361521
,B-EBASKBAT4X5,Bazuka x veljouni,Bazuka,MIN Timberwolves,veljouni,MIA Heat,04/08/2026,16:54:26,Handicap,MIN Timberwolves (Bazuka) (+8.5),8.5,,,,,1.833,None-None,61-79,Red,-1.0,12361576
,B-EBASKBAT4X5,Lucashin x Djoks,Lucashin,SAC Kings,Djoks,TOR Raptors,04/08/2026,16:54:26,Handicap,TOR Raptors (Djoks) (+1.5),1.5,,,,,1.833,None-None,59-66,Green,0.833,12361577
,B-EBASKBAT4X5,Koja x Bazuka,Koja,NO Pelicans,Bazuka,MIN Timberwolves,04/08/2026,17:49:22,Handicap,MIN Timberwolves (Bazuka) (+3.5),3.5,,,,,1.833,None-None,51-69,Green,0.833,12361943
,B-EBASKBAT4X5,veljouni x Lucashin,veljouni,MIA Heat,Lucashin,SAC Kings,04/08/2026,17:49:22,Handicap,SAC Kings (Lucashin) (+1.5),1.5,,,,,1.833,None-None,74-73,Green,0.833,12361942
,B-EBASKBAT4X5,Koja x Lucashin,Koja,NO Pelicans,Lucashin,SAC Kings,04/08/2026,19:28:58,Handicap,NO Pelicans (Koja) (+3.5),3.5,,,,,1.833,0-0,51-69,Red,-1.0,12362243
,B-EBASKBAT4X5,veljouni x Djoks,veljouni,MIA Heat,Djoks,TOR Raptors,04/08/2026,19:29:00,Handicap,TOR Raptors (Djoks) (+1.5),1.5,,,,,1.833,0-0,64-70,Green,0.833,12362244
,B-EBASKBAT4X5,Djoks x Koja,Djoks,TOR Raptors,Koja,NO Pelicans,04/08/2026,19:58:50,Handicap,NO Pelicans (Koja) (+3.5),3.5,,,,,1.833,None-None,66-62,Red,-1.0,12362274
,B-EBASKBAT4X5,Lucashin x Bazuka,Lucashin,SAC Kings,Bazuka,MIN Timberwolves,04/08/2026,19:55:01,Handicap,MIN Timberwolves (Bazuka) (+7.5),7.5,,,,,1.833,None-None,54-57,Green,0.833,12362275
,B-EBASKBAT4X5,Kadzima x The_Professor,Kadzima,TOR Raptors,The_Professor,SAC Kings,05/08/2026,04:24:57,Handicap,TOR Raptors (Kadzima) (+7.5),7.5,,,,,1.833,None-None,60-62,Green,0.833,12364154
,B-EBASKBAT4X5,Lalkoff x lucker,Lalkoff,DET Pistons,lucker,MIA Heat,05/08/2026,04:24:57,Handicap,DET Pistons (Lalkoff) (+4.5),4.5,,,,,1.833,None-None,71-64,Green,0.833,12364153
,B-EBASKBAT4X5,The_Professor x Lalkoff,The_Professor,SAC Kings,Lalkoff,DET Pistons,05/08/2026,05:12:59,Handicap,DET Pistons (Lalkoff) (+12.5),12.5,,,,,1.833,None-None,78-58,Red,-1.0,12364231
,B-EBASKBAT4X5,lucker x CHIEFKEEF,lucker,MIA Heat,CHIEFKEEF,CHI Bulls,05/08/2026,05:12:59,Handicap,MIA Heat (lucker) (+3.5),3.5,,,,,1.833,None-None,74-77,Green,0.833,12364232
,B-EBASKBAT4X5,CHIEFKEEF x The_Professor,CHIEFKEEF,CHI Bulls,The_Professor,SAC Kings,05/08/2026,05:45:12,Handicap,CHI Bulls (CHIEFKEEF) (+5.5),5.5,,,,,1.833,None-None,58-85,Red,-1.0,12364293
,B-EBASKBAT4X5,Lalkoff x Kadzima,Lalkoff,DET Pistons,Kadzima,TOR Raptors,05/08/2026,05:45:12,Handicap,DET Pistons (Lalkoff) (+6.5),6.5,,,,,1.833,None-None,55-75,Red,-1.0,12364294
,B-EBASKBAT4X5,The_Professor x lucker,The_Professor,SAC Kings,lucker,MIA Heat,05/08/2026,06:20:19,Handicap,MIA Heat (lucker) (+6.5),6.5,,,,,1.833,None-None,61-77,Green,0.833,12364360
,B-EBASKBAT4X5,Kadzima x CHIEFKEEF,Kadzima,TOR Raptors,CHIEFKEEF,CHI Bulls,05/08/2026,06:20:19,Handicap,TOR Raptors (Kadzima) (+3.5),3.5,,,,,1.833,None-None,79-87,Red,-1.0,12364359
,B-EBASKBAT4X5,lucker x Kadzima,lucker,MIA Heat,Kadzima,TOR Raptors,05/08/2026,06:54:21,Handicap,TOR Raptors (Kadzima) (+4.5),4.5,,,,,1.833,None-None,77-73,Green,0.833,12364570
,B-EBASKBAT4X5,CHIEFKEEF x Lalkoff,CHIEFKEEF,CHI Bulls,Lalkoff,DET Pistons,05/08/2026,06:54:21,Handicap,DET Pistons (Lalkoff) (+7.5),7.5,,,,,1.833,None-None,87-74,Red,-1.0,12364571
,B-EBASKBAT4X5,The_Professor x Kadzima,The_Professor,SAC Kings,Kadzima,TOR Raptors,05/08/2026,06:54:21,Handicap,TOR Raptors (Kadzima) (+4.5),4.5,,,,,1.833,None-None,89-80,Red,-1.0,12364573
,B-EBASKBAT4X5,lucker x Lalkoff,lucker,MIA Heat,Lalkoff,DET Pistons,05/08/2026,06:54:21,Handicap,MIA Heat (lucker) (+2.5),2.5,,,,,1.833,None-None,75-71,Green,0.833,12364572
,B-EBASKBAT4X5,CHIEFKEEF x lucker,CHIEFKEEF,CHI Bulls,lucker,MIA Heat,05/08/2026,08:24:34,Handicap,MIA Heat (lucker) (+3.5),3.5,,,,,1.833,0-0,70-66,Red,-1.0,12364724
,B-EBASKBAT4X5,Lalkoff x The_Professor,Lalkoff,DET Pistons,The_Professor,SAC Kings,05/08/2026,08:24:03,Handicap,DET Pistons (Lalkoff) (+13.5),13.5,,,,,1.833,0-0,65-75,Green,0.833,12364723
,B-EBASKBAT4X5,Kadzima x Lalkoff,Kadzima,TOR Raptors,Lalkoff,DET Pistons,05/08/2026,08:55:40,Handicap,DET Pistons (Lalkoff) (+7.5),7.5,,,,,2.0,None-None,78-61,Red,-1.0,12364754
,B-EBASKBAT4X5,The_Professor x CHIEFKEEF,The_Professor,SAC Kings,CHIEFKEEF,CHI Bulls,05/08/2026,08:55:40,Handicap,CHI Bulls (CHIEFKEEF) (+7.5),7.5,,,,,1.952,None-None,72-81,Green,0.952,12364750
,B-EBASKBAT4X5,CHIEFKEEF x Kadzima,CHIEFKEEF,CHI Bulls,Kadzima,TOR Raptors,05/08/2026,09:34:06,Handicap,TOR Raptors (Kadzima) (+6.5),6.5,,,,,1.833,0-0,86-81,Green,0.833,12364907
,B-EBASKBAT4X5,lucker x The_Professor,lucker,MIA Heat,The_Professor,SAC Kings,05/08/2026,09:49:25,Handicap,MIA Heat (lucker) (+5.5),5.5,,,,,1.833,0-0,73-65,Green,0.833,12364910
,B-EBASKBAT4X5,Kadzima x lucker,Kadzima,TOR Raptors,lucker,MIA Heat,05/08/2026,10:23:30,Handicap,TOR Raptors (Kadzima) (+3.5),3.5,,,,,1.833,None-None,71-83,Red,-1.0,12364913
,B-EBASKBAT4X5,Lalkoff x CHIEFKEEF,Lalkoff,DET Pistons,CHIEFKEEF,CHI Bulls,05/08/2026,10:20:07,Handicap,DET Pistons (Lalkoff) (+9.5),9.5,,,,,1.833,None-None,68-81,Red,-1.0,12364930
,B-EBASKBAT4X5,Kadzima x The_Professor,Kadzima,TOR Raptors,The_Professor,SAC Kings,05/08/2026,10:54:36,Handicap,TOR Raptors (Kadzima) (+7.5),7.5,,,,,2.0,None-None,62-84,Red,-1.0,12365376
,B-EBASKBAT4X5,Lalkoff x lucker,Lalkoff,DET Pistons,lucker,MIA Heat,05/08/2026,10:54:36,Handicap,DET Pistons (Lalkoff) (+3.5),3.5,,,,,1.833,None-None,80-59,Green,0.833,12365375
,B-EBASKBAT4X5,lucker x CHIEFKEEF,lucker,MIA Heat,CHIEFKEEF,CHI Bulls,05/08/2026,11:28:33,Handicap,MIA Heat (lucker) (+5.5),5.5,,,,,1.833,None-None,63-71,Red,-1.0,12365409
,B-EBASKBAT4X5,The_Professor x Lalkoff,The_Professor,SAC Kings,Lalkoff,DET Pistons,05/08/2026,11:28:33,Handicap,DET Pistons (Lalkoff) (+10.5),10.5,,,,,1.833,None-None,75-67,Green,0.833,12365408
,B-EBASKBAT4X5,Djoks x Bazuka,Djoks,TOR Raptors,Bazuka,MIN Timberwolves,05/08/2026,12:33:03,Handicap,MIN Timberwolves (Bazuka) (+4.5),4.5,,,,,1.833,None-None,66-59,Red,-1.0,12365749
,B-EBASKBAT4X5,Koja x veljouni,Koja,NO Pelicans,veljouni,MIA Heat,05/08/2026,13:09:55,Handicap,NO Pelicans (Koja) (+4.5),4.5,,,,,1.833,0-0,63-84,Red,-1.0,12365747
,B-EBASKBAT4X5,Bazuka x Pakapaka,Bazuka,MIN Timberwolves,Pakapaka,PHI 76ers,05/08/2026,12:35:47,Handicap,PHI 76ers (Pakapaka) (+2.5),2.5,,,,,1.833,None-None,58-53,Red,-1.0,12365767
,B-EBASKBAT4X5,veljouni x Djoks,veljouni,MIA Heat,Djoks,TOR Raptors,05/08/2026,12:33:03,Handicap,TOR Raptors (Djoks) (+1.5),1.5,,,,,1.833,None-None,76-64,Red,-1.0,12365758
,B-EBASKBAT4X5,Djoks x Koja,Djoks,TOR Raptors,Koja,NO Pelicans,05/08/2026,12:38:19,Handicap,NO Pelicans (Koja) (+3.5),3.5,,,,,1.833,None-None,62-58,Red,-1.0,12365770
,B-EBASKBAT4X5,Pakapaka x veljouni,Pakapaka,PHI 76ers,veljouni,MIA Heat,05/08/2026,12:35:47,Handicap,PHI 76ers (Pakapaka) (+3.5),3.5,,,,,1.833,None-None,59-60,Green,0.833,12365768
,B-EBASKBAT4X5,Koja x Pakapaka,Koja,NO Pelicans,Pakapaka,PHI 76ers,05/08/2026,12:43:07,Handicap,NO Pelicans (Koja) (+1.5),1.5,,,,,1.833,None-None,56-63,Red,-1.0,12365785
,B-EBASKBAT4X5,veljouni x Bazuka,veljouni,MIA Heat,Bazuka,MIN Timberwolves,05/08/2026,12:40:09,Handicap,MIN Timberwolves (Bazuka) (+8.5),8.5,,,,,1.833,None-None,52-60,Green,0.833,12365780
,B-EBASKBAT4X5,Bazuka x Koja,Bazuka,MIN Timberwolves,Koja,NO Pelicans,05/08/2026,12:43:07,Handicap,MIN Timberwolves (Bazuka) (+1.5),1.5,,,,,1.833,None-None,81-56,Green,0.833,12365786
,B-EBASKBAT4X5,Pakapaka x Djoks,Pakapaka,PHI 76ers,Djoks,TOR Raptors,05/08/2026,12:45:43,Handicap,PHI 76ers (Pakapaka) (+4.5),4.5,,,,,1.833,None-None,52-54,Green,0.833,12365811
,B-EBASKBAT4X5,veljouni x Koja,veljouni,MIA Heat,Koja,NO Pelicans,05/08/2026,14:18:42,Handicap,NO Pelicans (Koja) (+6.5),6.5,,,,,1.833,None-None,67-75,Green,0.833,12366140
,B-EBASKBAT4X5,Bazuka x Djoks,Bazuka,MIN Timberwolves,Djoks,TOR Raptors,05/08/2026,14:18:42,Handicap,MIN Timberwolves (Bazuka) (+4.5),4.5,,,,,1.833,None-None,53-61,Red,-1.0,12366139
,B-EBASKBAT4X5,Djoks x veljouni,Djoks,TOR Raptors,veljouni,MIA Heat,05/08/2026,15:23:28,Handicap,TOR Raptors (Djoks) (+2.5),2.5,,,,,1.833,None-None,60-59,Green,0.833,12366331
,B-EBASKBAT4X5,Koja x Djoks,Koja,NO Pelicans,Djoks,TOR Raptors,05/08/2026,16:55:02,Handicap,NO Pelicans (Koja) (+4.5),4.5,,,,,1.833,None-None,52-59,Red,-1.0,12366517
,B-EBASKBAT4X5,veljouni x Pakapaka,veljouni,MIA Heat,Pakapaka,PHI 76ers,05/08/2026,16:18:22,Handicap,PHI 76ers (Pakapaka) (+3.5),3.5,,,,,1.833,None-None,71-65,Red,-1.0,12366500
,B-EBASKBAT4X5,Pakapaka x Koja,Pakapaka,PHI 76ers,Koja,NO Pelicans,05/08/2026,16:18:22,Handicap,NO Pelicans (Koja) (+2.5),2.5,,,,,1.833,None-None,53-56,Green,0.833,12366555
,B-EBASKBAT4X5,Pakapaka x Bazuka,Pakapaka,PHI 76ers,Bazuka,MIN Timberwolves,05/08/2026,14:50:29,Handicap,PHI 76ers (Pakapaka) (+2.5),2.5,,,,,1.833,None-None,51-52,Green,0.833,12366316
,B-EBASKBAT4X5,Bazuka x veljouni,Bazuka,MIN Timberwolves,veljouni,MIA Heat,05/08/2026,16:18:22,Handicap,MIN Timberwolves (Bazuka) (+6.5),6.5,,,,,1.833,None-None,61-73,Red,-1.0,12366612
,B-EBASKBAT4X5,Djoks x Pakapaka,Djoks,TOR Raptors,Pakapaka,PHI 76ers,05/08/2026,17:27:24,Handicap,PHI 76ers (Pakapaka) (+3.5),3.5,,,,,1.833,None-None,71-50,Red,-1.0,12366903
,B-EBASKBAT4X5,Koja x Bazuka,Koja,NO Pelicans,Bazuka,MIN Timberwolves,05/08/2026,16:55:02,Handicap,NO Pelicans (Koja) (+1.5),1.5,,,,,1.833,None-None,66-63,Green,0.833,12366844
,B-EBASKBAT4X5,Djoks x Bazuka,Djoks,TOR Raptors,Bazuka,MIN Timberwolves,05/08/2026,19:23:47,Handicap,MIN Timberwolves (Bazuka) (+5.5),5.5,,,,,1.833,None-None,0-0,Green,0.833,12367409
,B-EBASKBAT4X5,Koja x veljouni,Koja,NO Pelicans,veljouni,MIA Heat,05/08/2026,19:23:47,Handicap,NO Pelicans (Koja) (+3.5),3.5,,,,,1.833,None-None,69-72,Green,0.833,12367410
,B-EBASKBAT4X5,Bazuka x Pakapaka,Bazuka,MIN Timberwolves,Pakapaka,PHI 76ers,05/08/2026,19:23:47,Handicap,PHI 76ers (Pakapaka) (+1.5),1.5,,,,,1.833,None-None,70-56,Red,-1.0,12367466
,B-EBASKBAT4X5,veljouni x Djoks,veljouni,MIA Heat,Djoks,TOR Raptors,05/08/2026,20:04:22,Handicap,TOR Raptors (Djoks) (+1.5),1.5,,,,,1.833,0-0,47-59,Green,0.833,12367491
,B-EBASKBAT4X5,lucker x Kadzima,lucker,MIA Heat,Kadzima,TOR Raptors,06/08/2026,04:38:49,Handicap,TOR Raptors (Kadzima) (+2.5),2.5,,,,,1.833,0-0,90-73,Red,-1.0,12369277
,B-EBASKBAT4X5,The_Professor x CHIEFKEEF,The_Professor,SAC Kings,CHIEFKEEF,CHI Bulls,06/08/2026,04:32:15,Handicap,CHI Bulls (CHIEFKEEF) (+2.5),2.5,,,,,1.952,None-None,62-74,Green,0.952,12369258
,B-EBASKBAT4X5,Kadzima x Lalkoff,Kadzima,TOR Raptors,Lalkoff,DET Pistons,06/08/2026,05:09:29,Handicap,DET Pistons (Lalkoff) (+5.5),5.5,,,,,1.833,None-None,74-60,Red,-1.0,12369290
,B-EBASKBAT4X5,CHIEFKEEF x lucker,CHIEFKEEF,CHI Bulls,lucker,MIA Heat,06/08/2026,05:09:29,Handicap,MIA Heat (lucker) (+8.5),8.5,,,,,1.833,None-None,72-60,Red,-1.0,12365783
,B-EBASKBAT4X5,lucker x The_Professor,lucker,MIA Heat,The_Professor,SAC Kings,06/08/2026,05:13:15,Handicap,MIA Heat (lucker) (+4.5),4.5,,,,,1.833,None-None,59-75,Red,-1.0,12369337
,B-EBASKBAT4X5,Lalkoff x CHIEFKEEF,Lalkoff,DET Pistons,CHIEFKEEF,CHI Bulls,06/08/2026,05:13:15,Handicap,DET Pistons (Lalkoff) (+10.5),10.5,,,,,1.833,None-None,76-74,Green,0.833,12369336
,B-EBASKBAT4X5,CHIEFKEEF x Kadzima,CHIEFKEEF,CHI Bulls,Kadzima,TOR Raptors,06/08/2026,05:52:33,Handicap,TOR Raptors (Kadzima) (+6.5),6.5,,,,,1.833,None-None,74-71,Green,0.833,12369444
,B-EBASKBAT4X5,The_Professor x Lalkoff,The_Professor,SAC Kings,Lalkoff,DET Pistons,06/08/2026,05:52:33,Handicap,DET Pistons (Lalkoff) (+11.5),11.5,,,,,1.833,None-None,60-76,Green,0.833,12369443
,B-EBASKBAT4X5,Kadzima x The_Professor,Kadzima,TOR Raptors,The_Professor,SAC Kings,06/08/2026,06:58:51,Handicap,TOR Raptors (Kadzima) (+7.5),7.5,,,,,1.833,0-0,74-71,Green,0.833,12369488
,B-EBASKBAT4X5,Lalkoff x lucker,Lalkoff,DET Pistons,lucker,MIA Heat,06/08/2026,07:13:56,Handicap,DET Pistons (Lalkoff) (+4.5),4.5,,,,,1.833,0-0,71-63,Green,0.833,12369491
,B-EBASKBAT4X5,Kadzima x lucker,Kadzima,TOR Raptors,lucker,MIA Heat,06/08/2026,07:44:14,Handicap,TOR Raptors (Kadzima) (+6.5),6.5,,,,,1.833,None-None,80-86,Green,0.833,12369616
,B-EBASKBAT4X5,CHIEFKEEF x The_Professor,CHIEFKEEF,CHI Bulls,The_Professor,SAC Kings,06/08/2026,07:43:51,Handicap,CHI Bulls (CHIEFKEEF) (+1.5),1.5,,,,,1.833,None-None,81-78,Green,0.833,12369617
,B-EBASKBAT4X5,Lalkoff x Kadzima,Lalkoff,DET Pistons,Kadzima,TOR Raptors,06/08/2026,08:24:00,Handicap,DET Pistons (Lalkoff) (+8.5),8.5,,,,,1.833,0-0,50-64,Red,-1.0,12369709
,B-EBASKBAT4X5,lucker x CHIEFKEEF,lucker,MIA Heat,CHIEFKEEF,CHI Bulls,06/08/2026,08:24:11,Handicap,MIA Heat (lucker) (+6.5),6.5,,,,,1.833,0-0,78-81,Green,0.833,12369689
,B-EBASKBAT4X5,The_Professor x lucker,The_Professor,SAC Kings,lucker,MIA Heat,06/08/2026,08:58:55,Handicap,MIA Heat (lucker) (+6.5),6.5,,,,,1.869,0-0,78-58,Red,-1.0,12369738
,B-EBASKBAT4X5,CHIEFKEEF x Lalkoff,CHIEFKEEF,CHI Bulls,Lalkoff,DET Pistons,06/08/2026,08:58:49,Handicap,DET Pistons (Lalkoff) (+6.5),6.5,,,,,1.833,0-0,60-63,Green,0.833,12369767
,B-EBASKBAT4X5,Lalkoff x The_Professor,Lalkoff,DET Pistons,The_Professor,SAC Kings,06/08/2026,08:26:01,Handicap,DET Pistons (Lalkoff) (+8.5),8.5,,,,,1.833,None-None,62-68,Green,0.833,12369710
,B-EBASKBAT4X5,Kadzima x CHIEFKEEF,Kadzima,TOR Raptors,CHIEFKEEF,CHI Bulls,06/08/2026,08:26:01,Handicap,TOR Raptors (Kadzima) (+5.5),5.5,,,,,1.833,None-None,57-77,Red,-1.0,12369711
,B-EBASKBAT4X5,lucker x Lalkoff,lucker,MIA Heat,Lalkoff,DET Pistons,06/08/2026,09:34:54,Handicap,DET Pistons (Lalkoff) (+4.5),4.5,,,,,1.833,None-None,56-58,Green,0.833,12369897
,B-EBASKBAT4X5,The_Professor x Kadzima,The_Professor,SAC Kings,Kadzima,TOR Raptors,06/08/2026,09:34:54,Handicap,TOR Raptors (Kadzima) (+6.5),6.5,,,,,1.952,None-None,74-53,Red,-1.0,12369896
,B-EBASKBAT4X5,The_Professor x CHIEFKEEF,The_Professor,SAC Kings,CHIEFKEEF,CHI Bulls,06/08/2026,09:34:54,Handicap,SAC Kings (The_Professor) (+1.5),1.5,,,,,1.833,None-None,77-71,Green,0.833,12369899
,B-EBASKBAT4X5,lucker x Kadzima,lucker,MIA Heat,Kadzima,TOR Raptors,06/08/2026,09:34:54,Handicap,TOR Raptors (Kadzima) (+5.5),5.5,,,,,1.833,None-None,86-73,Red,-1.0,12369898
,B-EBASKBAT4X5,CHIEFKEEF x lucker,CHIEFKEEF,CHI Bulls,lucker,MIA Heat,06/08/2026,09:34:54,Handicap,MIA Heat (lucker) (+3.5),3.5,,,,,2.0,None-None,70-83,Green,1.0,12369902
,B-EBASKBAT4X5,Kadzima x Lalkoff,Kadzima,TOR Raptors,Lalkoff,DET Pistons,06/08/2026,09:34:54,Handicap,DET Pistons (Lalkoff) (+8.5),8.5,,,,,2.0,None-None,66-63,Green,1.0,12369903
,B-EBASKBAT4X5,Dzojo x Lucashin,Dzojo,PHX Suns,Lucashin,SAC Kings,06/08/2026,12:02:36,Handicap,PHX Suns (Dzojo) (+1.5),1.5,,,,,1.833,None-None,67-54,Green,0.833,12370591
,B-EBASKBAT4X5,Koja x Pakapaka,Koja,NO Pelicans,Pakapaka,PHI 76ers,06/08/2026,12:02:36,Handicap,NO Pelicans (Koja) (+1.5),1.5,,,,,1.833,None-None,66-59,Green,0.833,12370590
,B-EBASKBAT4X5,Lucashin x Koja,Lucashin,SAC Kings,Koja,NO Pelicans,06/08/2026,12:02:36,Handicap,NO Pelicans (Koja) (+4.5),4.5,,,,,1.833,None-None,69-61,Red,-1.0,12370594
,B-EBASKBAT4X5,Pakapaka x Djoks,Pakapaka,PHI 76ers,Djoks,TOR Raptors,06/08/2026,12:02:36,Handicap,PHI 76ers (Pakapaka) (+5.5),5.5,,,,,1.833,None-None,61-51,Green,0.833,12370595
,B-EBASKBAT4X5,Djoks x Lucashin,Djoks,TOR Raptors,Lucashin,SAC Kings,06/08/2026,12:02:36,Handicap,SAC Kings (Lucashin) (+1.5),1.5,,,,,1.952,None-None,75-57,Red,-1.0,12370638
,B-EBASKBAT4X5,Koja x Dzojo,Koja,NO Pelicans,Dzojo,PHX Suns,06/08/2026,12:02:36,Handicap,NO Pelicans (Koja) (+5.5),5.5,,,,,1.833,None-None,72-62,Green,0.833,12370603
,B-EBASKBAT4X5,Lucashin x Pakapaka,Lucashin,SAC Kings,Pakapaka,PHI 76ers,06/08/2026,13:02:30,Handicap,PHI 76ers (Pakapaka) (+3.5),3.5,,,,,1.833,None-None,60-62,Green,0.833,12371115
,B-EBASKBAT4X5,Dzojo x Djoks,Dzojo,PHX Suns,Djoks,TOR Raptors,06/08/2026,13:02:30,Handicap,TOR Raptors (Djoks) (+1.5),1.5,,,,,1.833,None-None,65-66,Green,0.833,12371114
,B-EBASKBAT4X5,Pakapaka x Dzojo,Pakapaka,PHI 76ers,Dzojo,PHX Suns,06/08/2026,13:04:03,Handicap,PHI 76ers (Pakapaka) (+3.5),3.5,,,,,1.833,None-None,66-82,Red,-1.0,12371146
,B-EBASKBAT4X5,Djoks x Koja,Djoks,TOR Raptors,Koja,NO Pelicans,06/08/2026,13:08:48,Handicap,NO Pelicans (Koja) (+4.5),4.5,,,,,1.833,None-None,62-53,Red,-1.0,12371158
,B-EBASKBAT4X5,Lucashin x Dzojo,Lucashin,SAC Kings,Dzojo,PHX Suns,06/08/2026,14:48:46,Handicap,PHX Suns (Dzojo) (+1.5),1.5,,,,,1.833,None-None,69-66,Red,-1.0,12371796
,B-EBASKBAT4X5,Pakapaka x Koja,Pakapaka,PHI 76ers,Koja,NO Pelicans,06/08/2026,14:48:46,Handicap,NO Pelicans (Koja) (+1.5),1.5,,,,,1.833,None-None,62-64,Green,0.833,12371795
,B-EBASKBAT4X5,Djoks x Pakapaka,Djoks,TOR Raptors,Pakapaka,PHI 76ers,06/08/2026,14:48:46,Handicap,PHI 76ers (Pakapaka) (+3.5),3.5,,,,,1.833,None-None,60-46,Red,-1.0,12371936
,B-EBASKBAT4X5,Koja x Lucashin,Koja,NO Pelicans,Lucashin,SAC Kings,06/08/2026,14:48:46,Handicap,NO Pelicans (Koja) (+5.5),5.5,,,,,1.833,None-None,69-63,Green,0.833,12371935
,B-EBASKBAT4X5,Lucashin x Djoks,Lucashin,SAC Kings,Djoks,TOR Raptors,06/08/2026,16:13:07,Handicap,SAC Kings (Lucashin) (+2.5),2.5,,,,,1.833,None-None,47-58,Red,-1.0,12372889
,B-EBASKBAT4X5,Dzojo x Koja,Dzojo,PHX Suns,Koja,NO Pelicans,06/08/2026,16:13:07,Handicap,NO Pelicans (Koja) (+4.5),4.5,,,,,1.833,None-None,79-68,Red,-1.0,12372890
,B-EBASKBAT4X5,Djoks x Dzojo,Djoks,TOR Raptors,Dzojo,PHX Suns,06/08/2026,16:13:07,Handicap,TOR Raptors (Djoks) (+1.5),1.5,,,,,1.833,None-None,66-78,Red,-1.0,12373046
,B-EBASKBAT4X5,Pakapaka x Lucashin,Pakapaka,PHI 76ers,Lucashin,SAC Kings,06/08/2026,16:13:07,Handicap,PHI 76ers (Pakapaka) (+2.5),2.5,,,,,1.833,None-None,51-74,Red,-1.0,12373047
,B-EBASKBAT4X5,Koja x Djoks,Koja,NO Pelicans,Djoks,TOR Raptors,06/08/2026,16:52:19,Handicap,NO Pelicans (Koja) (+5.5),5.5,,,,,1.833,None-None,54-73,Red,-1.0,12373616
,B-EBASKBAT4X5,Dzojo x Pakapaka,Dzojo,PHX Suns,Pakapaka,PHI 76ers,06/08/2026,16:52:19,Handicap,PHI 76ers (Pakapaka) (+4.5),4.5,,,,,1.833,None-None,66-69,Green,0.833,12373621
,B-EBASKBAT4X5,Koja x Pakapaka,Koja,NO Pelicans,Pakapaka,PHI 76ers,06/08/2026,18:03:49,Handicap,PHI 76ers (Pakapaka) (+1.5),1.5,,,,,1.833,None-None,55-65,Green,0.833,12373769
,B-EBASKBAT4X5,Dzojo x Lucashin,Dzojo,PHX Suns,Lucashin,SAC Kings,06/08/2026,17:48:06,Handicap,PHX Suns (Dzojo) (+2.5),2.5,,,,,1.833,None-None,82-89,Red,-1.0,12373772
,B-EBASKBAT4X5,Lucashin x Koja,Lucashin,SAC Kings,Koja,NO Pelicans,06/08/2026,17:48:06,Handicap,NO Pelicans (Koja) (+3.5),3.5,,,,,1.833,None-None,71-54,Red,-1.0,12373773
,B-EBASKBAT4X5,Pakapaka x Djoks,Pakapaka,PHI 76ers,Djoks,TOR Raptors,06/08/2026,18:03:49,Handicap,PHI 76ers (Pakapaka) (+5.5),5.5,,,,,1.833,None-None,68-73,Green,0.833,12373808
,B-EBASKBAT4X5,Lalkoff x Kadzima,Lalkoff,DET Pistons,Kadzima,TOR Raptors,07/08/2026,04:00:02,Handicap,DET Pistons (Lalkoff) (+4.5),4.5,,,,,1.833,None-None,59-78,Red,-1.0,12376136
,B-EBASKBAT4X5,faLcOn x The_Professor,faLcOn,POR T Blazers,The_Professor,SAC Kings,07/08/2026,04:00:02,Handicap,POR T Blazers (faLcOn) (+11.5),11.5,,,,,1.833,None-None,67-74,Green,0.833,12376135
,B-EBASKBAT4X5,Kadzima x faLcOn,Kadzima,TOR Raptors,faLcOn,POR T Blazers,07/08/2026,05:13:50,Handicap,POR T Blazers (faLcOn) (+4.5),4.5,,,,,1.833,0-0,67-55,Red,-1.0,12376209
,B-EBASKBAT4X5,The_Professor x lucker,The_Professor,SAC Kings,lucker,MIA Heat,07/08/2026,05:13:55,Handicap,MIA Heat (lucker) (+2.5),2.5,,,,,1.833,0-0,87-67,Red,-1.0,12376215
,B-EBASKBAT4X5,faLcOn x Lalkoff,faLcOn,POR T Blazers,Lalkoff,DET Pistons,07/08/2026,05:43:17,Handicap,POR T Blazers (faLcOn) (+4.5),4.5,,,,,1.833,None-None,55-61,Red,-1.0,12376379
,B-EBASKBAT4X5,lucker x Kadzima,lucker,MIA Heat,Kadzima,TOR Raptors,07/08/2026,05:43:17,Handicap,TOR Raptors (Kadzima) (+3.5),3.5,,,,,1.833,None-None,80-82,Green,0.833,12376378
,B-EBASKBAT4X5,Lalkoff x lucker,Lalkoff,DET Pistons,lucker,MIA Heat,07/08/2026,05:45:42,Handicap,DET Pistons (Lalkoff) (+4.5),4.5,,,,,1.833,None-None,68-65,Green,0.833,12376439
,B-EBASKBAT4X5,Kadzima x The_Professor,Kadzima,TOR Raptors,The_Professor,SAC Kings,07/08/2026,05:45:42,Handicap,TOR Raptors (Kadzima) (+6.5),6.5,,,,,1.833,None-None,85-83,Green,0.833,12376440
,B-EBASKBAT4X5,The_Professor x Lalkoff,The_Professor,SAC Kings,Lalkoff,DET Pistons,07/08/2026,06:55:17,Handicap,DET Pistons (Lalkoff) (+8.5),8.5,,,,,1.833,None-None,80-58,Red,-1.0,12376529
,B-EBASKBAT4X5,lucker x faLcOn,lucker,MIA Heat,faLcOn,POR T Blazers,07/08/2026,07:13:59,Handicap,POR T Blazers (faLcOn) (+7.5),7.5,,,,,1.833,0-0,72-62,Red,-1.0,12376530
,B-EBASKBAT4X5,The_Professor x faLcOn,The_Professor,SAC Kings,faLcOn,POR T Blazers,07/08/2026,07:44:30,Handicap,POR T Blazers (faLcOn) (+9.5),9.5,,,,,1.833,None-None,73-64,Green,0.833,12376623
,B-EBASKBAT4X5,Kadzima x Lalkoff,Kadzima,TOR Raptors,Lalkoff,DET Pistons,07/08/2026,07:44:30,Handicap,DET Pistons (Lalkoff) (+7.5),7.5,,,,,1.833,None-None,64-63,Green,0.833,12376624
,B-EBASKBAT4X5,faLcOn x Kadzima,faLcOn,POR T Blazers,Kadzima,TOR Raptors,07/08/2026,07:44:30,Handicap,POR T Blazers (faLcOn) (+5.5),5.5,,,,,1.833,None-None,48-83,Red,-1.0,12376666
,B-EBASKBAT4X5,lucker x The_Professor,lucker,MIA Heat,The_Professor,SAC Kings,07/08/2026,07:44:30,Handicap,MIA Heat (lucker) (+4.5),4.5,,,,,1.833,None-None,62-80,Red,-1.0,12376667
,B-EBASKBAT4X5,Lalkoff x faLcOn,Lalkoff,DET Pistons,faLcOn,POR T Blazers,07/08/2026,08:21:09,Handicap,POR T Blazers (faLcOn) (+5.5),5.5,,,,,1.833,None-None,86-76,Red,-1.0,12376731
,B-EBASKBAT4X5,Kadzima x lucker,Kadzima,TOR Raptors,lucker,MIA Heat,07/08/2026,08:21:09,Handicap,TOR Raptors (Kadzima) (+2.5),2.5,,,,,1.833,None-None,74-83,Red,-1.0,12376739
,B-EBASKBAT4X5,lucker x Lalkoff,lucker,MIA Heat,Lalkoff,DET Pistons,07/08/2026,08:51:56,Handicap,DET Pistons (Lalkoff) (+2.5),2.5,,,,,1.833,None-None,77-74,Red,-1.0,12376844
,B-EBASKBAT4X5,The_Professor x Kadzima,The_Professor,SAC Kings,Kadzima,TOR Raptors,07/08/2026,08:51:56,Handicap,TOR Raptors (Kadzima) (+4.5),4.5,,,,,1.833,None-None,75-68,Red,-1.0,12376845
,B-EBASKBAT4X5,faLcOn x lucker,faLcOn,POR T Blazers,lucker,MIA Heat,07/08/2026,10:18:36,Handicap,POR T Blazers (faLcOn) (+8.5),8.5,,,,,1.833,None-None,72-79,Green,0.833,12376861
,B-EBASKBAT4X5,Lalkoff x The_Professor,Lalkoff,DET Pistons,The_Professor,SAC Kings,07/08/2026,08:51:56,Handicap,DET Pistons (Lalkoff) (+10.5),10.5,,,,,1.833,None-None,79-81,Green,0.833,12376846
,B-EBASKBAT4X5,faLcOn x The_Professor,faLcOn,POR T Blazers,The_Professor,SAC Kings,07/08/2026,10:59:46,Handicap,POR T Blazers (faLcOn) (+10.5),10.5,,,,,1.833,0-0,67-75,Green,0.833,12377186
,B-EBASKBAT4X5,Lalkoff x Kadzima,Lalkoff,DET Pistons,Kadzima,TOR Raptors,07/08/2026,10:18:36,Handicap,DET Pistons (Lalkoff) (+5.5),5.5,,,,,1.833,None-None,68-65,Green,0.833,12377153
,B-EBASKBAT4X5,Kadzima x faLcOn,Kadzima,TOR Raptors,faLcOn,POR T Blazers,07/08/2026,10:20:03,Handicap,POR T Blazers (faLcOn) (+7.5),7.5,,,,,1.833,None-None,75-66,Red,-1.0,12377192
,B-EBASKBAT4X5,The_Professor x lucker,The_Professor,SAC Kings,lucker,MIA Heat,07/08/2026,10:54:46,Handicap,MIA Heat (lucker) (+6.5),6.5,,,,,1.833,None-None,80-78,Green,0.833,12377207
,B-EBASKBAT4X5,Djoks x Pakapaka,Djoks,TOR Raptors,Pakapaka,PHI 76ers,07/08/2026,12:36:00,Handicap,PHI 76ers (Pakapaka) (+4.5),4.5,,,,,1.833,None-None,61-48,Red,-1.0,12377623
,B-EBASKBAT4X5,Lucashin x Dzojo,Lucashin,SAC Kings,Dzojo,PHX Suns,07/08/2026,12:36:00,Handicap,PHX Suns (Dzojo) (+2.5),2.5,,,,,1.833,None-None,70-57,Red,-1.0,12377624
,B-EBASKBAT4X5,Pakapaka x Koja,Pakapaka,PHI 76ers,Koja,NO Pelicans,07/08/2026,12:40:28,Handicap,PHI 76ers (Pakapaka) (+1.5),1.5,,,,,1.833,None-None,60-68,Red,-1.0,12377636
,B-EBASKBAT4X5,Dzojo x Djoks,Dzojo,PHX Suns,Djoks,TOR Raptors,07/08/2026,12:36:00,Handicap,TOR Raptors (Djoks) (+1.5),1.5,,,,,1.833,None-None,71-79,Green,0.833,12377625
,B-EBASKBAT4X5,Koja x Dzojo,Koja,NO Pelicans,Dzojo,PHX Suns,07/08/2026,12:36:00,Handicap,NO Pelicans (Koja) (+6.5),6.5,,,,,1.833,None-None,67-71,Green,0.833,12377627
,B-EBASKBAT4X5,Djoks x Lucashin,Djoks,TOR Raptors,Lucashin,SAC Kings,07/08/2026,12:40:28,Handicap,SAC Kings (Lucashin) (+3.5),3.5,,,,,1.833,None-None,49-56,Green,0.833,12377637
,B-EBASKBAT4X5,Dzojo x Pakapaka,Dzojo,PHX Suns,Pakapaka,PHI 76ers,07/08/2026,14:15:19,Handicap,PHI 76ers (Pakapaka) (+4.5),4.5,,,,,1.833,None-None,38-40,Green,0.833,12377983
,B-EBASKBAT4X5,Lucashin x Koja,Lucashin,SAC Kings,Koja,NO Pelicans,07/08/2026,14:15:19,Handicap,NO Pelicans (Koja) (+5.5),5.5,,,,,1.833,None-None,41-33,Red,-1.0,12377982
,B-EBASKBAT4X5,Pakapaka x Lucashin,Pakapaka,PHI 76ers,Lucashin,SAC Kings,07/08/2026,14:15:19,Handicap,PHI 76ers (Pakapaka) (+5.5),5.5,,,,,1.833,None-None,0-0,Green,0.833,12377984
,B-EBASKBAT4X5,Koja x Djoks,Koja,NO Pelicans,Djoks,TOR Raptors,07/08/2026,14:15:19,Handicap,NO Pelicans (Koja) (+4.5),4.5,,,,,1.833,None-None,0-0,Green,0.833,12377988
,B-EBASKBAT4X5,Pakapaka x Djoks,Pakapaka,PHI 76ers,Djoks,TOR Raptors,07/08/2026,14:50:27,Handicap,PHI 76ers (Pakapaka) (+6.5),6.5,,,,,1.833,None-None,0-0,Green,0.833,12378093
,B-EBASKBAT4X5,Dzojo x Lucashin,Dzojo,PHX Suns,Lucashin,SAC Kings,07/08/2026,14:50:27,Handicap,PHX Suns (Dzojo) (+4.5),4.5,,,,,1.833,None-None,0-0,Green,0.833,12378094
,B-EBASKBAT4X5,Koja x Pakapaka,Koja,NO Pelicans,Pakapaka,PHI 76ers,07/08/2026,14:50:27,Handicap,PHI 76ers (Pakapaka) (+2.5),2.5,,,,,1.833,None-None,71-59,Red,-1.0,12378112
,B-EBASKBAT4X5,Djoks x Dzojo,Djoks,TOR Raptors,Dzojo,PHX Suns,07/08/2026,14:50:27,Handicap,PHX Suns (Dzojo) (+1.5),1.5,,,,,1.833,None-None,71-60,Red,-1.0,12378133
,B-EBASKBAT4X5,Dzojo x Koja,Dzojo,PHX Suns,Koja,NO Pelicans,07/08/2026,17:29:10,Handicap,NO Pelicans (Koja) (+6.5),6.5,,,,,1.833,0-0,68-80,Green,0.833,12378436
,B-EBASKBAT4X5,Lucashin x Djoks,Lucashin,SAC Kings,Djoks,TOR Raptors,07/08/2026,17:01:12,Handicap,SAC Kings (Lucashin) (+2.5),2.5,,,,,1.833,None-None,67-68,Green,0.833,12378474
,B-EBASKBAT4X5,Lucashin x Pakapaka,Lucashin,SAC Kings,Pakapaka,PHI 76ers,07/08/2026,17:54:12,Handicap,PHI 76ers (Pakapaka) (+5.5),5.5,,,,,1.833,None-None,0-0,Green,0.833,12378559
,B-EBASKBAT4X5,Djoks x Koja,Djoks,TOR Raptors,Koja,NO Pelicans,07/08/2026,17:52:57,Handicap,NO Pelicans (Koja) (+4.5),4.5,,,,,1.833,None-None,0-0,Green,0.833,12378594
,B-EBASKBAT4X5,Djoks x Pakapaka,Djoks,TOR Raptors,Pakapaka,PHI 76ers,07/08/2026,19:29:28,Handicap,PHI 76ers (Pakapaka) (+6.5),6.5,,,,,1.833,0-0,0-0,Green,0.833,12379151
,B-EBASKBAT4X5,Lucashin x Dzojo,Lucashin,SAC Kings,Dzojo,PHX Suns,07/08/2026,19:12:53,Handicap,PHX Suns (Dzojo) (+4.5),4.5,,,,,1.833,None-None,0-0,Green,0.833,12379152
,B-EBASKBAT4X5,Koja x Lucashin,Koja,NO Pelicans,Lucashin,SAC Kings,07/08/2026,17:52:57,Handicap,NO Pelicans (Koja) (+5.5),5.5,,,,,1.833,None-None,52-80,Red,-1.0,12378475
,B-EBASKBAT4X5,Pakapaka x Dzojo,Pakapaka,PHI 76ers,Dzojo,PHX Suns,07/08/2026,17:52:57,Handicap,PHI 76ers (Pakapaka) (+4.5),4.5,,,,,1.833,None-None,67-75,Red,-1.0,12378476
,B-EBASKBAT4X5,Pakapaka x Koja,Pakapaka,PHI 76ers,Koja,NO Pelicans,07/08/2026,20:03:59,Handicap,PHI 76ers (Pakapaka) (+2.5),2.5,,,,,1.833,0-0,0-0,Green,0.833,12379154
,B-EBASKBAT4X5,Dzojo x Djoks,Dzojo,PHX Suns,Djoks,TOR Raptors,07/08/2026,19:18:55,Handicap,PHX Suns (Dzojo) (+1.5),1.5,,,,,1.833,None-None,0-0,Green,0.833,12379153
,B-EBASKBAT4X5,panteraxball x yangrainmaker,panteraxball,ORL Magic,yangrainmaker,OKC Thunder,08/08/2026,04:01:03,Handicap,ORL Magic (panteraxball) (+1.5),1.5,,,,,1.833,None-None,62-54,Green,0.833,12380834
,B-EBASKBAT4X5,CHIEFKEEF x The_Professor,CHIEFKEEF,CHI Bulls,The_Professor,SAC Kings,08/08/2026,04:01:03,Handicap,SAC Kings (The_Professor) (+1.5),1.5,,,,,1.833,None-None,67-55,Red,-1.0,12380835
,B-EBASKBAT4X5,The_Professor x panteraxball,The_Professor,SAC Kings,panteraxball,ORL Magic,08/08/2026,05:10:00,Handicap,ORL Magic (panteraxball) (+6.5),6.5,,,,,1.833,None-None,65-77,Green,0.833,12380902
,B-EBASKBAT4X5,yangrainmaker x faLcOn,yangrainmaker,OKC Thunder,faLcOn,POR T Blazers,08/08/2026,05:08:28,Handicap,POR T Blazers (faLcOn) (+10.5),10.5,,,,,1.833,None-None,82-74,Green,0.833,12380903
,B-EBASKBAT4X5,panteraxball x CHIEFKEEF,panteraxball,ORL Magic,CHIEFKEEF,CHI Bulls,08/08/2026,05:12:51,Handicap,ORL Magic (panteraxball) (+3.5),3.5,,,,,1.833,None-None,64-84,Red,-1.0,12380982
,B-EBASKBAT4X5,faLcOn x The_Professor,faLcOn,POR T Blazers,The_Professor,SAC Kings,08/08/2026,05:12:51,Handicap,POR T Blazers (faLcOn) (+15.5),15.5,,,,,1.833,None-None,76-93,Red,-1.0,12380983
,B-EBASKBAT4X5,The_Professor x yangrainmaker,The_Professor,SAC Kings,yangrainmaker,OKC Thunder,08/08/2026,05:45:32,Handicap,OKC Thunder (yangrainmaker) (+7.5),7.5,,,,,1.833,None-None,0-0,Green,0.833,12381067
,B-EBASKBAT4X5,CHIEFKEEF x faLcOn,CHIEFKEEF,CHI Bulls,faLcOn,POR T Blazers,08/08/2026,05:45:32,Handicap,POR T Blazers (faLcOn) (+10.5),10.5,,,,,1.833,None-None,82-73,Green,0.833,12381068
,B-EBASKBAT4X5,faLcOn x panteraxball,faLcOn,POR T Blazers,panteraxball,ORL Magic,08/08/2026,07:02:16,Handicap,POR T Blazers (faLcOn) (+7.5),7.5,,,,,1.833,None-None,55-65,Red,-1.0,12381134
,B-EBASKBAT4X5,The_Professor x CHIEFKEEF,The_Professor,SAC Kings,CHIEFKEEF,CHI Bulls,08/08/2026,07:45:14,Handicap,SAC Kings (The_Professor) (+3.5),3.5,,,,,1.833,None-None,81-85,Red,-1.0,12381410
,B-EBASKBAT4X5,panteraxball x The_Professor,panteraxball,ORL Magic,The_Professor,SAC Kings,08/08/2026,07:45:14,Handicap,ORL Magic (panteraxball) (+4.5),4.5,,,,,1.833,None-None,58-76,Red,-1.0,12381427
,B-EBASKBAT4X5,CHIEFKEEF x panteraxball,CHIEFKEEF,CHI Bulls,panteraxball,ORL Magic,08/08/2026,07:45:14,Handicap,ORL Magic (panteraxball) (+5.5),5.5,,,,,1.833,None-None,81-61,Red,-1.0,12381447
,B-EBASKBAT4X5,The_Professor x faLcOn,The_Professor,SAC Kings,faLcOn,POR T Blazers,08/08/2026,07:45:14,Handicap,POR T Blazers (faLcOn) (+15.5),15.5,,,,,1.833,None-None,99-96,Green,0.833,12381442
,B-EBASKBAT4X5,faLcOn x CHIEFKEEF,faLcOn,POR T Blazers,CHIEFKEEF,CHI Bulls,08/08/2026,07:45:14,Handicap,POR T Blazers (faLcOn) (+10.5),10.5,,,,,1.833,None-None,60-79,Red,-1.0,12381448
,B-EBASKBAT4X5,panteraxball x faLcOn,panteraxball,ORL Magic,faLcOn,POR T Blazers,08/08/2026,08:58:11,Handicap,POR T Blazers (faLcOn) (+7.5),7.5,,,,,1.833,None-None,67-62,Green,0.833,12381617
,B-EBASKBAT4X5,CHIEFKEEF x The_Professor,CHIEFKEEF,CHI Bulls,The_Professor,SAC Kings,08/08/2026,10:04:35,Handicap,SAC Kings (The_Professor) (+2.5),2.5,,,,,1.833,None-None,68-73,Green,0.833,12381810
,B-EBASKBAT4X5,The_Professor x panteraxball,The_Professor,SAC Kings,panteraxball,ORL Magic,08/08/2026,10:53:19,Handicap,ORL Magic (panteraxball) (+5.5),5.5,,,,,1.833,None-None,75-63,Red,-1.0,12382021
,B-EBASKBAT4X5,Djoks x Dzojo,Djoks,TOR Raptors,Dzojo,PHX Suns,08/08/2026,12:13:56,Handicap,PHX Suns (Dzojo) (+1.5),1.5,,,,,1.833,None-None,49-70,Green,0.833,12382453
,B-EBASKBAT4X5,veljouni x Lucashin,veljouni,MIA Heat,Lucashin,SAC Kings,08/08/2026,12:06:05,Handicap,SAC Kings (Lucashin) (+2.5),2.5,,,,,1.833,None-None,64-73,Green,0.833,12382397
,B-EBASKBAT4X5,Lucashin x Pakapaka,Lucashin,SAC Kings,Pakapaka,PHI 76ers,08/08/2026,12:29:09,Handicap,PHI 76ers (Pakapaka) (+6.5),6.5,,,,,1.833,None-None,75-62,Red,-1.0,12382495
,B-EBASKBAT4X5,Dzojo x veljouni,Dzojo,PHX Suns,veljouni,MIA Heat,08/08/2026,12:13:12,Handicap,MIA Heat (veljouni) (+1.5),1.5,,,,,1.833,None-None,74-65,Red,-1.0,12382466
,B-EBASKBAT4X5,Pakapaka x Dzojo,Pakapaka,PHI 76ers,Dzojo,PHX Suns,08/08/2026,13:37:55,Handicap,PHI 76ers (Pakapaka) (+3.5),3.5,,,,,1.833,None-None,70-85,Red,-1.0,12382742
,B-EBASKBAT4X5,veljouni x Djoks,veljouni,MIA Heat,Djoks,TOR Raptors,08/08/2026,13:37:55,Handicap,MIA Heat (veljouni) (+1.5),1.5,,,,,1.833,None-None,62-45,Green,0.833,12382743
,B-EBASKBAT4X5,Djoks x Pakapaka,Djoks,TOR Raptors,Pakapaka,PHI 76ers,08/08/2026,13:37:55,Handicap,PHI 76ers (Pakapaka) (+6.5),6.5,,,,,1.833,None-None,73-69,Green,0.833,12382754
,B-EBASKBAT4X5,Dzojo x Lucashin,Dzojo,PHX Suns,Lucashin,SAC Kings,08/08/2026,13:37:55,Handicap,PHX Suns (Dzojo) (+3.5),3.5,,,,,1.833,None-None,82-81,Green,0.833,12382744
,B-EBASKBAT4X5,Lucashin x Djoks,Lucashin,SAC Kings,Djoks,TOR Raptors,08/08/2026,13:37:55,Handicap,SAC Kings (Lucashin) (+2.5),2.5,,,,,1.833,None-None,52-41,Green,0.833,12382765
,B-EBASKBAT4X5,Pakapaka x veljouni,Pakapaka,PHI 76ers,veljouni,MIA Heat,08/08/2026,13:37:55,Handicap,PHI 76ers (Pakapaka) (+4.5),4.5,,,,,1.833,None-None,61-70,Red,-1.0,12382766
,B-EBASKBAT4X5,Dzojo x Djoks,Dzojo,PHX Suns,Djoks,TOR Raptors,08/08/2026,15:05:38,Handicap,TOR Raptors (Djoks) (+2.5),2.5,,,,,1.833,None-None,62-76,Green,0.833,12383156
,B-EBASKBAT4X5,Lucashin x veljouni,Lucashin,SAC Kings,veljouni,MIA Heat,08/08/2026,15:05:38,Handicap,SAC Kings (Lucashin) (+1.5),1.5,,,,,1.833,None-None,67-69,Red,-1.0,12383155
,B-EBASKBAT4X5,Pakapaka x Lucashin,Pakapaka,PHI 76ers,Lucashin,SAC Kings,08/08/2026,15:05:38,Handicap,PHI 76ers (Pakapaka) (+7.5),7.5,,,,,1.833,None-None,57-74,Red,-1.0,12383158
,B-EBASKBAT4X5,veljouni x Dzojo,veljouni,MIA Heat,Dzojo,PHX Suns,08/08/2026,15:05:38,Handicap,MIA Heat (veljouni) (+3.5),3.5,,,,,1.833,None-None,79-74,Green,0.833,12383157
,B-EBASKBAT4X5,Dzojo x Pakapaka,Dzojo,PHX Suns,Pakapaka,PHI 76ers,08/08/2026,15:05:38,Handicap,PHI 76ers (Pakapaka) (+5.5),5.5,,,,,1.833,None-None,90-61,Red,-1.0,12383159
,B-EBASKBAT4X5,Djoks x veljouni,Djoks,TOR Raptors,veljouni,MIA Heat,08/08/2026,15:05:38,Handicap,TOR Raptors (Djoks) (+1.5),1.5,,,,,1.833,None-None,60-57,Green,0.833,12383160
,B-EBASKBAT4X5,Pakapaka x Djoks,Pakapaka,PHI 76ers,Djoks,TOR Raptors,08/08/2026,16:13:02,Handicap,PHI 76ers (Pakapaka) (+5.5),5.5,,,,,1.833,None-None,52-61,Red,-1.0,12383456
,B-EBASKBAT4X5,Lucashin x Dzojo,Lucashin,SAC Kings,Dzojo,PHX Suns,08/08/2026,16:13:02,Handicap,PHX Suns (Dzojo) (+2.5),2.5,,,,,1.833,None-None,75-78,Green,0.833,12383457
,B-EBASKBAT4X5,veljouni x Pakapaka,veljouni,MIA Heat,Pakapaka,PHI 76ers,08/08/2026,16:14:46,Handicap,PHI 76ers (Pakapaka) (+5.5),5.5,,,,,1.833,None-None,80-67,Red,-1.0,12383460
,B-EBASKBAT4X5,Djoks x Lucashin,Djoks,TOR Raptors,Lucashin,SAC Kings,08/08/2026,16:13:02,Handicap,TOR Raptors (Djoks) (+1.5),1.5,,,,,1.833,None-None,49-62,Red,-1.0,12383458
,B-EBASKBAT4X5,veljouni x Lucashin,veljouni,MIA Heat,Lucashin,SAC Kings,08/08/2026,17:53:23,Handicap,SAC Kings (Lucashin) (+2.5),2.5,,,,,1.833,None-None,67-71,Green,0.833,12383890
,B-EBASKBAT4X5,Djoks x Dzojo,Djoks,TOR Raptors,Dzojo,PHX Suns,08/08/2026,17:57:17,Handicap,PHX Suns (Dzojo) (+1.5),1.5,,,,,1.833,None-None,70-72,Green,0.833,12383895
,B-EBASKBAT4X5,Lucashin x Pakapaka,Lucashin,SAC Kings,Pakapaka,PHI 76ers,08/08/2026,17:57:17,Handicap,PHI 76ers (Pakapaka) (+5.5),5.5,,,,,1.833,None-None,77-68,Red,-1.0,12383900
,B-EBASKBAT4X5,Dzojo x veljouni,Dzojo,PHX Suns,veljouni,MIA Heat,08/08/2026,17:57:17,Handicap,MIA Heat (veljouni) (+1.5),1.5,,,,,1.833,None-None,65-72,Green,0.833,12383896
,B-EBASKBAT4X5,yangrainmaker x CHIEFKEEF,yangrainmaker,OKC Thunder,CHIEFKEEF,CHI Bulls,09/08/2026,04:21:00,Handicap,OKC Thunder (yangrainmaker) (+1.5),1.5,,,,,1.833,None-None,60-77,Red,-1.0,12386766
,B-EBASKBAT4X5,faLcOn x panteraxball,faLcOn,POR T Blazers,panteraxball,ORL Magic,09/08/2026,04:23:56,Handicap,POR T Blazers (faLcOn) (+4.5),4.5,,,,,1.833,None-None,56-80,Red,-1.0,12386767
,B-EBASKBAT4X5,panteraxball x The_Professor,panteraxball,ORL Magic,The_Professor,SAC Kings,09/08/2026,05:10:34,Handicap,ORL Magic (panteraxball) (+5.5),5.5,,,,,1.833,None-None,65-72,Red,-1.0,12386826
,B-EBASKBAT4X5,CHIEFKEEF x faLcOn,CHIEFKEEF,CHI Bulls,faLcOn,POR T Blazers,09/08/2026,05:10:34,Handicap,POR T Blazers (faLcOn) (+10.5),10.5,,,,,1.833,None-None,67-73,Green,0.833,12386825
,B-EBASKBAT4X5,The_Professor x CHIEFKEEF,The_Professor,SAC Kings,CHIEFKEEF,CHI Bulls,09/08/2026,05:48:43,Handicap,SAC Kings (The_Professor) (+1.5),1.5,,,,,1.833,0-0,68-79,Red,-1.0,12386870
,B-EBASKBAT4X5,faLcOn x yangrainmaker,faLcOn,POR T Blazers,yangrainmaker,OKC Thunder,09/08/2026,05:48:54,Handicap,POR T Blazers (faLcOn) (+8.5),8.5,,,,,1.833,0-0,49-67,Red,-1.0,12386871
,B-EBASKBAT4X5,yangrainmaker x The_Professor,yangrainmaker,OKC Thunder,The_Professor,SAC Kings,09/08/2026,05:53:29,Handicap,OKC Thunder (yangrainmaker) (+6.5),6.5,,,,,1.833,None-None,75-94,Red,-1.0,12386980
,B-EBASKBAT4X5,CHIEFKEEF x panteraxball,CHIEFKEEF,CHI Bulls,panteraxball,ORL Magic,09/08/2026,05:54:40,Handicap,ORL Magic (panteraxball) (+5.5),5.5,,,,,1.833,None-None,54-64,Green,0.833,12386994
,B-EBASKBAT4X5,panteraxball x yangrainmaker,panteraxball,ORL Magic,yangrainmaker,OKC Thunder,09/08/2026,06:55:46,Handicap,ORL Magic (panteraxball) (+1.5),1.5,,,,,1.833,None-None,75-67,Green,0.833,12387656
,B-EBASKBAT4X5,The_Professor x faLcOn,The_Professor,SAC Kings,faLcOn,POR T Blazers,09/08/2026,06:55:46,Handicap,POR T Blazers (faLcOn) (+11.5),11.5,,,,,1.833,None-None,83-85,Green,0.833,12387657
,B-EBASKBAT4X5,CHIEFKEEF x yangrainmaker,CHIEFKEEF,CHI Bulls,yangrainmaker,OKC Thunder,09/08/2026,06:55:46,Handicap,OKC Thunder (yangrainmaker) (+9.5),9.5,,,,,1.833,None-None,71-59,Red,-1.0,12387845
,B-EBASKBAT4X5,panteraxball x faLcOn,panteraxball,ORL Magic,faLcOn,POR T Blazers,09/08/2026,06:55:46,Handicap,POR T Blazers (faLcOn) (+7.5),7.5,,,,,1.833,None-None,58-61,Green,0.833,12387844
,B-EBASKBAT4X5,faLcOn x CHIEFKEEF,faLcOn,POR T Blazers,CHIEFKEEF,CHI Bulls,09/08/2026,07:46:34,Handicap,POR T Blazers (faLcOn) (+6.5),6.5,,,,,1.833,None-None,68-65,Green,0.833,12388268
,B-EBASKBAT4X5,The_Professor x panteraxball,The_Professor,SAC Kings,panteraxball,ORL Magic,09/08/2026,07:46:34,Handicap,ORL Magic (panteraxball) (+5.5),5.5,,,,,1.833,None-None,64-68,Green,0.833,12388269
,B-EBASKBAT4X5,CHIEFKEEF x The_Professor,CHIEFKEEF,CHI Bulls,The_Professor,SAC Kings,09/08/2026,08:23:31,Handicap,SAC Kings (The_Professor) (+3.5),3.5,,,,,1.833,None-None,71-60,Red,-1.0,12388449
,B-EBASKBAT4X5,yangrainmaker x faLcOn,yangrainmaker,OKC Thunder,faLcOn,POR T Blazers,09/08/2026,08:58:36,Handicap,POR T Blazers (faLcOn) (+6.5),6.5,,,,,1.833,0-0,53-64,Green,0.833,12388462
,B-EBASKBAT4X5,The_Professor x yangrainmaker,The_Professor,SAC Kings,yangrainmaker,OKC Thunder,09/08/2026,08:59:00,Handicap,OKC Thunder (yangrainmaker) (+9.5),9.5,,,,,1.833,None-None,78-54,Red,-1.0,12388471
,B-EBASKBAT4X5,panteraxball x CHIEFKEEF,panteraxball,ORL Magic,CHIEFKEEF,CHI Bulls,09/08/2026,08:59:00,Handicap,ORL Magic (panteraxball) (+4.5),4.5,,,,,1.833,None-None,66-75,Red,-1.0,12388477
,B-EBASKBAT4X5,faLcOn x The_Professor,faLcOn,POR T Blazers,The_Professor,SAC Kings,09/08/2026,08:59:00,Handicap,POR T Blazers (faLcOn) (+9.5),9.5,,,,,1.833,None-None,58-78,Red,-1.0,12388527
,B-EBASKBAT4X5,yangrainmaker x panteraxball,yangrainmaker,OKC Thunder,panteraxball,ORL Magic,09/08/2026,08:59:00,Handicap,OKC Thunder (yangrainmaker) (+2.5),2.5,,,,,1.833,None-None,63-59,Green,0.833,12388517
,B-EBASKBAT4X5,faLcOn x panteraxball,faLcOn,POR T Blazers,panteraxball,ORL Magic,09/08/2026,10:20:06,Handicap,POR T Blazers (faLcOn) (+4.5),4.5,,,,,1.833,None-None,67-82,Red,-1.0,12388797
,B-EBASKBAT4X5,yangrainmaker x CHIEFKEEF,yangrainmaker,OKC Thunder,CHIEFKEEF,CHI Bulls,09/08/2026,10:20:06,Handicap,OKC Thunder (yangrainmaker) (+5.5),5.5,,,,,1.833,None-None,71-83,Red,-1.0,12388781
,B-EBASKBAT4X5,panteraxball x The_Professor,panteraxball,ORL Magic,The_Professor,SAC Kings,09/08/2026,10:21:51,Handicap,ORL Magic (panteraxball) (+2.5),2.5,,,,,1.833,None-None,67-70,Red,-1.0,12388804
,B-EBASKBAT4X5,CHIEFKEEF x faLcOn,CHIEFKEEF,CHI Bulls,faLcOn,POR T Blazers,09/08/2026,10:21:51,Handicap,POR T Blazers (faLcOn) (+4.5),4.5,,,,,1.833,None-None,74-57,Red,-1.0,12388803
,B-EBASKBAT4X5,Pakapaka x Dzojo,Pakapaka,PHI 76ers,Dzojo,PHX Suns,09/08/2026,12:31:20,Handicap,PHI 76ers (Pakapaka) (+4.5),4.5,,,,,1.833,None-None,62-83,Red,-1.0,12389187
,B-EBASKBAT4X5,Bazuka x Djoks,Bazuka,MIN Timberwolves,Djoks,TOR Raptors,09/08/2026,12:31:20,Handicap,MIN Timberwolves (Bazuka) (+3.5),3.5,,,,,1.833,None-None,66-51,Green,0.833,12389186
,B-EBASKBAT4X5,Djoks x veljouni,Djoks,TOR Raptors,veljouni,MIA Heat,09/08/2026,12:56:18,Handicap,TOR Raptors (Djoks) (+1.5),1.5,,,,,1.833,None-None,45-54,Red,-1.0,12389453
,B-EBASKBAT4X5,Dzojo x Bazuka,Dzojo,PHX Suns,Bazuka,MIN Timberwolves,09/08/2026,12:56:18,Handicap,MIN Timberwolves (Bazuka) (+7.5),7.5,,,,,1.833,None-None,63-73,Green,0.833,12389452
,B-EBASKBAT4X5,veljouni x Dzojo,veljouni,MIA Heat,Dzojo,PHX Suns,09/08/2026,13:43:21,Handicap,PHX Suns (Dzojo) (+1.5),1.5,,,,,1.833,None-None,87-62,Red,-1.0,12389973
,B-EBASKBAT4X5,Bazuka x Pakapaka,Bazuka,MIN Timberwolves,Pakapaka,PHI 76ers,09/08/2026,13:43:21,Handicap,PHI 76ers (Pakapaka) (+4.5),4.5,,,,,1.833,None-None,64-51,Red,-1.0,12389974
,B-EBASKBAT4X5,Pakapaka x veljouni,Pakapaka,PHI 76ers,veljouni,MIA Heat,09/08/2026,14:52:09,Handicap,PHI 76ers (Pakapaka) (+3.5),3.5,,,,,1.833,None-None,63-80,Red,-1.0,12390276
,B-EBASKBAT4X5,Dzojo x Djoks,Dzojo,PHX Suns,Djoks,TOR Raptors,09/08/2026,14:54:03,Handicap,TOR Raptors (Djoks) (+1.5),1.5,,,,,1.833,0-0,67-76,Green,0.833,12390277
,B-EBASKBAT4X5,Djoks x Pakapaka,Djoks,TOR Raptors,Pakapaka,PHI 76ers,09/08/2026,14:52:09,Handicap,PHI 76ers (Pakapaka) (+5.5),5.5,,,,,1.833,None-None,60-66,Green,0.833,12390308
,B-EBASKBAT4X5,veljouni x Bazuka,veljouni,MIA Heat,Bazuka,MIN Timberwolves,09/08/2026,14:52:09,Handicap,MIN Timberwolves (Bazuka) (+5.5),5.5,,,,,1.833,None-None,55-57,Green,0.833,12390310
,B-EBASKBAT4X5,Djoks x Bazuka,Djoks,TOR Raptors,Bazuka,MIN Timberwolves,09/08/2026,14:52:09,Handicap,MIN Timberwolves (Bazuka) (+1.5),1.5,,,,,1.833,None-None,55-60,Green,0.833,12390360
,B-EBASKBAT4X5,Dzojo x Pakapaka,Dzojo,PHX Suns,Pakapaka,PHI 76ers,09/08/2026,14:52:09,Handicap,PHI 76ers (Pakapaka) (+6.5),6.5,,,,,1.833,None-None,88-63,Red,-1.0,12390361
,B-EBASKBAT4X5,Bazuka x Dzojo,Bazuka,MIN Timberwolves,Dzojo,PHX Suns,09/08/2026,14:53:27,Handicap,MIN Timberwolves (Bazuka) (+4.5),4.5,,,,,1.833,None-None,66-78,Red,-1.0,12390366
,B-EBASKBAT4X5,veljouni x Djoks,veljouni,MIA Heat,Djoks,TOR Raptors,09/08/2026,14:52:09,Handicap,TOR Raptors (Djoks) (+3.5),3.5,,,,,1.833,None-None,71-56,Red,-1.0,12390362
,B-EBASKBAT4X5,Pakapaka x Bazuka,Pakapaka,PHI 76ers,Bazuka,MIN Timberwolves,09/08/2026,14:53:27,Handicap,PHI 76ers (Pakapaka) (+6.5),6.5,,,,,1.833,None-None,60-82,Red,-1.0,12390368
,B-EBASKBAT4X5,Dzojo x veljouni,Dzojo,PHX Suns,veljouni,MIA Heat,09/08/2026,14:53:27,Handicap,PHX Suns (Dzojo) (+3.5),3.5,,,,,1.833,None-None,70-63,Green,0.833,12390367
,B-EBASKBAT4X5,Djoks x Dzojo,Djoks,TOR Raptors,Dzojo,PHX Suns,09/08/2026,16:19:31,Handicap,PHX Suns (Dzojo) (+1.5),1.5,,,,,1.833,None-None,65-64,Green,0.833,12390661
,B-EBASKBAT4X5,veljouni x Pakapaka,veljouni,MIA Heat,Pakapaka,PHI 76ers,09/08/2026,16:19:31,Handicap,PHI 76ers (Pakapaka) (+6.5),6.5,,,,,1.833,None-None,73-57,Red,-1.0,12390660
,B-EBASKBAT4X5,Pakapaka x Djoks,Pakapaka,PHI 76ers,Djoks,TOR Raptors,09/08/2026,16:19:31,Handicap,PHI 76ers (Pakapaka) (+3.5),3.5,,,,,1.833,None-None,67-76,Red,-1.0,12390662
,B-EBASKBAT4X5,Bazuka x veljouni,Bazuka,MIN Timberwolves,veljouni,MIA Heat,09/08/2026,16:19:31,Handicap,MIN Timberwolves (Bazuka) (+2.5),2.5,,,,,1.833,None-None,81-73,Green,0.833,12390663
,B-EBASKBAT4X5,Pakapaka x Dzojo,Pakapaka,PHI 76ers,Dzojo,PHX Suns,09/08/2026,17:56:50,Handicap,PHI 76ers (Pakapaka) (+7.5),7.5,,,,,1.833,None-None,53-83,Red,-1.0,12391326
,B-EBASKBAT4X5,Bazuka x Djoks,Bazuka,MIN Timberwolves,Djoks,TOR Raptors,09/08/2026,17:42:55,Handicap,TOR Raptors (Djoks) (+2.5),2.5,,,,,1.833,None-None,55-59,Green,0.833,12391265
,B-EBASKBAT4X5,Djoks x veljouni,Djoks,TOR Raptors,veljouni,MIA Heat,09/08/2026,18:01:43,Handicap,TOR Raptors (Djoks) (+4.5),4.5,,,,,1.833,None-None,58-60,Green,0.833,12391328
,B-EBASKBAT4X5,Dzojo x Bazuka,Dzojo,PHX Suns,Bazuka,MIN Timberwolves,09/08/2026,17:56:50,Handicap,MIN Timberwolves (Bazuka) (+4.5),4.5,,,,,1.833,None-None,70-64,Red,-1.0,12391327
,B-EBASKBAT4X5,lucker x faLcOn,lucker,MIA Heat,faLcOn,POR T Blazers,10/08/2026,04:15:46,Handicap,POR T Blazers (faLcOn) (+6.5),6.5,,,,,1.833,None-None,60-57,Green,0.833,12394305
,B-EBASKBAT4X5,The_Professor x yangrainmaker,The_Professor,SAC Kings,yangrainmaker,OKC Thunder,10/08/2026,04:15:46,Handicap,OKC Thunder (yangrainmaker) (+7.5),7.5,,,,,1.833,None-None,76-52,Red,-1.0,12394306
,B-EBASKBAT4X5,yangrainmaker x lucker,yangrainmaker,OKC Thunder,lucker,MIA Heat,10/08/2026,05:08:44,Handicap,OKC Thunder (yangrainmaker) (+2.5),2.5,,,,,1.833,None-None,73-68,Green,0.833,12394391
,B-EBASKBAT4X5,faLcOn x CHIEFKEEF,faLcOn,POR T Blazers,CHIEFKEEF,CHI Bulls,10/08/2026,05:08:44,Handicap,POR T Blazers (faLcOn) (+9.5),9.5,,,,,1.833,None-None,74-76,Green,0.833,12394392
,B-EBASKBAT4X5,lucker x The_Professor,lucker,MIA Heat,The_Professor,SAC Kings,10/08/2026,05:49:10,Handicap,MIA Heat (lucker) (+3.5),3.5,,,,,1.833,0-0,54-80,Red,-1.0,12394436
,B-EBASKBAT4X5,CHIEFKEEF x yangrainmaker,CHIEFKEEF,CHI Bulls,yangrainmaker,OKC Thunder,10/08/2026,05:49:09,Handicap,OKC Thunder (yangrainmaker) (+7.5),7.5,,,,,1.833,0-0,80-78,Green,0.833,12394435
,B-EBASKBAT4X5,The_Professor x CHIEFKEEF,The_Professor,SAC Kings,CHIEFKEEF,CHI Bulls,10/08/2026,06:23:57,Handicap,CHI Bulls (CHIEFKEEF) (+3.5),3.5,,,,,1.833,0-0,74-72,Green,0.833,12394522
,B-EBASKBAT4X5,yangrainmaker x faLcOn,yangrainmaker,OKC Thunder,faLcOn,POR T Blazers,10/08/2026,06:18:34,Handicap,POR T Blazers (faLcOn) (+5.5),5.5,,,,,1.833,None-None,86-67,Red,-1.0,12394523
,B-EBASKBAT4X5,faLcOn x The_Professor,faLcOn,POR T Blazers,The_Professor,SAC Kings,10/08/2026,06:36:11,Handicap,POR T Blazers (faLcOn) (+12.5),12.5,,,,,1.833,None-None,74-77,Green,0.833,12394593
,B-EBASKBAT4X5,CHIEFKEEF x lucker,CHIEFKEEF,CHI Bulls,lucker,MIA Heat,10/08/2026,06:36:11,Handicap,MIA Heat (lucker) (+4.5),4.5,,,,,1.833,None-None,82-62,Red,-1.0,12394594
,B-EBASKBAT4X5,faLcOn x lucker,faLcOn,POR T Blazers,lucker,MIA Heat,10/08/2026,07:41:30,Handicap,POR T Blazers (faLcOn) (+9.5),9.5,,,,,1.833,None-None,63-74,Red,-1.0,12394955
,B-EBASKBAT4X5,yangrainmaker x The_Professor,yangrainmaker,OKC Thunder,The_Professor,SAC Kings,10/08/2026,07:41:30,Handicap,OKC Thunder (yangrainmaker) (+4.5),4.5,,,,,1.833,None-None,73-78,Red,-1.0,12394954
,B-EBASKBAT4X5,lucker x yangrainmaker,lucker,MIA Heat,yangrainmaker,OKC Thunder,10/08/2026,07:41:30,Handicap,OKC Thunder (yangrainmaker) (+1.5),1.5,,,,,1.833,None-None,82-79,Red,-1.0,12394958
,B-EBASKBAT4X5,CHIEFKEEF x faLcOn,CHIEFKEEF,CHI Bulls,faLcOn,POR T Blazers,10/08/2026,07:41:30,Handicap,POR T Blazers (faLcOn) (+8.5),8.5,,,,,1.833,None-None,74-65,Red,-1.0,12394961
,B-EBASKBAT4X5,yangrainmaker x CHIEFKEEF,yangrainmaker,OKC Thunder,CHIEFKEEF,CHI Bulls,10/08/2026,07:41:30,Handicap,OKC Thunder (yangrainmaker) (+5.5),5.5,,,,,1.833,None-None,88-92,Green,0.833,12394962
,B-EBASKBAT4X5,The_Professor x lucker,The_Professor,SAC Kings,lucker,MIA Heat,10/08/2026,07:41:30,Handicap,MIA Heat (lucker) (+5.5),5.5,,,,,1.833,None-None,78-60,Red,-1.0,12394963
,B-EBASKBAT4X5,CHIEFKEEF x The_Professor,CHIEFKEEF,CHI Bulls,The_Professor,SAC Kings,10/08/2026,08:56:46,Handicap,SAC Kings (The_Professor) (+2.5),2.5,,,,,1.833,None-None,64-76,Green,0.833,12395194
,B-EBASKBAT4X5,faLcOn x yangrainmaker,faLcOn,POR T Blazers,yangrainmaker,OKC Thunder,10/08/2026,08:56:46,Handicap,POR T Blazers (faLcOn) (+7.5),7.5,,,,,1.833,None-None,53-61,Red,-1.0,12395195
,B-EBASKBAT4X5,The_Professor x faLcOn,The_Professor,SAC Kings,faLcOn,POR T Blazers,10/08/2026,08:56:46,Handicap,POR T Blazers (faLcOn) (+8.5),8.5,,,,,1.833,None-None,73-61,Red,-1.0,12395212
,B-EBASKBAT4X5,lucker x CHIEFKEEF,lucker,MIA Heat,CHIEFKEEF,CHI Bulls,10/08/2026,08:53:48,Handicap,MIA Heat (lucker) (+6.5),6.5,,,,,1.833,None-None,71-79,Red,-1.0,12395199
,B-EBASKBAT4X5,The_Professor x yangrainmaker,The_Professor,SAC Kings,yangrainmaker,OKC Thunder,10/08/2026,10:24:26,Handicap,OKC Thunder (yangrainmaker) (+6.5),6.5,,,,,1.833,None-None,71-67,Green,0.833,12395569
,B-EBASKBAT4X5,lucker x faLcOn,lucker,MIA Heat,faLcOn,POR T Blazers,10/08/2026,10:24:26,Handicap,POR T Blazers (faLcOn) (+6.5),6.5,,,,,1.833,None-None,73-64,Red,-1.0,12395568
,B-EBASKBAT4X5,yangrainmaker x lucker,yangrainmaker,OKC Thunder,lucker,MIA Heat,10/08/2026,10:24:26,Handicap,OKC Thunder (yangrainmaker) (+1.5),1.5,,,,,1.833,None-None,74-65,Green,0.833,12395585
,B-EBASKBAT4X5,faLcOn x CHIEFKEEF,faLcOn,POR T Blazers,CHIEFKEEF,CHI Bulls,10/08/2026,10:24:26,Handicap,POR T Blazers (faLcOn) (+8.5),8.5,,,,,1.833,None-None,74-85,Red,-1.0,12395586
,B-EBASKBAT4X5,Pakapaka x veljouni,Pakapaka,PHI 76ers,veljouni,MIA Heat,10/08/2026,12:46:32,Handicap,PHI 76ers (Pakapaka) (+3.5),3.5,,,,,1.833,None-None,56-80,Red,-1.0,12396450
,B-EBASKBAT4X5,Dzojo x Lucashin,Dzojo,PHX Suns,Lucashin,SAC Kings,10/08/2026,12:47:34,Handicap,PHX Suns (Dzojo) (+3.5),3.5,,,,,1.833,None-None,82-85,Green,0.833,12396449
,B-EBASKBAT4X5,Lucashin x Bazuka,Lucashin,SAC Kings,Bazuka,MIN Timberwolves,10/08/2026,13:06:48,Handicap,MIN Timberwolves (Bazuka) (+4.5),4.5,,,,,1.833,None-None,82-61,Red,-1.0,12396567
,B-EBASKBAT4X5,veljouni x Dzojo,veljouni,MIA Heat,Dzojo,PHX Suns,10/08/2026,13:06:48,Handicap,MIA Heat (veljouni) (+2.5),2.5,,,,,1.833,None-None,60-84,Red,-1.0,12396566
,B-EBASKBAT4X5,Bazuka x veljouni,Bazuka,MIN Timberwolves,veljouni,MIA Heat,10/08/2026,13:44:00,Handicap,MIN Timberwolves (Bazuka) (+4.5),4.5,,,,,1.833,None-None,60-73,Red,-1.0,12396597
,B-EBASKBAT4X5,Dzojo x Pakapaka,Dzojo,PHX Suns,Pakapaka,PHI 76ers,10/08/2026,13:44:00,Handicap,PHI 76ers (Pakapaka) (+4.5),4.5,,,,,1.833,None-None,74-73,Green,0.833,12396598
,B-EBASKBAT4X5,Pakapaka x Bazuka,Pakapaka,PHI 76ers,Bazuka,MIN Timberwolves,10/08/2026,14:16:20,Handicap,PHI 76ers (Pakapaka) (+5.5),5.5,,,,,1.833,None-None,66-60,Green,0.833,12396773
,B-EBASKBAT4X5,veljouni x Lucashin,veljouni,MIA Heat,Lucashin,SAC Kings,10/08/2026,14:16:20,Handicap,SAC Kings (Lucashin) (+1.5),1.5,,,,,1.833,None-None,71-66,Red,-1.0,12396774
,B-EBASKBAT4X5,Lucashin x Pakapaka,Lucashin,SAC Kings,Pakapaka,PHI 76ers,10/08/2026,14:46:59,Handicap,PHI 76ers (Pakapaka) (+8.5),8.5,,,,,1.833,None-None,71-67,Green,0.833,12396880
,B-EBASKBAT4X5,Bazuka x Dzojo,Bazuka,MIN Timberwolves,Dzojo,PHX Suns,10/08/2026,14:46:59,Handicap,MIN Timberwolves (Bazuka) (+7.5),7.5,,,,,1.833,None-None,66-60,Green,0.833,12396881
,B-EBASKBAT4X5,veljouni x Pakapaka,veljouni,MIA Heat,Pakapaka,PHI 76ers,10/08/2026,15:22:11,Handicap,PHI 76ers (Pakapaka) (+5.5),5.5,,,,,1.833,None-None,62-48,Red,-1.0,12397200
,B-EBASKBAT4X5,Lucashin x Dzojo,Lucashin,SAC Kings,Dzojo,PHX Suns,10/08/2026,16:14:37,Handicap,PHX Suns (Dzojo) (+2.5),2.5,,,,,1.833,None-None,78-67,Red,-1.0,12397327
,B-EBASKBAT4X5,Dzojo x veljouni,Dzojo,PHX Suns,veljouni,MIA Heat,10/08/2026,16:48:42,Handicap,MIA Heat (veljouni) (+4.5),4.5,,,,,1.833,None-None,52-62,Green,0.833,12397822
,B-EBASKBAT4X5,Bazuka x Lucashin,Bazuka,MIN Timberwolves,Lucashin,SAC Kings,10/08/2026,16:48:42,Handicap,MIN Timberwolves (Bazuka) (+8.5),8.5,,,,,1.833,None-None,69-64,Green,0.833,12397820
,B-EBASKBAT4X5,veljouni x Bazuka,veljouni,MIA Heat,Bazuka,MIN Timberwolves,10/08/2026,16:48:42,Handicap,MIN Timberwolves (Bazuka) (+7.5),7.5,,,,,1.833,None-None,78-60,Red,-1.0,12397823
,B-EBASKBAT4X5,Pakapaka x Dzojo,Pakapaka,PHI 76ers,Dzojo,PHX Suns,10/08/2026,16:48:42,Handicap,PHI 76ers (Pakapaka) (+4.5),4.5,,,,,1.833,None-None,71-92,Red,-1.0,12397824
,B-EBASKBAT4X5,Bazuka x Pakapaka,Bazuka,MIN Timberwolves,Pakapaka,PHI 76ers,10/08/2026,16:48:42,Handicap,MIN Timberwolves (Bazuka) (+1.5),1.5,,,,,1.833,None-None,56-61,Red,-1.0,12397825
,B-EBASKBAT4X5,Lucashin x veljouni,Lucashin,SAC Kings,veljouni,MIA Heat,10/08/2026,16:48:42,Handicap,SAC Kings (Lucashin) (+1.5),1.5,,,,,1.833,None-None,80-75,Green,0.833,12397826
,B-EBASKBAT4X5,Dzojo x Bazuka,Dzojo,PHX Suns,Bazuka,MIN Timberwolves,10/08/2026,16:48:42,Handicap,MIN Timberwolves (Bazuka) (+6.5),6.5,,,,,1.833,None-None,65-67,Green,0.833,12397828
,B-EBASKBAT4X5,Pakapaka x Lucashin,Pakapaka,PHI 76ers,Lucashin,SAC Kings,10/08/2026,16:48:42,Handicap,PHI 76ers (Pakapaka) (+6.5),6.5,,,,,1.833,None-None,71-73,Green,0.833,12397827
,B-EBASKBAT4X5,Dzojo x Lucashin,Dzojo,PHX Suns,Lucashin,SAC Kings,10/08/2026,18:01:51,Handicap,PHX Suns (Dzojo) (+5.5),5.5,,,,,1.833,None-None,41-42,Green,0.833,12398143
,B-EBASKBAT4X5,Pakapaka x veljouni,Pakapaka,PHI 76ers,veljouni,MIA Heat,10/08/2026,18:01:51,Handicap,PHI 76ers (Pakapaka) (+7.5),7.5,,,,,1.833,None-None,62-75,Red,-1.0,12398144
,B-EBASKBAT4X5,Lucashin x Bazuka,Lucashin,SAC Kings,Bazuka,MIN Timberwolves,10/08/2026,18:01:51,Handicap,MIN Timberwolves (Bazuka) (+5.5),5.5,,,,,1.833,None-None,70-76,Green,0.833,12398168
,B-EBASKBAT4X5,veljouni x Dzojo,veljouni,MIA Heat,Dzojo,PHX Suns,10/08/2026,18:01:51,Handicap,MIA Heat (veljouni) (+2.5),2.5,,,,,1.833,None-None,64-70,Red,-1.0,12398147
,B-EBASKBAT4X5,faLcOn x lucker,faLcOn,POR T Blazers,lucker,MIA Heat,11/08/2026,04:08:13,Handicap,POR T Blazers (faLcOn) (+6.5),6.5,,,,,1.833,None-None,71-75,Green,0.833,12401180
,B-EBASKBAT4X5,yangrainmaker x CHIEFKEEF,yangrainmaker,OKC Thunder,CHIEFKEEF,CHI Bulls,11/08/2026,04:08:13,Handicap,OKC Thunder (yangrainmaker) (+5.5),5.5,,,,,1.833,None-None,62-49,Green,0.833,12401179
,B-EBASKBAT4X5,lucker x yangrainmaker,lucker,MIA Heat,yangrainmaker,OKC Thunder,11/08/2026,05:14:58,Handicap,OKC Thunder (yangrainmaker) (+1.5),1.5,,,,,1.833,0-0,72-76,Green,0.833,12401276
,B-EBASKBAT4X5,CHIEFKEEF x panteraxball,CHIEFKEEF,CHI Bulls,panteraxball,ORL Magic,11/08/2026,05:13:43,Handicap,ORL Magic (panteraxball) (+5.5),5.5,,,,,1.833,0-0,67-77,Green,0.833,12401277
,B-EBASKBAT4X5,yangrainmaker x faLcOn,yangrainmaker,OKC Thunder,faLcOn,POR T Blazers,11/08/2026,05:49:04,Handicap,POR T Blazers (faLcOn) (+6.5),6.5,,,,,1.833,0-0,83-85,Green,0.833,12401549
,B-EBASKBAT4X5,panteraxball x lucker,panteraxball,ORL Magic,lucker,MIA Heat,11/08/2026,05:50:30,Handicap,ORL Magic (panteraxball) (+2.5),2.5,,,,,1.833,0-0,67-70,Red,-1.0,12401691
,B-EBASKBAT4X5,lucker x CHIEFKEEF,lucker,MIA Heat,CHIEFKEEF,CHI Bulls,11/08/2026,06:23:42,Handicap,MIA Heat (lucker) (+3.5),3.5,,,,,1.833,0-0,47-68,Red,-1.0,12401761
,B-EBASKBAT4X5,faLcOn x panteraxball,faLcOn,POR T Blazers,panteraxball,ORL Magic,11/08/2026,06:24:30,Handicap,POR T Blazers (faLcOn) (+4.5),4.5,,,,,1.833,0-0,56-66,Red,-1.0,12401760
,B-EBASKBAT4X5,CHIEFKEEF x faLcOn,CHIEFKEEF,CHI Bulls,faLcOn,POR T Blazers,11/08/2026,06:56:49,Handicap,POR T Blazers (faLcOn) (+7.5),7.5,,,,,1.833,None-None,81-74,Green,0.833,12401852
,B-EBASKBAT4X5,panteraxball x yangrainmaker,panteraxball,ORL Magic,yangrainmaker,OKC Thunder,11/08/2026,06:56:49,Handicap,ORL Magic (panteraxball) (+1.5),1.5,,,,,1.833,None-None,77-69,Green,0.833,12401853
,B-EBASKBAT4X5,CHIEFKEEF x yangrainmaker,CHIEFKEEF,CHI Bulls,yangrainmaker,OKC Thunder,11/08/2026,07:44:43,Handicap,OKC Thunder (yangrainmaker) (+3.5),3.5,,,,,1.833,None-None,74-80,Green,0.833,12401943
,B-EBASKBAT4X5,lucker x faLcOn,lucker,MIA Heat,faLcOn,POR T Blazers,11/08/2026,07:44:43,Handicap,POR T Blazers (faLcOn) (+4.5),4.5,,,,,1.833,None-None,84-80,Green,0.833,12401944
,B-EBASKBAT4X5,yangrainmaker x lucker,yangrainmaker,OKC Thunder,lucker,MIA Heat,11/08/2026,08:24:10,Handicap,OKC Thunder (yangrainmaker) (+1.5),1.5,,,,,1.833,0-0,64-78,Red,-1.0,12402423
,B-EBASKBAT4X5,panteraxball x CHIEFKEEF,panteraxball,ORL Magic,CHIEFKEEF,CHI Bulls,11/08/2026,08:24:02,Handicap,ORL Magic (panteraxball) (+4.5),4.5,,,,,1.833,0-0,50-77,Red,-1.0,12402424
,B-EBASKBAT4X5,lucker x panteraxball,lucker,MIA Heat,panteraxball,ORL Magic,11/08/2026,09:15:42,Handicap,MIA Heat (lucker) (+7.5),7.5,,,,,1.952,39-47,58-76,Red,-1.0,12402425
,B-EBASKBAT4X5,faLcOn x yangrainmaker,faLcOn,POR T Blazers,yangrainmaker,OKC Thunder,11/08/2026,08:24:27,Handicap,POR T Blazers (faLcOn) (+6.5),6.5,,,,,1.833,None-None,72-70,Green,0.833,12402426
,B-EBASKBAT4X5,panteraxball x faLcOn,panteraxball,ORL Magic,faLcOn,POR T Blazers,11/08/2026,08:56:01,Handicap,POR T Blazers (faLcOn) (+5.5),5.5,,,,,1.833,None-None,73-65,Red,-1.0,12402509
,B-EBASKBAT4X5,CHIEFKEEF x lucker,CHIEFKEEF,CHI Bulls,lucker,MIA Heat,11/08/2026,10:00:17,Handicap,CHI Bulls (CHIEFKEEF) (+7.5),7.5,,,,,1.833,24-32,65-67,Green,0.833,12402510
,B-EBASKBAT4X5,yangrainmaker x panteraxball,yangrainmaker,OKC Thunder,panteraxball,ORL Magic,11/08/2026,08:56:01,Handicap,ORL Magic (panteraxball) (+2.5),2.5,,,,,1.833,None-None,66-72,Green,0.833,12402512
,B-EBASKBAT4X5,faLcOn x CHIEFKEEF,faLcOn,POR T Blazers,CHIEFKEEF,CHI Bulls,11/08/2026,08:56:01,Handicap,POR T Blazers (faLcOn) (+6.5),6.5,,,,,1.833,None-None,60-68,Red,-1.0,12402511
,B-EBASKBAT4X5,faLcOn x lucker,faLcOn,POR T Blazers,lucker,MIA Heat,11/08/2026,10:20:30,Handicap,POR T Blazers (faLcOn) (+3.5),3.5,,,,,1.833,None-None,75-74,Green,0.833,12402763
,B-EBASKBAT4X5,yangrainmaker x CHIEFKEEF,yangrainmaker,OKC Thunder,CHIEFKEEF,CHI Bulls,11/08/2026,10:20:30,Handicap,OKC Thunder (yangrainmaker) (+4.5),4.5,,,,,1.833,None-None,84-75,Green,0.833,12402762
,B-EBASKBAT4X5,lucker x yangrainmaker,lucker,MIA Heat,yangrainmaker,OKC Thunder,11/08/2026,11:33:47,Handicap,OKC Thunder (yangrainmaker) (+3.5),3.5,,,,,1.833,0-0,77-74,Green,0.833,12403291
,B-EBASKBAT4X5,CHIEFKEEF x panteraxball,CHIEFKEEF,CHI Bulls,panteraxball,ORL Magic,11/08/2026,10:20:30,Handicap,ORL Magic (panteraxball) (+5.5),5.5,,,,,1.833,None-None,70-69,Green,0.833,12402764
,B-EBASKBAT4X5,Djoks x Bazuka,Djoks,TOR Raptors,Bazuka,MIN Timberwolves,11/08/2026,12:27:24,Handicap,MIN Timberwolves (Bazuka) (+1.5),1.5,,,,,1.833,None-None,54-66,Green,0.833,12403698
,B-EBASKBAT4X5,Dzojo x veljouni,Dzojo,PHX Suns,veljouni,MIA Heat,11/08/2026,12:27:24,Handicap,PHX Suns (Dzojo) (+1.5),1.5,,,,,1.833,None-None,68-65,Green,0.833,12403699
,B-EBASKBAT4X5,Bazuka x Lucashin,Bazuka,MIN Timberwolves,Lucashin,SAC Kings,11/08/2026,13:15:21,Handicap,MIN Timberwolves (Bazuka) (+6.5),6.5,,,,,1.833,None-None,70-67,Green,0.833,12403873
,B-EBASKBAT4X5,veljouni x Djoks,veljouni,MIA Heat,Djoks,TOR Raptors,11/08/2026,13:15:21,Handicap,TOR Raptors (Djoks) (+4.5),4.5,,,,,1.833,None-None,74-64,Red,-1.0,12403872
,B-EBASKBAT4X5,Djoks x Dzojo,Djoks,TOR Raptors,Dzojo,PHX Suns,11/08/2026,13:31:03,Handicap,TOR Raptors (Djoks) (+3.5),3.5,,,,,1.833,None-None,71-72,Green,0.833,12404281
,B-EBASKBAT4X5,Lucashin x veljouni,Lucashin,SAC Kings,veljouni,MIA Heat,11/08/2026,13:17:32,Handicap,MIA Heat (veljouni) (+1.5),1.5,,,,,1.833,None-None,66-57,Red,-1.0,12403922
,B-EBASKBAT4X5,Dzojo x Lucashin,Dzojo,PHX Suns,Lucashin,SAC Kings,11/08/2026,14:13:33,Handicap,PHX Suns (Dzojo) (+1.5),1.5,,,,,1.833,None-None,66-80,Red,-1.0,12404655
,B-EBASKBAT4X5,veljouni x Bazuka,veljouni,MIA Heat,Bazuka,MIN Timberwolves,11/08/2026,14:13:33,Handicap,MIN Timberwolves (Bazuka) (+7.5),7.5,,,,,1.833,None-None,76-60,Red,-1.0,12404656
,B-EBASKBAT4X5,Bazuka x Dzojo,Bazuka,MIN Timberwolves,Dzojo,PHX Suns,11/08/2026,14:47:51,Handicap,MIN Timberwolves (Bazuka) (+5.5),5.5,,,,,1.833,None-None,65-74,Red,-1.0,12404885
,B-EBASKBAT4X5,Lucashin x Djoks,Lucashin,SAC Kings,Djoks,TOR Raptors,11/08/2026,14:47:51,Handicap,TOR Raptors (Djoks) (+3.5),3.5,,,,,1.833,None-None,66-61,Red,-1.0,12404886
,B-EBASKBAT4X5,Bazuka x Djoks,Bazuka,MIN Timberwolves,Djoks,TOR Raptors,11/08/2026,15:24:10,Handicap,TOR Raptors (Djoks) (+1.5),1.5,,,,,1.833,None-None,49-68,Green,0.833,12404916
,B-EBASKBAT4X5,veljouni x Dzojo,veljouni,MIA Heat,Dzojo,PHX Suns,11/08/2026,15:24:10,Handicap,MIA Heat (veljouni) (+2.5),2.5,,,,,1.833,None-None,76-67,Green,0.833,12404917
,B-EBASKBAT4X5,Lucashin x Bazuka,Lucashin,SAC Kings,Bazuka,MIN Timberwolves,11/08/2026,15:24:10,Handicap,MIN Timberwolves (Bazuka) (+6.5),6.5,,,,,1.833,None-None,62-70,Green,0.833,12404970
,B-EBASKBAT4X5,Djoks x veljouni,Djoks,TOR Raptors,veljouni,MIA Heat,11/08/2026,15:24:10,Handicap,TOR Raptors (Djoks) (+5.5),5.5,,,,,1.833,None-None,56-55,Green,0.833,12404969
,B-EBASKBAT4X5,veljouni x Lucashin,veljouni,MIA Heat,Lucashin,SAC Kings,11/08/2026,17:30:15,Handicap,MIA Heat (veljouni) (+1.5),1.5,,,,,1.74,0-0,72-71,Green,0.74,12405383
,B-EBASKBAT4X5,Dzojo x Djoks,Dzojo,PHX Suns,Djoks,TOR Raptors,11/08/2026,17:28:44,Handicap,TOR Raptors (Djoks) (+2.5),2.5,,,,,1.833,0-0,65-66,Green,0.833,12405384
,B-EBASKBAT4X5,Lucashin x Dzojo,Lucashin,SAC Kings,Dzojo,PHX Suns,11/08/2026,18:04:09,Handicap,PHX Suns (Dzojo) (+2.5),2.5,,,,,1.833,0-0,68-77,Green,0.833,12405725
,B-EBASKBAT4X5,Bazuka x veljouni,Bazuka,MIN Timberwolves,veljouni,MIA Heat,11/08/2026,18:19:25,Handicap,MIN Timberwolves (Bazuka) (+7.5),7.5,,,,,1.833,0-0,59-57,Green,0.833,12405739
