Torneio,Campeonato,Confronto,Jogador A,Time A,Jogador B,Time B,Data,Hora,Mercado,Tip,Linha,Janela 1,Winrate 1,Janela 2,Winrate 2,Odd,Placar Envio,Placar Final,Resultado,Lucro/Prej.,event_id
, CLA-UA Champions Cyber League (UA),drksd3 x Galikooo,drksd3,Feyenoord,Galikooo,Benfica,26/08/2026,03:00:03,Total de Gols,Under,9.5,,,,,1.97,2-4,2-5,Green,0.97,17494157
, CLA-UA Champions Cyber League (UA),drksd3 x Galikooo,drksd3,Feyenoord,Galikooo,Benfica,26/08/2026,03:00:50,Total de Gols,Under,8.5,,,,,1.97,2-4,2-5,Green,0.97,17494157
, CLA-UA Champions Cyber League (UA),drksd3 x Galikooo,drksd3,Feyenoord,Galikooo,Benfica,26/08/2026,03:03:00,Total de Gols,Under,7.5,,,,,2.56,2-5,2-5,Green,1.56,17494157
, CLA-UA Spain Cyber Cup (UA),k0tik x Shark,k0tik,Girona FC,Shark,Levante,26/08/2026,05:00:16,Total de Gols,Under,6.5,,,,,1.8,0-0,4-1,Green,0.8,17503064
, CLA-UA Spain Cyber Cup (UA),k0tik x Shark,k0tik,Girona FC,Shark,Levante,26/08/2026,05:02:32,Total de Gols,Under,5.5,,,,,2.11,0-0,4-1,Green,1.11,17503064
, CLA-UA Spain Cyber Cup (UA),k0tik x Shark,k0tik,Girona FC,Shark,Levante,26/08/2026,05:04:22,Total de Gols,Under,4.5,,,,,2.11,0-0,4-1,Red,-1.0,17503064
, CLA-UA Spain Cyber Cup (UA),k0tik x Shark,k0tik,Girona FC,Shark,Levante,26/08/2026,05:07:27,Total de Gols,Under,3.5,,,,,2.17,0-1,4-1,Red,-1.0,17503064
, CLA-UA Spain Cyber Cup (UA),kozak x sensiz,kozak,Getafe,sensiz,Espanyol,26/08/2026,05:00:06,Total de Gols,Under,7.5,,,,,1.98,0-0,3-2,Green,0.98,17502959
, CLA-UA Spain Cyber Cup (UA),kozak x sensiz,kozak,Getafe,sensiz,Espanyol,26/08/2026,05:02:26,Total de Gols,Under,6.5,,,,,2.03,0-0,3-2,Green,1.03,17502959
, CLA-UA Spain Cyber Cup (UA),kozak x sensiz,kozak,Getafe,sensiz,Espanyol,26/08/2026,05:03:39,Total de Gols,Under,8.5,,,,,1.62,1-0,3-2,Green,0.62,17502959
, CLA-UA Spain Cyber Cup (UA),kozak x sensiz,kozak,Getafe,sensiz,Espanyol,26/08/2026,05:08:43,Total de Gols,Under,5.5,,,,,2.21,2-1,3-2,Green,1.21,17502959
, CLA-UA Spain Cyber Cup (UA),kozak x sensiz,kozak,Getafe,sensiz,Espanyol,26/08/2026,05:10:03,Total de Gols,Under,4.5,,,,,2.32,2-1,3-2,Red,-1.0,17502959
, CLA-UA Italy Cyber Cup (UA),fillanchik x Voron,fillanchik,Lecce,Voron,Inter,26/08/2026,05:00:16,Total de Gols,Under,7.5,,,,,1.74,0-0,3-3,Green,0.74,17502944
, CLA-UA Italy Cyber Cup (UA),fillanchik x Voron,fillanchik,Lecce,Voron,Inter,26/08/2026,05:02:28,Total de Gols,Under,6.5,,,,,2.07,0-0,3-3,Green,1.07,17502944
, CLA-UA Italy Cyber Cup (UA),fillanchik x Voron,fillanchik,Lecce,Voron,Inter,26/08/2026,05:04:29,Total de Gols,Under,5.5,,,,,2.07,0-0,3-3,Red,-1.0,17502944
, CLA-UA Italy Cyber Cup (UA),fillanchik x Voron,fillanchik,Lecce,Voron,Inter,26/08/2026,05:06:18,Total de Gols,Under,4.5,,,,,2.12,0-0,3-3,Red,-1.0,17502944
, CLA-UA Italy Cyber Cup (UA),fillanchik x Voron,fillanchik,Lecce,Voron,Inter,26/08/2026,05:07:22,Total de Gols,Under,6.5,,,,,2.07,0-1,3-3,Green,1.07,17502944
, CLA-UA Spain Cyber Cup (UA),aloha x Shark,aloha,Celta Vigo,Shark,Levante,26/08/2026,05:14:16,Total de Gols,Under,6.5,,,,,2.02,0-0,4-1,Green,1.02,17503065
, CLA-UA Spain Cyber Cup (UA),aloha x Shark,aloha,Celta Vigo,Shark,Levante,26/08/2026,05:15:10,Total de Gols,Under,7.5,,,,,1.77,0-0,4-1,Green,0.77,17503065
, CLA-UA Spain Cyber Cup (UA),aloha x Shark,aloha,Celta Vigo,Shark,Levante,26/08/2026,05:15:30,Total de Gols,Under,8.5,,,,,1.69,0-1,4-1,Green,0.69,17503065
, CLA-UA Spain Cyber Cup (UA),aloha x Shark,aloha,Celta Vigo,Shark,Levante,26/08/2026,05:19:18,Total de Gols,Under,9.5,,,,,1.57,3-1,4-1,Green,0.57,17503065
, CLA-UA Spain Cyber Cup (UA),aloha x Shark,aloha,Celta Vigo,Shark,Levante,26/08/2026,05:23:53,Total de Gols,Under,5.5,,,,,2.71,4-1,4-1,Green,1.71,17503065
, CLA-UA Spain Cyber Cup (UA),Shark x kozak,Shark,Levante,kozak,Getafe,26/08/2026,05:28:07,Total de Gols,Under,7.5,,,,,1.88,0-0,3-5,Red,-1.0,17503067
, CLA-UA Spain Cyber Cup (UA),Shark x kozak,Shark,Levante,kozak,Getafe,26/08/2026,05:29:16,Total de Gols,Under,8.5,,,,,1.65,0-0,3-5,Green,0.65,17503067
, CLA-UA Spain Cyber Cup (UA),Shark x kozak,Shark,Levante,kozak,Getafe,26/08/2026,05:29:36,Total de Gols,Under,8.5,,,,,2.03,1-0,3-5,Green,1.03,17503067
, CLA-UA Spain Cyber Cup (UA),Shark x kozak,Shark,Levante,kozak,Getafe,26/08/2026,05:30:44,Total de Gols,Under,9.5,,,,,1.61,1-1,3-5,Green,0.61,17503067
, CLA-UA Spain Cyber Cup (UA),Shark x kozak,Shark,Levante,kozak,Getafe,26/08/2026,05:36:34,Total de Gols,Under,10.5,,,,,1.54,2-5,3-5,Green,0.54,17503067
, CLA-UA Italy Cyber Cup (UA),Voron x palkan,Voron,Inter,palkan,Fiorentina,26/08/2026,05:27:37,Total de Gols,Under,9.5,,,,,1.75,0-0,3-5,Green,0.75,17502949
, CLA-UA Italy Cyber Cup (UA),Voron x palkan,Voron,Inter,palkan,Fiorentina,26/08/2026,05:29:13,Total de Gols,Under,8.5,,,,,2.01,0-0,3-5,Green,1.01,17502949
, CLA-UA Italy Cyber Cup (UA),Voron x palkan,Voron,Inter,palkan,Fiorentina,26/08/2026,05:31:57,Total de Gols,Under,7.5,,,,,2.03,0-1,3-5,Red,-1.0,17502949
, CLA-UA Italy Cyber Cup (UA),Voron x palkan,Voron,Inter,palkan,Fiorentina,26/08/2026,05:34:42,Total de Gols,Under,6.5,,,,,2.16,1-2,3-5,Red,-1.0,17502949
, CLA-UA Italy Cyber Cup (UA),Voron x palkan,Voron,Inter,palkan,Fiorentina,26/08/2026,05:35:56,Total de Gols,Under,5.5,,,,,2.21,1-2,3-5,Red,-1.0,17502949
, CLA-UA Italy Cyber Cup (UA),Terry14 x fillanchik,Terry14,Juventus,fillanchik,Lecce,26/08/2026,05:41:01,Total de Gols,Under,7.5,,,,,1.98,0-0,3-4,Green,0.98,17502951
, CLA-UA Italy Cyber Cup (UA),Terry14 x fillanchik,Terry14,Juventus,fillanchik,Lecce,26/08/2026,05:42:39,Total de Gols,Under,8.5,,,,,1.76,0-0,3-4,Green,0.76,17502951
, CLA-UA Italy Cyber Cup (UA),Terry14 x fillanchik,Terry14,Juventus,fillanchik,Lecce,26/08/2026,05:44:31,Total de Gols,Under,9.5,,,,,1.93,0-1,3-4,Green,0.93,17502951
, CLA-UA Italy Cyber Cup (UA),Terry14 x fillanchik,Terry14,Juventus,fillanchik,Lecce,26/08/2026,05:48:43,Total de Gols,Under,6.5,,,,,2.12,1-1,3-4,Red,-1.0,17502951
, CLA-UA Italy Cyber Cup (UA),Donatello x fillanchik,Donatello,Lazio,fillanchik,Lecce,26/08/2026,05:55:46,Total de Gols,Under,7.5,,,,,1.74,0-0,5-3,Red,-1.0,17502952
, CLA-UA Italy Cyber Cup (UA),Donatello x fillanchik,Donatello,Lazio,fillanchik,Lecce,26/08/2026,05:57:44,Total de Gols,Under,6.5,,,,,2.03,0-0,5-3,Red,-1.0,17502952
, CLA-UA Italy Cyber Cup (UA),Donatello x fillanchik,Donatello,Lazio,fillanchik,Lecce,26/08/2026,05:59:18,Total de Gols,Under,5.5,,,,,2.12,0-0,5-3,Red,-1.0,17502952
, CLA-UA Italy Cyber Cup (UA),Donatello x fillanchik,Donatello,Lazio,fillanchik,Lecce,26/08/2026,06:01:19,Total de Gols,Under,4.5,,,,,2.12,0-0,5-3,Red,-1.0,17502952
, CLA-UA Italy Cyber Cup (UA),Donatello x fillanchik,Donatello,Lazio,fillanchik,Lecce,26/08/2026,06:03:51,Total de Gols,Under,8.5,,,,,1.84,3-1,5-3,Green,0.84,17502952
, CLA-UA Italy Cyber Cup (UA),Terry14 x Voron,Terry14,Juventus,Voron,Inter,26/08/2026,05:56:42,Total de Gols,Under,7.5,,,,,1.98,0-0,7-2,Red,-1.0,17502954
, CLA-UA Italy Cyber Cup (UA),Terry14 x Voron,Terry14,Juventus,Voron,Inter,26/08/2026,05:58:38,Total de Gols,Under,8.5,,,,,1.65,0-0,7-2,Red,-1.0,17502954
, CLA-UA Italy Cyber Cup (UA),Terry14 x Voron,Terry14,Juventus,Voron,Inter,26/08/2026,06:00:18,Total de Gols,Under,9.5,,,,,1.63,2-0,7-2,Green,0.63,17502954
, CLA-UA Italy Cyber Cup (UA),Terry14 x Voron,Terry14,Juventus,Voron,Inter,26/08/2026,06:01:19,Total de Gols,Under,10.5,,,,,1.83,4-0,7-2,Green,0.83,17502954
,CLA-UA World Cyber Cup (UA),vrud1 x shatik666,vrud1,Cabo Verde,shatik666,Romania,26/08/2026,06:09:51,Total de Gols,Under,9.5,,,,,1.97,0-0,8-6,Red,-1.0,17503205
,CLA-UA World Cyber Cup (UA),vrud1 x shatik666,vrud1,Cabo Verde,shatik666,Romania,26/08/2026,06:10:57,Total de Gols,Under,10.5,,,,,1.7,0-0,8-6,Red,-1.0,17503205
,CLA-UA World Cyber Cup (UA),vrud1 x shatik666,vrud1,Cabo Verde,shatik666,Romania,26/08/2026,06:11:57,Total de Gols,Under,11.5,,,,,1.76,2-0,8-6,Red,-1.0,17503205
,CLA-UA World Cyber Cup (UA),vrud1 x shatik666,vrud1,Cabo Verde,shatik666,Romania,26/08/2026,06:12:15,Total de Gols,Under,12.5,,,,,1.66,3-0,8-6,Red,-1.0,17503205
, CLA-UA Italy Cyber Cup (UA),Voron x Donatello,Voron,Inter,Donatello,Lazio,26/08/2026,06:23:45,Total de Gols,Under,7.5,,,,,1.98,0-0,2-6,Red,-1.0,17502955
, CLA-UA Italy Cyber Cup (UA),Voron x Donatello,Voron,Inter,Donatello,Lazio,26/08/2026,06:24:43,Total de Gols,Under,8.5,,,,,1.89,0-0,2-6,Green,0.89,17502955
, CLA-UA Italy Cyber Cup (UA),Voron x Donatello,Voron,Inter,Donatello,Lazio,26/08/2026,06:25:11,Total de Gols,Under,9.5,,,,,1.76,0-1,2-6,Green,0.76,17502955
, CLA-UA Italy Cyber Cup (UA),Voron x Donatello,Voron,Inter,Donatello,Lazio,26/08/2026,06:27:39,Total de Gols,Under,10.5,,,,,1.62,0-3,2-6,Green,0.62,17502955
, CLA-UA Italy Cyber Cup (UA),Voron x Donatello,Voron,Inter,Donatello,Lazio,26/08/2026,06:29:45,Total de Gols,Under,11.5,,,,,1.77,1-5,2-6,Green,0.77,17502955
, CLA-UA Italy Cyber Cup (UA),palkan x Voron,palkan,Fiorentina,Voron,Inter,26/08/2026,06:37:10,Total de Gols,Under,8.5,,,,,1.98,0-0,7-3,Red,-1.0,17502961
, CLA-UA Italy Cyber Cup (UA),palkan x Voron,palkan,Fiorentina,Voron,Inter,26/08/2026,06:39:40,Total de Gols,Under,9.5,,,,,1.66,0-0,7-3,Red,-1.0,17502961
, CLA-UA Italy Cyber Cup (UA),palkan x Voron,palkan,Fiorentina,Voron,Inter,26/08/2026,06:40:49,Total de Gols,Under,10.5,,,,,1.74,2-0,7-3,Green,0.74,17502961
, CLA-UA Italy Cyber Cup (UA),palkan x Voron,palkan,Fiorentina,Voron,Inter,26/08/2026,06:41:05,Total de Gols,Under,11.5,,,,,1.65,2-1,7-3,Green,0.65,17502961
, CLA-UA Spain Cyber Cup (UA),kozak x aloha,kozak,Getafe,aloha,Celta Vigo,26/08/2026,06:51:10,Total de Gols,Under,9.5,,,,,1.97,0-0,3-4,Green,0.97,17502974
, CLA-UA Spain Cyber Cup (UA),kozak x aloha,kozak,Getafe,aloha,Celta Vigo,26/08/2026,06:53:09,Total de Gols,Under,8.5,,,,,2.07,0-0,3-4,Green,1.07,17502974
, CLA-UA Spain Cyber Cup (UA),kozak x aloha,kozak,Getafe,aloha,Celta Vigo,26/08/2026,06:53:29,Total de Gols,Under,10.5,,,,,1.92,0-1,3-4,Green,0.92,17502974
, CLA-UA Spain Cyber Cup (UA),kozak x aloha,kozak,Getafe,aloha,Celta Vigo,26/08/2026,07:01:57,Total de Gols,Under,7.5,,,,,2.47,3-4,3-4,Green,1.47,17502974
, CLA-UA Italy Cyber Cup (UA),palkan x Donatello,palkan,Fiorentina,Donatello,Lazio,26/08/2026,06:55:05,Total de Gols,Under,7.5,,,,,1.96,0-1,3-4,Green,0.96,17502965
, CLA-UA Italy Cyber Cup (UA),palkan x Donatello,palkan,Fiorentina,Donatello,Lazio,26/08/2026,06:55:24,Total de Gols,Under,8.5,,,,,1.85,0-1,3-4,Green,0.85,17502965
, CLA-UA Italy Cyber Cup (UA),palkan x Donatello,palkan,Fiorentina,Donatello,Lazio,26/08/2026,06:58:12,Total de Gols,Under,9.5,,,,,2.01,1-3,3-4,Green,1.01,17502965
, CLA-UA Italy Cyber Cup (UA),palkan x Donatello,palkan,Fiorentina,Donatello,Lazio,26/08/2026,06:59:10,Total de Gols,Under,10.5,,,,,1.68,2-3,3-4,Green,0.68,17502965
, CLA-UA Italy Cyber Cup (UA),fillanchik x Terry14,fillanchik,Lecce,Terry14,Juventus,26/08/2026,06:52:29,Total de Gols,Under,7.5,,,,,1.98,0-0,2-4,Green,0.98,17502956
, CLA-UA Italy Cyber Cup (UA),fillanchik x Terry14,fillanchik,Lecce,Terry14,Juventus,26/08/2026,06:53:24,Total de Gols,Under,8.5,,,,,1.78,0-0,2-4,Green,0.78,17502956
, CLA-UA Italy Cyber Cup (UA),fillanchik x Terry14,fillanchik,Lecce,Terry14,Juventus,26/08/2026,06:59:34,Total de Gols,Under,6.5,,,,,2.22,2-2,2-4,Green,1.22,17502956
,CLA-UA World Cyber Cup (UA),Kairox x vrud1,Kairox,Saudi Arabia,vrud1,Cabo Verde,26/08/2026,06:56:11,Total de Gols,Under,10.5,,,,,1.98,2-3,6-5,Red,-1.0,17503207
,CLA-UA World Cyber Cup (UA),Kairox x vrud1,Kairox,Saudi Arabia,vrud1,Cabo Verde,26/08/2026,06:57:27,Total de Gols,Under,9.5,,,,,2.12,2-3,6-5,Red,-1.0,17503207
,CLA-UA World Cyber Cup (UA),Kairox x vrud1,Kairox,Saudi Arabia,vrud1,Cabo Verde,26/08/2026,06:59:12,Total de Gols,Under,11.5,,,,,1.7,3-3,6-5,Green,0.7,17503207
,CLA-UA World Cyber Cup (UA),Kairox x vrud1,Kairox,Saudi Arabia,vrud1,Cabo Verde,26/08/2026,07:02:48,Total de Gols,Under,12.5,,,,,1.4,5-5,6-5,Green,0.4,17503207
, CLA-UA Spain Cyber Cup (UA),k0tik x sensiz,k0tik,Girona FC,sensiz,Espanyol,26/08/2026,06:58:47,Total de Gols,Under,4.5,,,,,2.06,0-2,3-3,Red,-1.0,17502976
, CLA-UA Spain Cyber Cup (UA),k0tik x sensiz,k0tik,Girona FC,sensiz,Espanyol,26/08/2026,06:59:54,Total de Gols,Under,3.5,,,,,2.36,0-2,3-3,Red,-1.0,17502976
, CLA-UA Spain Cyber Cup (UA),k0tik x sensiz,k0tik,Girona FC,sensiz,Espanyol,26/08/2026,07:01:01,Total de Gols,Under,5.5,,,,,1.44,1-2,3-3,Red,-1.0,17502976
,CLA-UA World Cyber Cup (UA),shatik666 x bod1a,shatik666,Romania,bod1a,Spain,26/08/2026,06:57:58,Total de Gols,Under,10.5,,,,,2.22,4-2,5-3,Green,1.22,17503201
,CLA-UA World Cyber Cup (UA),shatik666 x bod1a,shatik666,Romania,bod1a,Spain,26/08/2026,06:59:53,Total de Gols,Under,9.5,,,,,2.22,4-3,5-3,Green,1.22,17503201
,CLA-UA World Cyber Cup (UA),shatik666 x bod1a,shatik666,Romania,bod1a,Spain,26/08/2026,07:01:13,Total de Gols,Under,8.5,,,,,2.4,4-3,5-3,Green,1.4,17503201
,CLA-UA World Cyber Cup (UA),shatik666 x bod1a,shatik666,Romania,bod1a,Spain,26/08/2026,07:02:24,Total de Gols,Under,7.5,,,,,2.62,4-3,5-3,Red,-1.0,17503201
, CLA-UA Spain Cyber Cup (UA),k0tik x aloha,k0tik,Girona FC,aloha,Celta Vigo,26/08/2026,07:06:14,Total de Gols,Under,7.5,,,,,1.73,0-0,4-2,Green,0.73,17502978
, CLA-UA Spain Cyber Cup (UA),k0tik x aloha,k0tik,Girona FC,aloha,Celta Vigo,26/08/2026,07:06:42,Total de Gols,Under,6.5,,,,,2.12,0-0,4-2,Green,1.12,17502978
, CLA-UA Spain Cyber Cup (UA),k0tik x aloha,k0tik,Girona FC,aloha,Celta Vigo,26/08/2026,07:09:50,Total de Gols,Under,5.5,,,,,2.07,0-1,4-2,Red,-1.0,17502978
,CLA-UA World Cyber Cup (UA),Kairox x bod1a,Kairox,Saudi Arabia,bod1a,Spain,26/08/2026,07:05:13,Total de Gols,Under,6.5,,,,,1.75,0-0,3-2,Green,0.75,17503206
,CLA-UA World Cyber Cup (UA),Kairox x bod1a,Kairox,Saudi Arabia,bod1a,Spain,26/08/2026,07:06:54,Total de Gols,Under,5.5,,,,,2.08,0-0,3-2,Green,1.08,17503206
,CLA-UA World Cyber Cup (UA),Kairox x bod1a,Kairox,Saudi Arabia,bod1a,Spain,26/08/2026,07:10:36,Total de Gols,Under,4.5,,,,,2.21,1-0,3-2,Red,-1.0,17503206
,CLA-UA World Cyber Cup (UA),zyX x vrud1,zyX,Uruguay,vrud1,Cabo Verde,26/08/2026,07:14:37,Total de Gols,Under,12.5,,,,,1.72,5-5,5-6,Green,0.72,17503208
,CLA-UA World Cyber Cup (UA),zyX x vrud1,zyX,Uruguay,vrud1,Cabo Verde,26/08/2026,07:15:24,Total de Gols,Under,11.5,,,,,2.23,5-5,5-6,Green,1.23,17503208
, CLA-UA Italy Cyber Cup (UA),fillanchik x Donatello,fillanchik,Lecce,Donatello,Lazio,26/08/2026,07:14:37,Total de Gols,Under,7.5,,,,,1.48,3-2,4-3,Green,0.48,17502958
, CLA-UA Italy Cyber Cup (UA),fillanchik x Donatello,fillanchik,Lecce,Donatello,Lazio,26/08/2026,07:14:41,Total de Gols,Under,6.5,,,,,2.36,3-2,4-3,Red,-1.0,17502958
, CLA-UA Italy Cyber Cup (UA),fillanchik x Donatello,fillanchik,Lecce,Donatello,Lazio,26/08/2026,07:15:49,Total de Gols,Under,5.5,,,,,2.56,3-2,4-3,Red,-1.0,17502958
, CLA-UA Spain Cyber Cup (UA),Shark x sensiz,Shark,Levante,sensiz,Espanyol,26/08/2026,07:14:55,Total de Gols,Under,5.5,,,,,1.68,2-2,3-3,Red,-1.0,17502975
, CLA-UA Spain Cyber Cup (UA),Shark x sensiz,Shark,Levante,sensiz,Espanyol,26/08/2026,07:15:34,Total de Gols,Under,4.5,,,,,2.71,2-2,3-3,Red,-1.0,17502975
, CLA-UA Italy Cyber Cup (UA),Voron x Terry14,Voron,Inter,Terry14,Juventus,26/08/2026,07:05:24,Total de Gols,Under,7.5,,,,,1.98,0-0,5-7,Red,-1.0,17502962
, CLA-UA Italy Cyber Cup (UA),Voron x Terry14,Voron,Inter,Terry14,Juventus,26/08/2026,07:07:19,Total de Gols,Under,8.5,,,,,1.68,0-0,5-7,Red,-1.0,17502962
, CLA-UA Italy Cyber Cup (UA),Voron x Terry14,Voron,Inter,Terry14,Juventus,26/08/2026,07:08:34,Total de Gols,Under,9.5,,,,,1.71,0-2,5-7,Red,-1.0,17502962
, CLA-UA Italy Cyber Cup (UA),Voron x Terry14,Voron,Inter,Terry14,Juventus,26/08/2026,07:15:56,Total de Gols,Under,10.5,,,,,1.56,1-7,5-7,Red,-1.0,17502962
, CLA-UA Champions Cyber League (UA),Kairox x zyX,Kairox,Celtic,zyX,PSV,26/08/2026,07:34:37,Total de Gols,Under,8.5,,,,,1.57,4-0,4-0,Green,0.57,17503230
, CLA-UA Champions Cyber League (UA),Kairox x zyX,Kairox,Celtic,zyX,PSV,26/08/2026,07:34:46,Total de Gols,Under,7.5,,,,,2.16,4-0,4-0,Green,1.16,17503230
, CLA-UA Champions Cyber League (UA),Kairox x zyX,Kairox,Celtic,zyX,PSV,26/08/2026,07:36:47,Total de Gols,Under,6.5,,,,,2.22,4-0,4-0,Green,1.22,17503230
, CLA-UA Champions Cyber League (UA),Kairox x zyX,Kairox,Celtic,zyX,PSV,26/08/2026,07:38:14,Total de Gols,Under,5.5,,,,,2.37,4-0,4-0,Green,1.37,17503230
, CLA-UA Champions Cyber League (UA),Kairox x zyX,Kairox,Celtic,zyX,PSV,26/08/2026,07:39:54,Total de Gols,Under,4.5,,,,,2.47,4-0,4-0,Green,1.47,17503230
, CLA-UA France Cyber Cup (UA),fillanchik x Voron,fillanchik,Marseille,Voron,Lyon,26/08/2026,07:34:37,Total de Gols,Under,6.5,,,,,1.69,0-1,3-4,Red,-1.0,17502979
, CLA-UA Champions Cyber League (UA),shatik666 x vrud1,shatik666,Fenerbahce,vrud1,Porto,26/08/2026,07:34:37,Total de Gols,Under,11.5,,,,,1.6,3-1,5-4,Green,0.6,17503110
, CLA-UA Champions Cyber League (UA),shatik666 x vrud1,shatik666,Fenerbahce,vrud1,Porto,26/08/2026,07:34:46,Total de Gols,Under,10.5,,,,,2.07,3-2,5-4,Green,1.07,17503110
, CLA-UA France Cyber Cup (UA),fillanchik x Voron,fillanchik,Marseille,Voron,Lyon,26/08/2026,07:34:58,Total de Gols,Under,5.5,,,,,2.12,0-1,3-4,Red,-1.0,17502979
, CLA-UA Champions Cyber League (UA),shatik666 x vrud1,shatik666,Fenerbahce,vrud1,Porto,26/08/2026,07:35:47,Total de Gols,Under,12.5,,,,,1.75,3-3,5-4,Green,0.75,17503110
, CLA-UA France Cyber Cup (UA),fillanchik x Voron,fillanchik,Marseille,Voron,Lyon,26/08/2026,07:36:36,Total de Gols,Under,7.5,,,,,1.86,0-2,3-4,Green,0.86,17502979
, CLA-UA France Cyber Cup (UA),fillanchik x Voron,fillanchik,Marseille,Voron,Lyon,26/08/2026,07:40:00,Total de Gols,Under,8.5,,,,,1.7,3-3,3-4,Green,0.7,17502979
, CLA-UA Champions Cyber League (UA),shatik666 x vrud1,shatik666,Fenerbahce,vrud1,Porto,26/08/2026,07:40:48,Total de Gols,Under,9.5,,,,,2.22,5-4,5-4,Green,1.22,17503110
,CLA-UA Argentina Cyber Cup (UA),kozak x sensiz,kozak,River Plate,sensiz,Racing Club,26/08/2026,07:35:20,Total de Gols,Under,7.5,,,,,1.79,1-2,4-8,Red,-1.0,17502997
,CLA-UA Argentina Cyber Cup (UA),kozak x sensiz,kozak,River Plate,sensiz,Racing Club,26/08/2026,07:35:30,Total de Gols,Under,8.5,,,,,1.7,1-2,4-8,Red,-1.0,17502997
,CLA-UA Argentina Cyber Cup (UA),kozak x sensiz,kozak,River Plate,sensiz,Racing Club,26/08/2026,07:36:47,Total de Gols,Under,9.5,,,,,1.63,1-4,4-8,Red,-1.0,17502997
,CLA-UA Argentina Cyber Cup (UA),kozak x sensiz,kozak,River Plate,sensiz,Racing Club,26/08/2026,07:37:38,Total de Gols,Under,10.5,,,,,1.97,1-6,4-8,Red,-1.0,17502997
,CLA-UA Argentina Cyber Cup (UA),kozak x sensiz,kozak,River Plate,sensiz,Racing Club,26/08/2026,07:40:01,Total de Gols,Under,11.5,,,,,1.43,3-6,4-8,Red,-1.0,17502997
,CLA-UA Argentina Cyber Cup (UA),k0tik x Shark,k0tik,Boca Juniors,Shark,Estudiantes L.P.,26/08/2026,07:40:50,Total de Gols,Under,3.5,,,,,1.69,1-2,2-3,Red,-1.0,17502998
, CLA-UA France Cyber Cup (UA),palkan x Terry14,palkan,Monaco,Terry14,Strasbourg,26/08/2026,07:34:37,Total de Gols,Under,8.5,,,,,2.01,1-1,5-3,Green,1.01,17502980
, CLA-UA France Cyber Cup (UA),palkan x Terry14,palkan,Monaco,Terry14,Strasbourg,26/08/2026,07:35:49,Total de Gols,Under,7.5,,,,,2.07,1-1,5-3,Red,-1.0,17502980
, CLA-UA France Cyber Cup (UA),palkan x Terry14,palkan,Monaco,Terry14,Strasbourg,26/08/2026,07:36:20,Total de Gols,Under,9.5,,,,,1.73,2-1,5-3,Green,0.73,17502980
, CLA-UA Champions Cyber League (UA),bod1a x zyX,bod1a,Benfica,zyX,PSV,26/08/2026,07:46:18,Total de Gols,Under,7.5,,,,,1.65,1-1,2-5,Green,0.65,17503111
, CLA-UA Champions Cyber League (UA),bod1a x zyX,bod1a,Benfica,zyX,PSV,26/08/2026,07:47:44,Total de Gols,Under,8.5,,,,,1.79,1-2,2-5,Green,0.79,17503111
, CLA-UA France Cyber Cup (UA),fillanchik x palkan,fillanchik,Marseille,palkan,Monaco,26/08/2026,07:54:45,Total de Gols,Under,6.5,,,,,2.47,4-2,4-3,Red,-1.0,17502986
, CLA-UA France Cyber Cup (UA),fillanchik x palkan,fillanchik,Marseille,palkan,Monaco,26/08/2026,07:54:48,Total de Gols,Under,7.5,,,,,2.27,4-2,4-3,Green,1.27,17502986
,CLA-UA Argentina Cyber Cup (UA),aloha x Shark,aloha,Independiente,Shark,Estudiantes L.P.,26/08/2026,07:44:16,Total de Gols,Under,6.5,,,,,1.98,0-0,4-4,Red,-1.0,17503000
,CLA-UA Argentina Cyber Cup (UA),aloha x Shark,aloha,Independiente,Shark,Estudiantes L.P.,26/08/2026,07:45:15,Total de Gols,Under,7.5,,,,,1.68,0-0,4-4,Red,-1.0,17503000
,CLA-UA Argentina Cyber Cup (UA),aloha x Shark,aloha,Independiente,Shark,Estudiantes L.P.,26/08/2026,07:50:43,Total de Gols,Under,5.5,,,,,2.17,2-1,4-4,Red,-1.0,17503000
,CLA-UA Argentina Cyber Cup (UA),k0tik x kozak,k0tik,Boca Juniors,kozak,River Plate,26/08/2026,07:54:45,Total de Gols,Under,8.5,,,,,2.69,5-3,5-5,Red,-1.0,17503002
, CLA-UA France Cyber Cup (UA),Donatello x Terry14,Donatello,Stade Rennais FC,Terry14,Strasbourg,26/08/2026,07:57:59,Total de Gols,Under,7.5,,,,,1.83,0-0,1-5,Green,0.83,17502981
, CLA-UA France Cyber Cup (UA),Donatello x Terry14,Donatello,Stade Rennais FC,Terry14,Strasbourg,26/08/2026,07:58:56,Total de Gols,Under,6.5,,,,,2.12,0-0,1-5,Green,1.12,17502981
, CLA-UA France Cyber Cup (UA),Donatello x Terry14,Donatello,Stade Rennais FC,Terry14,Strasbourg,26/08/2026,08:01:04,Total de Gols,Under,8.5,,,,,1.6,0-1,1-5,Green,0.6,17502981
, CLA-UA France Cyber Cup (UA),Voron x palkan,Voron,Lyon,palkan,Monaco,26/08/2026,07:57:00,Total de Gols,Under,9.5,,,,,1.75,0-0,6-5,Red,-1.0,17502982
, CLA-UA France Cyber Cup (UA),Voron x palkan,Voron,Lyon,palkan,Monaco,26/08/2026,07:58:42,Total de Gols,Under,8.5,,,,,2.03,0-0,6-5,Red,-1.0,17502982
, CLA-UA France Cyber Cup (UA),Voron x palkan,Voron,Lyon,palkan,Monaco,26/08/2026,08:02:13,Total de Gols,Under,10.5,,,,,1.8,2-1,6-5,Red,-1.0,17502982
, CLA-UA France Cyber Cup (UA),Voron x palkan,Voron,Lyon,palkan,Monaco,26/08/2026,08:02:31,Total de Gols,Under,11.5,,,,,1.68,3-1,6-5,Green,0.68,17502982
, CLA-UA France Cyber Cup (UA),Voron x palkan,Voron,Lyon,palkan,Monaco,26/08/2026,08:03:33,Total de Gols,Under,12.5,,,,,1.65,4-2,6-5,Green,0.65,17502982
,CLA-UA Argentina Cyber Cup (UA),sensiz x k0tik,sensiz,Racing Club,k0tik,Boca Juniors,26/08/2026,08:11:59,Total de Gols,Under,7.5,,,,,1.78,0-0,2-6,Red,-1.0,17503005
,CLA-UA Argentina Cyber Cup (UA),sensiz x k0tik,sensiz,Racing Club,k0tik,Boca Juniors,26/08/2026,08:13:14,Total de Gols,Under,6.5,,,,,2.08,0-0,2-6,Red,-1.0,17503005
,CLA-UA Argentina Cyber Cup (UA),sensiz x k0tik,sensiz,Racing Club,k0tik,Boca Juniors,26/08/2026,08:14:45,Total de Gols,Under,5.5,,,,,2.07,0-0,2-6,Red,-1.0,17503005
,CLA-UA Argentina Cyber Cup (UA),sensiz x k0tik,sensiz,Racing Club,k0tik,Boca Juniors,26/08/2026,08:16:57,Total de Gols,Under,8.5,,,,,1.74,1-2,2-6,Green,0.74,17503005
,CLA-UA Argentina Cyber Cup (UA),sensiz x k0tik,sensiz,Racing Club,k0tik,Boca Juniors,26/08/2026,08:17:12,Total de Gols,Under,9.5,,,,,1.79,2-2,2-6,Green,0.79,17503005
,CLA-UA Argentina Cyber Cup (UA),sensiz x k0tik,sensiz,Racing Club,k0tik,Boca Juniors,26/08/2026,08:18:27,Total de Gols,Under,10.5,,,,,1.68,2-4,2-6,Green,0.68,17503005
,CLA-UA Argentina Cyber Cup (UA),aloha x kozak,aloha,Independiente,kozak,River Plate,26/08/2026,08:12:12,Total de Gols,Under,9.5,,,,,1.95,0-0,7-3,Red,-1.0,17503004
,CLA-UA Argentina Cyber Cup (UA),aloha x kozak,aloha,Independiente,kozak,River Plate,26/08/2026,08:12:45,Total de Gols,Under,10.5,,,,,1.77,0-0,7-3,Green,0.77,17503004
,CLA-UA Argentina Cyber Cup (UA),aloha x kozak,aloha,Independiente,kozak,River Plate,26/08/2026,08:15:30,Total de Gols,Under,8.5,,,,,2.01,2-0,7-3,Red,-1.0,17503004
,CLA-UA Argentina Cyber Cup (UA),aloha x kozak,aloha,Independiente,kozak,River Plate,26/08/2026,08:19:13,Total de Gols,Under,11.5,,,,,1.54,5-2,7-3,Green,0.54,17503004
,CLA-UA Argentina Cyber Cup (UA),sensiz x Shark,sensiz,Racing Club,Shark,Estudiantes L.P.,26/08/2026,08:26:00,Total de Gols,Under,6.5,,,,,1.84,0-0,2-3,Green,0.84,17503009
,CLA-UA Argentina Cyber Cup (UA),sensiz x Shark,sensiz,Racing Club,Shark,Estudiantes L.P.,26/08/2026,08:26:33,Total de Gols,Under,7.5,,,,,1.77,0-0,2-3,Green,0.77,17503009
,CLA-UA Argentina Cyber Cup (UA),sensiz x Shark,sensiz,Racing Club,Shark,Estudiantes L.P.,26/08/2026,08:28:37,Total de Gols,Under,8.5,,,,,1.75,0-2,2-3,Green,0.75,17503009
,CLA-UA Argentina Cyber Cup (UA),sensiz x Shark,sensiz,Racing Club,Shark,Estudiantes L.P.,26/08/2026,08:34:01,Total de Gols,Under,5.5,,,,,2.28,None-None,2-3,Green,1.28,17503009
,CLA-UA Argentina Cyber Cup (UA),sensiz x Shark,sensiz,Racing Club,Shark,Estudiantes L.P.,26/08/2026,08:35:43,Total de Gols,Under,4.5,,,,,2.69,2-2,2-3,Red,-1.0,17503009
,CLA-UA Argentina Cyber Cup (UA),aloha x k0tik,aloha,Independiente,k0tik,Boca Juniors,26/08/2026,08:26:16,Total de Gols,Under,7.5,,,,,1.73,0-0,3-4,Green,0.73,17503007
,CLA-UA Argentina Cyber Cup (UA),aloha x k0tik,aloha,Independiente,k0tik,Boca Juniors,26/08/2026,08:26:27,Total de Gols,Under,8.5,,,,,1.69,0-0,3-4,Green,0.69,17503007
,CLA-UA Argentina Cyber Cup (UA),aloha x k0tik,aloha,Independiente,k0tik,Boca Juniors,26/08/2026,08:28:18,Total de Gols,Under,6.5,,,,,2.12,0-1,3-4,Red,-1.0,17503007
,CLA-UA Argentina Cyber Cup (UA),aloha x k0tik,aloha,Independiente,k0tik,Boca Juniors,26/08/2026,08:29:51,Total de Gols,Under,5.5,,,,,2.12,0-1,3-4,Red,-1.0,17503007
, CLA-UA France Cyber Cup (UA),Voron x fillanchik,Voron,Lyon,fillanchik,Marseille,26/08/2026,08:40:11,Total de Gols,Under,7.5,,,,,1.74,0-0,3-5,Red,-1.0,17502989
, CLA-UA France Cyber Cup (UA),Voron x fillanchik,Voron,Lyon,fillanchik,Marseille,26/08/2026,08:40:30,Total de Gols,Under,8.5,,,,,1.69,0-0,3-5,Green,0.69,17502989
, CLA-UA France Cyber Cup (UA),Voron x fillanchik,Voron,Lyon,fillanchik,Marseille,26/08/2026,08:42:43,Total de Gols,Under,6.5,,,,,2.07,None-None,3-5,Red,-1.0,17502989
, CLA-UA France Cyber Cup (UA),palkan x Voron,palkan,Monaco,Voron,Lyon,26/08/2026,09:07:36,Total de Gols,Under,8.5,,,,,1.98,0-0,0-0,Green,0.98,17502995
, CLA-UA France Cyber Cup (UA),palkan x Voron,palkan,Monaco,Voron,Lyon,26/08/2026,09:07:52,Total de Gols,Under,9.5,,,,,1.75,0-0,0-0,Green,0.75,17502995
, CLA-UA France Cyber Cup (UA),Terry14 x Donatello,Terry14,Strasbourg,Donatello,Stade Rennais FC,26/08/2026,09:07:23,Total de Gols,Under,7.5,,,,,1.98,0-0,0-0,Green,0.98,17502993
, CLA-UA Champions Cyber League (UA),shatik666 x zyX,shatik666,Fenerbahce,zyX,PSV,26/08/2026,09:08:00,Total de Gols,Under,9.5,,,,,1.75,0-0,0-0,Green,0.75,17503024
, CLA-UA Champions Cyber League (UA),shatik666 x zyX,shatik666,Fenerbahce,zyX,PSV,26/08/2026,09:08:30,Total de Gols,Under,8.5,,,,,1.88,0-0,0-0,Green,0.88,17503024
,CLA-UA Argentina Cyber Cup (UA),sensiz x aloha,sensiz,Racing Club,aloha,Independiente,26/08/2026,09:08:20,Total de Gols,Under,7.5,,,,,1.7,0-0,0-0,Green,0.7,17503014
, CLA-UA Italy Cyber Cup (UA),shatik666 x vrud1,shatik666,Milan,vrud1,Roma,26/08/2026,09:59:56,Total de Gols,Under,9.5,,,,,1.97,0-0,7-2,Green,0.97,17503296
, CLA-UA Italy Cyber Cup (UA),shatik666 x vrud1,shatik666,Milan,vrud1,Roma,26/08/2026,10:01:02,Total de Gols,Under,10.5,,,,,1.69,0-0,7-2,Green,0.69,17503296
, CLA-UA Italy Cyber Cup (UA),shatik666 x vrud1,shatik666,Milan,vrud1,Roma,26/08/2026,10:01:47,Total de Gols,Under,11.5,,,,,1.68,2-0,7-2,Green,0.68,17503296
, CLA-UA Italy Cyber Cup (UA),shatik666 x vrud1,shatik666,Milan,vrud1,Roma,26/08/2026,10:08:18,Total de Gols,Under,8.5,,,,,2.21,5-1,7-2,Red,-1.0,17503296
, CLA-UA Italy Cyber Cup (UA),Kairox x zyX,Kairox,Atalanta,zyX,Lecce,26/08/2026,09:59:39,Total de Gols,Under,6.5,,,,,1.75,0-0,5-3,Red,-1.0,17503059
, CLA-UA Italy Cyber Cup (UA),Kairox x zyX,Kairox,Atalanta,zyX,Lecce,26/08/2026,10:00:53,Total de Gols,Under,5.5,,,,,2.11,0-0,5-3,Red,-1.0,17503059
, CLA-UA Italy Cyber Cup (UA),Kairox x zyX,Kairox,Atalanta,zyX,Lecce,26/08/2026,10:01:10,Total de Gols,Under,7.5,,,,,1.98,1-0,5-3,Red,-1.0,17503059
, CLA-UA Italy Cyber Cup (UA),Kairox x zyX,Kairox,Atalanta,zyX,Lecce,26/08/2026,10:01:32,Total de Gols,Under,8.5,,,,,1.91,1-1,5-3,Green,0.91,17503059
, CLA-UA Italy Cyber Cup (UA),Kairox x zyX,Kairox,Atalanta,zyX,Lecce,26/08/2026,10:02:23,Total de Gols,Under,9.5,,,,,1.65,2-1,5-3,Green,0.65,17503059
, CLA-UA Spain Cyber Cup (UA),palkan x Terry14,palkan,Real Betis,Terry14,Atletico Madrid,26/08/2026,09:59:46,Total de Gols,Under,9.5,,,,,1.75,0-0,5-4,Green,0.75,17503028
, CLA-UA Spain Cyber Cup (UA),palkan x Terry14,palkan,Real Betis,Terry14,Atletico Madrid,26/08/2026,10:02:04,Total de Gols,Under,8.5,,,,,2.07,0-0,5-4,Red,-1.0,17503028
, CLA-UA Spain Cyber Cup (UA),palkan x Terry14,palkan,Real Betis,Terry14,Atletico Madrid,26/08/2026,10:03:25,Total de Gols,Under,7.5,,,,,1.98,0-0,5-4,Red,-1.0,17503028
, CLA-UA Spain Cyber Cup (UA),palkan x Terry14,palkan,Real Betis,Terry14,Atletico Madrid,26/08/2026,10:05:58,Total de Gols,Under,6.5,,,,,2.07,1-0,5-4,Red,-1.0,17503028
, CLA-UA Italy Cyber Cup (UA),bod1a x zyX,bod1a,Napoli,zyX,Lecce,26/08/2026,10:12:18,Total de Gols,Under,6.5,,,,,1.75,0-0,1-5,Green,0.75,17503060
, CLA-UA Italy Cyber Cup (UA),bod1a x zyX,bod1a,Napoli,zyX,Lecce,26/08/2026,10:15:01,Total de Gols,Under,5.5,,,,,2.11,0-0,1-5,Red,-1.0,17503060
, CLA-UA Italy Cyber Cup (UA),bod1a x zyX,bod1a,Napoli,zyX,Lecce,26/08/2026,10:20:58,Total de Gols,Under,7.5,,,,,1.52,0-3,1-5,Green,0.52,17503060
, CLA-UA Italy Cyber Cup (UA),bod1a x vrud1,bod1a,Napoli,vrud1,Roma,26/08/2026,10:26:56,Total de Gols,Under,7.5,,,,,1.98,0-0,4-4,Red,-1.0,17503297
, CLA-UA Italy Cyber Cup (UA),bod1a x vrud1,bod1a,Napoli,vrud1,Roma,26/08/2026,10:30:55,Total de Gols,Under,6.5,,,,,2.08,1-0,4-4,Red,-1.0,17503297
, CLA-UA Italy Cyber Cup (UA),bod1a x vrud1,bod1a,Napoli,vrud1,Roma,26/08/2026,10:31:34,Total de Gols,Under,8.5,,,,,1.81,2-0,4-4,Green,0.81,17503297
, CLA-UA Italy Cyber Cup (UA),bod1a x vrud1,bod1a,Napoli,vrud1,Roma,26/08/2026,10:33:40,Total de Gols,Under,9.5,,,,,1.68,3-1,4-4,Green,0.68,17503297
, CLA-UA Spain Cyber Cup (UA),Terry14 x fillanchik,Terry14,Atletico Madrid,fillanchik,Athletic Club,26/08/2026,10:41:45,Total de Gols,Under,7.5,,,,,1.98,0-0,3-5,Red,-1.0,17503034
, CLA-UA Spain Cyber Cup (UA),Terry14 x fillanchik,Terry14,Atletico Madrid,fillanchik,Athletic Club,26/08/2026,10:43:16,Total de Gols,Under,8.5,,,,,1.87,0-0,3-5,Green,0.87,17503034
, CLA-UA Spain Cyber Cup (UA),Terry14 x fillanchik,Terry14,Atletico Madrid,fillanchik,Athletic Club,26/08/2026,10:43:33,Total de Gols,Under,9.5,,,,,1.75,1-0,3-5,Green,0.75,17503034
, CLA-UA Spain Cyber Cup (UA),Terry14 x Voron,Terry14,Atletico Madrid,Voron,Real Madrid,26/08/2026,10:55:28,Total de Gols,Under,8.5,,,,,1.76,0-0,0-4,Green,0.76,17503036
, CLA-UA Spain Cyber Cup (UA),Terry14 x Voron,Terry14,Atletico Madrid,Voron,Real Madrid,26/08/2026,10:57:02,Total de Gols,Under,9.5,,,,,1.7,0-0,0-4,Green,0.7,17503036
, CLA-UA Spain Cyber Cup (UA),Terry14 x Voron,Terry14,Atletico Madrid,Voron,Real Madrid,26/08/2026,10:59:41,Total de Gols,Under,10.5,,,,,1.66,0-3,0-4,Green,0.66,17503036
, CLA-UA Spain Cyber Cup (UA),Terry14 x Voron,Terry14,Atletico Madrid,Voron,Real Madrid,26/08/2026,11:03:54,Total de Gols,Under,7.5,,,,,2.12,0-4,0-4,Green,1.12,17503036
, CLA-UA Spain Cyber Cup (UA),Terry14 x Voron,Terry14,Atletico Madrid,Voron,Real Madrid,26/08/2026,11:05:16,Total de Gols,Under,6.5,,,,,2.27,0-4,0-4,Green,1.27,17503036
, CLA-UA Spain Cyber Cup (UA),Terry14 x Voron,Terry14,Atletico Madrid,Voron,Real Madrid,26/08/2026,11:06:32,Total de Gols,Under,5.5,,,,,2.22,0-4,0-4,Green,1.22,17503036
, CLA-UA Spain Cyber Cup (UA),Terry14 x Voron,Terry14,Atletico Madrid,Voron,Real Madrid,26/08/2026,11:07:38,Total de Gols,Under,4.5,,,,,2.66,0-4,0-4,Green,1.66,17503036
, CLA-UA Italy Cyber Cup (UA),zyX x Kairox,zyX,Lecce,Kairox,Atalanta,26/08/2026,11:09:01,Total de Gols,Under,6.5,,,,,1.75,0-0,2-4,Green,0.75,17503071
, CLA-UA Italy Cyber Cup (UA),zyX x Kairox,zyX,Lecce,Kairox,Atalanta,26/08/2026,11:10:27,Total de Gols,Under,7.5,,,,,1.68,0-0,2-4,Green,0.68,17503071
, CLA-UA Italy Cyber Cup (UA),zyX x Kairox,zyX,Lecce,Kairox,Atalanta,26/08/2026,11:13:47,Total de Gols,Under,5.5,,,,,2.16,1-1,2-4,Red,-1.0,17503071
, CLA-UA Italy Cyber Cup (UA),zyX x Kairox,zyX,Lecce,Kairox,Atalanta,26/08/2026,11:15:07,Total de Gols,Under,4.5,,,,,2.27,1-1,2-4,Red,-1.0,17503071
, CLA-UA Italy Cyber Cup (UA),vrud1 x shatik666,vrud1,Roma,shatik666,Milan,26/08/2026,11:09:49,Total de Gols,Under,8.5,,,,,1.98,0-0,6-8,Red,-1.0,17503300
, CLA-UA Italy Cyber Cup (UA),vrud1 x shatik666,vrud1,Roma,shatik666,Milan,26/08/2026,11:10:32,Total de Gols,Under,9.5,,,,,1.85,0-0,6-8,Red,-1.0,17503300
, CLA-UA Italy Cyber Cup (UA),vrud1 x shatik666,vrud1,Roma,shatik666,Milan,26/08/2026,11:12:23,Total de Gols,Under,7.5,,,,,2.07,0-1,6-8,Red,-1.0,17503300
, CLA-UA Italy Cyber Cup (UA),vrud1 x shatik666,vrud1,Roma,shatik666,Milan,26/08/2026,11:15:13,Total de Gols,Under,10.5,,,,,1.59,1-3,6-8,Red,-1.0,17503300
, CLA-UA Italy Cyber Cup (UA),vrud1 x shatik666,vrud1,Roma,shatik666,Milan,26/08/2026,11:18:26,Total de Gols,Under,11.5,,,,,1.98,4-4,6-8,Red,-1.0,17503300
, CLA-UA Spain Cyber Cup (UA),Terry14 x Donatello,Terry14,Atletico Madrid,Donatello,Real Sociedad,26/08/2026,11:37:03,Total de Gols,Under,7.5,,,,,1.83,0-0,4-5,Red,-1.0,17503042
, CLA-UA Spain Cyber Cup (UA),Terry14 x Donatello,Terry14,Atletico Madrid,Donatello,Real Sociedad,26/08/2026,11:39:39,Total de Gols,Under,6.5,,,,,2.12,0-0,4-5,Red,-1.0,17503042
, CLA-UA Spain Cyber Cup (UA),Terry14 x Donatello,Terry14,Atletico Madrid,Donatello,Real Sociedad,26/08/2026,11:41:16,Total de Gols,Under,5.5,,,,,2.07,0-0,4-5,Red,-1.0,17503042
, CLA-UA Spain Cyber Cup (UA),Terry14 x Donatello,Terry14,Atletico Madrid,Donatello,Real Sociedad,26/08/2026,11:44:22,Total de Gols,Under,8.5,,,,,1.78,1-2,4-5,Red,-1.0,17503042
, CLA-UA Spain Cyber Cup (UA),Terry14 x Donatello,Terry14,Atletico Madrid,Donatello,Real Sociedad,26/08/2026,11:45:53,Total de Gols,Under,9.5,,,,,1.56,1-3,4-5,Green,0.56,17503042
, CLA-UA Spain Cyber Cup (UA),palkan x Donatello,palkan,Real Betis,Donatello,Real Sociedad,26/08/2026,11:52:05,Total de Gols,Under,8.5,,,,,1.98,0-0,8-6,Red,-1.0,17503046
, CLA-UA Spain Cyber Cup (UA),palkan x Donatello,palkan,Real Betis,Donatello,Real Sociedad,26/08/2026,11:53:27,Total de Gols,Under,9.5,,,,,1.7,0-0,8-6,Red,-1.0,17503046
, CLA-UA Spain Cyber Cup (UA),palkan x Donatello,palkan,Real Betis,Donatello,Real Sociedad,26/08/2026,11:54:05,Total de Gols,Under,10.5,,,,,1.95,1-1,8-6,Red,-1.0,17503046
, CLA-UA Spain Cyber Cup (UA),palkan x Donatello,palkan,Real Betis,Donatello,Real Sociedad,26/08/2026,11:55:33,Total de Gols,Under,11.5,,,,,1.66,3-1,8-6,Red,-1.0,17503046
, CLA-UA Spain Cyber Cup (UA),palkan x Donatello,palkan,Real Betis,Donatello,Real Sociedad,26/08/2026,11:56:22,Total de Gols,Under,12.5,,,,,1.69,4-2,8-6,Red,-1.0,17503046
, CLA-UA Spain Cyber Cup (UA),palkan x Donatello,palkan,Real Betis,Donatello,Real Sociedad,26/08/2026,11:57:35,Total de Gols,Under,13.5,,,,,1.73,5-3,8-6,Red,-1.0,17503046
, CLA-UA Spain Cyber Cup (UA),palkan x Donatello,palkan,Real Betis,Donatello,Real Sociedad,26/08/2026,11:59:16,Total de Gols,Under,14.5,,,,,1.79,6-4,8-6,Green,0.79,17503046
, CLA-UA Spain Cyber Cup (UA),palkan x Donatello,palkan,Real Betis,Donatello,Real Sociedad,26/08/2026,11:59:59,Total de Gols,Under,15.5,,,,,1.52,7-4,8-6,Green,0.52,17503046
, CLA-UA Italy Cyber Cup (UA),shatik666 x bod1a,shatik666,Milan,bod1a,Napoli,26/08/2026,11:51:03,Total de Gols,Under,7.5,,,,,1.74,0-0,3-4,Green,0.74,17503075
, CLA-UA Italy Cyber Cup (UA),shatik666 x bod1a,shatik666,Milan,bod1a,Napoli,26/08/2026,11:52:39,Total de Gols,Under,8.5,,,,,1.65,0-0,3-4,Green,0.65,17503075
, CLA-UA Italy Cyber Cup (UA),shatik666 x bod1a,shatik666,Milan,bod1a,Napoli,26/08/2026,11:54:37,Total de Gols,Under,6.5,,,,,2.07,0-1,3-4,Red,-1.0,17503075
, CLA-UA Italy Cyber Cup (UA),shatik666 x bod1a,shatik666,Milan,bod1a,Napoli,26/08/2026,11:59:28,Total de Gols,Under,5.5,,,,,2.17,2-1,3-4,Red,-1.0,17503075
, CLA-UA Italy Cyber Cup (UA),shatik666 x bod1a,shatik666,Milan,bod1a,Napoli,26/08/2026,12:01:08,Total de Gols,Under,4.5,,,,,2.22,2-1,3-4,Red,-1.0,17503075
, CLA-UA Italy Cyber Cup (UA),Kairox x bod1a,Kairox,Atalanta,bod1a,Napoli,26/08/2026,12:04:58,Total de Gols,Under,6.5,,,,,1.75,0-0,6-1,Red,-1.0,17503076
, CLA-UA Italy Cyber Cup (UA),Kairox x bod1a,Kairox,Atalanta,bod1a,Napoli,26/08/2026,12:06:37,Total de Gols,Under,7.5,,,,,1.65,0-0,6-1,Green,0.65,17503076
, CLA-UA Italy Cyber Cup (UA),Kairox x bod1a,Kairox,Atalanta,bod1a,Napoli,26/08/2026,12:09:50,Total de Gols,Under,8.5,,,,,1.69,3-0,6-1,Green,0.69,17503076
,CLA-UA Argentina Cyber Cup (UA) (2x4 mins),_pihaaa_ x Shot,_pihaaa_,Independiente,Shot,River Plate,26/08/2026,13:36:05,Total de Gols,Under,4.5,,,,,1.97,3-1,4-1,Red,-1.0,17511068
,CLA-UA Argentina Cyber Cup (UA) (2x4 mins),_pihaaa_ x Shot,_pihaaa_,Independiente,Shot,River Plate,26/08/2026,13:36:16,Total de Gols,Under,5.5,,,,,1.93,4-1,4-1,Green,0.93,17511068
,CLA-UA Argentina Cyber Cup (UA) (2x4 mins),Stafford x zyX,Stafford,Boca Juniors,zyX,Estudiantes L.P.,26/08/2026,13:36:16,Total de Gols,Under,7.5,,,,,2.11,5-2,5-4,Red,-1.0,17503103
, CLA-UA Champions Cyber League (UA) (2x4 mins),Terry14 x Voron,Terry14,PSG,Voron,FC Bayern,26/08/2026,13:37:04,Total de Gols,Under,3.5,,,,,2.51,1-2,3-2,Red,-1.0,17503082
, CLA-UA France Cyber Cup (UA) (2x4 mins),Shark x FanFan,Shark,Stade Rennais FC,FanFan,PSG,26/08/2026,13:40:26,Total de Gols,Under,7.5,,,,,1.65,0-0,2-4,Green,0.65,17503359
, CLA-UA France Cyber Cup (UA) (2x4 mins),Shark x FanFan,Shark,Stade Rennais FC,FanFan,PSG,26/08/2026,13:40:44,Total de Gols,Under,6.5,,,,,2.07,0-0,2-4,Green,1.07,17503359
, CLA-UA France Cyber Cup (UA) (2x4 mins),Shark x FanFan,Shark,Stade Rennais FC,FanFan,PSG,26/08/2026,13:42:15,Total de Gols,Under,5.5,,,,,2.07,0-0,2-4,Red,-1.0,17503359
, CLA-UA France Cyber Cup (UA) (2x4 mins),Shark x FanFan,Shark,Stade Rennais FC,FanFan,PSG,26/08/2026,13:43:08,Total de Gols,Under,4.5,,,,,2.17,0-0,2-4,Red,-1.0,17503359
, CLA-UA Champions Cyber League (UA) (2x4 mins),Voron x fillanchik,Voron,FC Bayern,fillanchik,Newcastle United,26/08/2026,13:38:19,Total de Gols,Under,7.5,,,,,1.78,0-0,3-5,Red,-1.0,17503326
, CLA-UA Champions Cyber League (UA) (2x4 mins),Voron x fillanchik,Voron,FC Bayern,fillanchik,Newcastle United,26/08/2026,13:41:21,Total de Gols,Under,6.5,,,,,2.03,0-0,3-5,Red,-1.0,17503326
, CLA-UA Champions Cyber League (UA) (2x4 mins),Voron x fillanchik,Voron,FC Bayern,fillanchik,Newcastle United,26/08/2026,13:44:23,Total de Gols,Under,8.5,,,,,1.65,0-2,3-5,Green,0.65,17503326
,CLA-UA Argentina Cyber Cup (UA) (2x4 mins),zyX x _pihaaa_,zyX,Estudiantes L.P.,_pihaaa_,Independiente,26/08/2026,13:54:19,Total de Gols,Under,7.5,,,,,1.71,0-0,0-6,Green,0.71,17503223
,CLA-UA Argentina Cyber Cup (UA) (2x4 mins),zyX x _pihaaa_,zyX,Estudiantes L.P.,_pihaaa_,Independiente,26/08/2026,13:54:48,Total de Gols,Under,6.5,,,,,2.07,0-0,0-6,Green,1.07,17503223
,CLA-UA Argentina Cyber Cup (UA) (2x4 mins),zyX x _pihaaa_,zyX,Estudiantes L.P.,_pihaaa_,Independiente,26/08/2026,13:55:15,Total de Gols,Under,8.5,,,,,1.92,0-1,0-6,Green,0.92,17503223
,CLA-UA Argentina Cyber Cup (UA) (2x4 mins),zyX x _pihaaa_,zyX,Estudiantes L.P.,_pihaaa_,Independiente,26/08/2026,13:56:02,Total de Gols,Under,9.5,,,,,1.65,0-2,0-6,Green,0.65,17503223
, CLA-UA France Cyber Cup (UA) (2x4 mins),Shark x Alukard,Shark,Stade Rennais FC,Alukard,Lyon,26/08/2026,13:54:19,Total de Gols,Under,6.5,,,,,1.85,0-0,4-3,Red,-1.0,17503363
, CLA-UA France Cyber Cup (UA) (2x4 mins),Shark x Alukard,Shark,Stade Rennais FC,Alukard,Lyon,26/08/2026,13:54:26,Total de Gols,Under,7.5,,,,,1.8,0-0,4-3,Green,0.8,17503363
, CLA-UA France Cyber Cup (UA) (2x4 mins),Shark x Alukard,Shark,Stade Rennais FC,Alukard,Lyon,26/08/2026,13:58:03,Total de Gols,Under,5.5,,,,,2.17,1-1,4-3,Red,-1.0,17503363
, CLA-UA France Cyber Cup (UA) (2x4 mins),Shark x Alukard,Shark,Stade Rennais FC,Alukard,Lyon,26/08/2026,14:00:18,Total de Gols,Under,8.5,,,,,1.59,1-3,4-3,Green,0.59,17503363
,CLA-UA Argentina Cyber Cup (UA) (2x4 mins),Bucha x Shot,Bucha,Racing Club,Shot,River Plate,26/08/2026,13:54:19,Total de Gols,Under,6.5,,,,,1.77,0-0,5-2,Red,-1.0,17511070
,CLA-UA Argentina Cyber Cup (UA) (2x4 mins),Bucha x Shot,Bucha,Racing Club,Shot,River Plate,26/08/2026,13:55:07,Total de Gols,Under,5.5,,,,,2.11,0-0,5-2,Red,-1.0,17511070
,CLA-UA Argentina Cyber Cup (UA) (2x4 mins),Bucha x Shot,Bucha,Racing Club,Shot,River Plate,26/08/2026,14:02:11,Total de Gols,Under,4.5,,,,,2.17,2-1,5-2,Red,-1.0,17511070
,CLA-UA Argentina Cyber Cup (UA) (2x4 mins),Bucha x Shot,Bucha,Racing Club,Shot,River Plate,26/08/2026,14:03:36,Total de Gols,Under,3.5,,,,,2.71,2-1,5-2,Red,-1.0,17511070
, CLA-UA France Cyber Cup (UA) (2x4 mins),luxiqq x Alukard,luxiqq,Toulouse FC,Alukard,Lyon,26/08/2026,14:08:10,Total de Gols,Under,7.5,,,,,1.62,0-0,2-3,Green,0.62,17503365
, CLA-UA France Cyber Cup (UA) (2x4 mins),luxiqq x Alukard,luxiqq,Toulouse FC,Alukard,Lyon,26/08/2026,14:08:22,Total de Gols,Under,6.5,,,,,2.07,0-0,2-3,Green,1.07,17503365
, CLA-UA France Cyber Cup (UA) (2x4 mins),luxiqq x Alukard,luxiqq,Toulouse FC,Alukard,Lyon,26/08/2026,14:11:22,Total de Gols,Under,5.5,,,,,2.08,0-1,2-3,Green,1.08,17503365
, CLA-UA France Cyber Cup (UA) (2x4 mins),luxiqq x Alukard,luxiqq,Toulouse FC,Alukard,Lyon,26/08/2026,14:12:33,Total de Gols,Under,4.5,,,,,2.17,0-1,2-3,Red,-1.0,17503365
,CLA-UA Argentina Cyber Cup (UA) (2x4 mins),Stafford x _pihaaa_,Stafford,Boca Juniors,_pihaaa_,Independiente,26/08/2026,14:08:19,Total de Gols,Under,7.5,,,,,1.71,0-0,2-4,Green,0.71,17503225
,CLA-UA Argentina Cyber Cup (UA) (2x4 mins),Stafford x _pihaaa_,Stafford,Boca Juniors,_pihaaa_,Independiente,26/08/2026,14:08:48,Total de Gols,Under,6.5,,,,,2.07,0-0,2-4,Green,1.07,17503225
,CLA-UA Argentina Cyber Cup (UA) (2x4 mins),Stafford x _pihaaa_,Stafford,Boca Juniors,_pihaaa_,Independiente,26/08/2026,14:13:19,Total de Gols,Under,8.5,,,,,1.59,1-2,2-4,Green,0.59,17503225
,CLA-UA Argentina Cyber Cup (UA) (2x4 mins),Stafford x _pihaaa_,Stafford,Boca Juniors,_pihaaa_,Independiente,26/08/2026,14:13:39,Total de Gols,Under,9.5,,,,,1.71,2-2,2-4,Green,0.71,17503225
,CLA-UA Argentina Cyber Cup (UA) (2x4 mins),Stafford x _pihaaa_,Stafford,Boca Juniors,_pihaaa_,Independiente,26/08/2026,14:18:17,Total de Gols,Under,5.5,,,,,2.31,2-3,2-4,Red,-1.0,17503225
, CLA-UA France Cyber Cup (UA) (2x4 mins),Hetman x Alukard,Hetman,Strasbourg,Alukard,Lyon,26/08/2026,14:22:13,Total de Gols,Under,7.5,,,,,1.98,0-0,3-2,Green,0.98,17503096
, CLA-UA France Cyber Cup (UA) (2x4 mins),Hetman x Alukard,Hetman,Strasbourg,Alukard,Lyon,26/08/2026,14:23:35,Total de Gols,Under,6.5,,,,,2.07,0-0,3-2,Green,1.07,17503096
, CLA-UA France Cyber Cup (UA) (2x4 mins),Hetman x Alukard,Hetman,Strasbourg,Alukard,Lyon,26/08/2026,14:26:10,Total de Gols,Under,5.5,,,,,2.01,1-0,3-2,Green,1.01,17503096
, CLA-UA France Cyber Cup (UA) (2x4 mins),Hetman x Alukard,Hetman,Strasbourg,Alukard,Lyon,26/08/2026,14:27:13,Total de Gols,Under,4.5,,,,,2.17,1-0,3-2,Red,-1.0,17503096
,CLA-UA Argentina Cyber Cup (UA) (2x4 mins),Bucha x _pihaaa_,Bucha,Racing Club,_pihaaa_,Independiente,26/08/2026,14:22:30,Total de Gols,Under,7.5,,,,,1.69,0-0,1-4,Green,0.69,17503227
,CLA-UA Argentina Cyber Cup (UA) (2x4 mins),Bucha x _pihaaa_,Bucha,Racing Club,_pihaaa_,Independiente,26/08/2026,14:22:51,Total de Gols,Under,6.5,,,,,2.11,0-0,1-4,Green,1.11,17503227
,CLA-UA Argentina Cyber Cup (UA) (2x4 mins),Bucha x _pihaaa_,Bucha,Racing Club,_pihaaa_,Independiente,26/08/2026,14:26:46,Total de Gols,Under,5.5,,,,,1.96,1-1,1-4,Green,0.96,17503227
,CLA-UA Argentina Cyber Cup (UA) (2x4 mins),Bucha x _pihaaa_,Bucha,Racing Club,_pihaaa_,Independiente,26/08/2026,14:28:02,Total de Gols,Under,4.5,,,,,2.31,1-1,1-4,Red,-1.0,17503227
,CLA-UA Argentina Cyber Cup (UA) (2x4 mins),Bucha x _pihaaa_,Bucha,Racing Club,_pihaaa_,Independiente,26/08/2026,14:29:30,Total de Gols,Under,3.5,,,,,2.36,1-1,1-4,Red,-1.0,17503227
, CLA-UA Champions Cyber League (UA) (2x4 mins),Int1liGenT x abr4m_5,Int1liGenT,RB Leipzig,abr4m_5,Manchester United,26/08/2026,14:21:51,Total de Gols,Under,7.5,,,,,1.98,0-0,6-3,Red,-1.0,17503087
, CLA-UA Champions Cyber League (UA) (2x4 mins),Int1liGenT x abr4m_5,Int1liGenT,RB Leipzig,abr4m_5,Manchester United,26/08/2026,14:24:00,Total de Gols,Under,8.5,,,,,1.62,0-0,6-3,Red,-1.0,17503087
, CLA-UA Champions Cyber League (UA) (2x4 mins),Int1liGenT x abr4m_5,Int1liGenT,RB Leipzig,abr4m_5,Manchester United,26/08/2026,14:26:49,Total de Gols,Under,9.5,,,,,1.59,3-0,6-3,Green,0.59,17503087
, CLA-UA Champions Cyber League (UA) (2x4 mins),Int1liGenT x abr4m_5,Int1liGenT,RB Leipzig,abr4m_5,Manchester United,26/08/2026,14:28:02,Total de Gols,Under,10.5,,,,,1.69,4-1,6-3,Green,0.69,17503087
,CLA-UA Argentina Cyber Cup (UA) (2x4 mins),Shot x Stafford,Shot,River Plate,Stafford,Boca Juniors,26/08/2026,14:22:13,Total de Gols,Under,6.5,,,,,2.07,0-0,4-5,Red,-1.0,17511071
,CLA-UA Argentina Cyber Cup (UA) (2x4 mins),Shot x Stafford,Shot,River Plate,Stafford,Boca Juniors,26/08/2026,14:23:55,Total de Gols,Under,5.5,,,,,2.07,0-0,4-5,Red,-1.0,17511071
,CLA-UA Argentina Cyber Cup (UA) (2x4 mins),Shot x Stafford,Shot,River Plate,Stafford,Boca Juniors,26/08/2026,14:26:23,Total de Gols,Under,7.5,,,,,1.86,1-1,4-5,Red,-1.0,17511071
,CLA-UA Argentina Cyber Cup (UA) (2x4 mins),Shot x Stafford,Shot,River Plate,Stafford,Boca Juniors,26/08/2026,14:28:28,Total de Gols,Under,8.5,,,,,1.69,1-3,4-5,Red,-1.0,17511071
,CLA-UA Argentina Cyber Cup (UA) (2x4 mins),Shot x Stafford,Shot,River Plate,Stafford,Boca Juniors,26/08/2026,14:30:18,Total de Gols,Under,9.5,,,,,1.51,1-5,4-5,Green,0.51,17511071
,CLA-UA Argentina Cyber Cup (UA) (2x4 mins),Shot x _pihaaa_,Shot,River Plate,_pihaaa_,Independiente,26/08/2026,14:36:21,Total de Gols,Under,6.5,,,,,1.74,0-0,0-3,Green,0.74,17511072
,CLA-UA Argentina Cyber Cup (UA) (2x4 mins),Shot x _pihaaa_,Shot,River Plate,_pihaaa_,Independiente,26/08/2026,14:36:58,Total de Gols,Under,5.5,,,,,2.07,0-0,0-3,Green,1.07,17511072
,CLA-UA Argentina Cyber Cup (UA) (2x4 mins),Shot x _pihaaa_,Shot,River Plate,_pihaaa_,Independiente,26/08/2026,14:37:41,Total de Gols,Under,7.5,,,,,1.84,0-1,0-3,Green,0.84,17511072
,CLA-UA Argentina Cyber Cup (UA) (2x4 mins),Shot x _pihaaa_,Shot,River Plate,_pihaaa_,Independiente,26/08/2026,14:41:42,Total de Gols,Under,4.5,,,,,2.07,0-2,0-3,Green,1.07,17511072
,CLA-UA Argentina Cyber Cup (UA) (2x4 mins),Shot x _pihaaa_,Shot,River Plate,_pihaaa_,Independiente,26/08/2026,14:43:52,Total de Gols,Under,3.5,,,,,2.32,0-2,0-3,Green,1.32,17511072
, CLA-UA France Cyber Cup (UA) (2x4 mins),Shark x luxiqq,Shark,Stade Rennais FC,luxiqq,Toulouse FC,26/08/2026,14:36:14,Total de Gols,Under,6.5,,,,,2.01,0-0,7-3,Red,-1.0,17503373
, CLA-UA France Cyber Cup (UA) (2x4 mins),Shark x luxiqq,Shark,Stade Rennais FC,luxiqq,Toulouse FC,26/08/2026,14:37:03,Total de Gols,Under,7.5,,,,,1.87,0-0,7-3,Red,-1.0,17503373
, CLA-UA France Cyber Cup (UA) (2x4 mins),Shark x luxiqq,Shark,Stade Rennais FC,luxiqq,Toulouse FC,26/08/2026,14:39:33,Total de Gols,Under,8.5,,,,,1.6,1-1,7-3,Red,-1.0,17503373
, CLA-UA France Cyber Cup (UA) (2x4 mins),Shark x luxiqq,Shark,Stade Rennais FC,luxiqq,Toulouse FC,26/08/2026,14:42:33,Total de Gols,Under,9.5,,,,,1.72,3-2,7-3,Red,-1.0,17503373
, CLA-UA Spain Cyber Cup (UA) (2x4 mins),Shot x zyX,Shot,Getafe,zyX,Mallorca,26/08/2026,15:00:32,Total de Gols,Under,6.5,,,,,1.94,0-0,5-3,Red,-1.0,17511087
, CLA-UA Spain Cyber Cup (UA) (2x4 mins),Shot x zyX,Shot,Getafe,zyX,Mallorca,26/08/2026,15:01:12,Total de Gols,Under,7.5,,,,,1.69,0-0,5-3,Red,-1.0,17511087
, CLA-UA Spain Cyber Cup (UA) (2x4 mins),Shot x zyX,Shot,Getafe,zyX,Mallorca,26/08/2026,15:04:40,Total de Gols,Under,5.5,,,,,2.12,1-1,5-3,Red,-1.0,17511087
, CLA-UA Spain Cyber Cup (UA) (2x4 mins),Shot x zyX,Shot,Getafe,zyX,Mallorca,26/08/2026,15:09:12,Total de Gols,Under,8.5,,,,,1.48,3-2,5-3,Green,0.48,17511087
, CLA-UA Spain Cyber Cup (UA) (2x4 mins),Shot x zyX,Shot,Getafe,zyX,Mallorca,26/08/2026,15:09:14,Total de Gols,Under,9.5,,,,,1.45,3-2,5-3,Green,0.45,17511087
, CLA-UA Spain Cyber Cup (UA) (2x4 mins),Bucha x Stafford,Bucha,Valencia,Stafford,Sevilla,26/08/2026,15:00:22,Total de Gols,Under,9.5,,,,,1.65,0-0,5-3,Green,0.65,17503139
, CLA-UA Spain Cyber Cup (UA) (2x4 mins),Bucha x Stafford,Bucha,Valencia,Stafford,Sevilla,26/08/2026,15:00:30,Total de Gols,Under,8.5,,,,,2.06,0-0,5-3,Green,1.06,17503139
, CLA-UA Spain Cyber Cup (UA) (2x4 mins),Bucha x Stafford,Bucha,Valencia,Stafford,Sevilla,26/08/2026,15:01:50,Total de Gols,Under,7.5,,,,,2.01,0-0,5-3,Red,-1.0,17503139
, CLA-UA Spain Cyber Cup (UA) (2x4 mins),Bucha x Stafford,Bucha,Valencia,Stafford,Sevilla,26/08/2026,15:04:25,Total de Gols,Under,10.5,,,,,1.62,2-1,5-3,Green,0.62,17503139
, CLA-UA Spain Cyber Cup (UA) (2x4 mins),Bucha x Stafford,Bucha,Valencia,Stafford,Sevilla,26/08/2026,15:10:13,Total de Gols,Under,6.5,,,,,2.51,5-1,5-3,Red,-1.0,17503139
, CLA-UA Italy Cyber Cup (UA) (2x4 mins),Alukard x Shark,Alukard,Torino,Shark,Roma,26/08/2026,15:14:14,Total de Gols,Under,6.5,,,,,1.85,0-0,2-3,Green,0.85,17503117
, CLA-UA Italy Cyber Cup (UA) (2x4 mins),Alukard x Shark,Alukard,Torino,Shark,Roma,26/08/2026,15:15:27,Total de Gols,Under,5.5,,,,,2.08,0-0,2-3,Green,1.08,17503117
, CLA-UA Italy Cyber Cup (UA) (2x4 mins),Alukard x Shark,Alukard,Torino,Shark,Roma,26/08/2026,15:19:45,Total de Gols,Under,4.5,,,,,2.31,1-1,2-3,Red,-1.0,17503117
, CLA-UA Italy Cyber Cup (UA) (2x4 mins),Alukard x Shark,Alukard,Torino,Shark,Roma,26/08/2026,15:21:32,Total de Gols,Under,3.5,,,,,2.28,1-1,2-3,Red,-1.0,17503117
, CLA-UA Spain Cyber Cup (UA) (2x4 mins),_pihaaa_ x zyX,_pihaaa_,Espanyol,zyX,Mallorca,26/08/2026,15:14:25,Total de Gols,Under,7.5,,,,,1.71,0-0,7-1,Red,-1.0,17503138
, CLA-UA Spain Cyber Cup (UA) (2x4 mins),_pihaaa_ x zyX,_pihaaa_,Espanyol,zyX,Mallorca,26/08/2026,15:14:39,Total de Gols,Under,8.5,,,,,1.65,0-0,7-1,Green,0.65,17503138
, CLA-UA Spain Cyber Cup (UA) (2x4 mins),_pihaaa_ x zyX,_pihaaa_,Espanyol,zyX,Mallorca,26/08/2026,15:16:24,Total de Gols,Under,6.5,,,,,2.12,0-1,7-1,Red,-1.0,17503138
, CLA-UA Spain Cyber Cup (UA) (2x4 mins),_pihaaa_ x zyX,_pihaaa_,Espanyol,zyX,Mallorca,26/08/2026,15:20:18,Total de Gols,Under,5.5,,,,,2.22,2-1,7-1,Red,-1.0,17503138
, CLA-UA Spain Cyber Cup (UA) (2x4 mins),_pihaaa_ x Stafford,_pihaaa_,Espanyol,Stafford,Sevilla,26/08/2026,15:28:27,Total de Gols,Under,7.5,,,,,1.97,0-0,7-1,Red,-1.0,17503140
, CLA-UA Spain Cyber Cup (UA) (2x4 mins),_pihaaa_ x Stafford,_pihaaa_,Espanyol,Stafford,Sevilla,26/08/2026,15:29:47,Total de Gols,Under,6.5,,,,,2.03,0-0,7-1,Red,-1.0,17503140
, CLA-UA Spain Cyber Cup (UA) (2x4 mins),_pihaaa_ x Stafford,_pihaaa_,Espanyol,Stafford,Sevilla,26/08/2026,15:33:10,Total de Gols,Under,8.5,,,,,1.91,3-0,7-1,Green,0.91,17503140
, CLA-UA Spain Cyber Cup (UA) (2x4 mins),_pihaaa_ x Stafford,_pihaaa_,Espanyol,Stafford,Sevilla,26/08/2026,15:37:37,Total de Gols,Under,9.5,,,,,1.8,7-0,7-1,Green,0.8,17503140
, CLA-UA Italy Cyber Cup (UA) (2x4 mins),Shark x Hetman,Shark,Roma,Hetman,Inter,26/08/2026,15:27:40,Total de Gols,Under,6.5,,,,,1.7,0-0,3-4,Red,-1.0,17503119
, CLA-UA Italy Cyber Cup (UA) (2x4 mins),Shark x Hetman,Shark,Roma,Hetman,Inter,26/08/2026,15:29:13,Total de Gols,Under,5.5,,,,,2.11,0-0,3-4,Red,-1.0,17503119
, CLA-UA Italy Cyber Cup (UA) (2x4 mins),Shark x Hetman,Shark,Roma,Hetman,Inter,26/08/2026,15:31:24,Total de Gols,Under,7.5,,,,,1.97,0-2,3-4,Green,0.97,17503119
, CLA-UA Italy Cyber Cup (UA) (2x4 mins),Shark x Hetman,Shark,Roma,Hetman,Inter,26/08/2026,15:31:51,Total de Gols,Under,8.5,,,,,1.85,1-2,3-4,Green,0.85,17503119
, CLA-UA Italy Cyber Cup (UA) (2x4 mins),Shark x Hetman,Shark,Roma,Hetman,Inter,26/08/2026,15:34:56,Total de Gols,Under,9.5,,,,,1.56,2-3,3-4,Green,0.56,17503119
, CLA-UA Italy Cyber Cup (UA) (2x4 mins),Alukard x Hetman,Alukard,Torino,Hetman,Inter,26/08/2026,15:42:19,Total de Gols,Under,7.5,,,,,1.7,0-0,4-4,Red,-1.0,17503121
, CLA-UA Italy Cyber Cup (UA) (2x4 mins),Alukard x Hetman,Alukard,Torino,Hetman,Inter,26/08/2026,15:42:51,Total de Gols,Under,6.5,,,,,2.08,0-0,4-4,Red,-1.0,17503121
, CLA-UA Italy Cyber Cup (UA) (2x4 mins),Alukard x Hetman,Alukard,Torino,Hetman,Inter,26/08/2026,15:44:10,Total de Gols,Under,8.5,,,,,1.66,0-1,4-4,Green,0.66,17503121
, CLA-UA Italy Cyber Cup (UA) (2x4 mins),Alukard x Hetman,Alukard,Torino,Hetman,Inter,26/08/2026,15:45:20,Total de Gols,Under,9.5,,,,,1.81,1-2,4-4,Green,0.81,17503121
, CLA-UA Spain Cyber Cup (UA) (2x4 mins),_pihaaa_ x Bucha,_pihaaa_,Espanyol,Bucha,Valencia,26/08/2026,15:42:16,Total de Gols,Under,7.5,,,,,1.73,0-0,1-4,Green,0.73,17503142
, CLA-UA Spain Cyber Cup (UA) (2x4 mins),_pihaaa_ x Bucha,_pihaaa_,Espanyol,Bucha,Valencia,26/08/2026,15:42:54,Total de Gols,Under,6.5,,,,,2.03,0-0,1-4,Green,1.03,17503142
, CLA-UA Spain Cyber Cup (UA) (2x4 mins),_pihaaa_ x Bucha,_pihaaa_,Espanyol,Bucha,Valencia,26/08/2026,15:44:25,Total de Gols,Under,5.5,,,,,2.06,0-0,1-4,Green,1.06,17503142
, CLA-UA Spain Cyber Cup (UA) (2x4 mins),_pihaaa_ x Bucha,_pihaaa_,Espanyol,Bucha,Valencia,26/08/2026,15:45:53,Total de Gols,Under,4.5,,,,,2.17,0-0,1-4,Red,-1.0,17503142
, CLA-UA Spain Cyber Cup (UA) (2x4 mins),_pihaaa_ x Bucha,_pihaaa_,Espanyol,Bucha,Valencia,26/08/2026,15:47:25,Total de Gols,Under,3.5,,,,,2.07,0-1,1-4,Red,-1.0,17503142
, CLA-UA Spain Cyber Cup (UA) (2x4 mins),_pihaaa_ x Shot,_pihaaa_,Espanyol,Shot,Getafe,26/08/2026,15:56:14,Total de Gols,Under,6.5,,,,,1.75,0-0,2-6,Red,-1.0,17511090
, CLA-UA Spain Cyber Cup (UA) (2x4 mins),_pihaaa_ x Shot,_pihaaa_,Espanyol,Shot,Getafe,26/08/2026,15:56:40,Total de Gols,Under,7.5,,,,,1.62,0-0,2-6,Red,-1.0,17511090
, CLA-UA Spain Cyber Cup (UA) (2x4 mins),_pihaaa_ x Shot,_pihaaa_,Espanyol,Shot,Getafe,26/08/2026,15:58:44,Total de Gols,Under,5.5,,,,,2.12,0-1,2-6,Red,-1.0,17511090
, CLA-UA Spain Cyber Cup (UA) (2x4 mins),_pihaaa_ x Shot,_pihaaa_,Espanyol,Shot,Getafe,26/08/2026,16:00:13,Total de Gols,Under,8.5,,,,,1.62,1-2,2-6,Green,0.62,17511090
, CLA-UA Spain Cyber Cup (UA) (2x4 mins),_pihaaa_ x Shot,_pihaaa_,Espanyol,Shot,Getafe,26/08/2026,16:03:25,Total de Gols,Under,9.5,,,,,1.73,2-4,2-6,Green,0.73,17511090
, CLA-UA Italy Cyber Cup (UA) (2x4 mins),luxiqq x Shark,luxiqq,Udinese,Shark,Roma,26/08/2026,15:56:12,Total de Gols,Under,7.5,,,,,1.78,0-0,3-3,Green,0.78,17503124
, CLA-UA Italy Cyber Cup (UA) (2x4 mins),luxiqq x Shark,luxiqq,Udinese,Shark,Roma,26/08/2026,15:57:00,Total de Gols,Under,8.5,,,,,1.65,0-0,3-3,Green,0.65,17503124
, CLA-UA Italy Cyber Cup (UA) (2x4 mins),luxiqq x Shark,luxiqq,Udinese,Shark,Roma,26/08/2026,15:58:02,Total de Gols,Under,6.5,,,,,2.12,1-0,3-3,Green,1.12,17503124
, CLA-UA Italy Cyber Cup (UA) (2x4 mins),luxiqq x Shark,luxiqq,Udinese,Shark,Roma,26/08/2026,16:01:05,Total de Gols,Under,5.5,,,,,2.17,1-1,3-3,Red,-1.0,17503124
,CLA-UA World Cyber Cup (UA) (2x4 mins),abr4m_5 x fillanchik,abr4m_5,Mexico,fillanchik,South Korea,26/08/2026,15:56:01,Total de Gols,Under,8.5,,,,,1.94,0-0,4-5,Red,-1.0,17503248
,CLA-UA World Cyber Cup (UA) (2x4 mins),abr4m_5 x fillanchik,abr4m_5,Mexico,fillanchik,South Korea,26/08/2026,15:57:14,Total de Gols,Under,9.5,,,,,1.83,0-0,4-5,Green,0.83,17503248
,CLA-UA World Cyber Cup (UA) (2x4 mins),abr4m_5 x fillanchik,abr4m_5,Mexico,fillanchik,South Korea,26/08/2026,15:57:48,Total de Gols,Under,10.5,,,,,1.68,0-1,4-5,Green,0.68,17503248
,CLA-UA World Cyber Cup (UA) (2x4 mins),abr4m_5 x fillanchik,abr4m_5,Mexico,fillanchik,South Korea,26/08/2026,15:59:06,Total de Gols,Under,11.5,,,,,1.66,0-3,4-5,Green,0.66,17503248
,CLA-UA World Cyber Cup (UA) (2x4 mins),abr4m_5 x fillanchik,abr4m_5,Mexico,fillanchik,South Korea,26/08/2026,16:00:35,Total de Gols,Under,12.5,,,,,1.59,0-5,4-5,Green,0.59,17503248
,CLA-UA World Cyber Cup (UA) (2x4 mins),abr4m_5 x fillanchik,abr4m_5,Mexico,fillanchik,South Korea,26/08/2026,16:04:08,Total de Gols,Under,9.5,,,,,1.7,1-5,4-5,Green,0.7,17503248
,CLA-UA World Cyber Cup (UA) (2x4 mins),abr4m_5 x fillanchik,abr4m_5,Mexico,fillanchik,South Korea,26/08/2026,16:06:46,Total de Gols,Under,7.5,,,,,2.71,2-5,4-5,Red,-1.0,17503248
, CLA-UA Spain Cyber Cup (UA) (2x4 mins),zyX x Shot,zyX,Mallorca,Shot,Getafe,26/08/2026,16:10:46,Total de Gols,Under,7.5,,,,,1.74,0-0,5-4,Red,-1.0,17511091
, CLA-UA Spain Cyber Cup (UA) (2x4 mins),zyX x Shot,zyX,Mallorca,Shot,Getafe,26/08/2026,16:11:28,Total de Gols,Under,6.5,,,,,1.88,0-0,5-4,Red,-1.0,17511091
, CLA-UA Spain Cyber Cup (UA) (2x4 mins),zyX x Shot,zyX,Mallorca,Shot,Getafe,26/08/2026,16:11:45,Total de Gols,Under,8.5,,,,,1.74,0-1,5-4,Red,-1.0,17511091
, CLA-UA Spain Cyber Cup (UA) (2x4 mins),zyX x Shot,zyX,Mallorca,Shot,Getafe,26/08/2026,16:12:10,Total de Gols,Under,9.5,,,,,1.62,1-1,5-4,Green,0.62,17511091
, CLA-UA Spain Cyber Cup (UA) (2x4 mins),zyX x Shot,zyX,Mallorca,Shot,Getafe,26/08/2026,16:13:31,Total de Gols,Under,10.5,,,,,1.73,2-2,5-4,Green,0.73,17511091
, CLA-UA Spain Cyber Cup (UA) (2x4 mins),zyX x Shot,zyX,Mallorca,Shot,Getafe,26/08/2026,16:15:05,Total de Gols,Under,11.5,,,,,1.74,2-4,5-4,Green,0.74,17511091
, CLA-UA Spain Cyber Cup (UA) (2x4 mins),zyX x Shot,zyX,Mallorca,Shot,Getafe,26/08/2026,16:16:39,Total de Gols,Under,12.5,,,,,1.88,4-4,5-4,Green,0.88,17511091
, CLA-UA Italy Cyber Cup (UA) (2x4 mins),luxiqq x Hetman,luxiqq,Udinese,Hetman,Inter,26/08/2026,16:10:24,Total de Gols,Under,6.5,,,,,1.79,0-0,3-6,Red,-1.0,17503127
, CLA-UA Italy Cyber Cup (UA) (2x4 mins),luxiqq x Hetman,luxiqq,Udinese,Hetman,Inter,26/08/2026,16:10:34,Total de Gols,Under,7.5,,,,,1.78,0-0,3-6,Red,-1.0,17503127
, CLA-UA Italy Cyber Cup (UA) (2x4 mins),luxiqq x Hetman,luxiqq,Udinese,Hetman,Inter,26/08/2026,16:12:28,Total de Gols,Under,8.5,,,,,1.73,1-1,3-6,Red,-1.0,17503127
, CLA-UA Italy Cyber Cup (UA) (2x4 mins),luxiqq x Hetman,luxiqq,Udinese,Hetman,Inter,26/08/2026,16:12:47,Total de Gols,Under,9.5,,,,,1.65,1-2,3-6,Green,0.65,17503127
, CLA-UA Italy Cyber Cup (UA) (2x4 mins),luxiqq x Hetman,luxiqq,Udinese,Hetman,Inter,26/08/2026,16:14:28,Total de Gols,Under,10.5,,,,,1.65,2-3,3-6,Green,0.65,17503127
, CLA-UA Spain Cyber Cup (UA) (2x4 mins),zyX x _pihaaa_,zyX,Mallorca,_pihaaa_,Espanyol,26/08/2026,16:24:18,Total de Gols,Under,7.5,,,,,1.72,0-0,3-5,Red,-1.0,17503145
, CLA-UA Spain Cyber Cup (UA) (2x4 mins),zyX x _pihaaa_,zyX,Mallorca,_pihaaa_,Espanyol,26/08/2026,16:24:50,Total de Gols,Under,6.5,,,,,2.08,0-0,3-5,Red,-1.0,17503145
, CLA-UA Spain Cyber Cup (UA) (2x4 mins),zyX x _pihaaa_,zyX,Mallorca,_pihaaa_,Espanyol,26/08/2026,16:28:27,Total de Gols,Under,8.5,,,,,1.86,2-1,3-5,Green,0.86,17503145
, CLA-UA Spain Cyber Cup (UA) (2x4 mins),zyX x _pihaaa_,zyX,Mallorca,_pihaaa_,Espanyol,26/08/2026,16:29:50,Total de Gols,Under,9.5,,,,,1.97,2-3,3-5,Green,0.97,17503145
, CLA-UA Italy Cyber Cup (UA) (2x4 mins),Shark x Alukard,Shark,Roma,Alukard,Torino,26/08/2026,16:24:18,Total de Gols,Under,6.5,,,,,1.82,0-0,2-3,Green,0.82,17503128
, CLA-UA Italy Cyber Cup (UA) (2x4 mins),Shark x Alukard,Shark,Roma,Alukard,Torino,26/08/2026,16:24:32,Total de Gols,Under,7.5,,,,,1.75,0-0,2-3,Green,0.75,17503128
, CLA-UA Italy Cyber Cup (UA) (2x4 mins),Shark x Alukard,Shark,Roma,Alukard,Torino,26/08/2026,16:28:36,Total de Gols,Under,5.5,,,,,2.16,0-2,2-3,Green,1.16,17503128
, CLA-UA Italy Cyber Cup (UA) (2x4 mins),Shark x Alukard,Shark,Roma,Alukard,Torino,26/08/2026,16:30:29,Total de Gols,Under,4.5,,,,,2.31,0-2,2-3,Red,-1.0,17503128
, CLA-UA Italy Cyber Cup (UA) (2x4 mins),luxiqq x Alukard,luxiqq,Udinese,Alukard,Torino,26/08/2026,16:38:13,Total de Gols,Under,6.5,,,,,1.91,0-0,4-5,Red,-1.0,17503130
, CLA-UA Italy Cyber Cup (UA) (2x4 mins),luxiqq x Alukard,luxiqq,Udinese,Alukard,Torino,26/08/2026,16:39:23,Total de Gols,Under,5.5,,,,,2.08,0-0,4-5,Red,-1.0,17503130
, CLA-UA Italy Cyber Cup (UA) (2x4 mins),luxiqq x Alukard,luxiqq,Udinese,Alukard,Torino,26/08/2026,16:41:37,Total de Gols,Under,7.5,,,,,1.92,0-2,4-5,Red,-1.0,17503130
, CLA-UA Italy Cyber Cup (UA) (2x4 mins),luxiqq x Alukard,luxiqq,Udinese,Alukard,Torino,26/08/2026,16:42:07,Total de Gols,Under,8.5,,,,,1.73,1-2,4-5,Red,-1.0,17503130
, CLA-UA Italy Cyber Cup (UA) (2x4 mins),luxiqq x Alukard,luxiqq,Udinese,Alukard,Torino,26/08/2026,16:44:09,Total de Gols,Under,9.5,,,,,1.65,1-4,4-5,Green,0.65,17503130
, CLA-UA Spain Cyber Cup (UA) (2x4 mins),Stafford x _pihaaa_,Stafford,Sevilla,_pihaaa_,Espanyol,26/08/2026,16:38:25,Total de Gols,Under,7.5,,,,,1.91,0-0,1-6,Green,0.91,17503147
, CLA-UA Spain Cyber Cup (UA) (2x4 mins),Stafford x _pihaaa_,Stafford,Sevilla,_pihaaa_,Espanyol,26/08/2026,16:39:36,Total de Gols,Under,6.5,,,,,2.03,0-0,1-6,Red,-1.0,17503147
, CLA-UA Spain Cyber Cup (UA) (2x4 mins),Stafford x _pihaaa_,Stafford,Sevilla,_pihaaa_,Espanyol,26/08/2026,16:41:05,Total de Gols,Under,8.5,,,,,1.6,0-1,1-6,Green,0.6,17503147
, CLA-UA Spain Cyber Cup (UA) (2x4 mins),Stafford x _pihaaa_,Stafford,Sevilla,_pihaaa_,Espanyol,26/08/2026,16:44:01,Total de Gols,Under,9.5,,,,,1.56,0-4,1-6,Green,0.56,17503147
,CLA-UA World Cyber Cup (UA) (2x4 mins),Terry14 x abr4m_5,Terry14,Hungary,abr4m_5,Mexico,26/08/2026,16:37:14,Total de Gols,Under,8.5,,,,,1.76,0-0,5-7,Red,-1.0,17503258
,CLA-UA World Cyber Cup (UA) (2x4 mins),Terry14 x abr4m_5,Terry14,Hungary,abr4m_5,Mexico,26/08/2026,16:39:26,Total de Gols,Under,9.5,,,,,1.62,0-0,5-7,Red,-1.0,17503258
,CLA-UA World Cyber Cup (UA) (2x4 mins),Terry14 x abr4m_5,Terry14,Hungary,abr4m_5,Mexico,26/08/2026,16:43:13,Total de Gols,Under,7.5,,,,,2.07,1-2,5-7,Red,-1.0,17503258
,CLA-UA World Cyber Cup (UA) (2x4 mins),Terry14 x abr4m_5,Terry14,Hungary,abr4m_5,Mexico,26/08/2026,16:45:41,Total de Gols,Under,10.5,,,,,1.57,1-4,5-7,Red,-1.0,17503258
,CLA-UA World Cyber Cup (UA) (2x4 mins),Terry14 x abr4m_5,Terry14,Hungary,abr4m_5,Mexico,26/08/2026,16:46:26,Total de Gols,Under,11.5,,,,,1.52,3-4,5-7,Red,-1.0,17503258
, CLA-UA Italy Cyber Cup (UA) (2x4 mins),Hetman x Alukard,Hetman,Inter,Alukard,Torino,26/08/2026,16:52:16,Total de Gols,Under,7.5,,,,,1.87,0-0,2-5,Green,0.87,17503132
, CLA-UA Italy Cyber Cup (UA) (2x4 mins),Hetman x Alukard,Hetman,Inter,Alukard,Torino,26/08/2026,16:53:20,Total de Gols,Under,6.5,,,,,2.07,0-0,2-5,Red,-1.0,17503132
, CLA-UA Italy Cyber Cup (UA) (2x4 mins),Hetman x Alukard,Hetman,Inter,Alukard,Torino,26/08/2026,16:59:06,Total de Gols,Under,5.5,,,,,2.27,0-3,2-5,Red,-1.0,17503132
, CLA-UA Spain Cyber Cup (UA) (2x4 mins),Bucha x _pihaaa_,Bucha,Valencia,_pihaaa_,Espanyol,26/08/2026,16:52:29,Total de Gols,Under,7.5,,,,,1.73,0-0,4-1,Green,0.73,17503149
, CLA-UA Spain Cyber Cup (UA) (2x4 mins),Bucha x _pihaaa_,Bucha,Valencia,_pihaaa_,Espanyol,26/08/2026,16:52:57,Total de Gols,Under,6.5,,,,,2.12,0-0,4-1,Green,1.12,17503149
, CLA-UA Spain Cyber Cup (UA) (2x4 mins),Bucha x _pihaaa_,Bucha,Valencia,_pihaaa_,Espanyol,26/08/2026,16:53:11,Total de Gols,Under,8.5,,,,,1.62,0-0,4-1,Green,0.62,17503149
, CLA-UA Spain Cyber Cup (UA) (2x4 mins),Bucha x _pihaaa_,Bucha,Valencia,_pihaaa_,Espanyol,26/08/2026,16:54:32,Total de Gols,Under,9.5,,,,,1.63,1-1,4-1,Green,0.63,17503149
, CLA-UA Spain Cyber Cup (UA) (2x4 mins),Bucha x _pihaaa_,Bucha,Valencia,_pihaaa_,Espanyol,26/08/2026,16:58:39,Total de Gols,Under,5.5,,,,,2.27,2-1,4-1,Green,1.27,17503149
, CLA-UA Spain Cyber Cup (UA) (2x4 mins),Shot x Stafford,Shot,Getafe,Stafford,Sevilla,26/08/2026,16:52:29,Total de Gols,Under,6.5,,,,,1.98,0-0,4-2,Green,0.98,17511093
, CLA-UA Spain Cyber Cup (UA) (2x4 mins),Shot x Stafford,Shot,Getafe,Stafford,Sevilla,26/08/2026,16:53:59,Total de Gols,Under,5.5,,,,,2.07,0-0,4-2,Red,-1.0,17511093
, CLA-UA Spain Cyber Cup (UA) (2x4 mins),Shot x Stafford,Shot,Getafe,Stafford,Sevilla,26/08/2026,16:55:39,Total de Gols,Under,7.5,,,,,1.59,1-0,4-2,Green,0.59,17511093
, CLA-UA Spain Cyber Cup (UA) (2x4 mins),zyX x Stafford,zyX,Mallorca,Stafford,Sevilla,26/08/2026,17:06:13,Total de Gols,Under,7.5,,,,,2.03,0-0,6-2,Red,-1.0,17503150
, CLA-UA Spain Cyber Cup (UA) (2x4 mins),zyX x Stafford,zyX,Mallorca,Stafford,Sevilla,26/08/2026,17:06:29,Total de Gols,Under,8.5,,,,,1.93,0-0,6-2,Green,0.93,17503150
, CLA-UA Spain Cyber Cup (UA) (2x4 mins),zyX x Stafford,zyX,Mallorca,Stafford,Sevilla,26/08/2026,17:08:53,Total de Gols,Under,9.5,,,,,1.73,2-0,6-2,Green,0.73,17503150
, CLA-UA Spain Cyber Cup (UA) (2x4 mins),zyX x Stafford,zyX,Mallorca,Stafford,Sevilla,26/08/2026,17:09:13,Total de Gols,Under,10.5,,,,,1.65,3-0,6-2,Green,0.65,17503150
, CLA-UA Italy Cyber Cup (UA) (2x4 mins),Shark x luxiqq,Shark,Roma,luxiqq,Udinese,26/08/2026,17:06:05,Total de Gols,Under,7.5,,,,,1.74,0-0,5-3,Red,-1.0,17503136
, CLA-UA Italy Cyber Cup (UA) (2x4 mins),Shark x luxiqq,Shark,Roma,luxiqq,Udinese,26/08/2026,17:07:10,Total de Gols,Under,6.5,,,,,2.03,0-0,5-3,Red,-1.0,17503136
, CLA-UA Italy Cyber Cup (UA) (2x4 mins),Shark x luxiqq,Shark,Roma,luxiqq,Udinese,26/08/2026,17:08:34,Total de Gols,Under,5.5,,,,,2.07,0-0,5-3,Red,-1.0,17503136
, CLA-UA Italy Cyber Cup (UA) (2x4 mins),Shark x luxiqq,Shark,Roma,luxiqq,Udinese,26/08/2026,17:09:45,Total de Gols,Under,8.5,,,,,1.65,2-0,5-3,Green,0.65,17503136
, CLA-UA Italy Cyber Cup (UA) (2x4 mins),Shark x luxiqq,Shark,Roma,luxiqq,Udinese,26/08/2026,17:11:01,Total de Gols,Under,9.5,,,,,1.65,4-0,5-3,Green,0.65,17503136
, CLA-UA Spain Cyber Cup (UA) (2x4 mins),Shot x _pihaaa_,Shot,Getafe,_pihaaa_,Espanyol,26/08/2026,17:06:37,Total de Gols,Under,6.5,,,,,1.89,0-0,2-2,Green,0.89,17511094
, CLA-UA Spain Cyber Cup (UA) (2x4 mins),Shot x _pihaaa_,Shot,Getafe,_pihaaa_,Espanyol,26/08/2026,17:07:54,Total de Gols,Under,5.5,,,,,2.03,0-0,2-2,Green,1.03,17511094
, CLA-UA Spain Cyber Cup (UA) (2x4 mins),Shot x _pihaaa_,Shot,Getafe,_pihaaa_,Espanyol,26/08/2026,17:09:08,Total de Gols,Under,7.5,,,,,1.69,1-0,2-2,Green,0.69,17511094
, CLA-UA Spain Cyber Cup (UA) (2x4 mins),Shot x _pihaaa_,Shot,Getafe,_pihaaa_,Espanyol,26/08/2026,17:11:44,Total de Gols,Under,4.5,,,,,2.17,2-0,2-2,Green,1.17,17511094
, CLA-UA Spain Cyber Cup (UA) (2x4 mins),Shot x _pihaaa_,Shot,Getafe,_pihaaa_,Espanyol,26/08/2026,17:13:35,Total de Gols,Under,3.5,,,,,2.37,2-0,2-2,Red,-1.0,17511094
, CLA-UA Italy Cyber Cup (UA) (2x4 mins),FanFan x Alukard,FanFan,Lecce,Alukard,Torino,26/08/2026,17:06:16,Total de Gols,Under,8.5,,,,,1.84,0-0,1-6,Green,0.84,17503135
, CLA-UA Italy Cyber Cup (UA) (2x4 mins),FanFan x Alukard,FanFan,Lecce,Alukard,Torino,26/08/2026,17:07:43,Total de Gols,Under,9.5,,,,,1.77,1-0,1-6,Green,0.77,17503135
, CLA-UA Italy Cyber Cup (UA) (2x4 mins),FanFan x Alukard,FanFan,Lecce,Alukard,Torino,26/08/2026,17:09:33,Total de Gols,Under,10.5,,,,,1.69,1-2,1-6,Green,0.69,17503135
, CLA-UA Italy Cyber Cup (UA) (2x4 mins),FanFan x Alukard,FanFan,Lecce,Alukard,Torino,26/08/2026,17:13:34,Total de Gols,Under,7.5,,,,,2.17,1-4,1-6,Green,1.17,17503135
, CLA-UA Italy Cyber Cup (UA) (2x4 mins),FanFan x Alukard,FanFan,Lecce,Alukard,Torino,26/08/2026,17:15:41,Total de Gols,Under,6.5,,,,,2.71,1-5,1-6,Red,-1.0,17503135
,CLA-UA World Cyber Cup (UA) (2x4 mins),Voron x Terry14,Voron,Denmark,Terry14,Hungary,26/08/2026,17:06:13,Total de Gols,Under,7.5,,,,,1.83,0-0,2-5,Green,0.83,17503267
,CLA-UA World Cyber Cup (UA) (2x4 mins),Voron x Terry14,Voron,Denmark,Terry14,Hungary,26/08/2026,17:07:13,Total de Gols,Under,8.5,,,,,1.68,0-0,2-5,Green,0.68,17503267
,CLA-UA World Cyber Cup (UA) (2x4 mins),Voron x Terry14,Voron,Denmark,Terry14,Hungary,26/08/2026,17:15:25,Total de Gols,Under,6.5,,,,,2.36,2-3,2-5,Red,-1.0,17503267
,CLA-UA World Cyber Cup (UA) (2x4 mins),Voron x Terry14,Voron,Denmark,Terry14,Hungary,26/08/2026,17:16:34,Total de Gols,Under,5.5,,,,,2.47,2-3,2-5,Red,-1.0,17503267
,CLA-UA World Cyber Cup (UA) (2x4 mins),FanFan x Shark,FanFan,Paraguay,Shark,Australia,26/08/2026,17:30:26,Total de Gols,Under,6.5,,,,,1.88,0-0,2-5,Red,-1.0,17503172
,CLA-UA World Cyber Cup (UA) (2x4 mins),FanFan x Shark,FanFan,Paraguay,Shark,Australia,26/08/2026,17:31:34,Total de Gols,Under,5.5,,,,,2.06,0-0,2-5,Red,-1.0,17503172
,CLA-UA World Cyber Cup (UA) (2x4 mins),FanFan x Shark,FanFan,Paraguay,Shark,Australia,26/08/2026,17:32:20,Total de Gols,Under,7.5,,,,,1.81,0-1,2-5,Green,0.81,17503172
,CLA-UA World Cyber Cup (UA) (2x4 mins),FanFan x Shark,FanFan,Paraguay,Shark,Australia,26/08/2026,17:34:26,Total de Gols,Under,8.5,,,,,1.65,1-2,2-5,Green,0.65,17503172
, CLA-UA Champions Cyber League (UA) (2x4 mins),Shot x zyX,Shot,Celtic,zyX,Galatasaray,26/08/2026,17:30:29,Total de Gols,Under,6.5,,,,,1.93,0-0,5-3,Red,-1.0,17511101
, CLA-UA Champions Cyber League (UA) (2x4 mins),Shot x zyX,Shot,Celtic,zyX,Galatasaray,26/08/2026,17:30:34,Total de Gols,Under,7.5,,,,,1.89,1-0,5-3,Red,-1.0,17511101
, CLA-UA Champions Cyber League (UA) (2x4 mins),Shot x zyX,Shot,Celtic,zyX,Galatasaray,26/08/2026,17:32:19,Total de Gols,Under,8.5,,,,,1.91,1-1,5-3,Green,0.91,17511101
, CLA-UA Champions Cyber League (UA) (2x4 mins),Shot x zyX,Shot,Celtic,zyX,Galatasaray,26/08/2026,17:33:00,Total de Gols,Under,9.5,,,,,1.85,2-1,5-3,Green,0.85,17511101
, CLA-UA Champions Cyber League (UA) (2x4 mins),Shot x zyX,Shot,Celtic,zyX,Galatasaray,26/08/2026,17:35:08,Total de Gols,Under,10.5,,,,,1.75,3-2,5-3,Green,0.75,17511101
, CLA-UA Champions Cyber League (UA) (2x4 mins),Shot x zyX,Shot,Celtic,zyX,Galatasaray,26/08/2026,17:35:33,Total de Gols,Under,11.5,,,,,1.59,4-2,5-3,Green,0.59,17511101
, CLA-UA Champions Cyber League (UA) (2x4 mins),_pihaaa_ x zyX,_pihaaa_,Sporting CP,zyX,Galatasaray,26/08/2026,17:44:16,Total de Gols,Under,7.5,,,,,1.73,0-0,6-2,Red,-1.0,17503184
, CLA-UA Champions Cyber League (UA) (2x4 mins),_pihaaa_ x zyX,_pihaaa_,Sporting CP,zyX,Galatasaray,26/08/2026,17:45:01,Total de Gols,Under,6.5,,,,,2.03,0-0,6-2,Red,-1.0,17503184
, CLA-UA Champions Cyber League (UA) (2x4 mins),_pihaaa_ x zyX,_pihaaa_,Sporting CP,zyX,Galatasaray,26/08/2026,17:46:25,Total de Gols,Under,5.5,,,,,2.06,0-0,6-2,Red,-1.0,17503184
, CLA-UA Champions Cyber League (UA) (2x4 mins),_pihaaa_ x zyX,_pihaaa_,Sporting CP,zyX,Galatasaray,26/08/2026,17:50:03,Total de Gols,Under,8.5,,,,,1.7,3-1,6-2,Green,0.7,17503184
,CLA-UA World Cyber Cup (UA) (2x4 mins),Alukard x Shark,Alukard,Wales,Shark,Australia,26/08/2026,17:44:13,Total de Gols,Under,6.5,,,,,1.91,0-0,3-2,Green,0.91,17503173
,CLA-UA World Cyber Cup (UA) (2x4 mins),Alukard x Shark,Alukard,Wales,Shark,Australia,26/08/2026,17:45:29,Total de Gols,Under,5.5,,,,,2.08,0-0,3-2,Green,1.08,17503173
,CLA-UA World Cyber Cup (UA) (2x4 mins),Alukard x Shark,Alukard,Wales,Shark,Australia,26/08/2026,17:47:28,Total de Gols,Under,4.5,,,,,2.11,0-0,3-2,Red,-1.0,17503173
,CLA-UA World Cyber Cup (UA) (2x4 mins),Alukard x Shark,Alukard,Wales,Shark,Australia,26/08/2026,17:48:45,Total de Gols,Under,5.5,,,,,2.17,1-0,3-2,Green,1.17,17503173
,CLA-UA World Cyber Cup (UA) (2x4 mins),Alukard x Shark,Alukard,Wales,Shark,Australia,26/08/2026,17:50:53,Total de Gols,Under,3.5,,,,,2.22,1-0,3-2,Red,-1.0,17503173
,CLA-UA World Cyber Cup (UA) (2x4 mins),Alukard x Shark,Alukard,Wales,Shark,Australia,26/08/2026,17:53:46,Total de Gols,Under,2.5,,,,,2.66,2-0,3-2,Red,-1.0,17503173
, CLA-UA Italy Cyber Cup (UA) (2x4 mins),fillanchik x Int1liGenT,fillanchik,Bologna FC,Int1liGenT,Napoli,26/08/2026,17:44:23,Total de Gols,Under,6.5,,,,,2.02,0-0,3-3,Green,1.02,17503156
, CLA-UA Italy Cyber Cup (UA) (2x4 mins),fillanchik x Int1liGenT,fillanchik,Bologna FC,Int1liGenT,Napoli,26/08/2026,17:46:49,Total de Gols,Under,5.5,,,,,2.07,0-0,3-3,Red,-1.0,17503156
, CLA-UA Italy Cyber Cup (UA) (2x4 mins),fillanchik x Int1liGenT,fillanchik,Bologna FC,Int1liGenT,Napoli,26/08/2026,17:50:07,Total de Gols,Under,4.5,,,,,2.21,1-0,3-3,Red,-1.0,17503156
, CLA-UA Italy Cyber Cup (UA) (2x4 mins),fillanchik x Int1liGenT,fillanchik,Bologna FC,Int1liGenT,Napoli,26/08/2026,17:52:10,Total de Gols,Under,3.5,,,,,2.21,1-0,3-3,Red,-1.0,17503156
, CLA-UA Italy Cyber Cup (UA) (2x4 mins),Voron x Int1liGenT,Voron,Roma,Int1liGenT,Napoli,26/08/2026,17:58:34,Total de Gols,Under,6.5,,,,,2.07,0-0,5-7,Red,-1.0,17503158
, CLA-UA Italy Cyber Cup (UA) (2x4 mins),Voron x Int1liGenT,Voron,Roma,Int1liGenT,Napoli,26/08/2026,17:59:50,Total de Gols,Under,7.5,,,,,1.74,0-0,5-7,Red,-1.0,17503158
, CLA-UA Italy Cyber Cup (UA) (2x4 mins),Voron x Int1liGenT,Voron,Roma,Int1liGenT,Napoli,26/08/2026,18:00:02,Total de Gols,Under,8.5,,,,,1.68,1-0,5-7,Red,-1.0,17503158
, CLA-UA Italy Cyber Cup (UA) (2x4 mins),Voron x Int1liGenT,Voron,Roma,Int1liGenT,Napoli,26/08/2026,18:00:57,Total de Gols,Under,9.5,,,,,1.89,2-1,5-7,Red,-1.0,17503158
, CLA-UA Italy Cyber Cup (UA) (2x4 mins),Voron x Int1liGenT,Voron,Roma,Int1liGenT,Napoli,26/08/2026,18:03:49,Total de Gols,Under,10.5,,,,,1.65,4-1,5-7,Red,-1.0,17503158
, CLA-UA Italy Cyber Cup (UA) (2x4 mins),Voron x Int1liGenT,Voron,Roma,Int1liGenT,Napoli,26/08/2026,18:07:27,Total de Gols,Under,11.5,,,,,1.83,4-4,5-7,Red,-1.0,17503158
, CLA-UA Italy Cyber Cup (UA) (2x4 mins),Voron x Int1liGenT,Voron,Roma,Int1liGenT,Napoli,26/08/2026,18:07:48,Total de Gols,Under,12.5,,,,,1.65,4-5,5-7,Green,0.65,17503158
,CLA-UA World Cyber Cup (UA) (2x4 mins),luxiqq x FanFan,luxiqq,Turkey,FanFan,Paraguay,26/08/2026,18:11:07,Total de Gols,Under,6.5,,,,,2.02,0-0,4-3,Red,-1.0,17503175
,CLA-UA World Cyber Cup (UA) (2x4 mins),luxiqq x FanFan,luxiqq,Turkey,FanFan,Paraguay,26/08/2026,18:13:05,Total de Gols,Under,7.5,,,,,1.82,0-0,4-3,Green,0.82,17503175
,CLA-UA World Cyber Cup (UA) (2x4 mins),luxiqq x FanFan,luxiqq,Turkey,FanFan,Paraguay,26/08/2026,18:19:02,Total de Gols,Under,5.5,,,,,2.21,1-2,4-3,Red,-1.0,17503175
,CLA-UA World Cyber Cup (UA) (2x4 mins),Alukard x Hetman,Alukard,Wales,Hetman,United States,26/08/2026,18:12:14,Total de Gols,Under,7.5,,,,,1.73,0-0,4-4,Red,-1.0,17503319
,CLA-UA World Cyber Cup (UA) (2x4 mins),Alukard x Hetman,Alukard,Wales,Hetman,United States,26/08/2026,18:12:35,Total de Gols,Under,8.5,,,,,1.65,0-0,4-4,Green,0.65,17503319
,CLA-UA World Cyber Cup (UA) (2x4 mins),Alukard x Hetman,Alukard,Wales,Hetman,United States,26/08/2026,18:14:24,Total de Gols,Under,6.5,,,,,2.07,1-0,4-4,Red,-1.0,17503319
,CLA-UA World Cyber Cup (UA) (2x4 mins),Alukard x Hetman,Alukard,Wales,Hetman,United States,26/08/2026,18:15:55,Total de Gols,Under,5.5,,,,,2.07,1-0,4-4,Red,-1.0,17503319
,CLA-UA World Cyber Cup (UA) (2x4 mins),Alukard x Hetman,Alukard,Wales,Hetman,United States,26/08/2026,18:19:39,Total de Gols,Under,4.5,,,,,2.41,2-1,4-4,Red,-1.0,17503319
,CLA-UA World Cyber Cup (UA) (2x4 mins),Alukard x FanFan,Alukard,Wales,FanFan,Paraguay,26/08/2026,18:26:11,Total de Gols,Under,8.5,,,,,1.8,0-0,4-4,Green,0.8,17503176
,CLA-UA World Cyber Cup (UA) (2x4 mins),Alukard x FanFan,Alukard,Wales,FanFan,Paraguay,26/08/2026,18:26:37,Total de Gols,Under,9.5,,,,,1.68,0-0,4-4,Green,0.68,17503176
,CLA-UA World Cyber Cup (UA) (2x4 mins),Alukard x FanFan,Alukard,Wales,FanFan,Paraguay,26/08/2026,18:28:19,Total de Gols,Under,7.5,,,,,2.03,0-1,4-4,Red,-1.0,17503176
,CLA-UA World Cyber Cup (UA) (2x4 mins),Alukard x FanFan,Alukard,Wales,FanFan,Paraguay,26/08/2026,18:35:51,Total de Gols,Under,6.5,,,,,2.36,3-3,4-4,Red,-1.0,17503176
, CLA-UA Champions Cyber League (UA) (2x4 mins),_pihaaa_ x Shot,_pihaaa_,Sporting CP,Shot,Celtic,26/08/2026,18:26:21,Total de Gols,Under,6.5,,,,,1.73,0-0,5-5,Red,-1.0,17511104
, CLA-UA Champions Cyber League (UA) (2x4 mins),_pihaaa_ x Shot,_pihaaa_,Sporting CP,Shot,Celtic,26/08/2026,18:26:59,Total de Gols,Under,5.5,,,,,2.07,0-0,5-5,Red,-1.0,17511104
, CLA-UA Champions Cyber League (UA) (2x4 mins),_pihaaa_ x Shot,_pihaaa_,Sporting CP,Shot,Celtic,26/08/2026,18:28:39,Total de Gols,Under,7.5,,,,,1.57,0-1,5-5,Red,-1.0,17511104
, CLA-UA Champions Cyber League (UA) (2x4 mins),_pihaaa_ x Shot,_pihaaa_,Sporting CP,Shot,Celtic,26/08/2026,18:28:51,Total de Gols,Under,8.5,,,,,1.59,1-1,5-5,Red,-1.0,17511104
, CLA-UA Champions Cyber League (UA) (2x4 mins),_pihaaa_ x Shot,_pihaaa_,Sporting CP,Shot,Celtic,26/08/2026,18:30:05,Total de Gols,Under,9.5,,,,,1.8,1-3,5-5,Red,-1.0,17511104
, CLA-UA Champions Cyber League (UA) (2x4 mins),_pihaaa_ x Shot,_pihaaa_,Sporting CP,Shot,Celtic,26/08/2026,18:31:51,Total de Gols,Under,10.5,,,,,1.83,2-4,5-5,Green,0.83,17511104
, CLA-UA Champions Cyber League (UA) (2x4 mins),_pihaaa_ x Shot,_pihaaa_,Sporting CP,Shot,Celtic,26/08/2026,18:36:01,Total de Gols,Under,11.5,,,,,1.37,5-4,5-5,Green,0.37,17511104
, CLA-UA Italy Cyber Cup (UA) (2x4 mins),Terry14 x Voron,Terry14,Atalanta,Voron,Roma,26/08/2026,18:26:11,Total de Gols,Under,7.5,,,,,1.88,0-0,4-3,Green,0.88,17503164
, CLA-UA Italy Cyber Cup (UA) (2x4 mins),Terry14 x Voron,Terry14,Atalanta,Voron,Roma,26/08/2026,18:27:22,Total de Gols,Under,6.5,,,,,2.07,0-0,4-3,Red,-1.0,17503164
, CLA-UA Italy Cyber Cup (UA) (2x4 mins),Terry14 x Voron,Terry14,Atalanta,Voron,Roma,26/08/2026,18:28:19,Total de Gols,Under,8.5,,,,,1.68,1-0,4-3,Green,0.68,17503164
, CLA-UA Italy Cyber Cup (UA) (2x4 mins),Terry14 x Voron,Terry14,Atalanta,Voron,Roma,26/08/2026,18:29:17,Total de Gols,Under,9.5,,,,,1.78,1-2,4-3,Green,0.78,17503164
, CLA-UA Champions Cyber League (UA) (2x4 mins),Stafford x Bucha,Stafford,Porto,Bucha,Besiktas,26/08/2026,18:40:21,Total de Gols,Under,9.5,,,,,1.69,0-1,4-4,Green,0.69,17503353
, CLA-UA Champions Cyber League (UA) (2x4 mins),Stafford x Bucha,Stafford,Porto,Bucha,Besiktas,26/08/2026,18:40:22,Total de Gols,Under,8.5,,,,,1.73,0-1,4-4,Green,0.73,17503353
, CLA-UA Champions Cyber League (UA) (2x4 mins),Stafford x Bucha,Stafford,Porto,Bucha,Besiktas,26/08/2026,18:40:40,Total de Gols,Under,10.5,,,,,1.65,0-1,4-4,Green,0.65,17503353
, CLA-UA Italy Cyber Cup (UA) (2x4 mins),Terry14 x Int1liGenT,Terry14,Atalanta,Int1liGenT,Napoli,26/08/2026,18:40:12,Total de Gols,Under,7.5,,,,,1.7,0-0,4-5,Red,-1.0,17503167
, CLA-UA Italy Cyber Cup (UA) (2x4 mins),Terry14 x Int1liGenT,Terry14,Atalanta,Int1liGenT,Napoli,26/08/2026,18:40:36,Total de Gols,Under,6.5,,,,,2.12,0-0,4-5,Red,-1.0,17503167
, CLA-UA Italy Cyber Cup (UA) (2x4 mins),Terry14 x Int1liGenT,Terry14,Atalanta,Int1liGenT,Napoli,26/08/2026,18:46:11,Total de Gols,Under,5.5,,,,,2.12,1-1,4-5,Red,-1.0,17503167
,CLA-UA World Cyber Cup (UA) (2x4 mins),Hetman x FanFan,Hetman,United States,FanFan,Paraguay,26/08/2026,18:53:12,Total de Gols,Under,6.5,,,,,2.01,0-0,2-5,Red,-1.0,17503323
,CLA-UA World Cyber Cup (UA) (2x4 mins),Hetman x FanFan,Hetman,United States,FanFan,Paraguay,26/08/2026,18:55:42,Total de Gols,Under,7.5,,,,,1.65,0-0,2-5,Green,0.65,17503323
,CLA-UA World Cyber Cup (UA) (2x4 mins),Hetman x FanFan,Hetman,United States,FanFan,Paraguay,26/08/2026,18:57:13,Total de Gols,Under,5.5,,,,,2.12,0-1,2-5,Red,-1.0,17503323
,CLA-UA World Cyber Cup (UA) (2x4 mins),Hetman x FanFan,Hetman,United States,FanFan,Paraguay,26/08/2026,19:01:46,Total de Gols,Under,8.5,,,,,1.68,1-4,2-5,Green,0.68,17503323
, CLA-UA Champions Cyber League (UA) (2x4 mins),zyX x _pihaaa_,zyX,Galatasaray,_pihaaa_,Sporting CP,26/08/2026,18:54:19,Total de Gols,Under,7.5,,,,,1.73,0-0,3-4,Green,0.73,17503188
, CLA-UA Champions Cyber League (UA) (2x4 mins),zyX x _pihaaa_,zyX,Galatasaray,_pihaaa_,Sporting CP,26/08/2026,18:54:47,Total de Gols,Under,6.5,,,,,2.12,0-0,3-4,Red,-1.0,17503188
, CLA-UA Champions Cyber League (UA) (2x4 mins),zyX x _pihaaa_,zyX,Galatasaray,_pihaaa_,Sporting CP,26/08/2026,18:56:40,Total de Gols,Under,5.5,,,,,2.03,0-0,3-4,Red,-1.0,17503188
, CLA-UA Italy Cyber Cup (UA) (2x4 mins),Int1liGenT x fillanchik,Int1liGenT,Napoli,fillanchik,Bologna FC,26/08/2026,18:54:08,Total de Gols,Under,6.5,,,,,2.02,0-0,1-6,Red,-1.0,17503163
, CLA-UA Italy Cyber Cup (UA) (2x4 mins),Int1liGenT x fillanchik,Int1liGenT,Napoli,fillanchik,Bologna FC,26/08/2026,18:55:19,Total de Gols,Under,7.5,,,,,1.66,0-0,1-6,Green,0.66,17503163
, CLA-UA Italy Cyber Cup (UA) (2x4 mins),Int1liGenT x fillanchik,Int1liGenT,Napoli,fillanchik,Bologna FC,26/08/2026,18:55:57,Total de Gols,Under,8.5,,,,,1.91,0-2,1-6,Green,0.91,17503163
, CLA-UA Italy Cyber Cup (UA) (2x4 mins),Int1liGenT x fillanchik,Int1liGenT,Napoli,fillanchik,Bologna FC,26/08/2026,18:59:53,Total de Gols,Under,9.5,,,,,1.97,1-4,1-6,Green,0.97,17503163
, CLA-UA Italy Cyber Cup (UA) (2x4 mins),Int1liGenT x fillanchik,Int1liGenT,Napoli,fillanchik,Bologna FC,26/08/2026,19:00:44,Total de Gols,Under,10.5,,,,,1.75,1-5,1-6,Green,0.75,17503163
, CLA-UA Italy Cyber Cup (UA) (2x4 mins),Voron x abr4m_5,Voron,Roma,abr4m_5,Udinese,26/08/2026,18:52:58,Total de Gols,Under,8.5,,,,,1.84,0-0,6-3,Red,-1.0,17503166
, CLA-UA Italy Cyber Cup (UA) (2x4 mins),Voron x abr4m_5,Voron,Roma,abr4m_5,Udinese,26/08/2026,18:55:10,Total de Gols,Under,7.5,,,,,2.03,0-0,6-3,Red,-1.0,17503166
, CLA-UA Italy Cyber Cup (UA) (2x4 mins),Voron x abr4m_5,Voron,Roma,abr4m_5,Udinese,26/08/2026,18:55:54,Total de Gols,Under,9.5,,,,,1.85,1-0,6-3,Green,0.85,17503166
, CLA-UA Italy Cyber Cup (UA) (2x4 mins),Voron x abr4m_5,Voron,Roma,abr4m_5,Udinese,26/08/2026,18:56:09,Total de Gols,Under,10.5,,,,,1.8,2-0,6-3,Green,0.8,17503166
, CLA-UA Italy Cyber Cup (UA) (2x4 mins),Voron x abr4m_5,Voron,Roma,abr4m_5,Udinese,26/08/2026,18:56:28,Total de Gols,Under,11.5,,,,,1.7,2-1,6-3,Green,0.7,17503166
,CLA-UA World Cyber Cup (UA) (2x4 mins),Shark x Alukard,Shark,Australia,Alukard,Wales,26/08/2026,18:54:12,Total de Gols,Under,6.5,,,,,1.7,0-0,2-3,Green,0.7,17503180
,CLA-UA World Cyber Cup (UA) (2x4 mins),Shark x Alukard,Shark,Australia,Alukard,Wales,26/08/2026,18:54:41,Total de Gols,Under,5.5,,,,,2.11,0-0,2-3,Green,1.11,17503180
,CLA-UA World Cyber Cup (UA) (2x4 mins),Shark x Alukard,Shark,Australia,Alukard,Wales,26/08/2026,18:56:31,Total de Gols,Under,4.5,,,,,2.13,0-0,2-3,Red,-1.0,17503180
,CLA-UA World Cyber Cup (UA) (2x4 mins),Shark x Alukard,Shark,Australia,Alukard,Wales,26/08/2026,18:58:13,Total de Gols,Under,3.5,,,,,2.17,0-0,2-3,Red,-1.0,17503180
, CLA-UA Champions Cyber League (UA) (2x4 mins),Bucha x zyX,Bucha,Besiktas,zyX,Galatasaray,26/08/2026,19:08:28,Total de Gols,Under,8.5,,,,,1.98,0-0,3-7,Red,-1.0,17503357
, CLA-UA Champions Cyber League (UA) (2x4 mins),Bucha x zyX,Bucha,Besiktas,zyX,Galatasaray,26/08/2026,19:09:05,Total de Gols,Under,9.5,,,,,1.72,0-0,3-7,Red,-1.0,17503357
, CLA-UA Champions Cyber League (UA) (2x4 mins),Bucha x zyX,Bucha,Besiktas,zyX,Galatasaray,26/08/2026,19:10:26,Total de Gols,Under,10.5,,,,,1.69,1-1,3-7,Green,0.69,17503357
, CLA-UA Champions Cyber League (UA) (2x4 mins),Stafford x _pihaaa_,Stafford,Porto,_pihaaa_,Sporting CP,26/08/2026,19:08:28,Total de Gols,Under,7.5,,,,,1.97,0-0,3-2,Green,0.97,17503209
, CLA-UA Champions Cyber League (UA) (2x4 mins),Stafford x _pihaaa_,Stafford,Porto,_pihaaa_,Sporting CP,26/08/2026,19:08:46,Total de Gols,Under,8.5,,,,,1.93,0-0,3-2,Green,0.93,17503209
, CLA-UA Champions Cyber League (UA) (2x4 mins),Stafford x _pihaaa_,Stafford,Porto,_pihaaa_,Sporting CP,26/08/2026,19:11:42,Total de Gols,Under,6.5,,,,,2.12,1-0,3-2,Green,1.12,17503209
, CLA-UA Champions Cyber League (UA) (2x4 mins),Stafford x _pihaaa_,Stafford,Porto,_pihaaa_,Sporting CP,26/08/2026,19:12:53,Total de Gols,Under,5.5,,,,,1.91,1-0,3-2,Green,0.91,17503209
, CLA-UA Champions Cyber League (UA) (2x4 mins),Stafford x _pihaaa_,Stafford,Porto,_pihaaa_,Sporting CP,26/08/2026,19:12:59,Total de Gols,Under,4.5,,,,,1.74,1-0,3-2,Red,-1.0,17503209
, CLA-UA Champions Cyber League (UA) (2x4 mins),Stafford x _pihaaa_,Stafford,Porto,_pihaaa_,Sporting CP,26/08/2026,19:13:42,Total de Gols,Under,3.5,,,,,2.17,1-0,3-2,Red,-1.0,17503209
,CLA-UA World Cyber Cup (UA) (2x4 mins),luxiqq x Alukard,luxiqq,Turkey,Alukard,Wales,26/08/2026,19:08:28,Total de Gols,Under,6.5,,,,,1.87,0-0,3-3,Green,0.87,17503181
,CLA-UA World Cyber Cup (UA) (2x4 mins),luxiqq x Alukard,luxiqq,Turkey,Alukard,Wales,26/08/2026,19:08:57,Total de Gols,Under,7.5,,,,,1.7,0-0,3-3,Green,0.7,17503181
,CLA-UA World Cyber Cup (UA) (2x4 mins),luxiqq x Alukard,luxiqq,Turkey,Alukard,Wales,26/08/2026,19:11:08,Total de Gols,Under,5.5,,,,,2.16,0-1,3-3,Red,-1.0,17503181
,CLA-UA World Cyber Cup (UA) (2x4 mins),luxiqq x Alukard,luxiqq,Turkey,Alukard,Wales,26/08/2026,19:14:29,Total de Gols,Under,4.5,,,,,2.28,1-1,3-3,Red,-1.0,17503181
, CLA-UA Champions Cyber League (UA) (2x4 mins),Shot x Stafford,Shot,Celtic,Stafford,Porto,26/08/2026,19:22:15,Total de Gols,Under,6.5,,,,,1.88,0-0,3-5,Red,-1.0,17511107
, CLA-UA Champions Cyber League (UA) (2x4 mins),Shot x Stafford,Shot,Celtic,Stafford,Porto,26/08/2026,19:23:24,Total de Gols,Under,5.5,,,,,2.07,0-0,3-5,Red,-1.0,17511107
, CLA-UA Champions Cyber League (UA) (2x4 mins),Shot x Stafford,Shot,Celtic,Stafford,Porto,26/08/2026,19:26:10,Total de Gols,Under,7.5,,,,,1.82,1-1,3-5,Red,-1.0,17511107
, CLA-UA Champions Cyber League (UA) (2x4 mins),Shot x Stafford,Shot,Celtic,Stafford,Porto,26/08/2026,19:31:50,Total de Gols,Under,8.5,,,,,1.48,3-3,3-5,Green,0.48,17511107
, CLA-UA Italy Cyber Cup (UA) (2x4 mins),fillanchik x Terry14,fillanchik,Bologna FC,Terry14,Atalanta,26/08/2026,19:22:11,Total de Gols,Under,7.5,,,,,1.74,0-0,8-7,Red,-1.0,17503169
, CLA-UA Italy Cyber Cup (UA) (2x4 mins),fillanchik x Terry14,fillanchik,Bologna FC,Terry14,Atalanta,26/08/2026,19:23:18,Total de Gols,Under,6.5,,,,,2.03,0-0,8-7,Red,-1.0,17503169
, CLA-UA Italy Cyber Cup (UA) (2x4 mins),fillanchik x Terry14,fillanchik,Bologna FC,Terry14,Atalanta,26/08/2026,19:23:45,Total de Gols,Under,8.5,,,,,1.85,1-0,8-7,Red,-1.0,17503169
, CLA-UA Italy Cyber Cup (UA) (2x4 mins),fillanchik x Terry14,fillanchik,Bologna FC,Terry14,Atalanta,26/08/2026,19:24:12,Total de Gols,Under,9.5,,,,,1.77,1-1,8-7,Red,-1.0,17503169
, CLA-UA Italy Cyber Cup (UA) (2x4 mins),fillanchik x Terry14,fillanchik,Bologna FC,Terry14,Atalanta,26/08/2026,19:25:47,Total de Gols,Under,10.5,,,,,1.82,3-1,8-7,Red,-1.0,17503169
, CLA-UA Italy Cyber Cup (UA) (2x4 mins),fillanchik x Terry14,fillanchik,Bologna FC,Terry14,Atalanta,26/08/2026,19:26:22,Total de Gols,Under,11.5,,,,,1.62,4-1,8-7,Red,-1.0,17503169
, CLA-UA Italy Cyber Cup (UA) (2x4 mins),fillanchik x Terry14,fillanchik,Bologna FC,Terry14,Atalanta,26/08/2026,19:27:34,Total de Gols,Under,12.5,,,,,1.73,5-2,8-7,Red,-1.0,17503169
, CLA-UA Italy Cyber Cup (UA) (2x4 mins),fillanchik x Terry14,fillanchik,Bologna FC,Terry14,Atalanta,26/08/2026,19:27:51,Total de Gols,Under,13.5,,,,,1.62,6-2,8-7,Red,-1.0,17503169
, CLA-UA Italy Cyber Cup (UA) (2x4 mins),fillanchik x Terry14,fillanchik,Bologna FC,Terry14,Atalanta,26/08/2026,19:29:26,Total de Gols,Under,14.5,,,,,1.71,6-4,8-7,Red,-1.0,17503169
, CLA-UA Italy Cyber Cup (UA) (2x4 mins),Int1liGenT x abr4m_5,Int1liGenT,Napoli,abr4m_5,Udinese,26/08/2026,19:21:19,Total de Gols,Under,8.5,,,,,1.65,0-0,4-3,Green,0.65,17503168
, CLA-UA Italy Cyber Cup (UA) (2x4 mins),Int1liGenT x abr4m_5,Int1liGenT,Napoli,abr4m_5,Udinese,26/08/2026,19:23:18,Total de Gols,Under,7.5,,,,,2.03,0-0,4-3,Green,1.03,17503168
, CLA-UA Italy Cyber Cup (UA) (2x4 mins),Int1liGenT x abr4m_5,Int1liGenT,Napoli,abr4m_5,Udinese,26/08/2026,19:24:31,Total de Gols,Under,6.5,,,,,2.11,0-0,4-3,Red,-1.0,17503168
, CLA-UA Italy Cyber Cup (UA) (2x4 mins),Int1liGenT x abr4m_5,Int1liGenT,Napoli,abr4m_5,Udinese,26/08/2026,19:29:37,Total de Gols,Under,5.5,,,,,2.17,1-2,4-3,Red,-1.0,17503168
, CLA-UA Champions Cyber League (UA) (2x4 mins),Shot x _pihaaa_,Shot,Celtic,_pihaaa_,Sporting CP,26/08/2026,19:36:16,Total de Gols,Under,7.5,,,,,1.73,0-0,0-1,Green,0.73,17511108
, CLA-UA Champions Cyber League (UA) (2x4 mins),Shot x _pihaaa_,Shot,Celtic,_pihaaa_,Sporting CP,26/08/2026,19:36:49,Total de Gols,Under,6.5,,,,,1.83,0-0,0-1,Green,0.83,17511108
, CLA-UA Champions Cyber League (UA) (2x4 mins),Shot x _pihaaa_,Shot,Celtic,_pihaaa_,Sporting CP,26/08/2026,19:37:46,Total de Gols,Under,5.5,,,,,2.06,0-0,0-1,Green,1.06,17511108
, CLA-UA Champions Cyber League (UA) (2x4 mins),Shot x _pihaaa_,Shot,Celtic,_pihaaa_,Sporting CP,26/08/2026,19:38:44,Total de Gols,Under,4.5,,,,,2.12,0-0,0-1,Green,1.12,17511108
, CLA-UA Champions Cyber League (UA) (2x4 mins),Shot x _pihaaa_,Shot,Celtic,_pihaaa_,Sporting CP,26/08/2026,19:40:37,Total de Gols,Under,3.5,,,,,2.12,0-0,0-1,Green,1.12,17511108
, CLA-UA Champions Cyber League (UA) (2x4 mins),Shot x _pihaaa_,Shot,Celtic,_pihaaa_,Sporting CP,26/08/2026,19:41:01,Total de Gols,Under,2.5,,,,,2.12,0-0,0-1,Green,1.12,17511108
, CLA-UA Champions Cyber League (UA) (2x4 mins),Shot x _pihaaa_,Shot,Celtic,_pihaaa_,Sporting CP,26/08/2026,19:45:08,Total de Gols,Under,1.5,,,,,2.55,0-1,0-1,Green,1.55,17511108
, CLA-UA Italy Cyber Cup (UA) (2x4 mins),fillanchik x abr4m_5,fillanchik,Bologna FC,abr4m_5,Udinese,26/08/2026,19:36:05,Total de Gols,Under,8.5,,,,,1.89,0-0,3-4,Green,0.89,17503170
, CLA-UA Italy Cyber Cup (UA) (2x4 mins),fillanchik x abr4m_5,fillanchik,Bologna FC,abr4m_5,Udinese,26/08/2026,19:37:13,Total de Gols,Under,7.5,,,,,2.01,0-0,3-4,Green,1.01,17503170
, CLA-UA Italy Cyber Cup (UA) (2x4 mins),fillanchik x abr4m_5,fillanchik,Bologna FC,abr4m_5,Udinese,26/08/2026,19:37:55,Total de Gols,Under,9.5,,,,,1.74,0-1,3-4,Green,0.74,17503170
, CLA-UA Italy Cyber Cup (UA) (2x4 mins),fillanchik x abr4m_5,fillanchik,Bologna FC,abr4m_5,Udinese,26/08/2026,19:39:30,Total de Gols,Under,10.5,,,,,1.65,1-2,3-4,Green,0.65,17503170
,CLA-UA World Cyber Cup (UA) (2x4 mins),FanFan x Alukard,FanFan,Paraguay,Alukard,Wales,26/08/2026,19:36:08,Total de Gols,Under,8.5,,,,,1.84,0-0,5-4,Red,-1.0,17503183
,CLA-UA World Cyber Cup (UA) (2x4 mins),FanFan x Alukard,FanFan,Paraguay,Alukard,Wales,26/08/2026,19:37:01,Total de Gols,Under,7.5,,,,,2.03,0-0,5-4,Red,-1.0,17503183
,CLA-UA World Cyber Cup (UA) (2x4 mins),FanFan x Alukard,FanFan,Paraguay,Alukard,Wales,26/08/2026,19:38:16,Total de Gols,Under,6.5,,,,,1.85,0-0,5-4,Red,-1.0,17503183
, CLA-UA Champions Cyber League (UA) (2x4 mins),zyX x Stafford,zyX,Galatasaray,Stafford,Porto,26/08/2026,19:36:12,Total de Gols,Under,8.5,,,,,2.03,0-0,5-0,Green,1.03,17503210
, CLA-UA Champions Cyber League (UA) (2x4 mins),zyX x Stafford,zyX,Galatasaray,Stafford,Porto,26/08/2026,19:36:56,Total de Gols,Under,9.5,,,,,1.8,0-0,5-0,Green,0.8,17503210
, CLA-UA Champions Cyber League (UA) (2x4 mins),zyX x Stafford,zyX,Galatasaray,Stafford,Porto,26/08/2026,19:38:13,Total de Gols,Under,10.5,,,,,1.88,2-0,5-0,Green,0.88,17503210
, CLA-UA Champions Cyber League (UA) (2x4 mins),zyX x Stafford,zyX,Galatasaray,Stafford,Porto,26/08/2026,19:40:30,Total de Gols,Under,11.5,,,,,1.7,4-0,5-0,Green,0.7,17503210
, CLA-UA Champions Cyber League (UA) (2x4 mins),zyX x Stafford,zyX,Galatasaray,Stafford,Porto,26/08/2026,19:42:30,Total de Gols,Under,7.5,,,,,2.17,5-0,5-0,Green,1.17,17503210
, CLA-UA Champions Cyber League (UA) (2x4 mins),zyX x Stafford,zyX,Galatasaray,Stafford,Porto,26/08/2026,19:44:25,Total de Gols,Under,6.5,,,,,2.35,5-0,5-0,Green,1.35,17503210
, CLA-UA Champions Cyber League (UA) (2x4 mins),zyX x Stafford,zyX,Galatasaray,Stafford,Porto,26/08/2026,19:46:04,Total de Gols,Under,5.5,,,,,2.71,5-0,5-0,Green,1.71,17503210
,CLA-UA Argentina Cyber Cup (UA) (2x4 mins),femzzi x Jur_Kr,femzzi,River Plate,Jur_Kr,Independiente,26/08/2026,20:00:09,Total de Gols,Under,9.5,,,,,1.68,0-0,8-3,Red,-1.0,17503367
,CLA-UA Argentina Cyber Cup (UA) (2x4 mins),femzzi x Jur_Kr,femzzi,River Plate,Jur_Kr,Independiente,26/08/2026,20:01:22,Total de Gols,Under,8.5,,,,,2.03,0-0,8-3,Red,-1.0,17503367
,CLA-UA Argentina Cyber Cup (UA) (2x4 mins),femzzi x Jur_Kr,femzzi,River Plate,Jur_Kr,Independiente,26/08/2026,20:04:29,Total de Gols,Under,10.5,,,,,1.68,3-0,8-3,Red,-1.0,17503367
,CLA-UA Argentina Cyber Cup (UA) (2x4 mins),femzzi x Jur_Kr,femzzi,River Plate,Jur_Kr,Independiente,26/08/2026,20:05:16,Total de Gols,Under,11.5,,,,,1.78,5-0,8-3,Green,0.78,17503367
,CLA-UA Argentina Cyber Cup (UA) (2x4 mins),femzzi x Jur_Kr,femzzi,River Plate,Jur_Kr,Independiente,26/08/2026,20:06:03,Total de Gols,Under,12.5,,,,,1.59,6-1,8-3,Green,0.59,17503367
,CLA-UA Argentina Cyber Cup (UA) (2x4 mins),femzzi x Jur_Kr,femzzi,River Plate,Jur_Kr,Independiente,26/08/2026,20:09:08,Total de Gols,Under,13.5,,,,,1.97,8-2,8-3,Green,0.97,17503367
,CLA-UA Argentina Cyber Cup (UA) (2x4 mins),FanFan x luxiqq,FanFan,Boca Juniors,luxiqq,Racing Club,26/08/2026,19:58:36,Total de Gols,Under,7.5,,,,,1.62,0-0,5-4,Red,-1.0,17503366
,CLA-UA Argentina Cyber Cup (UA) (2x4 mins),FanFan x luxiqq,FanFan,Boca Juniors,luxiqq,Racing Club,26/08/2026,20:01:58,Total de Gols,Under,6.5,,,,,2.11,0-0,5-4,Red,-1.0,17503366
,CLA-UA Argentina Cyber Cup (UA) (2x4 mins),FanFan x luxiqq,FanFan,Boca Juniors,luxiqq,Racing Club,26/08/2026,20:02:49,Total de Gols,Under,8.5,,,,,1.85,1-0,5-4,Red,-1.0,17503366
,CLA-UA Argentina Cyber Cup (UA) (2x4 mins),FanFan x luxiqq,FanFan,Boca Juniors,luxiqq,Racing Club,26/08/2026,20:08:41,Total de Gols,Under,9.5,,,,,1.57,3-2,5-4,Green,0.57,17503366
, CLA-UA Champions Cyber League (UA) (2x4 mins),murchik x simaha,murchik,Chelsea,simaha,Liverpool,26/08/2026,20:14:20,Total de Gols,Under,7.5,,,,,1.82,0-0,7-3,Red,-1.0,17503224
, CLA-UA Champions Cyber League (UA) (2x4 mins),murchik x simaha,murchik,Chelsea,simaha,Liverpool,26/08/2026,20:15:07,Total de Gols,Under,8.5,,,,,1.73,0-0,7-3,Red,-1.0,17503224
, CLA-UA Champions Cyber League (UA) (2x4 mins),murchik x simaha,murchik,Chelsea,simaha,Liverpool,26/08/2026,20:15:26,Total de Gols,Under,9.5,,,,,1.62,0-1,7-3,Red,-1.0,17503224
, CLA-UA Champions Cyber League (UA) (2x4 mins),murchik x simaha,murchik,Chelsea,simaha,Liverpool,26/08/2026,20:19:02,Total de Gols,Under,10.5,,,,,1.59,2-2,7-3,Green,0.59,17503224
, CLA-UA Champions Cyber League (UA) (2x4 mins),murchik x simaha,murchik,Chelsea,simaha,Liverpool,26/08/2026,20:24:19,Total de Gols,Under,11.5,,,,,1.45,6-3,7-3,Green,0.45,17503224
, CLA-UA Champions Cyber League (UA) (2x4 mins),Forzyar x Zero,Forzyar,RB Leipzig,Zero,Bayer 04,26/08/2026,20:13:47,Total de Gols,Under,6.5,,,,,1.85,0-0,5-0,Green,0.85,17503383
, CLA-UA Champions Cyber League (UA) (2x4 mins),Forzyar x Zero,Forzyar,RB Leipzig,Zero,Bayer 04,26/08/2026,20:15:16,Total de Gols,Under,5.5,,,,,2.08,0-0,5-0,Green,1.08,17503383
, CLA-UA Champions Cyber League (UA) (2x4 mins),Forzyar x Zero,Forzyar,RB Leipzig,Zero,Bayer 04,26/08/2026,20:17:08,Total de Gols,Under,7.5,,,,,1.66,1-0,5-0,Green,0.66,17503383
, CLA-UA Champions Cyber League (UA) (2x4 mins),Forzyar x Zero,Forzyar,RB Leipzig,Zero,Bayer 04,26/08/2026,20:22:01,Total de Gols,Under,4.5,,,,,2.17,2-0,5-0,Red,-1.0,17503383
, CLA-UA Champions Cyber League (UA) (2x4 mins),Zero x simaha,Zero,Bayer 04,simaha,Liverpool,26/08/2026,20:28:11,Total de Gols,Under,5.5,,,,,1.98,0-0,4-4,Red,-1.0,17503226
, CLA-UA Champions Cyber League (UA) (2x4 mins),Zero x simaha,Zero,Bayer 04,simaha,Liverpool,26/08/2026,20:28:37,Total de Gols,Under,6.5,,,,,1.87,0-0,4-4,Red,-1.0,17503226
, CLA-UA Champions Cyber League (UA) (2x4 mins),Zero x simaha,Zero,Bayer 04,simaha,Liverpool,26/08/2026,20:30:20,Total de Gols,Under,7.5,,,,,1.98,2-0,4-4,Red,-1.0,17503226
, CLA-UA Champions Cyber League (UA) (2x4 mins),Zero x simaha,Zero,Bayer 04,simaha,Liverpool,26/08/2026,20:38:10,Total de Gols,Under,8.5,,,,,1.98,4-3,4-4,Green,0.98,17503226
,CLA-UA Argentina Cyber Cup (UA) (2x4 mins),djamik x Jur_Kr,djamik,Estudiantes L.P.,Jur_Kr,Independiente,26/08/2026,20:27:40,Total de Gols,Under,8.5,,,,,1.84,0-0,8-6,Red,-1.0,17503212
,CLA-UA Argentina Cyber Cup (UA) (2x4 mins),djamik x Jur_Kr,djamik,Estudiantes L.P.,Jur_Kr,Independiente,26/08/2026,20:29:12,Total de Gols,Under,9.5,,,,,1.65,0-0,8-6,Red,-1.0,17503212
,CLA-UA Argentina Cyber Cup (UA) (2x4 mins),djamik x Jur_Kr,djamik,Estudiantes L.P.,Jur_Kr,Independiente,26/08/2026,20:30:13,Total de Gols,Under,10.5,,,,,1.78,1-1,8-6,Red,-1.0,17503212
,CLA-UA Argentina Cyber Cup (UA) (2x4 mins),djamik x Jur_Kr,djamik,Estudiantes L.P.,Jur_Kr,Independiente,26/08/2026,20:30:28,Total de Gols,Under,11.5,,,,,1.65,2-1,8-6,Red,-1.0,17503212
,CLA-UA Argentina Cyber Cup (UA) (2x4 mins),djamik x Jur_Kr,djamik,Estudiantes L.P.,Jur_Kr,Independiente,26/08/2026,20:31:07,Total de Gols,Under,12.5,,,,,1.8,3-2,8-6,Red,-1.0,17503212
,CLA-UA Argentina Cyber Cup (UA) (2x4 mins),djamik x Jur_Kr,djamik,Estudiantes L.P.,Jur_Kr,Independiente,26/08/2026,20:34:45,Total de Gols,Under,13.5,,,,,1.82,5-3,8-6,Red,-1.0,17503212
,CLA-UA Argentina Cyber Cup (UA) (2x4 mins),djamik x Jur_Kr,djamik,Estudiantes L.P.,Jur_Kr,Independiente,26/08/2026,20:34:58,Total de Gols,Under,14.5,,,,,1.72,5-4,8-6,Green,0.72,17503212
,CLA-UA Argentina Cyber Cup (UA) (2x4 mins),djamik x Jur_Kr,djamik,Estudiantes L.P.,Jur_Kr,Independiente,26/08/2026,20:38:40,Total de Gols,Under,15.5,,,,,1.42,8-5,8-6,Green,0.42,17503212
, CLA-UA Champions Cyber League (UA) (2x4 mins),Forzyar x Xellark,Forzyar,RB Leipzig,Xellark,Tottenham,26/08/2026,20:27:55,Total de Gols,Under,6.5,,,,,1.62,0-0,2-5,Red,-1.0,17503384
, CLA-UA Champions Cyber League (UA) (2x4 mins),Forzyar x Xellark,Forzyar,RB Leipzig,Xellark,Tottenham,26/08/2026,20:28:27,Total de Gols,Under,5.5,,,,,2.07,0-0,2-5,Red,-1.0,17503384
, CLA-UA Champions Cyber League (UA) (2x4 mins),Forzyar x Xellark,Forzyar,RB Leipzig,Xellark,Tottenham,26/08/2026,20:30:27,Total de Gols,Under,4.5,,,,,2.16,0-0,2-5,Red,-1.0,17503384
, CLA-UA Champions Cyber League (UA) (2x4 mins),Forzyar x Xellark,Forzyar,RB Leipzig,Xellark,Tottenham,26/08/2026,20:33:51,Total de Gols,Under,7.5,,,,,1.75,0-3,2-5,Green,0.75,17503384
, CLA-UA Champions Cyber League (UA) (2x4 mins),Forzyar x Xellark,Forzyar,RB Leipzig,Xellark,Tottenham,26/08/2026,20:34:23,Total de Gols,Under,8.5,,,,,1.65,1-3,2-5,Green,0.65,17503384
, CLA-UA Champions Cyber League (UA) (2x4 mins),Forzyar x murchik,Forzyar,RB Leipzig,murchik,Chelsea,26/08/2026,20:56:13,Total de Gols,Under,7.5,,,,,1.74,0-0,5-4,Red,-1.0,17503386
, CLA-UA Champions Cyber League (UA) (2x4 mins),Forzyar x murchik,Forzyar,RB Leipzig,murchik,Chelsea,26/08/2026,20:57:13,Total de Gols,Under,6.5,,,,,2.07,0-0,5-4,Red,-1.0,17503386
, CLA-UA Champions Cyber League (UA) (2x4 mins),Forzyar x murchik,Forzyar,RB Leipzig,murchik,Chelsea,26/08/2026,20:57:45,Total de Gols,Under,8.5,,,,,1.86,0-1,5-4,Red,-1.0,17503386
, CLA-UA Champions Cyber League (UA) (2x4 mins),Forzyar x murchik,Forzyar,RB Leipzig,murchik,Chelsea,26/08/2026,20:58:36,Total de Gols,Under,9.5,,,,,1.65,1-1,5-4,Green,0.65,17503386
,CLA-UA Argentina Cyber Cup (UA) (2x4 mins),Jur_Kr x luxiqq,Jur_Kr,Independiente,luxiqq,Racing Club,26/08/2026,20:56:09,Total de Gols,Under,7.5,,,,,2.03,0-0,5-1,Green,1.03,17503214
,CLA-UA Argentina Cyber Cup (UA) (2x4 mins),Jur_Kr x luxiqq,Jur_Kr,Independiente,luxiqq,Racing Club,26/08/2026,20:57:53,Total de Gols,Under,6.5,,,,,2.07,0-0,5-1,Green,1.07,17503214
,CLA-UA Argentina Cyber Cup (UA) (2x4 mins),Jur_Kr x luxiqq,Jur_Kr,Independiente,luxiqq,Racing Club,26/08/2026,20:59:02,Total de Gols,Under,5.5,,,,,1.94,0-0,5-1,Red,-1.0,17503214
,CLA-UA Argentina Cyber Cup (UA) (2x4 mins),Jur_Kr x luxiqq,Jur_Kr,Independiente,luxiqq,Racing Club,26/08/2026,21:00:12,Total de Gols,Under,4.5,,,,,2.08,0-0,5-1,Red,-1.0,17503214
,CLA-UA Argentina Cyber Cup (UA) (2x4 mins),Jur_Kr x luxiqq,Jur_Kr,Independiente,luxiqq,Racing Club,26/08/2026,21:03:11,Total de Gols,Under,8.5,,,,,1.54,4-0,5-1,Green,0.54,17503214
, CLA-UA Champions Cyber League (UA) (2x4 mins),Zero x murchik,Zero,Bayer 04,murchik,Chelsea,26/08/2026,21:09:26,Total de Gols,Under,6.5,,,,,1.62,0-0,3-2,Green,0.62,17503240
, CLA-UA Champions Cyber League (UA) (2x4 mins),Zero x murchik,Zero,Bayer 04,murchik,Chelsea,26/08/2026,21:10:23,Total de Gols,Under,5.5,,,,,2.08,0-0,3-2,Green,1.08,17503240
, CLA-UA Champions Cyber League (UA) (2x4 mins),Zero x murchik,Zero,Bayer 04,murchik,Chelsea,26/08/2026,21:12:30,Total de Gols,Under,4.5,,,,,2.12,0-0,3-2,Red,-1.0,17503240
, CLA-UA Champions Cyber League (UA) (2x4 mins),Zero x murchik,Zero,Bayer 04,murchik,Chelsea,26/08/2026,21:14:11,Total de Gols,Under,3.5,,,,,2.17,0-0,3-2,Red,-1.0,17503240
, CLA-UA Champions Cyber League (UA) (2x4 mins),Xellark x simaha,Xellark,Tottenham,simaha,Liverpool,26/08/2026,21:10:09,Total de Gols,Under,6.5,,,,,1.82,0-0,6-2,Red,-1.0,17503238
, CLA-UA Champions Cyber League (UA) (2x4 mins),Xellark x simaha,Xellark,Tottenham,simaha,Liverpool,26/08/2026,21:10:23,Total de Gols,Under,7.5,,,,,1.72,0-0,6-2,Red,-1.0,17503238
, CLA-UA Champions Cyber League (UA) (2x4 mins),Xellark x simaha,Xellark,Tottenham,simaha,Liverpool,26/08/2026,21:10:54,Total de Gols,Under,8.5,,,,,1.63,1-0,6-2,Green,0.63,17503238
, CLA-UA Champions Cyber League (UA) (2x4 mins),Xellark x simaha,Xellark,Tottenham,simaha,Liverpool,26/08/2026,21:18:14,Total de Gols,Under,9.5,,,,,1.5,5-1,6-2,Green,0.5,17503238
, CLA-UA Champions Cyber League (UA) (2x4 mins),Zero x Forzyar,Zero,Bayer 04,Forzyar,RB Leipzig,26/08/2026,21:23:34,Total de Gols,Under,6.5,,,,,2.02,0-0,1-4,Green,1.02,17503387
, CLA-UA Champions Cyber League (UA) (2x4 mins),Zero x Forzyar,Zero,Bayer 04,Forzyar,RB Leipzig,26/08/2026,21:25:46,Total de Gols,Under,5.5,,,,,2.07,0-0,1-4,Green,1.07,17503387
, CLA-UA Champions Cyber League (UA) (2x4 mins),Zero x Forzyar,Zero,Bayer 04,Forzyar,RB Leipzig,26/08/2026,21:27:25,Total de Gols,Under,4.5,,,,,2.08,0-0,1-4,Red,-1.0,17503387
, CLA-UA Champions Cyber League (UA) (2x4 mins),Zero x Forzyar,Zero,Bayer 04,Forzyar,RB Leipzig,26/08/2026,21:31:09,Total de Gols,Under,7.5,,,,,1.68,1-2,1-4,Green,0.68,17503387
,CLA-UA Argentina Cyber Cup (UA) (2x4 mins),femzzi x FanFan,femzzi,River Plate,FanFan,Boca Juniors,26/08/2026,21:24:10,Total de Gols,Under,8.5,,,,,1.97,0-0,4-3,Green,0.97,17503378
,CLA-UA Argentina Cyber Cup (UA) (2x4 mins),femzzi x FanFan,femzzi,River Plate,FanFan,Boca Juniors,26/08/2026,21:25:00,Total de Gols,Under,9.5,,,,,1.85,0-0,4-3,Green,0.85,17503378
,CLA-UA Argentina Cyber Cup (UA) (2x4 mins),femzzi x FanFan,femzzi,River Plate,FanFan,Boca Juniors,26/08/2026,21:30:04,Total de Gols,Under,7.5,,,,,2.03,3-1,4-3,Green,1.03,17503378
,CLA-UA Argentina Cyber Cup (UA) (2x4 mins),femzzi x FanFan,femzzi,River Plate,FanFan,Boca Juniors,26/08/2026,21:31:07,Total de Gols,Under,6.5,,,,,2.07,3-1,4-3,Red,-1.0,17503378
,CLA-UA Argentina Cyber Cup (UA) (2x4 mins),femzzi x FanFan,femzzi,River Plate,FanFan,Boca Juniors,26/08/2026,21:32:06,Total de Gols,Under,5.5,,,,,2.35,3-1,4-3,Red,-1.0,17503378
, CLA-UA Champions Cyber League (UA) (2x4 mins),simaha x murchik,simaha,Liverpool,murchik,Chelsea,26/08/2026,21:24:06,Total de Gols,Under,7.5,,,,,1.87,0-0,4-5,Red,-1.0,17503239
, CLA-UA Champions Cyber League (UA) (2x4 mins),simaha x murchik,simaha,Liverpool,murchik,Chelsea,26/08/2026,21:25:14,Total de Gols,Under,6.5,,,,,2.07,0-0,4-5,Red,-1.0,17503239
, CLA-UA Champions Cyber League (UA) (2x4 mins),simaha x murchik,simaha,Liverpool,murchik,Chelsea,26/08/2026,21:26:21,Total de Gols,Under,8.5,,,,,1.65,0-1,4-5,Red,-1.0,17503239
, CLA-UA Champions Cyber League (UA) (2x4 mins),simaha x murchik,simaha,Liverpool,murchik,Chelsea,26/08/2026,21:26:50,Total de Gols,Under,9.5,,,,,1.59,1-1,4-5,Green,0.59,17503239
,CLA-UA Argentina Cyber Cup (UA) (2x4 mins),Jur_Kr x djamik,Jur_Kr,Independiente,djamik,Estudiantes L.P.,26/08/2026,21:36:43,Total de Gols,Under,8.5,,,,,1.84,0-0,4-2,Green,0.84,17503217
,CLA-UA Argentina Cyber Cup (UA) (2x4 mins),Jur_Kr x djamik,Jur_Kr,Independiente,djamik,Estudiantes L.P.,26/08/2026,21:39:01,Total de Gols,Under,7.5,,,,,2.03,0-0,4-2,Green,1.03,17503217
,CLA-UA Argentina Cyber Cup (UA) (2x4 mins),Jur_Kr x djamik,Jur_Kr,Independiente,djamik,Estudiantes L.P.,26/08/2026,21:40:26,Total de Gols,Under,6.5,,,,,2.11,0-0,4-2,Green,1.11,17503217
,CLA-UA Argentina Cyber Cup (UA) (2x4 mins),Jur_Kr x djamik,Jur_Kr,Independiente,djamik,Estudiantes L.P.,26/08/2026,21:44:33,Total de Gols,Under,5.5,,,,,2.16,1-1,4-2,Red,-1.0,17503217
,CLA-UA Argentina Cyber Cup (UA) (2x4 mins),Jur_Kr x djamik,Jur_Kr,Independiente,djamik,Estudiantes L.P.,26/08/2026,21:47:22,Total de Gols,Under,4.5,,,,,2.32,2-1,4-2,Red,-1.0,17503217
,CLA-UA Argentina Cyber Cup (UA) (2x4 mins),FanFan x Jur_Kr,FanFan,Boca Juniors,Jur_Kr,Independiente,26/08/2026,21:52:08,Total de Gols,Under,8.5,,,,,1.93,0-0,3-3,Green,0.93,17503381
,CLA-UA Argentina Cyber Cup (UA) (2x4 mins),FanFan x Jur_Kr,FanFan,Boca Juniors,Jur_Kr,Independiente,26/08/2026,21:54:09,Total de Gols,Under,9.5,,,,,1.68,1-0,3-3,Green,0.68,17503381
,CLA-UA Argentina Cyber Cup (UA) (2x4 mins),FanFan x Jur_Kr,FanFan,Boca Juniors,Jur_Kr,Independiente,26/08/2026,21:56:44,Total de Gols,Under,7.5,,,,,2.07,1-1,3-3,Green,1.07,17503381
,CLA-UA Argentina Cyber Cup (UA) (2x4 mins),FanFan x Jur_Kr,FanFan,Boca Juniors,Jur_Kr,Independiente,26/08/2026,21:59:39,Total de Gols,Under,6.5,,,,,2.26,1-3,3-3,Green,1.26,17503381
,CLA-UA Argentina Cyber Cup (UA) (2x4 mins),FanFan x Jur_Kr,FanFan,Boca Juniors,Jur_Kr,Independiente,26/08/2026,22:02:05,Total de Gols,Under,5.5,,,,,2.61,2-3,3-3,Red,-1.0,17503381
, CLA-UA Champions Cyber League (UA) (2x4 mins),murchik x Xellark,murchik,Chelsea,Xellark,Tottenham,26/08/2026,21:52:08,Total de Gols,Under,7.5,,,,,2.07,0-0,4-6,Red,-1.0,17503244
, CLA-UA Champions Cyber League (UA) (2x4 mins),murchik x Xellark,murchik,Chelsea,Xellark,Tottenham,26/08/2026,21:53:28,Total de Gols,Under,8.5,,,,,1.82,0-0,4-6,Red,-1.0,17503244
, CLA-UA Champions Cyber League (UA) (2x4 mins),murchik x Xellark,murchik,Chelsea,Xellark,Tottenham,26/08/2026,21:56:09,Total de Gols,Under,9.5,,,,,1.69,1-2,4-6,Red,-1.0,17503244
, CLA-UA Champions Cyber League (UA) (2x4 mins),murchik x Xellark,murchik,Chelsea,Xellark,Tottenham,26/08/2026,21:56:47,Total de Gols,Under,10.5,,,,,1.57,2-2,4-6,Green,0.57,17503244
, CLA-UA Champions Cyber League (UA) (2x4 mins),murchik x Forzyar,murchik,Chelsea,Forzyar,RB Leipzig,26/08/2026,22:05:40,Total de Gols,Under,7.5,,,,,1.94,0-0,3-6,Red,-1.0,17503390
, CLA-UA Champions Cyber League (UA) (2x4 mins),murchik x Forzyar,murchik,Chelsea,Forzyar,RB Leipzig,26/08/2026,22:06:40,Total de Gols,Under,8.5,,,,,1.89,0-0,3-6,Red,-1.0,17503390
, CLA-UA Champions Cyber League (UA) (2x4 mins),murchik x Forzyar,murchik,Chelsea,Forzyar,RB Leipzig,26/08/2026,22:08:30,Total de Gols,Under,9.5,,,,,1.85,0-2,3-6,Green,0.85,17503390
, CLA-UA Champions Cyber League (UA) (2x4 mins),murchik x Forzyar,murchik,Chelsea,Forzyar,RB Leipzig,26/08/2026,22:09:05,Total de Gols,Under,10.5,,,,,1.65,0-3,3-6,Green,0.65,17503390
,CLA-UA World Cyber Cup (UA) (2x4 mins),Forzyar x Zero,Forzyar,Congo DR,Zero,Portugal,26/08/2026,22:43:03,Total de Gols,Under,6.5,,,,,1.7,0-0,6-3,Red,-1.0,17503272
,CLA-UA World Cyber Cup (UA) (2x4 mins),Forzyar x Zero,Forzyar,Congo DR,Zero,Portugal,26/08/2026,22:44:44,Total de Gols,Under,5.5,,,,,2.12,0-0,6-3,Red,-1.0,17503272
,CLA-UA World Cyber Cup (UA) (2x4 mins),Forzyar x Zero,Forzyar,Congo DR,Zero,Portugal,26/08/2026,22:45:44,Total de Gols,Under,7.5,,,,,1.79,1-0,6-3,Red,-1.0,17503272
,CLA-UA World Cyber Cup (UA) (2x4 mins),Forzyar x Zero,Forzyar,Congo DR,Zero,Portugal,26/08/2026,22:48:17,Total de Gols,Under,8.5,,,,,1.72,3-0,6-3,Red,-1.0,17503272
,CLA-UA World Cyber Cup (UA) (2x4 mins),Forzyar x Zero,Forzyar,Congo DR,Zero,Portugal,26/08/2026,22:48:47,Total de Gols,Under,9.5,,,,,1.59,3-1,6-3,Green,0.59,17503272
,CLA-UA World Cyber Cup (UA) (2x4 mins),Forzyar x Zero,Forzyar,Congo DR,Zero,Portugal,26/08/2026,22:52:49,Total de Gols,Under,10.5,,,,,1.56,4-3,6-3,Green,0.56,17503272
,CLA-UA World Cyber Cup (UA) (2x4 mins),murchik x simaha,murchik,Colombia,simaha,Uzbekistan,26/08/2026,22:44:06,Total de Gols,Under,7.5,,,,,2.07,0-0,5-5,Red,-1.0,17503407
,CLA-UA World Cyber Cup (UA) (2x4 mins),murchik x simaha,murchik,Colombia,simaha,Uzbekistan,26/08/2026,22:45:23,Total de Gols,Under,8.5,,,,,1.95,0-0,5-5,Red,-1.0,17503407
,CLA-UA World Cyber Cup (UA) (2x4 mins),murchik x simaha,murchik,Colombia,simaha,Uzbekistan,26/08/2026,22:48:24,Total de Gols,Under,6.5,,,,,2.08,0-1,5-5,Red,-1.0,17503407
,CLA-UA World Cyber Cup (UA) (2x4 mins),murchik x simaha,murchik,Colombia,simaha,Uzbekistan,26/08/2026,22:51:30,Total de Gols,Under,9.5,,,,,1.57,3-1,5-5,Red,-1.0,17503407
,CLA-UA World Cyber Cup (UA) (2x4 mins),murchik x simaha,murchik,Colombia,simaha,Uzbekistan,26/08/2026,22:54:31,Total de Gols,Under,10.5,,,,,1.94,4-4,5-5,Green,0.94,17503407
,CLA-UA World Cyber Cup (UA) (2x4 mins),murchik x simaha,murchik,Colombia,simaha,Uzbekistan,26/08/2026,22:54:49,Total de Gols,Under,11.5,,,,,1.39,5-4,5-5,Green,0.39,17503407
, CLA-UA Spain Cyber Cup (UA) (2x4 mins),djamik x Jur_Kr,djamik,Villarreal,Jur_Kr,Levante,26/08/2026,22:57:11,Total de Gols,Under,8.5,,,,,1.84,0-0,7-3,Red,-1.0,17503260
, CLA-UA Spain Cyber Cup (UA) (2x4 mins),djamik x Jur_Kr,djamik,Villarreal,Jur_Kr,Levante,26/08/2026,22:59:11,Total de Gols,Under,7.5,,,,,2.03,0-0,7-3,Red,-1.0,17503260
, CLA-UA Spain Cyber Cup (UA) (2x4 mins),djamik x Jur_Kr,djamik,Villarreal,Jur_Kr,Levante,26/08/2026,23:03:09,Total de Gols,Under,9.5,,,,,1.62,3-0,7-3,Red,-1.0,17503260
, CLA-UA Spain Cyber Cup (UA) (2x4 mins),djamik x Jur_Kr,djamik,Villarreal,Jur_Kr,Levante,26/08/2026,23:03:44,Total de Gols,Under,10.5,,,,,2.07,4-1,7-3,Green,1.07,17503260
, CLA-UA Spain Cyber Cup (UA) (2x4 mins),djamik x Jur_Kr,djamik,Villarreal,Jur_Kr,Levante,26/08/2026,23:06:49,Total de Gols,Under,11.5,,,,,1.71,6-2,7-3,Green,0.71,17503260
, CLA-UA Spain Cyber Cup (UA) (2x4 mins),djamik x Jur_Kr,djamik,Villarreal,Jur_Kr,Levante,26/08/2026,23:07:06,Total de Gols,Under,12.5,,,,,1.5,6-3,7-3,Green,0.5,17503260
,CLA-UA World Cyber Cup (UA) (2x4 mins),Xellark x murchik,Xellark,Finland,murchik,Colombia,26/08/2026,23:12:08,Total de Gols,Under,8.5,,,,,1.73,0-0,4-6,Red,-1.0,17503275
,CLA-UA World Cyber Cup (UA) (2x4 mins),Xellark x murchik,Xellark,Finland,murchik,Colombia,26/08/2026,23:12:40,Total de Gols,Under,9.5,,,,,1.65,0-0,4-6,Red,-1.0,17503275
,CLA-UA World Cyber Cup (UA) (2x4 mins),Xellark x murchik,Xellark,Finland,murchik,Colombia,26/08/2026,23:15:17,Total de Gols,Under,10.5,,,,,1.68,1-2,4-6,Green,0.68,17503275
,CLA-UA World Cyber Cup (UA) (2x4 mins),Xellark x murchik,Xellark,Finland,murchik,Colombia,26/08/2026,23:15:34,Total de Gols,Under,11.5,,,,,1.73,2-2,4-6,Green,0.73,17503275
, CLA-UA Spain Cyber Cup (UA) (2x4 mins),Jur_Kr x FanFan,Jur_Kr,Levante,FanFan,Valencia,26/08/2026,23:12:08,Total de Gols,Under,8.5,,,,,1.97,0-0,6-5,Red,-1.0,17503396
, CLA-UA Spain Cyber Cup (UA) (2x4 mins),Jur_Kr x FanFan,Jur_Kr,Levante,FanFan,Valencia,26/08/2026,23:12:40,Total de Gols,Under,9.5,,,,,1.85,0-0,6-5,Red,-1.0,17503396
, CLA-UA Spain Cyber Cup (UA) (2x4 mins),Jur_Kr x FanFan,Jur_Kr,Levante,FanFan,Valencia,26/08/2026,23:18:37,Total de Gols,Under,7.5,,,,,2.26,4-1,6-5,Red,-1.0,17503396
, CLA-UA Spain Cyber Cup (UA) (2x4 mins),Jur_Kr x FanFan,Jur_Kr,Levante,FanFan,Valencia,26/08/2026,23:20:37,Total de Gols,Under,10.5,,,,,1.85,5-3,6-5,Red,-1.0,17503396
, CLA-UA Spain Cyber Cup (UA) (2x4 mins),Jur_Kr x FanFan,Jur_Kr,Levante,FanFan,Valencia,26/08/2026,23:21:32,Total de Gols,Under,11.5,,,,,1.51,6-3,6-5,Green,0.51,17503396
,CLA-UA World Cyber Cup (UA) (2x4 mins),Forzyar x simaha,Forzyar,Congo DR,simaha,Uzbekistan,26/08/2026,23:11:52,Total de Gols,Under,7.5,,,,,1.84,0-0,6-3,Red,-1.0,17503409
,CLA-UA World Cyber Cup (UA) (2x4 mins),Forzyar x simaha,Forzyar,Congo DR,simaha,Uzbekistan,26/08/2026,23:12:42,Total de Gols,Under,8.5,,,,,1.69,0-0,6-3,Red,-1.0,17503409
,CLA-UA World Cyber Cup (UA) (2x4 mins),Forzyar x simaha,Forzyar,Congo DR,simaha,Uzbekistan,26/08/2026,23:13:52,Total de Gols,Under,9.5,,,,,1.84,1-1,6-3,Green,0.84,17503409
,CLA-UA World Cyber Cup (UA) (2x4 mins),Xellark x Zero,Xellark,Finland,Zero,Portugal,26/08/2026,23:26:07,Total de Gols,Under,6.5,,,,,2.03,0-0,7-2,Red,-1.0,17503277
,CLA-UA World Cyber Cup (UA) (2x4 mins),Xellark x Zero,Xellark,Finland,Zero,Portugal,26/08/2026,23:27:39,Total de Gols,Under,5.5,,,,,2.12,0-0,7-2,Red,-1.0,17503277
,CLA-UA World Cyber Cup (UA) (2x4 mins),Xellark x Zero,Xellark,Finland,Zero,Portugal,26/08/2026,23:28:25,Total de Gols,Under,7.5,,,,,1.91,1-0,7-2,Red,-1.0,17503277
,CLA-UA World Cyber Cup (UA) (2x4 mins),Xellark x Zero,Xellark,Finland,Zero,Portugal,26/08/2026,23:29:24,Total de Gols,Under,8.5,,,,,1.65,2-0,7-2,Red,-1.0,17503277
,CLA-UA World Cyber Cup (UA) (2x4 mins),Xellark x Zero,Xellark,Finland,Zero,Portugal,26/08/2026,23:29:40,Total de Gols,Under,9.5,,,,,1.59,3-0,7-2,Green,0.59,17503277
,CLA-UA World Cyber Cup (UA) (2x4 mins),Xellark x Zero,Xellark,Finland,Zero,Portugal,26/08/2026,23:30:45,Total de Gols,Under,10.5,,,,,1.86,4-1,7-2,Green,0.86,17503277
,CLA-UA World Cyber Cup (UA) (2x4 mins),Xellark x Zero,Xellark,Finland,Zero,Portugal,26/08/2026,23:31:18,Total de Gols,Under,11.5,,,,,1.66,5-1,7-2,Green,0.66,17503277
, CLA-UA Spain Cyber Cup (UA) (2x4 mins),luxiqq x FanFan,luxiqq,Celta Vigo,FanFan,Valencia,26/08/2026,23:39:03,Total de Gols,Under,7.5,,,,,1.83,0-0,7-4,Red,-1.0,17503399
, CLA-UA Spain Cyber Cup (UA) (2x4 mins),luxiqq x FanFan,luxiqq,Celta Vigo,FanFan,Valencia,26/08/2026,23:41:13,Total de Gols,Under,8.5,,,,,1.73,0-0,7-4,Red,-1.0,17503399
, CLA-UA Spain Cyber Cup (UA) (2x4 mins),luxiqq x FanFan,luxiqq,Celta Vigo,FanFan,Valencia,26/08/2026,23:41:33,Total de Gols,Under,9.5,,,,,1.63,1-0,7-4,Red,-1.0,17503399
, CLA-UA Spain Cyber Cup (UA) (2x4 mins),luxiqq x FanFan,luxiqq,Celta Vigo,FanFan,Valencia,26/08/2026,23:42:42,Total de Gols,Under,10.5,,,,,1.74,2-1,7-4,Red,-1.0,17503399
, CLA-UA Spain Cyber Cup (UA) (2x4 mins),luxiqq x FanFan,luxiqq,Celta Vigo,FanFan,Valencia,26/08/2026,23:47:22,Total de Gols,Under,11.5,,,,,1.54,5-2,7-4,Green,0.54,17503399
, CLA-UA Spain Cyber Cup (UA) (2x4 mins),luxiqq x FanFan,luxiqq,Celta Vigo,FanFan,Valencia,26/08/2026,23:48:17,Total de Gols,Under,12.5,,,,,1.73,6-3,7-4,Green,0.73,17503399
,CLA-UA World Cyber Cup (UA) (2x4 mins),Xellark x simaha,Xellark,Finland,simaha,Uzbekistan,26/08/2026,23:40:02,Total de Gols,Under,7.5,,,,,1.61,0-0,5-2,Green,0.61,17503410
,CLA-UA World Cyber Cup (UA) (2x4 mins),Xellark x simaha,Xellark,Finland,simaha,Uzbekistan,26/08/2026,23:40:19,Total de Gols,Under,6.5,,,,,2.03,0-0,5-2,Red,-1.0,17503410
,CLA-UA World Cyber Cup (UA) (2x4 mins),Xellark x simaha,Xellark,Finland,simaha,Uzbekistan,26/08/2026,23:41:31,Total de Gols,Under,8.5,,,,,1.7,1-0,5-2,Green,0.7,17503410
,CLA-UA World Cyber Cup (UA) (2x4 mins),Xellark x simaha,Xellark,Finland,simaha,Uzbekistan,26/08/2026,23:43:39,Total de Gols,Under,9.5,,,,,1.72,2-1,5-2,Green,0.72,17503410
,CLA-UA World Cyber Cup (UA) (2x4 mins),Xellark x simaha,Xellark,Finland,simaha,Uzbekistan,26/08/2026,23:44:08,Total de Gols,Under,10.5,,,,,1.62,3-1,5-2,Green,0.62,17503410
,CLA-UA World Cyber Cup (UA) (2x4 mins),Xellark x Forzyar,Xellark,Finland,Forzyar,Congo DR,27/08/2026,00:08:19,Total de Gols,Under,5.5,,,,,2.02,0-0,5-8,Red,-1.0,17503285
,CLA-UA World Cyber Cup (UA) (2x4 mins),Xellark x Forzyar,Xellark,Finland,Forzyar,Congo DR,27/08/2026,00:08:44,Total de Gols,Under,6.5,,,,,1.86,0-0,5-8,Red,-1.0,17503285
,CLA-UA World Cyber Cup (UA) (2x4 mins),Xellark x Forzyar,Xellark,Finland,Forzyar,Congo DR,27/08/2026,00:09:54,Total de Gols,Under,7.5,,,,,1.65,1-0,5-8,Red,-1.0,17503285
,CLA-UA World Cyber Cup (UA) (2x4 mins),Xellark x Forzyar,Xellark,Finland,Forzyar,Congo DR,27/08/2026,00:10:22,Total de Gols,Under,8.5,,,,,1.62,1-1,5-8,Red,-1.0,17503285
,CLA-UA World Cyber Cup (UA) (2x4 mins),Xellark x Forzyar,Xellark,Finland,Forzyar,Congo DR,27/08/2026,00:11:26,Total de Gols,Under,9.5,,,,,1.85,1-3,5-8,Red,-1.0,17503285
,CLA-UA World Cyber Cup (UA) (2x4 mins),Xellark x Forzyar,Xellark,Finland,Forzyar,Congo DR,27/08/2026,00:11:43,Total de Gols,Under,10.5,,,,,1.79,1-4,5-8,Red,-1.0,17503285
,CLA-UA World Cyber Cup (UA) (2x4 mins),Xellark x Forzyar,Xellark,Finland,Forzyar,Congo DR,27/08/2026,00:12:01,Total de Gols,Under,11.5,,,,,1.69,2-4,5-8,Red,-1.0,17503285
,CLA-UA World Cyber Cup (UA) (2x4 mins),Xellark x Forzyar,Xellark,Finland,Forzyar,Congo DR,27/08/2026,00:13:19,Total de Gols,Under,12.5,,,,,1.69,2-6,5-8,Red,-1.0,17503285
,CLA-UA World Cyber Cup (UA) (2x4 mins),Xellark x Forzyar,Xellark,Finland,Forzyar,Congo DR,27/08/2026,00:15:26,Total de Gols,Under,13.5,,,,,1.69,3-7,5-8,Green,0.69,17503285
,CLA-UA World Cyber Cup (UA) (2x4 mins),Xellark x Forzyar,Xellark,Finland,Forzyar,Congo DR,27/08/2026,00:17:44,Total de Gols,Under,14.5,,,,,1.46,4-8,5-8,Green,0.46,17503285
, CLA-UA Spain Cyber Cup (UA) (2x4 mins),Jur_Kr x djamik,Jur_Kr,Levante,djamik,Villarreal,27/08/2026,00:06:47,Total de Gols,Under,9.5,,,,,1.65,0-0,5-7,Red,-1.0,17503269
, CLA-UA Spain Cyber Cup (UA) (2x4 mins),Jur_Kr x djamik,Jur_Kr,Levante,djamik,Villarreal,27/08/2026,00:08:52,Total de Gols,Under,8.5,,,,,2.01,0-0,5-7,Red,-1.0,17503269
, CLA-UA Spain Cyber Cup (UA) (2x4 mins),Jur_Kr x djamik,Jur_Kr,Levante,djamik,Villarreal,27/08/2026,00:10:53,Total de Gols,Under,10.5,,,,,1.75,1-1,5-7,Red,-1.0,17503269
, CLA-UA Spain Cyber Cup (UA) (2x4 mins),Jur_Kr x djamik,Jur_Kr,Levante,djamik,Villarreal,27/08/2026,00:11:17,Total de Gols,Under,11.5,,,,,1.62,1-2,5-7,Red,-1.0,17503269
, CLA-UA Spain Cyber Cup (UA) (2x4 mins),Jur_Kr x djamik,Jur_Kr,Levante,djamik,Villarreal,27/08/2026,00:13:47,Total de Gols,Under,12.5,,,,,1.63,2-4,5-7,Green,0.63,17503269
, CLA-UA Spain Cyber Cup (UA) (2x4 mins),Jur_Kr x djamik,Jur_Kr,Levante,djamik,Villarreal,27/08/2026,00:15:24,Total de Gols,Under,13.5,,,,,1.73,4-4,5-7,Green,0.73,17503269
, CLA-UA Spain Cyber Cup (UA) (2x4 mins),Jur_Kr x djamik,Jur_Kr,Levante,djamik,Villarreal,27/08/2026,00:15:48,Total de Gols,Under,14.5,,,,,1.56,4-5,5-7,Green,0.56,17503269
, CLA-UA Spain Cyber Cup (UA) (2x4 mins),Jur_Kr x djamik,Jur_Kr,Levante,djamik,Villarreal,27/08/2026,00:16:56,Total de Gols,Under,15.5,,,,,1.54,5-6,5-7,Green,0.54,17503269
,CLA-UA World Cyber Cup (UA) (2x4 mins),Zero x Xellark,Zero,Portugal,Xellark,Finland,27/08/2026,00:36:10,Total de Gols,Under,7.5,,,,,1.73,0-0,1-3,Green,0.73,17503303
,CLA-UA World Cyber Cup (UA) (2x4 mins),Zero x Xellark,Zero,Portugal,Xellark,Finland,27/08/2026,00:36:42,Total de Gols,Under,6.5,,,,,2.08,0-0,1-3,Green,1.08,17503303
,CLA-UA World Cyber Cup (UA) (2x4 mins),Zero x Xellark,Zero,Portugal,Xellark,Finland,27/08/2026,00:38:14,Total de Gols,Under,5.5,,,,,2.12,0-0,1-3,Green,1.12,17503303
,CLA-UA World Cyber Cup (UA) (2x4 mins),Zero x Xellark,Zero,Portugal,Xellark,Finland,27/08/2026,00:39:56,Total de Gols,Under,4.5,,,,,2.07,0-0,1-3,Green,1.07,17503303
, CLA-UA Spain Cyber Cup (UA) (2x4 mins),FanFan x djamik,FanFan,Valencia,djamik,Villarreal,27/08/2026,00:35:12,Total de Gols,Under,7.5,,,,,1.98,0-0,3-3,Green,0.98,17503404
, CLA-UA Spain Cyber Cup (UA) (2x4 mins),FanFan x djamik,FanFan,Valencia,djamik,Villarreal,27/08/2026,00:37:43,Total de Gols,Under,8.5,,,,,1.62,0-0,3-3,Green,0.62,17503404
, CLA-UA Spain Cyber Cup (UA) (2x4 mins),FanFan x djamik,FanFan,Valencia,djamik,Villarreal,27/08/2026,00:41:34,Total de Gols,Under,6.5,,,,,2.22,1-2,3-3,Green,1.22,17503404
, CLA-UA Spain Cyber Cup (UA) (2x4 mins),FanFan x djamik,FanFan,Valencia,djamik,Villarreal,27/08/2026,00:44:26,Total de Gols,Under,5.5,,,,,2.36,2-2,3-3,Red,-1.0,17503404
, CLA-UA Champions Cyber League (UA) (2x4 mins),FanFan x luxiqq,FanFan,Aston Villa,luxiqq,Benfica,27/08/2026,00:59:15,Total de Gols,Under,7.5,,,,,1.74,0-0,1-3,Green,0.74,17503414
, CLA-UA Champions Cyber League (UA) (2x4 mins),FanFan x luxiqq,FanFan,Aston Villa,luxiqq,Benfica,27/08/2026,01:01:33,Total de Gols,Under,6.5,,,,,2.06,0-0,1-3,Green,1.06,17503414
, CLA-UA Champions Cyber League (UA) (2x4 mins),FanFan x luxiqq,FanFan,Aston Villa,luxiqq,Benfica,27/08/2026,01:06:44,Total de Gols,Under,5.5,,,,,1.97,0-2,1-3,Green,0.97,17503414
, CLA-UA Champions Cyber League (UA) (2x4 mins),FanFan x luxiqq,FanFan,Aston Villa,luxiqq,Benfica,27/08/2026,01:08:04,Total de Gols,Under,4.5,,,,,2.21,0-2,1-3,Green,1.21,17503414
, CLA-UA Champions Cyber League (UA) (2x4 mins),FanFan x luxiqq,FanFan,Aston Villa,luxiqq,Benfica,27/08/2026,01:09:26,Total de Gols,Under,3.5,,,,,2.36,0-2,1-3,Red,-1.0,17503414
, CLA-UA France Cyber Cup (UA) (2x4 mins),Forzyar x Xellark,Forzyar,Toulouse FC,Xellark,Nice,27/08/2026,01:27:34,Total de Gols,Under,6.5,,,,,1.7,0-0,2-1,Green,0.7,17503429
, CLA-UA Champions Cyber League (UA) (2x4 mins),Jur_Kr x FanFan,Jur_Kr,Napoli,FanFan,Aston Villa,27/08/2026,01:42:10,Total de Gols,Under,8.5,,,,,2.03,0-0,5-1,Green,1.03,17503418
, CLA-UA Champions Cyber League (UA) (2x4 mins),Jur_Kr x FanFan,Jur_Kr,Napoli,FanFan,Aston Villa,27/08/2026,01:43:49,Total de Gols,Under,7.5,,,,,2.07,0-0,5-1,Green,1.07,17503418
, CLA-UA Champions Cyber League (UA) (2x4 mins),Jur_Kr x FanFan,Jur_Kr,Napoli,FanFan,Aston Villa,27/08/2026,01:44:36,Total de Gols,Under,9.5,,,,,1.76,1-0,5-1,Green,0.76,17503418
, CLA-UA Champions Cyber League (UA) (2x4 mins),Jur_Kr x FanFan,Jur_Kr,Napoli,FanFan,Aston Villa,27/08/2026,01:47:23,Total de Gols,Under,10.5,,,,,1.62,3-1,5-1,Green,0.62,17503418
, CLA-UA Champions Cyber League (UA) (2x4 mins),Jur_Kr x FanFan,Jur_Kr,Napoli,FanFan,Aston Villa,27/08/2026,01:50:51,Total de Gols,Under,6.5,,,,,2.26,4-1,5-1,Green,1.26,17503418
, CLA-UA Champions Cyber League (UA) (2x4 mins),djamik x FanFan,djamik,Porto,FanFan,Aston Villa,27/08/2026,01:54:00,Total de Gols,Under,7.5,,,,,1.83,0-0,5-2,Green,0.83,17503421
, CLA-UA Champions Cyber League (UA) (2x4 mins),djamik x FanFan,djamik,Porto,FanFan,Aston Villa,27/08/2026,01:56:59,Total de Gols,Under,6.5,,,,,2.11,0-0,5-2,Red,-1.0,17503421
, CLA-UA Champions Cyber League (UA) (2x4 mins),djamik x FanFan,djamik,Porto,FanFan,Aston Villa,27/08/2026,01:58:06,Total de Gols,Under,8.5,,,,,1.76,1-0,5-2,Green,0.76,17503421
, CLA-UA Champions Cyber League (UA) (2x4 mins),djamik x FanFan,djamik,Porto,FanFan,Aston Villa,27/08/2026,01:59:17,Total de Gols,Under,9.5,,,,,1.84,2-1,5-2,Green,0.84,17503421
, CLA-UA Champions Cyber League (UA) (2x4 mins),djamik x FanFan,djamik,Porto,FanFan,Aston Villa,27/08/2026,01:59:57,Total de Gols,Under,10.5,,,,,1.62,3-1,5-2,Green,0.62,17503421
, CLA-UA France Cyber Cup (UA) (2x4 mins),Xellark x Zero,Xellark,Nice,Zero,Lyon,27/08/2026,01:56:28,Total de Gols,Under,7.5,,,,,1.61,0-0,6-4,Red,-1.0,17503332
, CLA-UA France Cyber Cup (UA) (2x4 mins),Xellark x Zero,Xellark,Nice,Zero,Lyon,27/08/2026,01:56:41,Total de Gols,Under,6.5,,,,,2.03,0-0,6-4,Red,-1.0,17503332
, CLA-UA France Cyber Cup (UA) (2x4 mins),Xellark x Zero,Xellark,Nice,Zero,Lyon,27/08/2026,01:58:11,Total de Gols,Under,5.5,,,,,2.08,0-0,6-4,Red,-1.0,17503332
, CLA-UA France Cyber Cup (UA) (2x4 mins),Xellark x Zero,Xellark,Nice,Zero,Lyon,27/08/2026,02:01:24,Total de Gols,Under,8.5,,,,,1.61,2-1,6-4,Red,-1.0,17503332
, CLA-UA France Cyber Cup (UA) (2x4 mins),Xellark x Zero,Xellark,Nice,Zero,Lyon,27/08/2026,02:02:47,Total de Gols,Under,9.5,,,,,1.71,3-2,6-4,Red,-1.0,17503332
, CLA-UA France Cyber Cup (UA) (2x4 mins),Xellark x Zero,Xellark,Nice,Zero,Lyon,27/08/2026,02:03:01,Total de Gols,Under,10.5,,,,,1.59,4-2,6-4,Green,0.59,17503332
, CLA-UA France Cyber Cup (UA) (2x4 mins),Forzyar x murchik,Forzyar,Toulouse FC,murchik,AJ Auxerre,27/08/2026,01:58:29,Total de Gols,Under,8.5,,,,,1.68,0-1,2-5,Green,0.68,17503434
, CLA-UA France Cyber Cup (UA) (2x4 mins),Forzyar x murchik,Forzyar,Toulouse FC,murchik,AJ Auxerre,27/08/2026,01:58:43,Total de Gols,Under,7.5,,,,,2.02,0-1,2-5,Green,1.02,17503434
, CLA-UA Champions Cyber League (UA) (2x4 mins),luxiqq x FanFan,luxiqq,Benfica,FanFan,Aston Villa,27/08/2026,02:08:52,Total de Gols,Under,7.5,,,,,1.78,0-0,5-5,Red,-1.0,17503420
, CLA-UA Champions Cyber League (UA) (2x4 mins),luxiqq x FanFan,luxiqq,Benfica,FanFan,Aston Villa,27/08/2026,02:10:51,Total de Gols,Under,6.5,,,,,2.12,0-0,5-5,Red,-1.0,17503420
, CLA-UA Champions Cyber League (UA) (2x4 mins),luxiqq x FanFan,luxiqq,Benfica,FanFan,Aston Villa,27/08/2026,02:11:49,Total de Gols,Under,8.5,,,,,1.81,1-0,5-5,Red,-1.0,17503420
, CLA-UA Champions Cyber League (UA) (2x4 mins),luxiqq x FanFan,luxiqq,Benfica,FanFan,Aston Villa,27/08/2026,02:13:16,Total de Gols,Under,9.5,,,,,1.81,2-1,5-5,Red,-1.0,17503420
, CLA-UA Champions Cyber League (UA) (2x4 mins),luxiqq x FanFan,luxiqq,Benfica,FanFan,Aston Villa,27/08/2026,02:13:33,Total de Gols,Under,10.5,,,,,1.75,2-2,5-5,Green,0.75,17503420
, CLA-UA Champions Cyber League (UA) (2x4 mins),Jur_Kr x femzzi,Jur_Kr,Napoli,femzzi,Fenerbahce,27/08/2026,02:10:11,Total de Gols,Under,8.5,,,,,2.03,0-0,7-8,Red,-1.0,17503419
, CLA-UA Champions Cyber League (UA) (2x4 mins),Jur_Kr x femzzi,Jur_Kr,Napoli,femzzi,Fenerbahce,27/08/2026,02:10:51,Total de Gols,Under,9.5,,,,,1.81,0-0,7-8,Red,-1.0,17503419
, CLA-UA Champions Cyber League (UA) (2x4 mins),Jur_Kr x femzzi,Jur_Kr,Napoli,femzzi,Fenerbahce,27/08/2026,02:11:13,Total de Gols,Under,10.5,,,,,1.69,1-0,7-8,Red,-1.0,17503419
, CLA-UA Champions Cyber League (UA) (2x4 mins),Jur_Kr x femzzi,Jur_Kr,Napoli,femzzi,Fenerbahce,27/08/2026,02:12:30,Total de Gols,Under,11.5,,,,,1.68,3-0,7-8,Red,-1.0,17503419
, CLA-UA Champions Cyber League (UA) (2x4 mins),Jur_Kr x femzzi,Jur_Kr,Napoli,femzzi,Fenerbahce,27/08/2026,02:16:10,Total de Gols,Under,12.5,,,,,1.97,6-1,7-8,Red,-1.0,17503419
, CLA-UA Champions Cyber League (UA) (2x4 mins),Jur_Kr x femzzi,Jur_Kr,Napoli,femzzi,Fenerbahce,27/08/2026,02:16:54,Total de Gols,Under,13.5,,,,,1.93,6-3,7-8,Red,-1.0,17503419
, CLA-UA Champions Cyber League (UA) (2x4 mins),Jur_Kr x femzzi,Jur_Kr,Napoli,femzzi,Fenerbahce,27/08/2026,02:18:35,Total de Gols,Under,14.5,,,,,1.62,7-4,7-8,Red,-1.0,17503419
, CLA-UA Champions Cyber League (UA) (2x4 mins),Jur_Kr x femzzi,Jur_Kr,Napoli,femzzi,Fenerbahce,27/08/2026,02:19:50,Total de Gols,Under,15.5,,,,,1.68,7-6,7-8,Green,0.68,17503419
, CLA-UA France Cyber Cup (UA) (2x4 mins),Xellark x simaha,Xellark,Nice,simaha,Strasbourg,27/08/2026,02:10:08,Total de Gols,Under,7.5,,,,,1.69,0-0,6-3,Red,-1.0,17503330
, CLA-UA France Cyber Cup (UA) (2x4 mins),Xellark x simaha,Xellark,Nice,simaha,Strasbourg,27/08/2026,02:11:05,Total de Gols,Under,6.5,,,,,2.08,0-0,6-3,Red,-1.0,17503330
, CLA-UA France Cyber Cup (UA) (2x4 mins),Xellark x simaha,Xellark,Nice,simaha,Strasbourg,27/08/2026,02:13:27,Total de Gols,Under,8.5,,,,,1.97,1-1,6-3,Red,-1.0,17503330
, CLA-UA France Cyber Cup (UA) (2x4 mins),Xellark x simaha,Xellark,Nice,simaha,Strasbourg,27/08/2026,02:13:48,Total de Gols,Under,9.5,,,,,1.84,2-1,6-3,Green,0.84,17503330
, CLA-UA France Cyber Cup (UA) (2x4 mins),Xellark x simaha,Xellark,Nice,simaha,Strasbourg,27/08/2026,02:18:31,Total de Gols,Under,10.5,,,,,1.57,3-3,6-3,Green,0.57,17503330
, CLA-UA Champions Cyber League (UA) (2x4 mins),luxiqq x djamik,luxiqq,Benfica,djamik,Porto,27/08/2026,02:23:35,Total de Gols,Under,7.5,,,,,1.88,0-0,3-6,Red,-1.0,17503307
, CLA-UA Champions Cyber League (UA) (2x4 mins),luxiqq x djamik,luxiqq,Benfica,djamik,Porto,27/08/2026,02:24:37,Total de Gols,Under,8.5,,,,,1.75,0-0,3-6,Red,-1.0,17503307
, CLA-UA Champions Cyber League (UA) (2x4 mins),luxiqq x djamik,luxiqq,Benfica,djamik,Porto,27/08/2026,02:26:57,Total de Gols,Under,9.5,,,,,1.62,0-2,3-6,Green,0.62,17503307
, CLA-UA Champions Cyber League (UA) (2x4 mins),luxiqq x djamik,luxiqq,Benfica,djamik,Porto,27/08/2026,02:28:22,Total de Gols,Under,10.5,,,,,1.6,1-3,3-6,Green,0.6,17503307
, CLA-UA Champions Cyber League (UA) (2x4 mins),luxiqq x djamik,luxiqq,Benfica,djamik,Porto,27/08/2026,02:31:27,Total de Gols,Under,11.5,,,,,1.7,2-5,3-6,Green,0.7,17503307
, CLA-UA France Cyber Cup (UA) (2x4 mins),Zero x Forzyar,Zero,Lyon,Forzyar,Toulouse FC,27/08/2026,02:22:39,Total de Gols,Under,6.5,,,,,2.02,0-0,2-3,Green,1.02,17503432
, CLA-UA France Cyber Cup (UA) (2x4 mins),Zero x Forzyar,Zero,Lyon,Forzyar,Toulouse FC,27/08/2026,02:25:53,Total de Gols,Under,5.5,,,,,2.07,0-0,2-3,Green,1.07,17503432
, CLA-UA France Cyber Cup (UA) (2x4 mins),Zero x Forzyar,Zero,Lyon,Forzyar,Toulouse FC,27/08/2026,02:30:23,Total de Gols,Under,7.5,,,,,1.6,1-1,2-3,Green,0.6,17503432
, CLA-UA France Cyber Cup (UA) (2x4 mins),simaha x murchik,simaha,Strasbourg,murchik,AJ Auxerre,27/08/2026,02:24:10,Total de Gols,Under,7.5,,,,,1.92,0-0,5-4,Red,-1.0,17503334
, CLA-UA France Cyber Cup (UA) (2x4 mins),simaha x murchik,simaha,Strasbourg,murchik,AJ Auxerre,27/08/2026,02:25:03,Total de Gols,Under,8.5,,,,,1.76,0-0,5-4,Red,-1.0,17503334
, CLA-UA France Cyber Cup (UA) (2x4 mins),simaha x murchik,simaha,Strasbourg,murchik,AJ Auxerre,27/08/2026,02:25:37,Total de Gols,Under,9.5,,,,,1.62,0-1,5-4,Green,0.62,17503334
, CLA-UA France Cyber Cup (UA) (2x4 mins),simaha x murchik,simaha,Strasbourg,murchik,AJ Auxerre,27/08/2026,02:28:33,Total de Gols,Under,10.5,,,,,1.8,2-2,5-4,Green,0.8,17503334
, CLA-UA France Cyber Cup (UA) (2x4 mins),simaha x murchik,simaha,Strasbourg,murchik,AJ Auxerre,27/08/2026,02:29:03,Total de Gols,Under,11.5,,,,,1.65,3-2,5-4,Green,0.65,17503334
, CLA-UA France Cyber Cup (UA) (2x4 mins),simaha x Zero,simaha,Strasbourg,Zero,Lyon,27/08/2026,02:38:11,Total de Gols,Under,5.5,,,,,2.07,0-0,1-2,Green,1.07,17503329
, CLA-UA France Cyber Cup (UA) (2x4 mins),simaha x Zero,simaha,Strasbourg,Zero,Lyon,27/08/2026,02:40:06,Total de Gols,Under,6.5,,,,,1.59,0-0,1-2,Green,0.59,17503329
, CLA-UA France Cyber Cup (UA) (2x4 mins),simaha x Zero,simaha,Strasbourg,Zero,Lyon,27/08/2026,02:41:49,Total de Gols,Under,4.5,,,,,2.17,0-1,1-2,Green,1.17,17503329
, CLA-UA France Cyber Cup (UA) (2x4 mins),simaha x Zero,simaha,Strasbourg,Zero,Lyon,27/08/2026,02:47:41,Total de Gols,Under,3.5,,,,,2.72,1-2,1-2,Green,1.72,17503329
, CLA-UA Champions Cyber League (UA) (2x4 mins),femzzi x luxiqq,femzzi,Fenerbahce,luxiqq,Benfica,27/08/2026,02:38:08,Total de Gols,Under,8.5,,,,,1.7,0-0,5-3,Green,0.7,17503423
, CLA-UA Champions Cyber League (UA) (2x4 mins),femzzi x luxiqq,femzzi,Fenerbahce,luxiqq,Benfica,27/08/2026,02:38:44,Total de Gols,Under,7.5,,,,,2.07,0-0,5-3,Red,-1.0,17503423
, CLA-UA Champions Cyber League (UA) (2x4 mins),femzzi x luxiqq,femzzi,Fenerbahce,luxiqq,Benfica,27/08/2026,02:39:04,Total de Gols,Under,9.5,,,,,1.95,1-0,5-3,Green,0.95,17503423
, CLA-UA Champions Cyber League (UA) (2x4 mins),femzzi x luxiqq,femzzi,Fenerbahce,luxiqq,Benfica,27/08/2026,02:48:45,Total de Gols,Under,6.5,,,,,2.61,3-3,5-3,Red,-1.0,17503423
, CLA-UA Champions Cyber League (UA) (2x4 mins),FanFan x Jur_Kr,FanFan,Aston Villa,Jur_Kr,Napoli,27/08/2026,02:52:10,Total de Gols,Under,9.5,,,,,1.75,0-0,1-4,Green,0.75,17503426
, CLA-UA Champions Cyber League (UA) (2x4 mins),FanFan x Jur_Kr,FanFan,Aston Villa,Jur_Kr,Napoli,27/08/2026,02:52:58,Total de Gols,Under,8.5,,,,,2.02,0-0,1-4,Green,1.02,17503426
, CLA-UA Champions Cyber League (UA) (2x4 mins),FanFan x Jur_Kr,FanFan,Aston Villa,Jur_Kr,Napoli,27/08/2026,02:54:05,Total de Gols,Under,7.5,,,,,2.06,0-0,1-4,Green,1.06,17503426
, CLA-UA Champions Cyber League (UA) (2x4 mins),FanFan x Jur_Kr,FanFan,Aston Villa,Jur_Kr,Napoli,27/08/2026,02:55:14,Total de Gols,Under,6.5,,,,,2.07,0-0,1-4,Green,1.07,17503426
, CLA-UA Champions Cyber League (UA) (2x4 mins),FanFan x Jur_Kr,FanFan,Aston Villa,Jur_Kr,Napoli,27/08/2026,02:55:59,Total de Gols,Under,5.5,,,,,2.12,0-0,1-4,Green,1.12,17503426
, CLA-UA Champions Cyber League (UA) (2x4 mins),FanFan x Jur_Kr,FanFan,Aston Villa,Jur_Kr,Napoli,27/08/2026,02:56:54,Total de Gols,Under,4.5,,,,,2.12,0-0,1-4,Red,-1.0,17503426
, CLA-UA Champions Cyber League (UA) (2x4 mins),FanFan x Jur_Kr,FanFan,Aston Villa,Jur_Kr,Napoli,27/08/2026,02:57:44,Total de Gols,Under,3.5,,,,,2.17,0-0,1-4,Red,-1.0,17503426
, CLA-UA France Cyber Cup (UA) (2x4 mins),simaha x Forzyar,simaha,Strasbourg,Forzyar,Toulouse FC,27/08/2026,02:52:23,Total de Gols,Under,6.5,,,,,1.75,0-0,0-3,Green,0.75,17503433
, CLA-UA France Cyber Cup (UA) (2x4 mins),simaha x Forzyar,simaha,Strasbourg,Forzyar,Toulouse FC,27/08/2026,02:52:30,Total de Gols,Under,7.5,,,,,1.69,0-0,0-3,Green,0.69,17503433
, CLA-UA France Cyber Cup (UA) (2x4 mins),simaha x Forzyar,simaha,Strasbourg,Forzyar,Toulouse FC,27/08/2026,02:55:00,Total de Gols,Under,5.5,,,,,2.07,0-0,0-3,Green,1.07,17503433
, CLA-UA France Cyber Cup (UA) (2x4 mins),simaha x Forzyar,simaha,Strasbourg,Forzyar,Toulouse FC,27/08/2026,03:00:56,Total de Gols,Under,4.5,,,,,2.21,0-2,0-3,Green,1.21,17503433
, CLA-UA France Cyber Cup (UA) (2x4 mins),simaha x Forzyar,simaha,Strasbourg,Forzyar,Toulouse FC,27/08/2026,03:02:07,Total de Gols,Under,3.5,,,,,2.21,0-2,0-3,Green,1.21,17503433
, CLA-UA France Cyber Cup (UA) (2x4 mins),simaha x Forzyar,simaha,Strasbourg,Forzyar,Toulouse FC,27/08/2026,03:02:57,Total de Gols,Under,2.5,,,,,2.55,0-2,0-3,Red,-1.0,17503433
, CLA-UA France Cyber Cup (UA) (2x4 mins),Zero x Xellark,Zero,Lyon,Xellark,Nice,27/08/2026,03:06:03,Total de Gols,Under,7.5,,,,,1.65,0-0,3-5,Red,-1.0,17503331
, CLA-UA France Cyber Cup (UA) (2x4 mins),Zero x Xellark,Zero,Lyon,Xellark,Nice,27/08/2026,03:06:20,Total de Gols,Under,6.5,,,,,2.11,0-0,3-5,Red,-1.0,17503331
, CLA-UA France Cyber Cup (UA) (2x4 mins),Zero x Xellark,Zero,Lyon,Xellark,Nice,27/08/2026,03:10:52,Total de Gols,Under,5.5,,,,,2.17,1-1,3-5,Red,-1.0,17503331
, CLA-UA Champions Cyber League (UA) (2x4 mins),luxiqq x Jur_Kr,luxiqq,Benfica,Jur_Kr,Napoli,27/08/2026,03:06:10,Total de Gols,Under,8.5,,,,,1.68,0-0,3-5,Green,0.68,17503309
, CLA-UA Champions Cyber League (UA) (2x4 mins),luxiqq x Jur_Kr,luxiqq,Benfica,Jur_Kr,Napoli,27/08/2026,03:06:38,Total de Gols,Under,9.5,,,,,1.65,0-0,3-5,Green,0.65,17503309
, CLA-UA Champions Cyber League (UA) (2x4 mins),luxiqq x Jur_Kr,luxiqq,Benfica,Jur_Kr,Napoli,27/08/2026,03:08:38,Total de Gols,Under,10.5,,,,,1.81,1-2,3-5,Green,0.81,17503309
, CLA-UA Champions Cyber League (UA) (2x4 mins),luxiqq x Jur_Kr,luxiqq,Benfica,Jur_Kr,Napoli,27/08/2026,03:13:55,Total de Gols,Under,7.5,,,,,2.26,1-4,3-5,Red,-1.0,17503309
,CLA-UA World Cyber Cup (UA) (2x4 mins),Hetman x zyX,Hetman,Ecuador,zyX,Germany,27/08/2026,05:09:20,Total de Gols,Under,6.5,,,,,2.36,3-2,3-2,Green,1.36,17512913
,CLA-UA World Cyber Cup (UA) (2x4 mins),Hetman x zyX,Hetman,Ecuador,zyX,Germany,27/08/2026,05:09:35,Total de Gols,Under,9.5,,,,,1.92,3-2,3-2,Green,0.92,17512913
,CLA-UA World Cyber Cup (UA) (2x4 mins),Hetman x zyX,Hetman,Ecuador,zyX,Germany,27/08/2026,05:10:18,Total de Gols,Under,5.5,,,,,2.46,3-2,3-2,Green,1.46,17512913
, CLA-UA Spain Cyber Cup (UA) (2x4 mins),Bucha x Nlui_22,Bucha,Mallorca,Nlui_22,Valencia,27/08/2026,05:00:19,Total de Gols,Under,8.5,,,,,1.75,0-0,4-7,Red,-1.0,17512872
, CLA-UA Spain Cyber Cup (UA) (2x4 mins),Bucha x Nlui_22,Bucha,Mallorca,Nlui_22,Valencia,27/08/2026,05:00:44,Total de Gols,Under,7.5,,,,,2.03,0-0,4-7,Red,-1.0,17512872
, CLA-UA Spain Cyber Cup (UA) (2x4 mins),Bucha x Nlui_22,Bucha,Mallorca,Nlui_22,Valencia,27/08/2026,05:02:05,Total de Gols,Under,6.5,,,,,2.08,0-0,4-7,Red,-1.0,17512872
, CLA-UA Spain Cyber Cup (UA) (2x4 mins),Bucha x Nlui_22,Bucha,Mallorca,Nlui_22,Valencia,27/08/2026,05:04:55,Total de Gols,Under,9.5,,,,,1.61,0-3,4-7,Red,-1.0,17512872
, CLA-UA Spain Cyber Cup (UA) (2x4 mins),Bucha x Nlui_22,Bucha,Mallorca,Nlui_22,Valencia,27/08/2026,05:07:49,Total de Gols,Under,10.5,,,,,1.66,2-5,4-7,Red,-1.0,17512872
, CLA-UA Spain Cyber Cup (UA) (2x4 mins),Bucha x kozak,Bucha,Mallorca,kozak,Villarreal,27/08/2026,05:14:05,Total de Gols,Under,8.5,,,,,1.84,0-0,5-5,Red,-1.0,17512731
, CLA-UA Spain Cyber Cup (UA) (2x4 mins),Bucha x kozak,Bucha,Mallorca,kozak,Villarreal,27/08/2026,05:14:45,Total de Gols,Under,7.5,,,,,2.07,0-0,5-5,Red,-1.0,17512731
, CLA-UA Spain Cyber Cup (UA) (2x4 mins),Bucha x kozak,Bucha,Mallorca,kozak,Villarreal,27/08/2026,05:18:03,Total de Gols,Under,9.5,,,,,1.65,2-1,5-5,Red,-1.0,17512731
, CLA-UA Spain Cyber Cup (UA) (2x4 mins),Bucha x kozak,Bucha,Mallorca,kozak,Villarreal,27/08/2026,05:19:14,Total de Gols,Under,10.5,,,,,1.55,3-2,5-5,Green,0.55,17512731
, CLA-UA Spain Cyber Cup (UA) (2x4 mins),Bucha x kozak,Bucha,Mallorca,kozak,Villarreal,27/08/2026,05:20:35,Total de Gols,Under,11.5,,,,,1.8,4-3,5-5,Green,0.8,17512731
,CLA-UA World Cyber Cup (UA) (2x4 mins),Hetman x Kairox,Hetman,Ecuador,Kairox,Panama,27/08/2026,05:14:17,Total de Gols,Under,6.5,,,,,1.84,0-0,3-2,Green,0.84,17512745
,CLA-UA World Cyber Cup (UA) (2x4 mins),Hetman x Kairox,Hetman,Ecuador,Kairox,Panama,27/08/2026,05:15:06,Total de Gols,Under,7.5,,,,,1.59,0-0,3-2,Green,0.59,17512745
,CLA-UA World Cyber Cup (UA) (2x4 mins),Hetman x Kairox,Hetman,Ecuador,Kairox,Panama,27/08/2026,05:16:59,Total de Gols,Under,5.5,,,,,2.12,1-0,3-2,Green,1.12,17512745
,CLA-UA World Cyber Cup (UA) (2x4 mins),Hetman x Kairox,Hetman,Ecuador,Kairox,Panama,27/08/2026,05:18:49,Total de Gols,Under,4.5,,,,,2.17,1-0,3-2,Red,-1.0,17512745
, CLA-UA Italy Cyber Cup (UA) (2x4 mins),palkan x T3RZ,palkan,Torino,T3RZ,Juventus,27/08/2026,05:14:55,Total de Gols,Under,9.5,,,,,1.68,0-0,3-4,Green,0.68,17512620
, CLA-UA Italy Cyber Cup (UA) (2x4 mins),palkan x T3RZ,palkan,Torino,T3RZ,Juventus,27/08/2026,05:15:44,Total de Gols,Under,8.5,,,,,2.07,0-0,3-4,Green,1.07,17512620
, CLA-UA Italy Cyber Cup (UA) (2x4 mins),palkan x T3RZ,palkan,Torino,T3RZ,Juventus,27/08/2026,05:16:16,Total de Gols,Under,10.5,,,,,1.88,0-1,3-4,Green,0.88,17512620
, CLA-UA Italy Cyber Cup (UA) (2x4 mins),palkan x T3RZ,palkan,Torino,T3RZ,Juventus,27/08/2026,05:23:41,Total de Gols,Under,7.5,,,,,2.22,2-4,3-4,Green,1.22,17512620
, CLA-UA Italy Cyber Cup (UA) (2x4 mins),palkan x T3RZ,palkan,Torino,T3RZ,Juventus,27/08/2026,05:25:14,Total de Gols,Under,6.5,,,,,2.66,2-4,3-4,Red,-1.0,17512620
, CLA-UA Italy Cyber Cup (UA) (2x4 mins),abr4m_5 x Terry14,abr4m_5,Napoli,Terry14,Lecce,27/08/2026,05:27:56,Total de Gols,Under,9.5,,,,,1.65,0-0,3-3,Green,0.65,17512621
, CLA-UA Italy Cyber Cup (UA) (2x4 mins),abr4m_5 x Terry14,abr4m_5,Napoli,Terry14,Lecce,27/08/2026,05:28:36,Total de Gols,Under,8.5,,,,,2.06,0-0,3-3,Green,1.06,17512621
, CLA-UA Italy Cyber Cup (UA) (2x4 mins),abr4m_5 x Terry14,abr4m_5,Napoli,Terry14,Lecce,27/08/2026,05:31:27,Total de Gols,Under,7.5,,,,,2.07,1-0,3-3,Green,1.07,17512621
,CLA-UA World Cyber Cup (UA) (2x4 mins),zyX x Kairox,zyX,Germany,Kairox,Panama,27/08/2026,05:28:16,Total de Gols,Under,6.5,,,,,1.73,0-0,4-2,Green,0.73,17512916
,CLA-UA World Cyber Cup (UA) (2x4 mins),zyX x Kairox,zyX,Germany,Kairox,Panama,27/08/2026,05:28:58,Total de Gols,Under,5.5,,,,,2.07,0-0,4-2,Red,-1.0,17512916
,CLA-UA World Cyber Cup (UA) (2x4 mins),zyX x Kairox,zyX,Germany,Kairox,Panama,27/08/2026,05:33:34,Total de Gols,Under,7.5,,,,,1.79,2-1,4-2,Green,0.79,17512916
, CLA-UA Italy Cyber Cup (UA) (2x4 mins),Gammi x T3RZ,Gammi,Atalanta,T3RZ,Juventus,27/08/2026,05:28:05,Total de Gols,Under,7.5,,,,,1.83,0-0,7-2,Red,-1.0,17514244
, CLA-UA Italy Cyber Cup (UA) (2x4 mins),Gammi x T3RZ,Gammi,Atalanta,T3RZ,Juventus,27/08/2026,05:29:07,Total de Gols,Under,6.5,,,,,2.12,0-0,7-2,Red,-1.0,17514244
, CLA-UA Italy Cyber Cup (UA) (2x4 mins),Gammi x T3RZ,Gammi,Atalanta,T3RZ,Juventus,27/08/2026,05:29:57,Total de Gols,Under,8.5,,,,,1.85,1-0,7-2,Red,-1.0,17514244
, CLA-UA Italy Cyber Cup (UA) (2x4 mins),Gammi x T3RZ,Gammi,Atalanta,T3RZ,Juventus,27/08/2026,05:30:46,Total de Gols,Under,9.5,,,,,1.62,1-0,7-2,Green,0.62,17514244
, CLA-UA Italy Cyber Cup (UA) (2x4 mins),Gammi x T3RZ,Gammi,Atalanta,T3RZ,Juventus,27/08/2026,05:36:16,Total de Gols,Under,10.5,,,,,1.59,6-1,7-2,Green,0.59,17514244
, CLA-UA Spain Cyber Cup (UA) (2x4 mins),Nlui_22 x kozak,Nlui_22,Valencia,kozak,Villarreal,27/08/2026,05:28:05,Total de Gols,Under,9.5,,,,,1.65,0-0,4-5,Green,0.65,17512881
, CLA-UA Spain Cyber Cup (UA) (2x4 mins),Nlui_22 x kozak,Nlui_22,Valencia,kozak,Villarreal,27/08/2026,05:28:35,Total de Gols,Under,8.5,,,,,2.01,0-0,4-5,Red,-1.0,17512881
, CLA-UA Spain Cyber Cup (UA) (2x4 mins),Nlui_22 x kozak,Nlui_22,Valencia,kozak,Villarreal,27/08/2026,05:29:49,Total de Gols,Under,7.5,,,,,2.03,0-0,4-5,Red,-1.0,17512881
, CLA-UA Spain Cyber Cup (UA) (2x4 mins),Nlui_22 x kozak,Nlui_22,Valencia,kozak,Villarreal,27/08/2026,05:33:33,Total de Gols,Under,6.5,,,,,2.07,1-1,4-5,Red,-1.0,17512881
, CLA-UA Spain Cyber Cup (UA) (2x4 mins),aloha x kozak,aloha,Espanyol,kozak,Villarreal,27/08/2026,05:42:28,Total de Gols,Under,9.5,,,,,1.97,0-0,3-4,Green,0.97,17512637
, CLA-UA Spain Cyber Cup (UA) (2x4 mins),aloha x kozak,aloha,Espanyol,kozak,Villarreal,27/08/2026,05:42:44,Total de Gols,Under,10.5,,,,,1.84,0-0,3-4,Green,0.84,17512637
, CLA-UA Spain Cyber Cup (UA) (2x4 mins),aloha x kozak,aloha,Espanyol,kozak,Villarreal,27/08/2026,05:44:35,Total de Gols,Under,8.5,,,,,2.03,0-1,3-4,Green,1.03,17512637
, CLA-UA Spain Cyber Cup (UA) (2x4 mins),aloha x kozak,aloha,Espanyol,kozak,Villarreal,27/08/2026,05:52:18,Total de Gols,Under,7.5,,,,,2.42,3-4,3-4,Green,1.42,17512637
, CLA-UA Spain Cyber Cup (UA) (2x4 mins),mara x Bucha,mara,Levante,Bucha,Mallorca,27/08/2026,05:42:52,Total de Gols,Under,7.5,,,,,1.88,0-0,0-4,Green,0.88,17512885
, CLA-UA Spain Cyber Cup (UA) (2x4 mins),mara x Bucha,mara,Levante,Bucha,Mallorca,27/08/2026,05:43:08,Total de Gols,Under,8.5,,,,,1.86,0-0,0-4,Green,0.86,17512885
, CLA-UA Spain Cyber Cup (UA) (2x4 mins),mara x Bucha,mara,Levante,Bucha,Mallorca,27/08/2026,05:48:13,Total de Gols,Under,6.5,,,,,2.07,0-3,0-4,Green,1.07,17512885
, CLA-UA Spain Cyber Cup (UA) (2x4 mins),mara x Bucha,mara,Levante,Bucha,Mallorca,27/08/2026,05:49:38,Total de Gols,Under,5.5,,,,,2.07,0-3,0-4,Green,1.07,17512885
, CLA-UA Spain Cyber Cup (UA) (2x4 mins),mara x Bucha,mara,Levante,Bucha,Mallorca,27/08/2026,05:50:45,Total de Gols,Under,4.5,,,,,2.41,0-3,0-4,Green,1.41,17512885
, CLA-UA Italy Cyber Cup (UA) (2x4 mins),Terry14 x palkan,Terry14,Lecce,palkan,Torino,27/08/2026,05:42:14,Total de Gols,Under,9.5,,,,,1.75,0-0,3-2,Green,0.75,17512624
, CLA-UA Italy Cyber Cup (UA) (2x4 mins),Terry14 x palkan,Terry14,Lecce,palkan,Torino,27/08/2026,05:43:05,Total de Gols,Under,8.5,,,,,2.03,0-0,3-2,Green,1.03,17512624
, CLA-UA Italy Cyber Cup (UA) (2x4 mins),Terry14 x palkan,Terry14,Lecce,palkan,Torino,27/08/2026,05:44:23,Total de Gols,Under,10.5,,,,,1.66,1-0,3-2,Green,0.66,17512624
, CLA-UA Italy Cyber Cup (UA) (2x4 mins),Terry14 x palkan,Terry14,Lecce,palkan,Torino,27/08/2026,05:47:11,Total de Gols,Under,7.5,,,,,2.07,2-0,3-2,Green,1.07,17512624
, CLA-UA Italy Cyber Cup (UA) (2x4 mins),Terry14 x palkan,Terry14,Lecce,palkan,Torino,27/08/2026,05:47:47,Total de Gols,Under,6.5,,,,,2.11,2-0,3-2,Green,1.11,17512624
, CLA-UA Italy Cyber Cup (UA) (2x4 mins),Terry14 x palkan,Terry14,Lecce,palkan,Torino,27/08/2026,05:48:10,Total de Gols,Under,5.5,,,,,2.13,2-0,3-2,Green,1.13,17512624
, CLA-UA Italy Cyber Cup (UA) (2x4 mins),Terry14 x palkan,Terry14,Lecce,palkan,Torino,27/08/2026,05:50:48,Total de Gols,Under,4.5,,,,,2.41,2-1,3-2,Red,-1.0,17512624
, CLA-UA Italy Cyber Cup (UA) (2x4 mins),Terry14 x palkan,Terry14,Lecce,palkan,Torino,27/08/2026,05:50:59,Total de Gols,Under,5.5,,,,,2.31,2-1,3-2,Green,1.31,17512624
, CLA-UA Italy Cyber Cup (UA) (2x4 mins),Terry14 x palkan,Terry14,Lecce,palkan,Torino,27/08/2026,05:52:06,Total de Gols,Under,3.5,,,,,2.56,2-1,3-2,Red,-1.0,17512624
, CLA-UA Spain Cyber Cup (UA) (2x4 mins),mara x Nlui_22,mara,Levante,Nlui_22,Valencia,27/08/2026,05:58:55,Total de Gols,Under,6.5,,,,,1.91,0-1,1-5,Green,0.91,17512888
, CLA-UA Spain Cyber Cup (UA) (2x4 mins),mara x Nlui_22,mara,Levante,Nlui_22,Valencia,27/08/2026,05:59:03,Total de Gols,Under,7.5,,,,,1.8,0-1,1-5,Green,0.8,17512888
, CLA-UA Spain Cyber Cup (UA) (2x4 mins),mara x Nlui_22,mara,Levante,Nlui_22,Valencia,27/08/2026,05:59:28,Total de Gols,Under,8.5,,,,,1.69,0-2,1-5,Green,0.69,17512888
, CLA-UA Spain Cyber Cup (UA) (2x4 mins),mara x Nlui_22,mara,Levante,Nlui_22,Valencia,27/08/2026,06:04:44,Total de Gols,Under,5.5,,,,,2.27,0-4,1-5,Red,-1.0,17512888
, CLA-UA Spain Cyber Cup (UA) (2x4 mins),aloha x Bucha,aloha,Espanyol,Bucha,Mallorca,27/08/2026,05:56:19,Total de Gols,Under,7.5,,,,,1.82,0-0,3-6,Red,-1.0,17512733
, CLA-UA Spain Cyber Cup (UA) (2x4 mins),aloha x Bucha,aloha,Espanyol,Bucha,Mallorca,27/08/2026,05:56:30,Total de Gols,Under,8.5,,,,,1.8,0-0,3-6,Red,-1.0,17512733
, CLA-UA Spain Cyber Cup (UA) (2x4 mins),aloha x Bucha,aloha,Espanyol,Bucha,Mallorca,27/08/2026,05:59:45,Total de Gols,Under,9.5,,,,,1.69,2-1,3-6,Green,0.69,17512733
, CLA-UA Italy Cyber Cup (UA) (2x4 mins),Terry14 x Gammi,Terry14,Lecce,Gammi,Atalanta,27/08/2026,05:55:27,Total de Gols,Under,6.5,,,,,2.07,0-0,6-6,Red,-1.0,17514245
, CLA-UA Italy Cyber Cup (UA) (2x4 mins),Terry14 x Gammi,Terry14,Lecce,Gammi,Atalanta,27/08/2026,05:58:10,Total de Gols,Under,7.5,,,,,1.71,0-0,6-6,Red,-1.0,17514245
, CLA-UA Italy Cyber Cup (UA) (2x4 mins),Terry14 x Gammi,Terry14,Lecce,Gammi,Atalanta,27/08/2026,06:00:54,Total de Gols,Under,8.5,,,,,1.69,3-0,6-6,Red,-1.0,17514245
, CLA-UA Italy Cyber Cup (UA) (2x4 mins),Terry14 x Gammi,Terry14,Lecce,Gammi,Atalanta,27/08/2026,06:03:22,Total de Gols,Under,9.5,,,,,1.86,3-3,6-6,Red,-1.0,17514245
, CLA-UA Italy Cyber Cup (UA) (2x4 mins),Terry14 x Gammi,Terry14,Lecce,Gammi,Atalanta,27/08/2026,06:03:41,Total de Gols,Under,10.5,,,,,1.68,4-3,6-6,Red,-1.0,17514245
, CLA-UA Italy Cyber Cup (UA) (2x4 mins),Terry14 x Gammi,Terry14,Lecce,Gammi,Atalanta,27/08/2026,06:05:51,Total de Gols,Under,11.5,,,,,1.35,4-5,6-6,Red,-1.0,17514245
,CLA-UA World Cyber Cup (UA) (2x4 mins),vrud1 x zyX,vrud1,Curacao,zyX,Germany,27/08/2026,05:55:27,Total de Gols,Under,7.5,,,,,1.98,0-0,4-7,Red,-1.0,17512921
,CLA-UA World Cyber Cup (UA) (2x4 mins),vrud1 x zyX,vrud1,Curacao,zyX,Germany,27/08/2026,05:57:11,Total de Gols,Under,8.5,,,,,1.68,0-0,4-7,Red,-1.0,17512921
,CLA-UA World Cyber Cup (UA) (2x4 mins),vrud1 x zyX,vrud1,Curacao,zyX,Germany,27/08/2026,06:00:43,Total de Gols,Under,6.5,,,,,2.11,0-2,4-7,Red,-1.0,17512921
,CLA-UA World Cyber Cup (UA) (2x4 mins),vrud1 x zyX,vrud1,Curacao,zyX,Germany,27/08/2026,06:02:33,Total de Gols,Under,9.5,,,,,1.79,1-3,4-7,Red,-1.0,17512921
,CLA-UA World Cyber Cup (UA) (2x4 mins),vrud1 x zyX,vrud1,Curacao,zyX,Germany,27/08/2026,06:03:55,Total de Gols,Under,10.5,,,,,1.82,3-3,4-7,Red,-1.0,17512921
, CLA-UA Spain Cyber Cup (UA) (2x4 mins),Nlui_22 x Bucha,Nlui_22,Valencia,Bucha,Mallorca,27/08/2026,06:10:22,Total de Gols,Under,8.5,,,,,1.77,0-0,7-4,Red,-1.0,17512891
, CLA-UA Spain Cyber Cup (UA) (2x4 mins),Nlui_22 x Bucha,Nlui_22,Valencia,Bucha,Mallorca,27/08/2026,06:11:21,Total de Gols,Under,7.5,,,,,2.01,0-0,7-4,Red,-1.0,17512891
, CLA-UA Spain Cyber Cup (UA) (2x4 mins),Nlui_22 x Bucha,Nlui_22,Valencia,Bucha,Mallorca,27/08/2026,06:12:43,Total de Gols,Under,6.5,,,,,2.03,0-0,7-4,Red,-1.0,17512891
, CLA-UA Spain Cyber Cup (UA) (2x4 mins),Nlui_22 x Bucha,Nlui_22,Valencia,Bucha,Mallorca,27/08/2026,06:17:16,Total de Gols,Under,9.5,,,,,1.62,3-2,7-4,Red,-1.0,17512891
,CLA-UA World Cyber Cup (UA) (2x4 mins),Kairox x Hetman,Kairox,Panama,Hetman,Ecuador,27/08/2026,06:24:30,Total de Gols,Under,6.5,,,,,1.75,0-0,4-3,Red,-1.0,17512642
,CLA-UA World Cyber Cup (UA) (2x4 mins),Kairox x Hetman,Kairox,Panama,Hetman,Ecuador,27/08/2026,06:24:49,Total de Gols,Under,7.5,,,,,1.65,0-0,4-3,Green,0.65,17512642
,CLA-UA World Cyber Cup (UA) (2x4 mins),zyX x _pihaaa_,zyX,Germany,_pihaaa_,Ivory Coast,27/08/2026,06:22:28,Total de Gols,Under,7.5,,,,,1.62,0-0,2-7,Red,-1.0,17512925
,CLA-UA World Cyber Cup (UA) (2x4 mins),zyX x _pihaaa_,zyX,Germany,_pihaaa_,Ivory Coast,27/08/2026,06:24:39,Total de Gols,Under,6.5,,,,,2.12,0-0,2-7,Red,-1.0,17512925
,CLA-UA World Cyber Cup (UA) (2x4 mins),zyX x _pihaaa_,zyX,Germany,_pihaaa_,Ivory Coast,27/08/2026,06:27:09,Total de Gols,Under,8.5,,,,,1.76,1-1,2-7,Red,-1.0,17512925
,CLA-UA World Cyber Cup (UA) (2x4 mins),zyX x _pihaaa_,zyX,Germany,_pihaaa_,Ivory Coast,27/08/2026,06:28:58,Total de Gols,Under,9.5,,,,,1.65,1-3,2-7,Green,0.65,17512925
, CLA-UA Spain Cyber Cup (UA) (2x4 mins),Nlui_22 x aloha,Nlui_22,Valencia,aloha,Espanyol,27/08/2026,06:24:16,Total de Gols,Under,7.5,,,,,1.83,0-0,4-2,Green,0.83,17512901
, CLA-UA Spain Cyber Cup (UA) (2x4 mins),Nlui_22 x aloha,Nlui_22,Valencia,aloha,Espanyol,27/08/2026,06:25:05,Total de Gols,Under,6.5,,,,,2.12,0-0,4-2,Green,1.12,17512901
, CLA-UA Spain Cyber Cup (UA) (2x4 mins),Nlui_22 x aloha,Nlui_22,Valencia,aloha,Espanyol,27/08/2026,06:31:47,Total de Gols,Under,5.5,,,,,2.26,1-2,4-2,Red,-1.0,17512901
, CLA-UA Italy Cyber Cup (UA) (2x4 mins),Terry14 x abr4m_5,Terry14,Lecce,abr4m_5,Napoli,27/08/2026,06:38:02,Total de Gols,Under,8.5,,,,,1.94,0-0,3-4,Green,0.94,17512631
, CLA-UA Italy Cyber Cup (UA) (2x4 mins),Terry14 x abr4m_5,Terry14,Lecce,abr4m_5,Napoli,27/08/2026,06:38:12,Total de Gols,Under,6.5,,,,,1.75,0-0,3-4,Red,-1.0,17512631
, CLA-UA Italy Cyber Cup (UA) (2x4 mins),Terry14 x abr4m_5,Terry14,Lecce,abr4m_5,Napoli,27/08/2026,06:38:57,Total de Gols,Under,5.5,,,,,2.07,0-0,3-4,Red,-1.0,17512631
, CLA-UA Italy Cyber Cup (UA) (2x4 mins),Terry14 x abr4m_5,Terry14,Lecce,abr4m_5,Napoli,27/08/2026,06:40:39,Total de Gols,Under,7.5,,,,,1.65,0-0,3-4,Green,0.65,17512631
,CLA-UA World Cyber Cup (UA) (2x4 mins),Kairox x zyX,Kairox,Panama,zyX,Germany,27/08/2026,06:37:06,Total de Gols,Under,6.5,,,,,1.75,0-0,4-4,Red,-1.0,17512934
,CLA-UA World Cyber Cup (UA) (2x4 mins),Kairox x zyX,Kairox,Panama,zyX,Germany,27/08/2026,06:38:32,Total de Gols,Under,7.5,,,,,1.65,0-0,4-4,Red,-1.0,17512934
,CLA-UA World Cyber Cup (UA) (2x4 mins),Kairox x zyX,Kairox,Panama,zyX,Germany,27/08/2026,06:42:24,Total de Gols,Under,5.5,,,,,2.12,1-1,4-4,Red,-1.0,17512934
,CLA-UA World Cyber Cup (UA) (2x4 mins),Kairox x zyX,Kairox,Panama,zyX,Germany,27/08/2026,06:47:04,Total de Gols,Under,8.5,,,,,1.65,3-3,4-4,Green,0.65,17512934
, CLA-UA Spain Cyber Cup (UA) (2x4 mins),mara x aloha,mara,Levante,aloha,Espanyol,27/08/2026,06:38:26,Total de Gols,Under,8.5,,,,,1.76,0-0,1-3,Green,0.76,17512900
, CLA-UA Spain Cyber Cup (UA) (2x4 mins),mara x aloha,mara,Levante,aloha,Espanyol,27/08/2026,06:39:49,Total de Gols,Under,7.5,,,,,1.97,0-0,1-3,Green,0.97,17512900
, CLA-UA Spain Cyber Cup (UA) (2x4 mins),mara x aloha,mara,Levante,aloha,Espanyol,27/08/2026,06:40:51,Total de Gols,Under,6.5,,,,,2.08,0-0,1-3,Green,1.08,17512900
, CLA-UA Spain Cyber Cup (UA) (2x4 mins),mara x aloha,mara,Levante,aloha,Espanyol,27/08/2026,06:44:30,Total de Gols,Under,5.5,,,,,2.17,0-2,1-3,Green,1.17,17512900
, CLA-UA Spain Cyber Cup (UA) (2x4 mins),mara x aloha,mara,Levante,aloha,Espanyol,27/08/2026,06:47:21,Total de Gols,Under,4.5,,,,,2.31,0-3,1-3,Green,1.31,17512900
, CLA-UA Spain Cyber Cup (UA) (2x4 mins),mara x aloha,mara,Levante,aloha,Espanyol,27/08/2026,06:48:22,Total de Gols,Under,3.5,,,,,2.66,0-3,1-3,Red,-1.0,17512900
,CLA-UA World Cyber Cup (UA) (2x4 mins),zyX x vrud1,zyX,Germany,vrud1,Curacao,27/08/2026,07:05:16,Total de Gols,Under,8.5,,,,,1.98,0-0,6-4,Red,-1.0,17512936
,CLA-UA World Cyber Cup (UA) (2x4 mins),zyX x vrud1,zyX,Germany,vrud1,Curacao,27/08/2026,07:06:39,Total de Gols,Under,7.5,,,,,2.07,0-0,6-4,Red,-1.0,17512936
,CLA-UA World Cyber Cup (UA) (2x4 mins),zyX x vrud1,zyX,Germany,vrud1,Curacao,27/08/2026,07:06:45,Total de Gols,Under,9.5,,,,,1.63,0-0,6-4,Red,-1.0,17512936
,CLA-UA World Cyber Cup (UA) (2x4 mins),zyX x vrud1,zyX,Germany,vrud1,Curacao,27/08/2026,07:09:01,Total de Gols,Under,10.5,,,,,1.8,2-1,6-4,Green,0.8,17512936
,CLA-UA World Cyber Cup (UA) (2x4 mins),zyX x vrud1,zyX,Germany,vrud1,Curacao,27/08/2026,07:09:25,Total de Gols,Under,11.5,,,,,1.68,3-1,6-4,Green,0.68,17512936
, CLA-UA Champions Cyber League (UA) (2x4 mins),Kairox x vrud1,Kairox,Manchester City,vrud1,Chelsea,27/08/2026,07:29:32,Total de Gols,Under,7.5,,,,,1.62,0-0,4-3,Green,0.62,17512802
, CLA-UA Champions Cyber League (UA) (2x4 mins),Kairox x vrud1,Kairox,Manchester City,vrud1,Chelsea,27/08/2026,07:30:29,Total de Gols,Under,6.5,,,,,2.07,0-0,4-3,Red,-1.0,17512802
, CLA-UA Champions Cyber League (UA) (2x4 mins),Kairox x vrud1,Kairox,Manchester City,vrud1,Chelsea,27/08/2026,07:32:09,Total de Gols,Under,5.5,,,,,2.06,0-0,4-3,Red,-1.0,17512802
,CLA-UA Argentina Cyber Cup (UA) (2x4 mins),kozak x mara,kozak,Independiente,mara,Boca Juniors,27/08/2026,07:30:08,Total de Gols,Under,8.5,,,,,1.75,0-0,5-0,Green,0.75,17512785
,CLA-UA Argentina Cyber Cup (UA) (2x4 mins),kozak x mara,kozak,Independiente,mara,Boca Juniors,27/08/2026,07:31:34,Total de Gols,Under,7.5,,,,,2.07,0-0,5-0,Green,1.07,17512785
,CLA-UA Argentina Cyber Cup (UA) (2x4 mins),kozak x mara,kozak,Independiente,mara,Boca Juniors,27/08/2026,07:32:31,Total de Gols,Under,9.5,,,,,1.76,1-0,5-0,Green,0.76,17512785
,CLA-UA Argentina Cyber Cup (UA) (2x4 mins),kozak x mara,kozak,Independiente,mara,Boca Juniors,27/08/2026,07:33:04,Total de Gols,Under,10.5,,,,,1.62,2-0,5-0,Green,0.62,17512785
,CLA-UA Argentina Cyber Cup (UA) (2x4 mins),kozak x mara,kozak,Independiente,mara,Boca Juniors,27/08/2026,07:40:25,Total de Gols,Under,6.5,,,,,2.27,5-0,5-0,Green,1.27,17512785
,CLA-UA Argentina Cyber Cup (UA) (2x4 mins),kozak x mara,kozak,Independiente,mara,Boca Juniors,27/08/2026,07:41:32,Total de Gols,Under,5.5,,,,,2.41,5-0,5-0,Green,1.41,17512785
,CLA-UA Argentina Cyber Cup (UA) (2x4 mins),Bucha x Nlui_22,Bucha,River Plate,Nlui_22,Estudiantes L.P.,27/08/2026,07:30:15,Total de Gols,Under,8.5,,,,,1.97,0-0,7-8,Red,-1.0,17512664
,CLA-UA Argentina Cyber Cup (UA) (2x4 mins),Bucha x Nlui_22,Bucha,River Plate,Nlui_22,Estudiantes L.P.,27/08/2026,07:30:41,Total de Gols,Under,9.5,,,,,1.8,0-0,7-8,Red,-1.0,17512664
,CLA-UA Argentina Cyber Cup (UA) (2x4 mins),Bucha x Nlui_22,Bucha,River Plate,Nlui_22,Estudiantes L.P.,27/08/2026,07:31:48,Total de Gols,Under,10.5,,,,,1.86,2-0,7-8,Red,-1.0,17512664
,CLA-UA Argentina Cyber Cup (UA) (2x4 mins),Bucha x Nlui_22,Bucha,River Plate,Nlui_22,Estudiantes L.P.,27/08/2026,07:32:13,Total de Gols,Under,11.5,,,,,1.7,2-1,7-8,Red,-1.0,17512664
,CLA-UA Argentina Cyber Cup (UA) (2x4 mins),Bucha x Nlui_22,Bucha,River Plate,Nlui_22,Estudiantes L.P.,27/08/2026,07:33:34,Total de Gols,Under,12.5,,,,,1.79,3-2,7-8,Red,-1.0,17512664
,CLA-UA Argentina Cyber Cup (UA) (2x4 mins),Bucha x Nlui_22,Bucha,River Plate,Nlui_22,Estudiantes L.P.,27/08/2026,07:39:47,Total de Gols,Under,13.5,,,,,1.59,5-6,7-8,Red,-1.0,17512664
, CLA-UA Champions Cyber League (UA) (2x4 mins),_pihaaa_ x vrud1,_pihaaa_,Manchester United,vrud1,Chelsea,27/08/2026,07:56:48,Total de Gols,Under,7.5,,,,,1.62,0-0,4-5,Red,-1.0,17512805
, CLA-UA Champions Cyber League (UA) (2x4 mins),_pihaaa_ x vrud1,_pihaaa_,Manchester United,vrud1,Chelsea,27/08/2026,07:58:18,Total de Gols,Under,6.5,,,,,2.07,0-0,4-5,Red,-1.0,17512805
, CLA-UA Champions Cyber League (UA) (2x4 mins),_pihaaa_ x vrud1,_pihaaa_,Manchester United,vrud1,Chelsea,27/08/2026,08:00:31,Total de Gols,Under,5.5,,,,,2.07,0-0,4-5,Red,-1.0,17512805
, CLA-UA Champions Cyber League (UA) (2x4 mins),_pihaaa_ x vrud1,_pihaaa_,Manchester United,vrud1,Chelsea,27/08/2026,08:01:41,Total de Gols,Under,8.5,,,,,1.66,2-1,4-5,Red,-1.0,17512805
, CLA-UA Champions Cyber League (UA) (2x4 mins),_pihaaa_ x vrud1,_pihaaa_,Manchester United,vrud1,Chelsea,27/08/2026,08:06:44,Total de Gols,Under,9.5,,,,,1.46,2-4,4-5,Green,0.46,17512805
, CLA-UA Champions Cyber League (UA) (2x4 mins),_pihaaa_ x vrud1,_pihaaa_,Manchester United,vrud1,Chelsea,27/08/2026,08:08:11,Total de Gols,Under,10.5,,,,,1.48,4-4,4-5,Green,0.48,17512805
, CLA-UA Champions Cyber League (UA) (2x4 mins),zyX x Kairox,zyX,RB Leipzig,Kairox,Manchester City,27/08/2026,07:57:30,Total de Gols,Under,6.5,,,,,1.75,0-0,1-4,Green,0.75,17512809
, CLA-UA Champions Cyber League (UA) (2x4 mins),zyX x Kairox,zyX,RB Leipzig,Kairox,Manchester City,27/08/2026,07:58:39,Total de Gols,Under,7.5,,,,,1.62,0-0,1-4,Green,0.62,17512809
, CLA-UA Champions Cyber League (UA) (2x4 mins),zyX x Kairox,zyX,RB Leipzig,Kairox,Manchester City,27/08/2026,08:00:38,Total de Gols,Under,5.5,,,,,2.11,0-1,1-4,Green,1.11,17512809
, CLA-UA Champions Cyber League (UA) (2x4 mins),zyX x Kairox,zyX,RB Leipzig,Kairox,Manchester City,27/08/2026,08:06:09,Total de Gols,Under,4.5,,,,,2.36,0-3,1-4,Red,-1.0,17512809
, CLA-UA Champions Cyber League (UA) (2x4 mins),zyX x Kairox,zyX,RB Leipzig,Kairox,Manchester City,27/08/2026,08:07:43,Total de Gols,Under,3.5,,,,,2.71,0-3,1-4,Red,-1.0,17512809
, CLA-UA Champions Cyber League (UA) (2x4 mins),vrud1 x Hetman,vrud1,Chelsea,Hetman,FC Bayern,27/08/2026,08:10:56,Total de Gols,Under,7.5,,,,,1.74,0-0,2-3,Green,0.74,17512812
, CLA-UA Champions Cyber League (UA) (2x4 mins),vrud1 x Hetman,vrud1,Chelsea,Hetman,FC Bayern,27/08/2026,08:12:50,Total de Gols,Under,6.5,,,,,2.07,0-0,2-3,Green,1.07,17512812
, CLA-UA Champions Cyber League (UA) (2x4 mins),vrud1 x Hetman,vrud1,Chelsea,Hetman,FC Bayern,27/08/2026,08:14:24,Total de Gols,Under,5.5,,,,,2.07,0-0,2-3,Green,1.07,17512812
, CLA-UA Champions Cyber League (UA) (2x4 mins),vrud1 x Hetman,vrud1,Chelsea,Hetman,FC Bayern,27/08/2026,08:19:41,Total de Gols,Under,4.5,,,,,2.21,1-1,2-3,Red,-1.0,17512812
, CLA-UA Champions Cyber League (UA) (2x4 mins),vrud1 x Hetman,vrud1,Chelsea,Hetman,FC Bayern,27/08/2026,08:22:10,Total de Gols,Under,3.5,,,,,2.56,1-2,2-3,Red,-1.0,17512812
, CLA-UA Champions Cyber League (UA) (2x4 mins),_pihaaa_ x Kairox,_pihaaa_,Manchester United,Kairox,Manchester City,27/08/2026,08:11:26,Total de Gols,Under,6.5,,,,,1.8,0-0,2-4,Green,0.8,17512810
,CLA-UA Argentina Cyber Cup (UA) (2x4 mins),mara x Bucha,mara,Boca Juniors,Bucha,River Plate,27/08/2026,08:12:14,Total de Gols,Under,7.5,,,,,1.88,0-0,7-6,Red,-1.0,17512790
, CLA-UA Champions Cyber League (UA) (2x4 mins),_pihaaa_ x Kairox,_pihaaa_,Manchester United,Kairox,Manchester City,27/08/2026,08:12:41,Total de Gols,Under,7.5,,,,,1.65,0-0,2-4,Green,0.65,17512810
,CLA-UA Argentina Cyber Cup (UA) (2x4 mins),mara x Bucha,mara,Boca Juniors,Bucha,River Plate,27/08/2026,08:13:20,Total de Gols,Under,8.5,,,,,1.62,0-0,7-6,Red,-1.0,17512790
, CLA-UA Champions Cyber League (UA) (2x4 mins),_pihaaa_ x Kairox,_pihaaa_,Manchester United,Kairox,Manchester City,27/08/2026,08:13:50,Total de Gols,Under,8.5,,,,,1.68,0-2,2-4,Green,0.68,17512810
,CLA-UA Argentina Cyber Cup (UA) (2x4 mins),mara x Bucha,mara,Boca Juniors,Bucha,River Plate,27/08/2026,08:14:42,Total de Gols,Under,9.5,,,,,1.62,0-2,7-6,Red,-1.0,17512790
,CLA-UA Argentina Cyber Cup (UA) (2x4 mins),mara x Bucha,mara,Boca Juniors,Bucha,River Plate,27/08/2026,08:15:21,Total de Gols,Under,10.5,,,,,1.88,1-3,7-6,Red,-1.0,17512790
, CLA-UA Champions Cyber League (UA) (2x4 mins),_pihaaa_ x Kairox,_pihaaa_,Manchester United,Kairox,Manchester City,27/08/2026,08:19:16,Total de Gols,Under,5.5,,,,,2.17,0-3,2-4,Red,-1.0,17512810
, CLA-UA Champions Cyber League (UA) (2x4 mins),_pihaaa_ x Kairox,_pihaaa_,Manchester United,Kairox,Manchester City,27/08/2026,08:20:26,Total de Gols,Under,4.5,,,,,2.36,0-3,2-4,Red,-1.0,17512810
,CLA-UA Argentina Cyber Cup (UA) (2x4 mins),mara x Bucha,mara,Boca Juniors,Bucha,River Plate,27/08/2026,08:21:36,Total de Gols,Under,11.5,,,,,1.49,4-5,7-6,Red,-1.0,17512790
,CLA-UA Argentina Cyber Cup (UA) (2x4 mins),mara x Bucha,mara,Boca Juniors,Bucha,River Plate,27/08/2026,08:22:17,Total de Gols,Under,12.5,,,,,2.23,5-6,7-6,Red,-1.0,17512790
, CLA-UA France Cyber Cup (UA) (2x4 mins),Terry14 x palkan,Terry14,Lyon,palkan,Nice,27/08/2026,08:11:22,Total de Gols,Under,9.5,,,,,1.79,0-0,7-7,Red,-1.0,17512652
, CLA-UA France Cyber Cup (UA) (2x4 mins),Terry14 x palkan,Terry14,Lyon,palkan,Nice,27/08/2026,08:12:41,Total de Gols,Under,10.5,,,,,1.71,0-0,7-7,Red,-1.0,17512652
, CLA-UA France Cyber Cup (UA) (2x4 mins),Terry14 x palkan,Terry14,Lyon,palkan,Nice,27/08/2026,08:13:34,Total de Gols,Under,11.5,,,,,1.66,0-2,7-7,Red,-1.0,17512652
, CLA-UA France Cyber Cup (UA) (2x4 mins),Terry14 x palkan,Terry14,Lyon,palkan,Nice,27/08/2026,08:14:25,Total de Gols,Under,12.5,,,,,1.77,1-2,7-7,Red,-1.0,17512652
, CLA-UA France Cyber Cup (UA) (2x4 mins),Terry14 x palkan,Terry14,Lyon,palkan,Nice,27/08/2026,08:14:49,Total de Gols,Under,13.5,,,,,1.83,2-2,7-7,Red,-1.0,17512652
, CLA-UA France Cyber Cup (UA) (2x4 mins),Terry14 x palkan,Terry14,Lyon,palkan,Nice,27/08/2026,08:15:16,Total de Gols,Under,14.5,,,,,1.68,2-3,7-7,Green,0.68,17512652
, CLA-UA France Cyber Cup (UA) (2x4 mins),abr4m_5 x T3RZ,abr4m_5,Stade Rennais FC,T3RZ,Monaco,27/08/2026,08:11:16,Total de Gols,Under,7.5,,,,,2.03,0-0,3-4,Green,1.03,17512650
, CLA-UA France Cyber Cup (UA) (2x4 mins),abr4m_5 x T3RZ,abr4m_5,Stade Rennais FC,T3RZ,Monaco,27/08/2026,08:13:37,Total de Gols,Under,6.5,,,,,2.08,0-0,3-4,Red,-1.0,17512650
, CLA-UA France Cyber Cup (UA) (2x4 mins),abr4m_5 x T3RZ,abr4m_5,Stade Rennais FC,T3RZ,Monaco,27/08/2026,08:14:13,Total de Gols,Under,8.5,,,,,1.85,0-1,3-4,Green,0.85,17512650
,CLA-UA Argentina Cyber Cup (UA) (2x4 mins),aloha x Bucha,aloha,Racing Club,Bucha,River Plate,27/08/2026,08:24:51,Total de Gols,Under,8.5,,,,,1.65,0-0,9-5,Red,-1.0,17512671
,CLA-UA Argentina Cyber Cup (UA) (2x4 mins),aloha x Bucha,aloha,Racing Club,Bucha,River Plate,27/08/2026,08:26:19,Total de Gols,Under,7.5,,,,,2.03,0-0,9-5,Red,-1.0,17512671
,CLA-UA Argentina Cyber Cup (UA) (2x4 mins),aloha x Bucha,aloha,Racing Club,Bucha,River Plate,27/08/2026,08:27:21,Total de Gols,Under,9.5,,,,,1.69,1-0,9-5,Red,-1.0,17512671
,CLA-UA Argentina Cyber Cup (UA) (2x4 mins),aloha x Bucha,aloha,Racing Club,Bucha,River Plate,27/08/2026,08:28:01,Total de Gols,Under,10.5,,,,,1.97,3-0,9-5,Red,-1.0,17512671
,CLA-UA Argentina Cyber Cup (UA) (2x4 mins),aloha x Bucha,aloha,Racing Club,Bucha,River Plate,27/08/2026,08:28:43,Total de Gols,Under,11.5,,,,,1.71,3-1,9-5,Red,-1.0,17512671
,CLA-UA Argentina Cyber Cup (UA) (2x4 mins),aloha x Bucha,aloha,Racing Club,Bucha,River Plate,27/08/2026,08:30:00,Total de Gols,Under,12.5,,,,,1.83,5-1,9-5,Red,-1.0,17512671
,CLA-UA Argentina Cyber Cup (UA) (2x4 mins),aloha x Bucha,aloha,Racing Club,Bucha,River Plate,27/08/2026,08:30:12,Total de Gols,Under,13.5,,,,,1.73,5-2,9-5,Red,-1.0,17512671
,CLA-UA Argentina Cyber Cup (UA) (2x4 mins),aloha x Bucha,aloha,Racing Club,Bucha,River Plate,27/08/2026,08:30:30,Total de Gols,Under,14.5,,,,,1.65,6-2,9-5,Green,0.65,17512671
,CLA-UA Argentina Cyber Cup (UA) (2x4 mins),aloha x Bucha,aloha,Racing Club,Bucha,River Plate,27/08/2026,08:31:27,Total de Gols,Under,15.5,,,,,1.62,7-3,9-5,Green,0.62,17512671
, CLA-UA France Cyber Cup (UA) (2x4 mins),abr4m_5 x palkan,abr4m_5,Stade Rennais FC,palkan,Nice,27/08/2026,08:25:46,Total de Gols,Under,8.5,,,,,1.89,0-0,5-5,Red,-1.0,17512651
, CLA-UA France Cyber Cup (UA) (2x4 mins),abr4m_5 x palkan,abr4m_5,Stade Rennais FC,palkan,Nice,27/08/2026,08:26:41,Total de Gols,Under,9.5,,,,,1.77,0-0,5-5,Red,-1.0,17512651
, CLA-UA France Cyber Cup (UA) (2x4 mins),abr4m_5 x palkan,abr4m_5,Stade Rennais FC,palkan,Nice,27/08/2026,08:26:59,Total de Gols,Under,10.5,,,,,1.68,1-0,5-5,Green,0.68,17512651
, CLA-UA France Cyber Cup (UA) (2x4 mins),abr4m_5 x palkan,abr4m_5,Stade Rennais FC,palkan,Nice,27/08/2026,08:33:01,Total de Gols,Under,11.5,,,,,1.66,3-3,5-5,Green,0.66,17512651
, CLA-UA France Cyber Cup (UA) (2x4 mins),Gammi x palkan,Gammi,Strasbourg,palkan,Nice,27/08/2026,08:39:24,Total de Gols,Under,7.5,,,,,1.83,0-0,1-6,Green,0.83,17514270
, CLA-UA France Cyber Cup (UA) (2x4 mins),Gammi x palkan,Gammi,Strasbourg,palkan,Nice,27/08/2026,08:41:46,Total de Gols,Under,6.5,,,,,1.88,None-None,1-6,Red,-1.0,17514270
, CLA-UA France Cyber Cup (UA) (2x4 mins),Terry14 x T3RZ,Terry14,Lyon,T3RZ,Monaco,27/08/2026,08:39:38,Total de Gols,Under,8.5,,,,,1.68,0-0,6-3,Red,-1.0,17512655
, CLA-UA France Cyber Cup (UA) (2x4 mins),Terry14 x T3RZ,Terry14,Lyon,T3RZ,Monaco,27/08/2026,08:40:39,Total de Gols,Under,7.5,,,,,2.02,0-0,6-3,Red,-1.0,17512655
, CLA-UA France Cyber Cup (UA) (2x4 mins),Terry14 x T3RZ,Terry14,Lyon,T3RZ,Monaco,27/08/2026,08:43:20,Total de Gols,Under,9.5,,,,,1.59,2-0,6-3,Green,0.59,17512655
, CLA-UA France Cyber Cup (UA) (2x4 mins),Terry14 x T3RZ,Terry14,Lyon,T3RZ,Monaco,27/08/2026,08:43:48,Total de Gols,Under,10.5,,,,,1.63,2-1,6-3,Green,0.63,17512655
,CLA-UA Argentina Cyber Cup (UA) (2x4 mins),Nlui_22 x Bucha,Nlui_22,Estudiantes L.P.,Bucha,River Plate,27/08/2026,08:40:20,Total de Gols,Under,8.5,,,,,1.98,0-0,6-5,Red,-1.0,17512672
,CLA-UA Argentina Cyber Cup (UA) (2x4 mins),Nlui_22 x Bucha,Nlui_22,Estudiantes L.P.,Bucha,River Plate,27/08/2026,08:41:30,Total de Gols,Under,7.5,,,,,2.02,0-0,6-5,Red,-1.0,17512672
,CLA-UA Argentina Cyber Cup (UA) (2x4 mins),Nlui_22 x Bucha,Nlui_22,Estudiantes L.P.,Bucha,River Plate,27/08/2026,08:42:12,Total de Gols,Under,9.5,,,,,1.83,1-0,6-5,Red,-1.0,17512672
,CLA-UA Argentina Cyber Cup (UA) (2x4 mins),Nlui_22 x Bucha,Nlui_22,Estudiantes L.P.,Bucha,River Plate,27/08/2026,08:42:40,Total de Gols,Under,10.5,,,,,1.89,1-1,6-5,Red,-1.0,17512672
,CLA-UA Argentina Cyber Cup (UA) (2x4 mins),Nlui_22 x Bucha,Nlui_22,Estudiantes L.P.,Bucha,River Plate,27/08/2026,08:42:50,Total de Gols,Under,11.5,,,,,1.8,2-1,6-5,Green,0.8,17512672
,CLA-UA Argentina Cyber Cup (UA) (2x4 mins),Nlui_22 x Bucha,Nlui_22,Estudiantes L.P.,Bucha,River Plate,27/08/2026,08:43:19,Total de Gols,Under,12.5,,,,,1.69,3-1,6-5,Green,0.69,17512672
, CLA-UA France Cyber Cup (UA) (2x4 mins),Terry14 x abr4m_5,Terry14,Lyon,abr4m_5,Stade Rennais FC,27/08/2026,09:06:58,Total de Gols,Under,8.5,,,,,1.94,0-0,0-0,Green,0.94,17512659
,CLA-UA Argentina Cyber Cup (UA) (2x4 mins),mara x aloha,mara,Boca Juniors,aloha,Racing Club,27/08/2026,09:07:29,Total de Gols,Under,8.5,,,,,1.8,0-0,0-0,Green,0.8,17512797
,CLA-UA Argentina Cyber Cup (UA) (2x4 mins),mara x aloha,mara,Boca Juniors,aloha,Racing Club,27/08/2026,09:08:41,Total de Gols,Under,9.5,,,,,1.62,0-0,0-0,Green,0.62,17512797
, CLA-UA Italy Cyber Cup (UA) (2x4 mins),Hetman x zyX,Hetman,Fiorentina,zyX,Lazio,27/08/2026,09:59:38,Total de Gols,Under,8.5,,,,,1.76,0-0,5-2,Green,0.76,17512725
, CLA-UA Italy Cyber Cup (UA) (2x4 mins),Hetman x zyX,Hetman,Fiorentina,zyX,Lazio,27/08/2026,10:00:40,Total de Gols,Under,7.5,,,,,2.07,0-0,5-2,Green,1.07,17512725
, CLA-UA Italy Cyber Cup (UA) (2x4 mins),Hetman x zyX,Hetman,Fiorentina,zyX,Lazio,27/08/2026,10:03:46,Total de Gols,Under,6.5,,,,,2.12,1-0,5-2,Red,-1.0,17512725
, CLA-UA Spain Cyber Cup (UA) (2x4 mins),T3RZ x Terry14,T3RZ,Getafe,Terry14,Villarreal,27/08/2026,09:59:48,Total de Gols,Under,8.5,,,,,1.68,0-0,6-2,Green,0.68,17512691
, CLA-UA Spain Cyber Cup (UA) (2x4 mins),T3RZ x Terry14,T3RZ,Getafe,Terry14,Villarreal,27/08/2026,10:01:02,Total de Gols,Under,7.5,,,,,2.02,0-0,6-2,Red,-1.0,17512691
, CLA-UA Spain Cyber Cup (UA) (2x4 mins),T3RZ x Terry14,T3RZ,Getafe,Terry14,Villarreal,27/08/2026,10:02:23,Total de Gols,Under,6.5,,,,,2.07,0-0,6-2,Red,-1.0,17512691
, CLA-UA Spain Cyber Cup (UA) (2x4 mins),T3RZ x Terry14,T3RZ,Getafe,Terry14,Villarreal,27/08/2026,10:05:07,Total de Gols,Under,5.5,,,,,2.11,0-1,6-2,Red,-1.0,17512691
, CLA-UA Italy Cyber Cup (UA) (2x4 mins),_pihaaa_ x zyX,_pihaaa_,Juventus,zyX,Lazio,27/08/2026,10:13:18,Total de Gols,Under,7.5,,,,,1.62,0-0,5-3,Red,-1.0,17513032
, CLA-UA Italy Cyber Cup (UA) (2x4 mins),_pihaaa_ x zyX,_pihaaa_,Juventus,zyX,Lazio,27/08/2026,10:14:21,Total de Gols,Under,6.5,,,,,2.07,0-0,5-3,Red,-1.0,17513032
, CLA-UA Italy Cyber Cup (UA) (2x4 mins),_pihaaa_ x zyX,_pihaaa_,Juventus,zyX,Lazio,27/08/2026,10:16:05,Total de Gols,Under,5.5,,,,,2.11,0-0,5-3,Red,-1.0,17513032
, CLA-UA Italy Cyber Cup (UA) (2x4 mins),_pihaaa_ x zyX,_pihaaa_,Juventus,zyX,Lazio,27/08/2026,10:18:53,Total de Gols,Under,8.5,,,,,1.74,3-0,5-3,Green,0.74,17513032
, CLA-UA Italy Cyber Cup (UA) (2x4 mins),_pihaaa_ x zyX,_pihaaa_,Juventus,zyX,Lazio,27/08/2026,10:19:25,Total de Gols,Under,9.5,,,,,1.56,3-1,5-3,Green,0.56,17513032
, CLA-UA Spain Cyber Cup (UA) (2x4 mins),abr4m_5 x Gammi,abr4m_5,Sevilla,Gammi,Girona FC,27/08/2026,10:13:01,Total de Gols,Under,7.5,,,,,1.94,0-0,5-4,Red,-1.0,17514252
, CLA-UA Italy Cyber Cup (UA) (2x4 mins),zyX x Kairox,zyX,Lazio,Kairox,Udinese,27/08/2026,10:27:06,Total de Gols,Under,6.5,,,,,1.75,0-0,1-3,Green,0.75,17512727
, CLA-UA Italy Cyber Cup (UA) (2x4 mins),zyX x Kairox,zyX,Lazio,Kairox,Udinese,27/08/2026,10:28:47,Total de Gols,Under,5.5,,,,,2.11,0-0,1-3,Green,1.11,17512727
, CLA-UA Italy Cyber Cup (UA) (2x4 mins),zyX x Kairox,zyX,Lazio,Kairox,Udinese,27/08/2026,10:30:40,Total de Gols,Under,4.5,,,,,2.12,0-0,1-3,Green,1.12,17512727
, CLA-UA Italy Cyber Cup (UA) (2x4 mins),_pihaaa_ x Kairox,_pihaaa_,Juventus,Kairox,Udinese,27/08/2026,10:42:05,Total de Gols,Under,6.5,,,,,1.65,0-0,4-0,Green,0.65,17513039
, CLA-UA Italy Cyber Cup (UA) (2x4 mins),_pihaaa_ x Kairox,_pihaaa_,Juventus,Kairox,Udinese,27/08/2026,10:43:01,Total de Gols,Under,5.5,,,,,2.12,0-0,4-0,Green,1.12,17513039
, CLA-UA Spain Cyber Cup (UA) (2x4 mins),abr4m_5 x T3RZ,abr4m_5,Sevilla,T3RZ,Getafe,27/08/2026,10:48:43,Total de Gols,Under,7.5,,,,,2.01,2-2,3-5,Red,-1.0,17512696
, CLA-UA Spain Cyber Cup (UA) (2x4 mins),abr4m_5 x T3RZ,abr4m_5,Sevilla,T3RZ,Getafe,27/08/2026,10:49:45,Total de Gols,Under,6.5,,,,,2.21,2-2,3-5,Red,-1.0,17512696
, CLA-UA Spain Cyber Cup (UA) (2x4 mins),Terry14 x Gammi,Terry14,Villarreal,Gammi,Girona FC,27/08/2026,10:55:40,Total de Gols,Under,7.5,,,,,1.62,0-0,2-1,Green,0.62,17514254
, CLA-UA Spain Cyber Cup (UA) (2x4 mins),Terry14 x Gammi,Terry14,Villarreal,Gammi,Girona FC,27/08/2026,10:56:20,Total de Gols,Under,6.5,,,,,2.07,0-0,2-1,Green,1.07,17514254
, CLA-UA Spain Cyber Cup (UA) (2x4 mins),Terry14 x Gammi,Terry14,Villarreal,Gammi,Girona FC,27/08/2026,10:57:50,Total de Gols,Under,5.5,,,,,2.12,0-0,2-1,Green,1.12,17514254
, CLA-UA Spain Cyber Cup (UA) (2x4 mins),Terry14 x Gammi,Terry14,Villarreal,Gammi,Girona FC,27/08/2026,10:59:28,Total de Gols,Under,4.5,,,,,2.12,0-0,2-1,Green,1.12,17514254
, CLA-UA Spain Cyber Cup (UA) (2x4 mins),Terry14 x Gammi,Terry14,Villarreal,Gammi,Girona FC,27/08/2026,11:05:59,Total de Gols,Under,3.5,,,,,2.61,2-1,2-1,Green,1.61,17514254
, CLA-UA Spain Cyber Cup (UA) (2x4 mins),abr4m_5 x palkan,abr4m_5,Sevilla,palkan,Valencia,27/08/2026,10:55:28,Total de Gols,Under,8.5,,,,,1.89,0-0,5-8,Red,-1.0,17512698
, CLA-UA Spain Cyber Cup (UA) (2x4 mins),abr4m_5 x palkan,abr4m_5,Sevilla,palkan,Valencia,27/08/2026,10:56:50,Total de Gols,Under,9.5,,,,,1.66,0-0,5-8,Red,-1.0,17512698
, CLA-UA Spain Cyber Cup (UA) (2x4 mins),abr4m_5 x palkan,abr4m_5,Sevilla,palkan,Valencia,27/08/2026,10:59:15,Total de Gols,Under,10.5,,,,,1.72,1-2,5-8,Red,-1.0,17512698
, CLA-UA Spain Cyber Cup (UA) (2x4 mins),abr4m_5 x palkan,abr4m_5,Sevilla,palkan,Valencia,27/08/2026,10:59:33,Total de Gols,Under,11.5,,,,,1.62,1-3,5-8,Red,-1.0,17512698
, CLA-UA Spain Cyber Cup (UA) (2x4 mins),abr4m_5 x palkan,abr4m_5,Sevilla,palkan,Valencia,27/08/2026,11:00:06,Total de Gols,Under,12.5,,,,,1.91,1-4,5-8,Red,-1.0,17512698
, CLA-UA Spain Cyber Cup (UA) (2x4 mins),abr4m_5 x palkan,abr4m_5,Sevilla,palkan,Valencia,27/08/2026,11:00:23,Total de Gols,Under,13.5,,,,,1.78,2-5,5-8,Green,0.78,17512698
, CLA-UA Spain Cyber Cup (UA) (2x4 mins),abr4m_5 x palkan,abr4m_5,Sevilla,palkan,Valencia,27/08/2026,11:04:41,Total de Gols,Under,14.5,,,,,1.52,3-8,5-8,Green,0.52,17512698
, CLA-UA Spain Cyber Cup (UA) (2x4 mins),Gammi x palkan,Gammi,Girona FC,palkan,Valencia,27/08/2026,11:09:33,Total de Gols,Under,7.5,,,,,1.74,0-0,1-6,Green,0.74,17514255
, CLA-UA Spain Cyber Cup (UA) (2x4 mins),Gammi x palkan,Gammi,Girona FC,palkan,Valencia,27/08/2026,11:10:50,Total de Gols,Under,6.5,,,,,2.07,0-0,1-6,Red,-1.0,17514255
, CLA-UA Italy Cyber Cup (UA) (2x4 mins),zyX x Hetman,zyX,Lazio,Hetman,Fiorentina,27/08/2026,11:11:05,Total de Gols,Under,7.5,,,,,1.97,0-0,2-5,Green,0.97,17512728
, CLA-UA Italy Cyber Cup (UA) (2x4 mins),zyX x Hetman,zyX,Lazio,Hetman,Fiorentina,27/08/2026,11:12:01,Total de Gols,Under,6.5,,,,,2.08,0-0,2-5,Red,-1.0,17512728
, CLA-UA Italy Cyber Cup (UA) (2x4 mins),zyX x Hetman,zyX,Lazio,Hetman,Fiorentina,27/08/2026,11:12:04,Total de Gols,Under,8.5,,,,,1.68,0-0,2-5,Green,0.68,17512728
, CLA-UA Italy Cyber Cup (UA) (2x4 mins),zyX x Hetman,zyX,Lazio,Hetman,Fiorentina,27/08/2026,11:13:48,Total de Gols,Under,9.5,,,,,1.65,1-1,2-5,Green,0.65,17512728
, CLA-UA Italy Cyber Cup (UA) (2x4 mins),vrud1 x Kairox,vrud1,Inter,Kairox,Udinese,27/08/2026,11:10:27,Total de Gols,Under,6.5,,,,,1.69,0-0,2-7,Red,-1.0,17513044
, CLA-UA Italy Cyber Cup (UA) (2x4 mins),vrud1 x Kairox,vrud1,Inter,Kairox,Udinese,27/08/2026,11:10:54,Total de Gols,Under,5.5,,,,,2.08,0-0,2-7,Red,-1.0,17513044
, CLA-UA Italy Cyber Cup (UA) (2x4 mins),vrud1 x Kairox,vrud1,Inter,Kairox,Udinese,27/08/2026,11:11:28,Total de Gols,Under,7.5,,,,,1.89,0-1,2-7,Red,-1.0,17513044
, CLA-UA Italy Cyber Cup (UA) (2x4 mins),vrud1 x Kairox,vrud1,Inter,Kairox,Udinese,27/08/2026,11:13:42,Total de Gols,Under,8.5,,,,,1.85,1-2,2-7,Red,-1.0,17513044
, CLA-UA Italy Cyber Cup (UA) (2x4 mins),vrud1 x Kairox,vrud1,Inter,Kairox,Udinese,27/08/2026,11:14:19,Total de Gols,Under,9.5,,,,,1.66,1-3,2-7,Green,0.66,17513044
, CLA-UA Italy Cyber Cup (UA) (2x4 mins),Kairox x Hetman,Kairox,Udinese,Hetman,Fiorentina,27/08/2026,11:24:22,Total de Gols,Under,6.5,,,,,1.71,0-0,2-1,Green,0.71,17512729
, CLA-UA Italy Cyber Cup (UA) (2x4 mins),Kairox x Hetman,Kairox,Udinese,Hetman,Fiorentina,27/08/2026,11:24:48,Total de Gols,Under,5.5,,,,,2.12,0-0,2-1,Green,1.12,17512729
, CLA-UA Italy Cyber Cup (UA) (2x4 mins),Kairox x Hetman,Kairox,Udinese,Hetman,Fiorentina,27/08/2026,11:26:51,Total de Gols,Under,4.5,,,,,2.12,0-0,2-1,Green,1.12,17512729
, CLA-UA Italy Cyber Cup (UA) (2x4 mins),Kairox x Hetman,Kairox,Udinese,Hetman,Fiorentina,27/08/2026,11:28:29,Total de Gols,Under,3.5,,,,,2.16,0-0,2-1,Green,1.16,17512729
, CLA-UA Italy Cyber Cup (UA) (2x4 mins),Kairox x Hetman,Kairox,Udinese,Hetman,Fiorentina,27/08/2026,11:32:27,Total de Gols,Under,2.5,,,,,2.37,1-0,2-1,Red,-1.0,17512729
, CLA-UA Spain Cyber Cup (UA) (2x4 mins),Terry14 x abr4m_5,Terry14,Villarreal,abr4m_5,Sevilla,27/08/2026,11:37:28,Total de Gols,Under,8.5,,,,,1.89,0-0,7-5,Red,-1.0,17512704
, CLA-UA Spain Cyber Cup (UA) (2x4 mins),Terry14 x abr4m_5,Terry14,Villarreal,abr4m_5,Sevilla,27/08/2026,11:38:45,Total de Gols,Under,9.5,,,,,1.72,1-0,7-5,Red,-1.0,17512704
, CLA-UA Spain Cyber Cup (UA) (2x4 mins),Terry14 x abr4m_5,Terry14,Villarreal,abr4m_5,Sevilla,27/08/2026,11:40:26,Total de Gols,Under,10.5,,,,,1.68,1-1,7-5,Red,-1.0,17512704
, CLA-UA Spain Cyber Cup (UA) (2x4 mins),Terry14 x abr4m_5,Terry14,Villarreal,abr4m_5,Sevilla,27/08/2026,11:44:29,Total de Gols,Under,11.5,,,,,1.71,3-3,7-5,Red,-1.0,17512704
, CLA-UA Italy Cyber Cup (UA) (2x4 mins),vrud1 x _pihaaa_,vrud1,Inter,_pihaaa_,Juventus,27/08/2026,11:37:00,Total de Gols,Under,7.5,,,,,1.74,0-0,7-4,Red,-1.0,17513046
, CLA-UA Italy Cyber Cup (UA) (2x4 mins),vrud1 x _pihaaa_,vrud1,Inter,_pihaaa_,Juventus,27/08/2026,11:39:01,Total de Gols,Under,8.5,,,,,1.98,0-1,7-4,Red,-1.0,17513046
, CLA-UA Italy Cyber Cup (UA) (2x4 mins),vrud1 x _pihaaa_,vrud1,Inter,_pihaaa_,Juventus,27/08/2026,11:41:31,Total de Gols,Under,6.5,,,,,2.12,1-1,7-4,Red,-1.0,17513046
, CLA-UA Italy Cyber Cup (UA) (2x4 mins),vrud1 x _pihaaa_,vrud1,Inter,_pihaaa_,Juventus,27/08/2026,11:43:12,Total de Gols,Under,9.5,,,,,1.65,2-2,7-4,Red,-1.0,17513046
, CLA-UA Italy Cyber Cup (UA) (2x4 mins),Kairox x _pihaaa_,Kairox,Udinese,_pihaaa_,Juventus,27/08/2026,11:52:10,Total de Gols,Under,6.5,,,,,1.62,0-0,3-3,Green,0.62,17513048
, CLA-UA Italy Cyber Cup (UA) (2x4 mins),Kairox x _pihaaa_,Kairox,Udinese,_pihaaa_,Juventus,27/08/2026,11:52:42,Total de Gols,Under,5.5,,,,,2.12,0-0,3-3,Red,-1.0,17513048
, CLA-UA Spain Cyber Cup (UA) (2x4 mins),Gammi x Terry14,Gammi,Girona FC,Terry14,Villarreal,27/08/2026,12:06:48,Total de Gols,Under,6.5,,,,,2.07,0-0,3-6,Red,-1.0,17514259
, CLA-UA Spain Cyber Cup (UA) (2x4 mins),Gammi x Terry14,Gammi,Girona FC,Terry14,Villarreal,27/08/2026,12:07:40,Total de Gols,Under,7.5,,,,,1.78,0-0,3-6,Red,-1.0,17514259
, CLA-UA Spain Cyber Cup (UA) (2x4 mins),Gammi x Terry14,Gammi,Girona FC,Terry14,Villarreal,27/08/2026,12:10:35,Total de Gols,Under,8.5,,,,,1.94,1-2,3-6,Red,-1.0,17514259
, CLA-UA Spain Cyber Cup (UA) (2x4 mins),Gammi x Terry14,Gammi,Girona FC,Terry14,Villarreal,27/08/2026,12:12:39,Total de Gols,Under,9.5,,,,,1.98,2-3,3-6,Green,0.98,17514259
, CLA-UA Spain Cyber Cup (UA) (2x4 mins),Gammi x Terry14,Gammi,Girona FC,Terry14,Villarreal,27/08/2026,12:12:58,Total de Gols,Under,10.5,,,,,2.01,3-3,3-6,Green,1.01,17514259
, CLA-UA Italy Cyber Cup (UA) (2x4 mins),zyX x vrud1,zyX,Lazio,vrud1,Inter,27/08/2026,12:06:26,Total de Gols,Under,6.5,,,,,1.68,0-0,5-2,Red,-1.0,17513052
, CLA-UA Italy Cyber Cup (UA) (2x4 mins),zyX x vrud1,zyX,Lazio,vrud1,Inter,27/08/2026,12:06:46,Total de Gols,Under,5.5,,,,,2.12,0-0,5-2,Red,-1.0,17513052
, CLA-UA Italy Cyber Cup (UA) (2x4 mins),zyX x vrud1,zyX,Lazio,vrud1,Inter,27/08/2026,12:08:36,Total de Gols,Under,4.5,,,,,2.12,0-0,5-2,Red,-1.0,17513052
, CLA-UA Italy Cyber Cup (UA) (2x4 mins),zyX x vrud1,zyX,Lazio,vrud1,Inter,27/08/2026,12:11:03,Total de Gols,Under,7.5,,,,,1.54,1-1,5-2,Green,0.54,17513052
, CLA-UA Italy Cyber Cup (UA) (2x4 mins),zyX x vrud1,zyX,Lazio,vrud1,Inter,27/08/2026,12:11:28,Total de Gols,Under,8.5,,,,,2.02,2-2,5-2,Green,1.02,17513052
,CLA-UA World Cyber Cup (UA) (2x4 mins),Donatello x Jur_Kr,Donatello,Cabo Verde,Jur_Kr,Saudi Arabia,27/08/2026,15:00:04,Total de Gols,Under,8.5,,,,,2.03,0-0,6-3,Red,-1.0,17512783
,CLA-UA World Cyber Cup (UA) (2x4 mins),Donatello x Jur_Kr,Donatello,Cabo Verde,Jur_Kr,Saudi Arabia,27/08/2026,15:02:41,Total de Gols,Under,9.5,,,,,1.69,0-0,6-3,Green,0.69,17512783
,CLA-UA World Cyber Cup (UA) (2x4 mins),Donatello x Jur_Kr,Donatello,Cabo Verde,Jur_Kr,Saudi Arabia,27/08/2026,15:07:56,Total de Gols,Under,10.5,,,,,1.92,3-2,6-3,Green,0.92,17512783
, CLA-UA Spain Cyber Cup (UA) (2x4 mins),Stafford x vrud1,Stafford,Real Sociedad,vrud1,Real Madrid,27/08/2026,15:00:14,Total de Gols,Under,9.5,,,,,1.75,0-0,5-4,Green,0.75,17512986
, CLA-UA Spain Cyber Cup (UA) (2x4 mins),Stafford x vrud1,Stafford,Real Sociedad,vrud1,Real Madrid,27/08/2026,15:00:44,Total de Gols,Under,8.5,,,,,2.03,0-0,5-4,Red,-1.0,17512986
, CLA-UA Spain Cyber Cup (UA) (2x4 mins),Stafford x vrud1,Stafford,Real Sociedad,vrud1,Real Madrid,27/08/2026,15:03:10,Total de Gols,Under,7.5,,,,,2.03,1-0,5-4,Red,-1.0,17512986
, CLA-UA Italy Cyber Cup (UA) (2x4 mins),desicom x Xellark,desicom,Atalanta,Xellark,Torino,27/08/2026,15:14:26,Total de Gols,Under,6.5,,,,,1.81,0-0,3-2,Green,0.81,17512973
, CLA-UA Italy Cyber Cup (UA) (2x4 mins),desicom x Xellark,desicom,Atalanta,Xellark,Torino,27/08/2026,15:14:57,Total de Gols,Under,7.5,,,,,1.69,0-0,3-2,Green,0.69,17512973
, CLA-UA Italy Cyber Cup (UA) (2x4 mins),desicom x Xellark,desicom,Atalanta,Xellark,Torino,27/08/2026,15:17:19,Total de Gols,Under,5.5,,,,,2.11,0-1,3-2,Green,1.11,17512973
, CLA-UA Italy Cyber Cup (UA) (2x4 mins),desicom x Xellark,desicom,Atalanta,Xellark,Torino,27/08/2026,15:18:42,Total de Gols,Under,4.5,,,,,2.2,0-1,3-2,Red,-1.0,17512973
,CLA-UA World Cyber Cup (UA) (2x4 mins),djamik x Jur_Kr,djamik,Romania,Jur_Kr,Saudi Arabia,27/08/2026,15:13:27,Total de Gols,Under,8.5,,,,,1.98,0-0,3-4,Green,0.98,17512958
,CLA-UA World Cyber Cup (UA) (2x4 mins),djamik x Jur_Kr,djamik,Romania,Jur_Kr,Saudi Arabia,27/08/2026,15:15:56,Total de Gols,Under,9.5,,,,,1.73,0-0,3-4,Green,0.73,17512958
,CLA-UA World Cyber Cup (UA) (2x4 mins),djamik x Jur_Kr,djamik,Romania,Jur_Kr,Saudi Arabia,27/08/2026,15:22:16,Total de Gols,Under,7.5,,,,,2.22,2-3,3-4,Green,1.22,17512958
,CLA-UA World Cyber Cup (UA) (2x4 mins),djamik x Jur_Kr,djamik,Romania,Jur_Kr,Saudi Arabia,27/08/2026,15:24:32,Total de Gols,Under,6.5,,,,,2.56,2-4,3-4,Red,-1.0,17512958
, CLA-UA Italy Cyber Cup (UA) (2x4 mins),FanFan x Jackson,FanFan,Bologna FC,Jackson,Milan,27/08/2026,15:14:30,Total de Gols,Under,6.5,,,,,2.07,0-0,4-5,Red,-1.0,17512803
, CLA-UA Italy Cyber Cup (UA) (2x4 mins),FanFan x Jackson,FanFan,Bologna FC,Jackson,Milan,27/08/2026,15:22:10,Total de Gols,Under,7.5,,,,,1.85,0-0,4-5,Red,-1.0,17512803
, CLA-UA Italy Cyber Cup (UA) (2x4 mins),FanFan x Jackson,FanFan,Bologna FC,Jackson,Milan,27/08/2026,15:28:13,Total de Gols,Under,8.5,,,,,1.59,1-3,4-5,Red,-1.0,17512803
, CLA-UA Italy Cyber Cup (UA) (2x4 mins),FanFan x Jackson,FanFan,Bologna FC,Jackson,Milan,27/08/2026,15:31:15,Total de Gols,Under,9.5,,,,,1.39,3-4,4-5,Green,0.39,17512803
, CLA-UA Italy Cyber Cup (UA) (2x4 mins),desicom x luxiqq,desicom,Atalanta,luxiqq,Fiorentina,27/08/2026,15:28:17,Total de Gols,Under,6.5,,,,,2.02,0-0,4-6,Red,-1.0,17512804
, CLA-UA Italy Cyber Cup (UA) (2x4 mins),desicom x luxiqq,desicom,Atalanta,luxiqq,Fiorentina,27/08/2026,15:28:43,Total de Gols,Under,7.5,,,,,1.85,0-0,4-6,Red,-1.0,17512804
, CLA-UA Italy Cyber Cup (UA) (2x4 mins),desicom x luxiqq,desicom,Atalanta,luxiqq,Fiorentina,27/08/2026,15:31:06,Total de Gols,Under,8.5,,,,,1.65,1-1,4-6,Red,-1.0,17512804
, CLA-UA Italy Cyber Cup (UA) (2x4 mins),desicom x luxiqq,desicom,Atalanta,luxiqq,Fiorentina,27/08/2026,15:37:21,Total de Gols,Under,9.5,,,,,1.82,3-4,4-6,Red,-1.0,17512804
,CLA-UA World Cyber Cup (UA) (2x4 mins),Int1liGenT x Donatello,Int1liGenT,Spain,Donatello,Cabo Verde,27/08/2026,15:42:08,Total de Gols,Under,8.5,,,,,1.98,0-0,5-2,Green,0.98,17512788
,CLA-UA World Cyber Cup (UA) (2x4 mins),Int1liGenT x Donatello,Int1liGenT,Spain,Donatello,Cabo Verde,27/08/2026,15:43:44,Total de Gols,Under,7.5,,,,,2.02,0-0,5-2,Green,1.02,17512788
,CLA-UA World Cyber Cup (UA) (2x4 mins),Int1liGenT x Donatello,Int1liGenT,Spain,Donatello,Cabo Verde,27/08/2026,15:46:02,Total de Gols,Under,9.5,,,,,1.65,2-0,5-2,Green,0.65,17512788
, CLA-UA Spain Cyber Cup (UA) (2x4 mins),vrud1 x shatik666,vrud1,Real Madrid,shatik666,Athletic Club,27/08/2026,15:42:34,Total de Gols,Under,9.5,,,,,1.65,0-0,3-3,Green,0.65,17512991
, CLA-UA Spain Cyber Cup (UA) (2x4 mins),vrud1 x shatik666,vrud1,Real Madrid,shatik666,Athletic Club,27/08/2026,15:42:44,Total de Gols,Under,8.5,,,,,2.02,0-0,3-3,Green,1.02,17512991
, CLA-UA Spain Cyber Cup (UA) (2x4 mins),vrud1 x shatik666,vrud1,Real Madrid,shatik666,Athletic Club,27/08/2026,15:43:55,Total de Gols,Under,7.5,,,,,2.07,0-0,3-3,Green,1.07,17512991
, CLA-UA Spain Cyber Cup (UA) (2x4 mins),vrud1 x shatik666,vrud1,Real Madrid,shatik666,Athletic Club,27/08/2026,15:52:39,Total de Gols,Under,6.5,,,,,2.65,3-3,3-3,Green,1.65,17512991
, CLA-UA Spain Cyber Cup (UA) (2x4 mins),Forzyar x Stafford,Forzyar,Atletico Madrid,Stafford,Real Sociedad,27/08/2026,15:41:48,Total de Gols,Under,7.5,,,,,1.98,0-0,5-3,Red,-1.0,17512830
, CLA-UA Spain Cyber Cup (UA) (2x4 mins),Forzyar x Stafford,Forzyar,Atletico Madrid,Stafford,Real Sociedad,27/08/2026,15:42:26,Total de Gols,Under,8.5,,,,,1.88,0-0,5-3,Green,0.88,17512830
, CLA-UA Spain Cyber Cup (UA) (2x4 mins),Forzyar x Stafford,Forzyar,Atletico Madrid,Stafford,Real Sociedad,27/08/2026,15:46:37,Total de Gols,Under,6.5,,,,,2.13,1-1,5-3,Red,-1.0,17512830
, CLA-UA Spain Cyber Cup (UA) (2x4 mins),Forzyar x Stafford,Forzyar,Atletico Madrid,Stafford,Real Sociedad,27/08/2026,15:48:33,Total de Gols,Under,9.5,,,,,1.82,2-2,5-3,Green,0.82,17512830
, CLA-UA Spain Cyber Cup (UA) (2x4 mins),vrud1 x zasia,vrud1,Real Madrid,zasia,Real Betis,27/08/2026,16:06:15,Total de Gols,Under,7.5,,,,,1.98,4-3,4-3,Green,0.98,17512993
,CLA-UA World Cyber Cup (UA) (2x4 mins),djamik x Donatello,djamik,Romania,Donatello,Cabo Verde,27/08/2026,16:04:51,Total de Gols,Under,10.5,,,,,1.78,4-4,4-4,Green,0.78,17512963
,CLA-UA World Cyber Cup (UA) (2x4 mins),djamik x Donatello,djamik,Romania,Donatello,Cabo Verde,27/08/2026,16:05:30,Total de Gols,Under,9.5,,,,,2.23,4-4,4-4,Green,1.23,17512963
,CLA-UA World Cyber Cup (UA) (2x4 mins),djamik x Donatello,djamik,Romania,Donatello,Cabo Verde,27/08/2026,16:06:50,Total de Gols,Under,8.5,,,,,2.66,4-4,4-4,Green,1.66,17512963
, CLA-UA Spain Cyber Cup (UA) (2x4 mins),Forzyar x shatik666,Forzyar,Atletico Madrid,shatik666,Athletic Club,27/08/2026,16:05:59,Total de Gols,Under,8.5,,,,,1.98,3-4,3-4,Green,0.98,17512831
, CLA-UA Spain Cyber Cup (UA) (2x4 mins),Forzyar x shatik666,Forzyar,Atletico Madrid,shatik666,Athletic Club,27/08/2026,16:06:54,Total de Gols,Under,7.5,,,,,2.69,3-4,3-4,Green,1.69,17512831
,CLA-UA World Cyber Cup (UA) (2x4 mins),Int1liGenT x Jur_Kr,Int1liGenT,Spain,Jur_Kr,Saudi Arabia,27/08/2026,16:04:51,Total de Gols,Under,9.5,,,,,1.78,4-3,5-6,Red,-1.0,17512791
,CLA-UA World Cyber Cup (UA) (2x4 mins),Int1liGenT x Jur_Kr,Int1liGenT,Spain,Jur_Kr,Saudi Arabia,27/08/2026,16:05:23,Total de Gols,Under,8.5,,,,,2.31,4-3,5-6,Red,-1.0,17512791
, CLA-UA Italy Cyber Cup (UA) (2x4 mins),desicom x FanFan,desicom,Atalanta,FanFan,Bologna FC,27/08/2026,16:04:51,Total de Gols,Under,7.5,,,,,1.83,2-2,2-5,Green,0.83,17512811
, CLA-UA Italy Cyber Cup (UA) (2x4 mins),desicom x FanFan,desicom,Atalanta,FanFan,Bologna FC,27/08/2026,16:05:33,Total de Gols,Under,6.5,,,,,2.26,2-2,2-5,Red,-1.0,17512811
, CLA-UA Italy Cyber Cup (UA) (2x4 mins),desicom x FanFan,desicom,Atalanta,FanFan,Bologna FC,27/08/2026,16:07:29,Total de Gols,Under,8.5,,,,,1.48,2-4,2-5,Green,0.48,17512811
, CLA-UA Italy Cyber Cup (UA) (2x4 mins),luxiqq x Xellark,luxiqq,Fiorentina,Xellark,Torino,27/08/2026,16:04:51,Total de Gols,Under,4.5,,,,,1.95,0-0,5-2,Red,-1.0,17512977
, CLA-UA Italy Cyber Cup (UA) (2x4 mins),luxiqq x Xellark,luxiqq,Fiorentina,Xellark,Torino,27/08/2026,16:05:19,Total de Gols,Under,5.5,,,,,1.7,0-0,5-2,Red,-1.0,17512977
, CLA-UA Italy Cyber Cup (UA) (2x4 mins),luxiqq x Xellark,luxiqq,Fiorentina,Xellark,Torino,27/08/2026,16:07:22,Total de Gols,Under,3.5,,,,,2.17,0-1,5-2,Red,-1.0,17512977
, CLA-UA Spain Cyber Cup (UA) (2x4 mins),zasia x shatik666,zasia,Real Betis,shatik666,Athletic Club,27/08/2026,16:10:06,Total de Gols,Under,9.5,,,,,1.71,0-0,5-7,Red,-1.0,17512832
, CLA-UA Spain Cyber Cup (UA) (2x4 mins),zasia x shatik666,zasia,Real Betis,shatik666,Athletic Club,27/08/2026,16:10:44,Total de Gols,Under,8.5,,,,,1.98,0-0,5-7,Red,-1.0,17512832
, CLA-UA Spain Cyber Cup (UA) (2x5 mins),zasia x shatik666,zasia,Real Betis,shatik666,Athletic Club,27/08/2026,16:13:34,Total de Gols,Under,10.5,,,,,1.61,3-0,5-7,Red,-1.0,17512832
, CLA-UA Spain Cyber Cup (UA) (2x5 mins),zasia x shatik666,zasia,Real Betis,shatik666,Athletic Club,27/08/2026,16:15:40,Total de Gols,Under,11.5,,,,,1.76,3-3,5-7,Red,-1.0,17512832
, CLA-UA Spain Cyber Cup (UA) (2x5 mins),zasia x shatik666,zasia,Real Betis,shatik666,Athletic Club,27/08/2026,16:17:18,Total de Gols,Under,12.5,,,,,1.73,4-4,5-7,Green,0.73,17512832
, CLA-UA Spain Cyber Cup (UA) (2x5 mins),zasia x shatik666,zasia,Real Betis,shatik666,Athletic Club,27/08/2026,16:17:56,Total de Gols,Under,13.5,,,,,1.56,4-5,5-7,Green,0.56,17512832
, CLA-UA Spain Cyber Cup (UA) (2x5 mins),zasia x shatik666,zasia,Real Betis,shatik666,Athletic Club,27/08/2026,16:18:05,Total de Gols,Under,14.5,,,,,1.54,4-6,5-7,Green,0.54,17512832
,CLA-UA World Cyber Cup (UA) (2x5 mins),Jur_Kr x djamik,Jur_Kr,Saudi Arabia,djamik,Romania,27/08/2026,16:22:57,Total de Gols,Under,8.5,,,,,1.89,0-0,3-4,Green,0.89,17512965
,CLA-UA World Cyber Cup (UA) (2x5 mins),Jur_Kr x djamik,Jur_Kr,Saudi Arabia,djamik,Romania,27/08/2026,16:25:10,Total de Gols,Under,7.5,,,,,2.01,0-0,3-4,Green,1.01,17512965
,CLA-UA World Cyber Cup (UA) (2x5 mins),Jur_Kr x djamik,Jur_Kr,Saudi Arabia,djamik,Romania,27/08/2026,16:28:43,Total de Gols,Under,9.5,,,,,1.57,1-2,3-4,Green,0.57,17512965
,CLA-UA World Cyber Cup (UA) (2x5 mins),Jur_Kr x djamik,Jur_Kr,Saudi Arabia,djamik,Romania,27/08/2026,16:33:32,Total de Gols,Under,6.5,,,,,2.9,3-3,3-4,Red,-1.0,17512965
, CLA-UA Spain Cyber Cup (UA) (2x5 mins),zasia x Forzyar,zasia,Real Betis,Forzyar,Atletico Madrid,27/08/2026,16:23:53,Total de Gols,Under,7.5,,,,,1.7,0-0,1-6,Green,0.7,17512833
, CLA-UA Spain Cyber Cup (UA) (2x5 mins),zasia x Forzyar,zasia,Real Betis,Forzyar,Atletico Madrid,27/08/2026,16:24:42,Total de Gols,Under,6.5,,,,,2.07,0-0,1-6,Red,-1.0,17512833
, CLA-UA Spain Cyber Cup (UA) (2x5 mins),zasia x Forzyar,zasia,Real Betis,Forzyar,Atletico Madrid,27/08/2026,16:26:09,Total de Gols,Under,5.5,,,,,2.07,0-0,1-6,Red,-1.0,17512833
, CLA-UA Spain Cyber Cup (UA) (2x5 mins),zasia x Forzyar,zasia,Real Betis,Forzyar,Atletico Madrid,27/08/2026,16:31:32,Total de Gols,Under,8.5,,,,,1.59,0-4,1-6,Green,0.59,17512833
,CLA-UA World Cyber Cup (UA) (2x5 mins),femzzi x Donatello,femzzi,Uruguay,Donatello,Cabo Verde,27/08/2026,16:24:07,Total de Gols,Under,8.5,,,,,1.8,0-0,2-6,Green,0.8,17512796
,CLA-UA World Cyber Cup (UA) (2x5 mins),femzzi x Donatello,femzzi,Uruguay,Donatello,Cabo Verde,27/08/2026,16:25:07,Total de Gols,Under,7.5,,,,,2.03,0-0,2-6,Red,-1.0,17512796
,CLA-UA World Cyber Cup (UA) (2x5 mins),femzzi x Donatello,femzzi,Uruguay,Donatello,Cabo Verde,27/08/2026,16:26:15,Total de Gols,Under,6.5,,,,,2.07,0-0,2-6,Red,-1.0,17512796
,CLA-UA World Cyber Cup (UA) (2x5 mins),femzzi x Donatello,femzzi,Uruguay,Donatello,Cabo Verde,27/08/2026,16:27:35,Total de Gols,Under,5.5,,,,,2.03,0-0,2-6,Red,-1.0,17512796
,CLA-UA World Cyber Cup (UA) (2x5 mins),femzzi x Donatello,femzzi,Uruguay,Donatello,Cabo Verde,27/08/2026,16:30:27,Total de Gols,Under,4.5,,,,,2.17,0-1,2-6,Red,-1.0,17512796
,CLA-UA World Cyber Cup (UA) (2x5 mins),femzzi x Donatello,femzzi,Uruguay,Donatello,Cabo Verde,27/08/2026,16:32:39,Total de Gols,Under,3.5,,,,,2.26,1-1,2-6,Red,-1.0,17512796
, CLA-UA Spain Cyber Cup (UA) (2x5 mins),Stafford x shatik666,Stafford,Real Sociedad,shatik666,Athletic Club,27/08/2026,16:24:17,Total de Gols,Under,8.5,,,,,1.98,0-0,3-7,Red,-1.0,17512834
, CLA-UA Spain Cyber Cup (UA) (2x5 mins),Stafford x shatik666,Stafford,Real Sociedad,shatik666,Athletic Club,27/08/2026,16:25:08,Total de Gols,Under,9.5,,,,,1.72,0-0,3-7,Red,-1.0,17512834
, CLA-UA Spain Cyber Cup (UA) (2x5 mins),Stafford x shatik666,Stafford,Real Sociedad,shatik666,Athletic Club,27/08/2026,16:27:04,Total de Gols,Under,7.5,,,,,2.03,0-1,3-7,Red,-1.0,17512834
, CLA-UA Spain Cyber Cup (UA) (2x5 mins),Stafford x shatik666,Stafford,Real Sociedad,shatik666,Athletic Club,27/08/2026,16:27:59,Total de Gols,Under,6.5,,,,,2.11,0-1,3-7,Red,-1.0,17512834
, CLA-UA Italy Cyber Cup (UA) (2x5 mins),luxiqq x desicom,luxiqq,Fiorentina,desicom,Atalanta,27/08/2026,16:38:15,Total de Gols,Under,6.5,,,,,1.98,0-0,8-3,Red,-1.0,17512817
, CLA-UA Italy Cyber Cup (UA) (2x5 mins),luxiqq x desicom,luxiqq,Fiorentina,desicom,Atalanta,27/08/2026,16:38:32,Total de Gols,Under,7.5,,,,,1.92,0-0,8-3,Red,-1.0,17512817
, CLA-UA Italy Cyber Cup (UA) (2x5 mins),luxiqq x desicom,luxiqq,Fiorentina,desicom,Atalanta,27/08/2026,16:39:31,Total de Gols,Under,8.5,,,,,1.62,0-1,8-3,Red,-1.0,17512817
, CLA-UA Italy Cyber Cup (UA) (2x5 mins),luxiqq x desicom,luxiqq,Fiorentina,desicom,Atalanta,27/08/2026,16:40:32,Total de Gols,Under,9.5,,,,,1.79,2-1,8-3,Red,-1.0,17512817
, CLA-UA Italy Cyber Cup (UA) (2x5 mins),luxiqq x desicom,luxiqq,Fiorentina,desicom,Atalanta,27/08/2026,16:43:37,Total de Gols,Under,10.5,,,,,1.88,4-2,8-3,Red,-1.0,17512817
, CLA-UA Italy Cyber Cup (UA) (2x5 mins),luxiqq x desicom,luxiqq,Fiorentina,desicom,Atalanta,27/08/2026,16:43:56,Total de Gols,Under,11.5,,,,,1.54,5-2,8-3,Green,0.54,17512817
, CLA-UA Spain Cyber Cup (UA) (2x5 mins),vrud1 x Forzyar,vrud1,Real Madrid,Forzyar,Atletico Madrid,27/08/2026,16:38:12,Total de Gols,Under,7.5,,,,,1.97,0-0,4-6,Red,-1.0,17512998
, CLA-UA Spain Cyber Cup (UA) (2x5 mins),vrud1 x Forzyar,vrud1,Real Madrid,Forzyar,Atletico Madrid,27/08/2026,16:38:32,Total de Gols,Under,8.5,,,,,1.87,0-0,4-6,Red,-1.0,17512998
, CLA-UA Spain Cyber Cup (UA) (2x5 mins),vrud1 x Forzyar,vrud1,Real Madrid,Forzyar,Atletico Madrid,27/08/2026,16:39:04,Total de Gols,Under,9.5,,,,,1.69,0-1,4-6,Red,-1.0,17512998
, CLA-UA Spain Cyber Cup (UA) (2x5 mins),vrud1 x Forzyar,vrud1,Real Madrid,Forzyar,Atletico Madrid,27/08/2026,16:41:52,Total de Gols,Under,10.5,,,,,1.69,1-4,4-6,Green,0.69,17512998
, CLA-UA Spain Cyber Cup (UA) (2x5 mins),vrud1 x Forzyar,vrud1,Real Madrid,Forzyar,Atletico Madrid,27/08/2026,16:41:54,Total de Gols,Under,11.5,,,,,1.62,1-4,4-6,Green,0.62,17512998
, CLA-UA Spain Cyber Cup (UA) (2x5 mins),vrud1 x Forzyar,vrud1,Real Madrid,Forzyar,Atletico Madrid,27/08/2026,16:43:59,Total de Gols,Under,12.5,,,,,1.56,2-6,4-6,Green,0.56,17512998
, CLA-UA Spain Cyber Cup (UA) (2x5 mins),Stafford x zasia,Stafford,Real Sociedad,zasia,Real Betis,27/08/2026,16:38:29,Total de Gols,Under,8.5,,,,,1.8,0-0,4-6,Red,-1.0,17512835
, CLA-UA Spain Cyber Cup (UA) (2x5 mins),Stafford x zasia,Stafford,Real Sociedad,zasia,Real Betis,27/08/2026,16:38:47,Total de Gols,Under,9.5,,,,,1.68,0-0,4-6,Red,-1.0,17512835
, CLA-UA Spain Cyber Cup (UA) (2x5 mins),Stafford x zasia,Stafford,Real Sociedad,zasia,Real Betis,27/08/2026,16:40:06,Total de Gols,Under,10.5,,,,,1.79,0-2,4-6,Green,0.79,17512835
, CLA-UA Spain Cyber Cup (UA) (2x5 mins),Stafford x zasia,Stafford,Real Sociedad,zasia,Real Betis,27/08/2026,16:44:53,Total de Gols,Under,7.5,,,,,2.17,1-3,4-6,Red,-1.0,17512835
, CLA-UA Italy Cyber Cup (UA) (2x5 mins),FanFan x luxiqq,FanFan,Bologna FC,luxiqq,Fiorentina,27/08/2026,16:51:30,Total de Gols,Under,6.5,,,,,2.07,0-0,5-4,Red,-1.0,17512821
, CLA-UA Italy Cyber Cup (UA) (2x5 mins),FanFan x luxiqq,FanFan,Bologna FC,luxiqq,Fiorentina,27/08/2026,16:55:42,Total de Gols,Under,5.5,,,,,2.12,0-1,5-4,Red,-1.0,17512821
, CLA-UA Italy Cyber Cup (UA) (2x5 mins),FanFan x luxiqq,FanFan,Bologna FC,luxiqq,Fiorentina,27/08/2026,16:58:09,Total de Gols,Under,7.5,,,,,1.72,1-2,5-4,Red,-1.0,17512821
, CLA-UA Italy Cyber Cup (UA) (2x5 mins),FanFan x luxiqq,FanFan,Bologna FC,luxiqq,Fiorentina,27/08/2026,16:58:36,Total de Gols,Under,8.5,,,,,1.56,2-2,5-4,Red,-1.0,17512821
, CLA-UA Italy Cyber Cup (UA) (2x5 mins),FanFan x luxiqq,FanFan,Bologna FC,luxiqq,Fiorentina,27/08/2026,17:01:19,Total de Gols,Under,9.5,,,,,1.62,4-3,5-4,Green,0.62,17512821
, CLA-UA Spain Cyber Cup (UA) (2x5 mins),Stafford x Forzyar,Stafford,Real Sociedad,Forzyar,Atletico Madrid,27/08/2026,16:52:08,Total de Gols,Under,7.5,,,,,1.98,0-0,5-6,Red,-1.0,17512836
, CLA-UA Spain Cyber Cup (UA) (2x5 mins),Stafford x Forzyar,Stafford,Real Sociedad,Forzyar,Atletico Madrid,27/08/2026,16:52:47,Total de Gols,Under,8.5,,,,,1.81,0-0,5-6,Red,-1.0,17512836
, CLA-UA Spain Cyber Cup (UA) (2x5 mins),Stafford x Forzyar,Stafford,Real Sociedad,Forzyar,Atletico Madrid,27/08/2026,16:53:13,Total de Gols,Under,9.5,,,,,1.69,0-1,5-6,Red,-1.0,17512836
, CLA-UA Spain Cyber Cup (UA) (2x5 mins),Stafford x Forzyar,Stafford,Real Sociedad,Forzyar,Atletico Madrid,27/08/2026,16:59:36,Total de Gols,Under,10.5,,,,,1.69,3-3,5-6,Red,-1.0,17512836
, CLA-UA Spain Cyber Cup (UA) (2x5 mins),Stafford x Forzyar,Stafford,Real Sociedad,Forzyar,Atletico Madrid,27/08/2026,17:01:21,Total de Gols,Under,11.5,,,,,1.59,4-4,5-6,Green,0.59,17512836
,CLA-UA World Cyber Cup (UA) (2x5 mins),Donatello x Int1liGenT,Donatello,Cabo Verde,Int1liGenT,Spain,27/08/2026,16:52:08,Total de Gols,Under,8.5,,,,,1.85,0-0,4-9,Red,-1.0,17512799
,CLA-UA World Cyber Cup (UA) (2x5 mins),Donatello x Int1liGenT,Donatello,Cabo Verde,Int1liGenT,Spain,27/08/2026,16:53:17,Total de Gols,Under,7.5,,,,,2.03,0-0,4-9,Red,-1.0,17512799
,CLA-UA World Cyber Cup (UA) (2x5 mins),Donatello x Int1liGenT,Donatello,Cabo Verde,Int1liGenT,Spain,27/08/2026,16:54:10,Total de Gols,Under,9.5,,,,,1.7,1-0,4-9,Red,-1.0,17512799
,CLA-UA World Cyber Cup (UA) (2x5 mins),Donatello x Int1liGenT,Donatello,Cabo Verde,Int1liGenT,Spain,27/08/2026,16:57:15,Total de Gols,Under,10.5,,,,,1.73,1-3,4-9,Red,-1.0,17512799
,CLA-UA World Cyber Cup (UA) (2x5 mins),Donatello x Int1liGenT,Donatello,Cabo Verde,Int1liGenT,Spain,27/08/2026,16:58:48,Total de Gols,Under,11.5,,,,,1.74,2-4,4-9,Red,-1.0,17512799
,CLA-UA World Cyber Cup (UA) (2x5 mins),Donatello x Int1liGenT,Donatello,Cabo Verde,Int1liGenT,Spain,27/08/2026,17:01:17,Total de Gols,Under,12.5,,,,,1.49,2-7,4-9,Red,-1.0,17512799
, CLA-UA Italy Cyber Cup (UA) (2x5 mins),FanFan x desicom,FanFan,Bologna FC,desicom,Atalanta,27/08/2026,17:06:19,Total de Gols,Under,7.5,,,,,1.88,0-0,7-4,Red,-1.0,17512820
, CLA-UA Italy Cyber Cup (UA) (2x5 mins),FanFan x desicom,FanFan,Bologna FC,desicom,Atalanta,27/08/2026,17:06:52,Total de Gols,Under,8.5,,,,,1.74,0-0,7-4,Red,-1.0,17512820
, CLA-UA Italy Cyber Cup (UA) (2x5 mins),FanFan x desicom,FanFan,Bologna FC,desicom,Atalanta,27/08/2026,17:07:53,Total de Gols,Under,9.5,,,,,1.88,2-0,7-4,Red,-1.0,17512820
, CLA-UA Italy Cyber Cup (UA) (2x5 mins),FanFan x desicom,FanFan,Bologna FC,desicom,Atalanta,27/08/2026,17:08:34,Total de Gols,Under,10.5,,,,,1.65,3-0,7-4,Red,-1.0,17512820
, CLA-UA Italy Cyber Cup (UA) (2x5 mins),FanFan x desicom,FanFan,Bologna FC,desicom,Atalanta,27/08/2026,17:15:47,Total de Gols,Under,11.5,,,,,1.38,5-4,7-4,Green,0.38,17512820
,CLA-UA World Cyber Cup (UA) (2x5 mins),Jur_Kr x Int1liGenT,Jur_Kr,Saudi Arabia,Int1liGenT,Spain,27/08/2026,17:06:09,Total de Gols,Under,7.5,,,,,1.98,0-0,6-5,Red,-1.0,17512800
,CLA-UA World Cyber Cup (UA) (2x5 mins),Jur_Kr x Int1liGenT,Jur_Kr,Saudi Arabia,Int1liGenT,Spain,27/08/2026,17:07:31,Total de Gols,Under,6.5,,,,,2.11,0-0,6-5,Red,-1.0,17512800
,CLA-UA World Cyber Cup (UA) (2x5 mins),Jur_Kr x Int1liGenT,Jur_Kr,Saudi Arabia,Int1liGenT,Spain,27/08/2026,17:10:06,Total de Gols,Under,8.5,,,,,1.8,2-0,6-5,Red,-1.0,17512800
,CLA-UA World Cyber Cup (UA) (2x5 mins),Jur_Kr x Int1liGenT,Jur_Kr,Saudi Arabia,Int1liGenT,Spain,27/08/2026,17:15:03,Total de Gols,Under,9.5,,,,,1.88,3-3,6-5,Red,-1.0,17512800
,CLA-UA World Cyber Cup (UA) (2x5 mins),Jur_Kr x Int1liGenT,Jur_Kr,Saudi Arabia,Int1liGenT,Spain,27/08/2026,17:15:20,Total de Gols,Under,10.5,,,,,1.52,4-3,6-5,Red,-1.0,17512800
, CLA-UA Champions Cyber League (UA) (2x5 mins),Stafford x vrud1,Stafford,Aston Villa,vrud1,RB Leipzig,27/08/2026,17:30:16,Total de Gols,Under,9.5,,,,,1.68,0-0,2-7,Green,0.68,17513047
, CLA-UA Champions Cyber League (UA) (2x5 mins),Stafford x vrud1,Stafford,Aston Villa,vrud1,RB Leipzig,27/08/2026,17:30:26,Total de Gols,Under,10.5,,,,,1.65,0-0,2-7,Green,0.65,17513047
, CLA-UA Champions Cyber League (UA) (2x5 mins),Stafford x vrud1,Stafford,Aston Villa,vrud1,RB Leipzig,27/08/2026,17:39:46,Total de Gols,Under,8.5,,,,,2.27,2-5,2-7,Red,-1.0,17513047
, CLA-UA Champions Cyber League (UA) (2x5 mins),Stafford x vrud1,Stafford,Aston Villa,vrud1,RB Leipzig,27/08/2026,17:40:46,Total de Gols,Under,7.5,,,,,2.36,2-5,2-7,Red,-1.0,17513047
,CLA-UA World Cyber Cup (UA) (2x5 mins),desicom x Xellark,desicom,Ukraine,Xellark,Switzerland,27/08/2026,17:44:22,Total de Gols,Under,6.5,,,,,1.79,0-0,4-3,Red,-1.0,17512858
,CLA-UA World Cyber Cup (UA) (2x5 mins),desicom x Xellark,desicom,Ukraine,Xellark,Switzerland,27/08/2026,17:44:59,Total de Gols,Under,7.5,,,,,1.63,0-0,4-3,Green,0.63,17512858
,CLA-UA World Cyber Cup (UA) (2x5 mins),desicom x Xellark,desicom,Ukraine,Xellark,Switzerland,27/08/2026,17:50:40,Total de Gols,Under,5.5,,,,,2.21,1-2,4-3,Red,-1.0,17512858
,CLA-UA World Cyber Cup (UA) (2x5 mins),desicom x Xellark,desicom,Ukraine,Xellark,Switzerland,27/08/2026,17:52:36,Total de Gols,Under,8.5,,,,,2.07,4-2,4-3,Green,1.07,17512858
,CLA-UA World Cyber Cup (UA) (2x5 mins),Xellark x Jackson,Xellark,Switzerland,Jackson,Canada,27/08/2026,17:57:10,Total de Gols,Under,8.5,,,,,1.75,0-0,4-4,Green,0.75,17512861
,CLA-UA World Cyber Cup (UA) (2x5 mins),Xellark x Jackson,Xellark,Switzerland,Jackson,Canada,27/08/2026,17:58:51,Total de Gols,Under,9.5,,,,,1.66,0-0,4-4,Green,0.66,17512861
,CLA-UA World Cyber Cup (UA) (2x5 mins),Xellark x Jackson,Xellark,Switzerland,Jackson,Canada,27/08/2026,18:00:47,Total de Gols,Under,10.5,,,,,1.73,3-0,4-4,Green,0.73,17512861
,CLA-UA World Cyber Cup (UA) (2x5 mins),Xellark x Jackson,Xellark,Switzerland,Jackson,Canada,27/08/2026,18:08:00,Total de Gols,Under,7.5,,,,,2.71,4-3,4-4,Red,-1.0,17512861
,CLA-UA World Cyber Cup (UA) (2x5 mins),desicom x luxiqq,desicom,Ukraine,luxiqq,Qatar,27/08/2026,17:58:25,Total de Gols,Under,8.5,,,,,1.82,1-0,6-7,Red,-1.0,17512860
,CLA-UA World Cyber Cup (UA) (2x5 mins),desicom x luxiqq,desicom,Ukraine,luxiqq,Qatar,27/08/2026,17:58:47,Total de Gols,Under,9.5,,,,,1.69,1-0,6-7,Red,-1.0,17512860
,CLA-UA World Cyber Cup (UA) (2x5 mins),desicom x luxiqq,desicom,Ukraine,luxiqq,Qatar,27/08/2026,18:00:04,Total de Gols,Under,10.5,,,,,1.78,2-1,6-7,Red,-1.0,17512860
,CLA-UA World Cyber Cup (UA) (2x5 mins),desicom x luxiqq,desicom,Ukraine,luxiqq,Qatar,27/08/2026,18:01:03,Total de Gols,Under,11.5,,,,,1.82,4-1,6-7,Red,-1.0,17512860
,CLA-UA World Cyber Cup (UA) (2x5 mins),desicom x luxiqq,desicom,Ukraine,luxiqq,Qatar,27/08/2026,18:01:29,Total de Gols,Under,12.5,,,,,1.68,4-2,6-7,Red,-1.0,17512860
, CLA-UA Champions Cyber League (UA) (2x5 mins),zasia x Stafford,zasia,Benfica,Stafford,Aston Villa,27/08/2026,17:58:32,Total de Gols,Under,8.5,,,,,1.84,0-0,9-5,Red,-1.0,17512878
, CLA-UA Champions Cyber League (UA) (2x5 mins),zasia x Stafford,zasia,Benfica,Stafford,Aston Villa,27/08/2026,17:59:20,Total de Gols,Under,7.5,,,,,1.97,0-0,9-5,Red,-1.0,17512878
, CLA-UA Champions Cyber League (UA) (2x5 mins),zasia x Stafford,zasia,Benfica,Stafford,Aston Villa,27/08/2026,17:59:56,Total de Gols,Under,9.5,,,,,1.77,1-0,9-5,Red,-1.0,17512878
, CLA-UA Champions Cyber League (UA) (2x5 mins),zasia x Stafford,zasia,Benfica,Stafford,Aston Villa,27/08/2026,18:04:17,Total de Gols,Under,10.5,,,,,1.91,3-2,9-5,Red,-1.0,17512878
, CLA-UA Champions Cyber League (UA) (2x5 mins),zasia x Stafford,zasia,Benfica,Stafford,Aston Villa,27/08/2026,18:04:54,Total de Gols,Under,11.5,,,,,1.82,4-2,9-5,Red,-1.0,17512878
, CLA-UA Champions Cyber League (UA) (2x5 mins),zasia x Stafford,zasia,Benfica,Stafford,Aston Villa,27/08/2026,18:08:35,Total de Gols,Under,12.5,,,,,1.83,6-3,9-5,Red,-1.0,17512878
, CLA-UA Champions Cyber League (UA) (2x5 mins),Forzyar x vrud1,Forzyar,Arsenal,vrud1,RB Leipzig,27/08/2026,17:57:53,Total de Gols,Under,8.5,,,,,1.62,0-0,7-3,Red,-1.0,17513049
, CLA-UA Champions Cyber League (UA) (2x5 mins),Forzyar x vrud1,Forzyar,Arsenal,vrud1,RB Leipzig,27/08/2026,17:59:00,Total de Gols,Under,7.5,,,,,2.03,0-0,7-3,Red,-1.0,17513049
, CLA-UA Champions Cyber League (UA) (2x5 mins),Forzyar x vrud1,Forzyar,Arsenal,vrud1,RB Leipzig,27/08/2026,18:01:47,Total de Gols,Under,6.5,,,,,2.06,1-0,7-3,Red,-1.0,17513049
, CLA-UA Champions Cyber League (UA) (2x5 mins),Forzyar x vrud1,Forzyar,Arsenal,vrud1,RB Leipzig,27/08/2026,18:05:14,Total de Gols,Under,5.5,,,,,2.17,2-0,7-3,Red,-1.0,17513049
, CLA-UA Italy Cyber Cup (UA) (2x5 mins),Jur_Kr x femzzi,Jur_Kr,Inter,femzzi,Roma,27/08/2026,17:58:45,Total de Gols,Under,9.5,,,,,1.75,0-0,7-5,Red,-1.0,17512843
, CLA-UA Italy Cyber Cup (UA) (2x5 mins),Jur_Kr x femzzi,Jur_Kr,Inter,femzzi,Roma,27/08/2026,18:00:15,Total de Gols,Under,8.5,,,,,2.03,0-0,7-5,Red,-1.0,17512843
, CLA-UA Italy Cyber Cup (UA) (2x5 mins),Jur_Kr x femzzi,Jur_Kr,Inter,femzzi,Roma,27/08/2026,18:00:49,Total de Gols,Under,10.5,,,,,1.75,1-0,7-5,Red,-1.0,17512843
, CLA-UA Italy Cyber Cup (UA) (2x5 mins),Jur_Kr x femzzi,Jur_Kr,Inter,femzzi,Roma,27/08/2026,18:03:17,Total de Gols,Under,11.5,,,,,1.61,1-2,7-5,Red,-1.0,17512843
,CLA-UA World Cyber Cup (UA) (2x5 mins),luxiqq x FanFan,luxiqq,Qatar,FanFan,Bosnia and Herzegovina,27/08/2026,18:10:56,Total de Gols,Under,6.5,,,,,2.07,0-0,7-3,Red,-1.0,17513031
,CLA-UA World Cyber Cup (UA) (2x5 mins),luxiqq x FanFan,luxiqq,Qatar,FanFan,Bosnia and Herzegovina,27/08/2026,18:13:36,Total de Gols,Under,7.5,,,,,1.74,0-0,7-3,Red,-1.0,17513031
,CLA-UA World Cyber Cup (UA) (2x5 mins),luxiqq x FanFan,luxiqq,Qatar,FanFan,Bosnia and Herzegovina,27/08/2026,18:13:54,Total de Gols,Under,8.5,,,,,1.65,1-0,7-3,Red,-1.0,17513031
,CLA-UA World Cyber Cup (UA) (2x5 mins),luxiqq x FanFan,luxiqq,Qatar,FanFan,Bosnia and Herzegovina,27/08/2026,18:15:04,Total de Gols,Under,9.5,,,,,1.77,2-1,7-3,Red,-1.0,17513031
,CLA-UA World Cyber Cup (UA) (2x5 mins),luxiqq x FanFan,luxiqq,Qatar,FanFan,Bosnia and Herzegovina,27/08/2026,18:17:18,Total de Gols,Under,10.5,,,,,1.59,5-1,7-3,Green,0.59,17513031
, CLA-UA Italy Cyber Cup (UA) (2x5 mins),djamik x Donatello,djamik,Juventus,Donatello,Bologna FC,27/08/2026,18:27:27,Total de Gols,Under,8.5,,,,,1.76,0-0,3-3,Green,0.76,17512851
, CLA-UA Italy Cyber Cup (UA) (2x5 mins),djamik x Donatello,djamik,Juventus,Donatello,Bologna FC,27/08/2026,18:28:34,Total de Gols,Under,9.5,,,,,1.73,0-0,3-3,Green,0.73,17512851
, CLA-UA Italy Cyber Cup (UA) (2x5 mins),djamik x Donatello,djamik,Juventus,Donatello,Bologna FC,27/08/2026,18:31:08,Total de Gols,Under,7.5,,,,,2.03,1-1,3-3,Green,1.03,17512851
, CLA-UA Italy Cyber Cup (UA) (2x5 mins),djamik x Donatello,djamik,Juventus,Donatello,Bologna FC,27/08/2026,18:35:21,Total de Gols,Under,6.5,,,,,2.12,2-2,3-3,Green,1.12,17512851
, CLA-UA Italy Cyber Cup (UA) (2x5 mins),djamik x Donatello,djamik,Juventus,Donatello,Bologna FC,27/08/2026,18:36:27,Total de Gols,Under,5.5,,,,,2.31,2-2,3-3,Red,-1.0,17512851
, CLA-UA Italy Cyber Cup (UA) (2x5 mins),djamik x Donatello,djamik,Juventus,Donatello,Bologna FC,27/08/2026,18:37:26,Total de Gols,Under,4.5,,,,,2.62,2-2,3-3,Red,-1.0,17512851
, CLA-UA Champions Cyber League (UA) (2x5 mins),vrud1 x zasia,vrud1,RB Leipzig,zasia,Benfica,27/08/2026,18:29:39,Total de Gols,Under,7.5,,,,,2.03,0-0,4-7,Red,-1.0,17513054
, CLA-UA Champions Cyber League (UA) (2x5 mins),vrud1 x zasia,vrud1,RB Leipzig,zasia,Benfica,27/08/2026,18:30:05,Total de Gols,Under,8.5,,,,,1.91,0-0,4-7,Red,-1.0,17513054
, CLA-UA Champions Cyber League (UA) (2x5 mins),vrud1 x zasia,vrud1,RB Leipzig,zasia,Benfica,27/08/2026,18:30:59,Total de Gols,Under,9.5,,,,,1.63,1-0,4-7,Red,-1.0,17513054
, CLA-UA Champions Cyber League (UA) (2x5 mins),vrud1 x zasia,vrud1,RB Leipzig,zasia,Benfica,27/08/2026,18:35:16,Total de Gols,Under,10.5,,,,,1.69,3-3,4-7,Red,-1.0,17513054
, CLA-UA Champions Cyber League (UA) (2x5 mins),vrud1 x zasia,vrud1,RB Leipzig,zasia,Benfica,27/08/2026,18:35:21,Total de Gols,Under,11.5,,,,,1.68,3-3,4-7,Green,0.68,17513054
,CLA-UA World Cyber Cup (UA) (2x5 mins),Xellark x desicom,Xellark,Switzerland,desicom,Ukraine,27/08/2026,18:54:24,Total de Gols,Under,7.5,,,,,1.69,0-0,6-7,Red,-1.0,17512865
,CLA-UA World Cyber Cup (UA) (2x5 mins),Xellark x desicom,Xellark,Switzerland,desicom,Ukraine,27/08/2026,18:54:43,Total de Gols,Under,8.5,,,,,1.62,0-0,6-7,Red,-1.0,17512865
,CLA-UA World Cyber Cup (UA) (2x5 mins),Xellark x desicom,Xellark,Switzerland,desicom,Ukraine,27/08/2026,18:56:13,Total de Gols,Under,9.5,,,,,1.74,1-1,6-7,Red,-1.0,17512865
,CLA-UA World Cyber Cup (UA) (2x5 mins),Xellark x desicom,Xellark,Switzerland,desicom,Ukraine,27/08/2026,18:57:31,Total de Gols,Under,10.5,,,,,1.75,2-2,6-7,Red,-1.0,17512865
,CLA-UA World Cyber Cup (UA) (2x5 mins),Xellark x desicom,Xellark,Switzerland,desicom,Ukraine,27/08/2026,18:58:14,Total de Gols,Under,11.5,,,,,1.84,2-3,6-7,Red,-1.0,17512865
,CLA-UA World Cyber Cup (UA) (2x5 mins),Xellark x desicom,Xellark,Switzerland,desicom,Ukraine,27/08/2026,19:01:31,Total de Gols,Under,12.5,,,,,1.62,4-4,6-7,Red,-1.0,17512865
,CLA-UA World Cyber Cup (UA) (2x5 mins),Xellark x desicom,Xellark,Switzerland,desicom,Ukraine,27/08/2026,19:02:16,Total de Gols,Under,13.5,,,,,1.88,4-6,6-7,Green,0.88,17512865
,CLA-UA World Cyber Cup (UA) (2x5 mins),Xellark x desicom,Xellark,Switzerland,desicom,Ukraine,27/08/2026,19:02:47,Total de Gols,Under,14.5,,,,,1.52,5-6,6-7,Green,0.52,17512865
,CLA-UA World Cyber Cup (UA) (2x5 mins),Jackson x FanFan,Jackson,Canada,FanFan,Bosnia and Herzegovina,27/08/2026,18:53:27,Total de Gols,Under,7.5,,,,,1.78,0-0,3-1,Green,0.78,17513037
,CLA-UA World Cyber Cup (UA) (2x5 mins),Jackson x FanFan,Jackson,Canada,FanFan,Bosnia and Herzegovina,27/08/2026,18:55:12,Total de Gols,Under,6.5,,,,,2.07,0-0,3-1,Green,1.07,17513037
,CLA-UA World Cyber Cup (UA) (2x5 mins),Jackson x FanFan,Jackson,Canada,FanFan,Bosnia and Herzegovina,27/08/2026,18:58:10,Total de Gols,Under,5.5,,,,,2.16,1-0,3-1,Green,1.16,17513037
,CLA-UA World Cyber Cup (UA) (2x5 mins),Jackson x FanFan,Jackson,Canada,FanFan,Bosnia and Herzegovina,27/08/2026,19:02:48,Total de Gols,Under,4.5,,,,,2.37,2-1,3-1,Green,1.37,17513037
,CLA-UA World Cyber Cup (UA) (2x5 mins),Jackson x FanFan,Jackson,Canada,FanFan,Bosnia and Herzegovina,27/08/2026,19:03:56,Total de Gols,Under,3.5,,,,,2.71,2-1,3-1,Red,-1.0,17513037
, CLA-UA Italy Cyber Cup (UA) (2x5 mins),Jur_Kr x djamik,Jur_Kr,Inter,djamik,Juventus,27/08/2026,18:53:38,Total de Gols,Under,8.5,,,,,1.89,0-0,5-5,Red,-1.0,17512849
, CLA-UA Italy Cyber Cup (UA) (2x5 mins),Jur_Kr x djamik,Jur_Kr,Inter,djamik,Juventus,27/08/2026,18:55:11,Total de Gols,Under,7.5,,,,,2.01,0-0,5-5,Red,-1.0,17512849
, CLA-UA Italy Cyber Cup (UA) (2x5 mins),Jur_Kr x djamik,Jur_Kr,Inter,djamik,Juventus,27/08/2026,18:56:22,Total de Gols,Under,6.5,,,,,2.11,0-0,5-5,Red,-1.0,17512849
, CLA-UA Italy Cyber Cup (UA) (2x5 mins),Jur_Kr x djamik,Jur_Kr,Inter,djamik,Juventus,27/08/2026,19:00:18,Total de Gols,Under,9.5,,,,,1.94,3-1,5-5,Red,-1.0,17512849
, CLA-UA Italy Cyber Cup (UA) (2x5 mins),Jur_Kr x djamik,Jur_Kr,Inter,djamik,Juventus,27/08/2026,19:00:53,Total de Gols,Under,10.5,,,,,1.66,4-1,5-5,Green,0.66,17512849
, CLA-UA Italy Cyber Cup (UA) (2x5 mins),Jur_Kr x djamik,Jur_Kr,Inter,djamik,Juventus,27/08/2026,19:01:08,Total de Gols,Under,11.5,,,,,1.56,5-1,5-5,Green,0.56,17512849
, CLA-UA Italy Cyber Cup (UA) (2x5 mins),femzzi x Jur_Kr,femzzi,Roma,Jur_Kr,Inter,27/08/2026,19:08:17,Total de Gols,Under,9.5,,,,,1.71,0-0,4-7,Red,-1.0,17512853
, CLA-UA Italy Cyber Cup (UA) (2x5 mins),femzzi x Jur_Kr,femzzi,Roma,Jur_Kr,Inter,27/08/2026,19:08:30,Total de Gols,Under,8.5,,,,,2.06,0-0,4-7,Red,-1.0,17512853
, CLA-UA Italy Cyber Cup (UA) (2x5 mins),femzzi x Jur_Kr,femzzi,Roma,Jur_Kr,Inter,27/08/2026,19:09:46,Total de Gols,Under,10.5,,,,,1.73,1-1,4-7,Red,-1.0,17512853
, CLA-UA Italy Cyber Cup (UA) (2x5 mins),femzzi x Jur_Kr,femzzi,Roma,Jur_Kr,Inter,27/08/2026,19:10:20,Total de Gols,Under,11.5,,,,,1.87,1-2,4-7,Green,0.87,17512853
, CLA-UA Italy Cyber Cup (UA) (2x5 mins),femzzi x Jur_Kr,femzzi,Roma,Jur_Kr,Inter,27/08/2026,19:10:46,Total de Gols,Under,12.5,,,,,1.71,1-3,4-7,Green,0.71,17512853
, CLA-UA Italy Cyber Cup (UA) (2x5 mins),femzzi x Jur_Kr,femzzi,Roma,Jur_Kr,Inter,27/08/2026,19:11:49,Total de Gols,Under,13.5,,,,,1.79,2-4,4-7,Green,0.79,17512853
,CLA-UA World Cyber Cup (UA) (2x5 mins),Jackson x desicom,Jackson,Canada,desicom,Ukraine,27/08/2026,19:22:26,Total de Gols,Under,8.5,,,,,1.75,0-0,3-4,Green,0.75,17512866
,CLA-UA World Cyber Cup (UA) (2x5 mins),Jackson x desicom,Jackson,Canada,desicom,Ukraine,27/08/2026,19:22:34,Total de Gols,Under,9.5,,,,,1.75,0-0,3-4,Green,0.75,17512866
,CLA-UA World Cyber Cup (UA) (2x5 mins),Jackson x desicom,Jackson,Canada,desicom,Ukraine,27/08/2026,19:23:08,Total de Gols,Under,10.5,,,,,1.63,0-1,3-4,Green,0.63,17512866
,CLA-UA World Cyber Cup (UA) (2x5 mins),Jackson x desicom,Jackson,Canada,desicom,Ukraine,27/08/2026,19:31:50,Total de Gols,Under,7.5,,,,,2.28,3-4,3-4,Green,1.28,17512866
, CLA-UA Italy Cyber Cup (UA) (2x5 mins),Donatello x Int1liGenT,Donatello,Bologna FC,Int1liGenT,Udinese,27/08/2026,19:22:06,Total de Gols,Under,8.5,,,,,2.03,0-0,4-7,Red,-1.0,17512844
, CLA-UA Italy Cyber Cup (UA) (2x5 mins),Donatello x Int1liGenT,Donatello,Bologna FC,Int1liGenT,Udinese,27/08/2026,19:22:32,Total de Gols,Under,9.5,,,,,1.63,0-0,4-7,Red,-1.0,17512844
, CLA-UA Italy Cyber Cup (UA) (2x5 mins),Donatello x Int1liGenT,Donatello,Bologna FC,Int1liGenT,Udinese,27/08/2026,19:26:59,Total de Gols,Under,10.5,,,,,1.78,1-3,4-7,Red,-1.0,17512844
, CLA-UA Italy Cyber Cup (UA) (2x5 mins),Donatello x Int1liGenT,Donatello,Bologna FC,Int1liGenT,Udinese,27/08/2026,19:27:18,Total de Gols,Under,11.5,,,,,1.65,1-4,4-7,Green,0.65,17512844
, CLA-UA Italy Cyber Cup (UA) (2x5 mins),Donatello x djamik,Donatello,Bologna FC,djamik,Juventus,27/08/2026,19:35:08,Total de Gols,Under,8.5,,,,,1.65,0-0,4-5,Red,-1.0,17512852
, CLA-UA Italy Cyber Cup (UA) (2x5 mins),Donatello x djamik,Donatello,Bologna FC,djamik,Juventus,27/08/2026,19:36:21,Total de Gols,Under,7.5,,,,,2.03,0-0,4-5,Red,-1.0,17512852
, CLA-UA Italy Cyber Cup (UA) (2x5 mins),Donatello x djamik,Donatello,Bologna FC,djamik,Juventus,27/08/2026,19:37:40,Total de Gols,Under,6.5,,,,,2.11,0-0,4-5,Red,-1.0,17512852
, CLA-UA Italy Cyber Cup (UA) (2x5 mins),Donatello x djamik,Donatello,Bologna FC,djamik,Juventus,27/08/2026,19:41:26,Total de Gols,Under,9.5,,,,,1.92,1-3,4-5,Green,0.92,17512852
, CLA-UA Italy Cyber Cup (UA) (2x5 mins),Donatello x djamik,Donatello,Bologna FC,djamik,Juventus,27/08/2026,19:42:04,Total de Gols,Under,10.5,,,,,1.95,1-4,4-5,Green,0.95,17512852
, CLA-UA Italy Cyber Cup (UA) (2x5 mins),Donatello x djamik,Donatello,Bologna FC,djamik,Juventus,27/08/2026,19:42:52,Total de Gols,Under,11.5,,,,,1.69,2-4,4-5,Green,0.69,17512852
, CLA-UA Italy Cyber Cup (UA) (2x5 mins),Jur_Kr x Int1liGenT,Jur_Kr,Inter,Int1liGenT,Udinese,27/08/2026,19:36:07,Total de Gols,Under,7.5,,,,,2.03,0-0,5-5,Red,-1.0,17512857
, CLA-UA Italy Cyber Cup (UA) (2x5 mins),Jur_Kr x Int1liGenT,Jur_Kr,Inter,Int1liGenT,Udinese,27/08/2026,19:37:14,Total de Gols,Under,8.5,,,,,1.71,0-0,5-5,Red,-1.0,17512857
, CLA-UA Italy Cyber Cup (UA) (2x5 mins),Jur_Kr x Int1liGenT,Jur_Kr,Inter,Int1liGenT,Udinese,27/08/2026,19:38:52,Total de Gols,Under,9.5,,,,,1.81,1-1,5-5,Red,-1.0,17512857
, CLA-UA Italy Cyber Cup (UA) (2x5 mins),Jur_Kr x Int1liGenT,Jur_Kr,Inter,Int1liGenT,Udinese,27/08/2026,19:40:30,Total de Gols,Under,10.5,,,,,1.83,2-1,5-5,Green,0.83,17512857
, CLA-UA Italy Cyber Cup (UA) (2x5 mins),Jur_Kr x Int1liGenT,Jur_Kr,Inter,Int1liGenT,Udinese,27/08/2026,19:42:07,Total de Gols,Under,11.5,,,,,1.59,3-2,5-5,Green,0.59,17512857
,CLA-UA World Cyber Cup (UA) (2x5 mins),FanFan x desicom,FanFan,Bosnia and Herzegovina,desicom,Ukraine,27/08/2026,19:36:16,Total de Gols,Under,9.5,,,,,1.66,0-0,7-5,Red,-1.0,17513043
,CLA-UA World Cyber Cup (UA) (2x5 mins),FanFan x desicom,FanFan,Bosnia and Herzegovina,desicom,Ukraine,27/08/2026,19:36:34,Total de Gols,Under,8.5,,,,,1.98,0-0,7-5,Red,-1.0,17513043
,CLA-UA World Cyber Cup (UA) (2x5 mins),FanFan x desicom,FanFan,Bosnia and Herzegovina,desicom,Ukraine,27/08/2026,19:37:50,Total de Gols,Under,10.5,,,,,1.69,0-1,7-5,Red,-1.0,17513043
,CLA-UA World Cyber Cup (UA) (2x5 mins),FanFan x desicom,FanFan,Bosnia and Herzegovina,desicom,Ukraine,27/08/2026,19:40:14,Total de Gols,Under,11.5,,,,,1.69,2-2,7-5,Red,-1.0,17513043
, CLA-UA Champions Cyber League (UA) (2x5 mins),simaha x rain,simaha,Borussia Dortmund,rain,RB Leipzig,27/08/2026,20:00:10,Total de Gols,Under,6.5,,,,,1.82,0-0,1-2,Green,0.82,17520713
, CLA-UA Champions Cyber League (UA) (2x5 mins),simaha x rain,simaha,Borussia Dortmund,rain,RB Leipzig,27/08/2026,20:02:45,Total de Gols,Under,5.5,,,,,2.12,0-0,1-2,Green,1.12,17520713
, CLA-UA Champions Cyber League (UA) (2x5 mins),simaha x rain,simaha,Borussia Dortmund,rain,RB Leipzig,27/08/2026,20:07:54,Total de Gols,Under,4.5,,,,,2.17,1-1,1-2,Green,1.17,17520713
, CLA-UA Champions Cyber League (UA) (2x5 mins),simaha x rain,simaha,Borussia Dortmund,rain,RB Leipzig,27/08/2026,20:11:39,Total de Gols,Under,3.5,,,,,2.52,1-2,1-2,Green,1.52,17520713
, CLA-UA Champions Cyber League (UA) (2x5 mins),murchik x simaha,murchik,FC Bayern,simaha,Borussia Dortmund,27/08/2026,20:15:28,Total de Gols,Under,7.5,,,,,1.83,0-0,4-1,Green,0.83,17512931
, CLA-UA Champions Cyber League (UA) (2x5 mins),murchik x simaha,murchik,FC Bayern,simaha,Borussia Dortmund,27/08/2026,20:16:18,Total de Gols,Under,6.5,,,,,2.07,0-0,4-1,Green,1.07,17512931
, CLA-UA Champions Cyber League (UA) (2x5 mins),murchik x simaha,murchik,FC Bayern,simaha,Borussia Dortmund,27/08/2026,20:16:24,Total de Gols,Under,8.5,,,,,1.61,0-0,4-1,Green,0.61,17512931
, CLA-UA Champions Cyber League (UA) (2x5 mins),murchik x simaha,murchik,FC Bayern,simaha,Borussia Dortmund,27/08/2026,20:17:57,Total de Gols,Under,9.5,,,,,1.62,2-0,4-1,Green,0.62,17512931
, CLA-UA Champions Cyber League (UA) (2x5 mins),murchik x simaha,murchik,FC Bayern,simaha,Borussia Dortmund,27/08/2026,20:18:07,Total de Gols,Under,9.5,,,,,2.12,3-0,4-1,Green,1.12,17512931
, CLA-UA Champions Cyber League (UA) (2x5 mins),murchik x simaha,murchik,FC Bayern,simaha,Borussia Dortmund,27/08/2026,20:22:17,Total de Gols,Under,5.5,,,,,2.03,3-0,4-1,Green,1.03,17512931
, CLA-UA Champions Cyber League (UA) (2x5 mins),murchik x simaha,murchik,FC Bayern,simaha,Borussia Dortmund,27/08/2026,20:23:33,Total de Gols,Under,4.5,,,,,2.28,3-0,4-1,Red,-1.0,17512931
, CLA-UA Champions Cyber League (UA) (2x5 mins),Forzyar x rain,Forzyar,Bayer 04,rain,RB Leipzig,27/08/2026,20:28:16,Total de Gols,Under,6.5,,,,,1.98,0-0,7-4,Red,-1.0,17520714
, CLA-UA Champions Cyber League (UA) (2x5 mins),Forzyar x rain,Forzyar,Bayer 04,rain,RB Leipzig,27/08/2026,20:29:34,Total de Gols,Under,5.5,,,,,2.12,0-0,7-4,Red,-1.0,17520714
, CLA-UA Champions Cyber League (UA) (2x5 mins),Forzyar x rain,Forzyar,Bayer 04,rain,RB Leipzig,27/08/2026,20:31:12,Total de Gols,Under,7.5,,,,,1.59,0-1,7-4,Red,-1.0,17520714
, CLA-UA Champions Cyber League (UA) (2x5 mins),Forzyar x rain,Forzyar,Bayer 04,rain,RB Leipzig,27/08/2026,20:32:44,Total de Gols,Under,8.5,,,,,1.65,2-1,7-4,Red,-1.0,17520714
, CLA-UA Champions Cyber League (UA) (2x5 mins),Forzyar x rain,Forzyar,Bayer 04,rain,RB Leipzig,27/08/2026,20:34:30,Total de Gols,Under,9.5,,,,,1.69,3-2,7-4,Red,-1.0,17520714
, CLA-UA Champions Cyber League (UA) (2x5 mins),Forzyar x rain,Forzyar,Bayer 04,rain,RB Leipzig,27/08/2026,20:34:49,Total de Gols,Under,10.5,,,,,1.59,4-2,7-4,Red,-1.0,17520714
, CLA-UA Champions Cyber League (UA) (2x5 mins),Forzyar x rain,Forzyar,Bayer 04,rain,RB Leipzig,27/08/2026,20:37:25,Total de Gols,Under,11.5,,,,,1.88,5-4,7-4,Green,0.88,17520714
, CLA-UA Champions Cyber League (UA) (2x5 mins),Zero x simaha,Zero,Arsenal,simaha,Borussia Dortmund,27/08/2026,20:28:09,Total de Gols,Under,5.5,,,,,1.98,0-0,3-6,Red,-1.0,17512935
, CLA-UA Champions Cyber League (UA) (2x5 mins),Zero x simaha,Zero,Arsenal,simaha,Borussia Dortmund,27/08/2026,20:29:52,Total de Gols,Under,4.5,,,,,2.12,0-0,3-6,Red,-1.0,17512935
, CLA-UA Champions Cyber League (UA) (2x5 mins),Zero x simaha,Zero,Arsenal,simaha,Borussia Dortmund,27/08/2026,20:32:43,Total de Gols,Under,6.5,,,,,1.82,1-1,3-6,Red,-1.0,17512935
, CLA-UA Champions Cyber League (UA) (2x5 mins),Zero x simaha,Zero,Arsenal,simaha,Borussia Dortmund,27/08/2026,20:37:15,Total de Gols,Under,7.5,,,,,1.5,1-4,3-6,Red,-1.0,17512935
,CLA-UA Argentina Cyber Cup (UA) (2x5 mins),Galikooo x FanFan,Galikooo,Boca Juniors,FanFan,River Plate,27/08/2026,20:42:21,Total de Gols,Under,7.5,,,,,1.74,0-0,4-4,Red,-1.0,17513068
,CLA-UA Argentina Cyber Cup (UA) (2x5 mins),Galikooo x FanFan,Galikooo,Boca Juniors,FanFan,River Plate,27/08/2026,20:42:39,Total de Gols,Under,8.5,,,,,1.65,0-0,4-4,Green,0.65,17513068
,CLA-UA Argentina Cyber Cup (UA) (2x5 mins),Galikooo x FanFan,Galikooo,Boca Juniors,FanFan,River Plate,27/08/2026,20:44:09,Total de Gols,Under,9.5,,,,,1.65,1-1,4-4,Green,0.65,17513068
, CLA-UA Champions Cyber League (UA) (2x5 mins),Forzyar x simaha,Forzyar,Bayer 04,simaha,Borussia Dortmund,27/08/2026,20:42:25,Total de Gols,Under,7.5,,,,,1.71,0-0,5-1,Green,0.71,17512937
, CLA-UA Champions Cyber League (UA) (2x5 mins),Forzyar x simaha,Forzyar,Bayer 04,simaha,Borussia Dortmund,27/08/2026,20:42:58,Total de Gols,Under,6.5,,,,,2.08,0-0,5-1,Green,1.08,17512937
, CLA-UA Champions Cyber League (UA) (2x5 mins),Forzyar x simaha,Forzyar,Bayer 04,simaha,Borussia Dortmund,27/08/2026,20:46:31,Total de Gols,Under,5.5,,,,,2.12,1-0,5-1,Red,-1.0,17512937
, CLA-UA Champions Cyber League (UA) (2x5 mins),Forzyar x simaha,Forzyar,Bayer 04,simaha,Borussia Dortmund,27/08/2026,20:47:10,Total de Gols,Under,4.5,,,,,1.7,1-0,5-1,Red,-1.0,17512937
, CLA-UA Champions Cyber League (UA) (2x5 mins),Forzyar x simaha,Forzyar,Bayer 04,simaha,Borussia Dortmund,27/08/2026,20:48:34,Total de Gols,Under,3.5,,,,,2.27,1-0,5-1,Red,-1.0,17512937
,CLA-UA Argentina Cyber Cup (UA) (2x5 mins),drksd3 x FanFan,drksd3,Independiente,FanFan,River Plate,27/08/2026,20:54:19,Total de Gols,Under,8.5,,,,,1.88,0-0,4-6,Red,-1.0,17513069
,CLA-UA Argentina Cyber Cup (UA) (2x5 mins),drksd3 x FanFan,drksd3,Independiente,FanFan,River Plate,27/08/2026,20:56:56,Total de Gols,Under,9.5,,,,,1.69,0-0,4-6,Red,-1.0,17513069
,CLA-UA Argentina Cyber Cup (UA) (2x5 mins),drksd3 x FanFan,drksd3,Independiente,FanFan,River Plate,27/08/2026,21:00:54,Total de Gols,Under,7.5,,,,,2.07,1-2,4-6,Red,-1.0,17513069
, CLA-UA Champions Cyber League (UA) (2x5 mins),rain x Zero,rain,RB Leipzig,Zero,Arsenal,27/08/2026,20:56:09,Total de Gols,Under,6.5,,,,,1.59,0-0,1-2,Green,0.59,17520716
, CLA-UA Champions Cyber League (UA) (2x5 mins),rain x Zero,rain,RB Leipzig,Zero,Arsenal,27/08/2026,20:56:21,Total de Gols,Under,5.5,,,,,2.07,0-0,1-2,Green,1.07,17520716
, CLA-UA Champions Cyber League (UA) (2x5 mins),rain x Zero,rain,RB Leipzig,Zero,Arsenal,27/08/2026,21:01:34,Total de Gols,Under,4.5,,,,,2.23,1-1,1-2,Green,1.23,17520716
, CLA-UA Champions Cyber League (UA) (2x5 mins),rain x Zero,rain,RB Leipzig,Zero,Arsenal,27/08/2026,21:03:56,Total de Gols,Under,3.5,,,,,2.35,1-1,1-2,Green,1.35,17520716
, CLA-UA Champions Cyber League (UA) (2x5 mins),rain x Zero,rain,RB Leipzig,Zero,Arsenal,27/08/2026,21:05:36,Total de Gols,Under,2.5,,,,,2.56,1-1,1-2,Red,-1.0,17520716
,CLA-UA Argentina Cyber Cup (UA) (2x5 mins),luxiqq x FanFan,luxiqq,Estudiantes L.P.,FanFan,River Plate,27/08/2026,21:08:28,Total de Gols,Under,7.5,,,,,1.83,0-0,1-7,Red,-1.0,17513070
,CLA-UA Argentina Cyber Cup (UA) (2x5 mins),luxiqq x FanFan,luxiqq,Estudiantes L.P.,FanFan,River Plate,27/08/2026,21:10:40,Total de Gols,Under,8.5,,,,,1.78,0-0,1-7,Green,0.78,17513070
, CLA-UA Champions Cyber League (UA) (2x5 mins),rain x simaha,rain,RB Leipzig,simaha,Borussia Dortmund,27/08/2026,21:10:07,Total de Gols,Under,6.5,,,,,1.77,0-0,3-1,Green,0.77,17520717
, CLA-UA Champions Cyber League (UA) (2x5 mins),rain x simaha,rain,RB Leipzig,simaha,Borussia Dortmund,27/08/2026,21:11:01,Total de Gols,Under,5.5,,,,,2.07,0-0,3-1,Green,1.07,17520717
, CLA-UA Champions Cyber League (UA) (2x5 mins),rain x simaha,rain,RB Leipzig,simaha,Borussia Dortmund,27/08/2026,21:12:37,Total de Gols,Under,4.5,,,,,2.17,0-0,3-1,Green,1.17,17520717
,CLA-UA Argentina Cyber Cup (UA) (2x5 mins),fillanchik x FanFan,fillanchik,Racing Club,FanFan,River Plate,27/08/2026,21:24:13,Total de Gols,Under,7.5,,,,,1.78,0-0,6-4,Red,-1.0,17513072
,CLA-UA Argentina Cyber Cup (UA) (2x5 mins),fillanchik x FanFan,fillanchik,Racing Club,FanFan,River Plate,27/08/2026,21:25:02,Total de Gols,Under,6.5,,,,,2.03,0-0,6-4,Red,-1.0,17513072
,CLA-UA Argentina Cyber Cup (UA) (2x5 mins),fillanchik x FanFan,fillanchik,Racing Club,FanFan,River Plate,27/08/2026,21:26:58,Total de Gols,Under,8.5,,,,,1.93,1-1,6-4,Red,-1.0,17513072
,CLA-UA Argentina Cyber Cup (UA) (2x5 mins),fillanchik x FanFan,fillanchik,Racing Club,FanFan,River Plate,27/08/2026,21:27:41,Total de Gols,Under,9.5,,,,,1.68,2-1,6-4,Red,-1.0,17513072
, CLA-UA Champions Cyber League (UA) (2x5 mins),Zero x Forzyar,Zero,Arsenal,Forzyar,Bayer 04,27/08/2026,21:24:23,Total de Gols,Under,6.5,,,,,1.98,0-0,1-5,Green,0.98,17512947
, CLA-UA Champions Cyber League (UA) (2x5 mins),Zero x Forzyar,Zero,Arsenal,Forzyar,Bayer 04,27/08/2026,21:25:48,Total de Gols,Under,5.5,,,,,2.07,0-0,1-5,Red,-1.0,17512947
, CLA-UA Champions Cyber League (UA) (2x5 mins),Zero x Forzyar,Zero,Arsenal,Forzyar,Bayer 04,27/08/2026,21:30:43,Total de Gols,Under,7.5,,,,,1.52,0-3,1-5,Green,0.52,17512947
, CLA-UA Champions Cyber League (UA) (2x5 mins),rain x Forzyar,rain,RB Leipzig,Forzyar,Bayer 04,27/08/2026,21:38:17,Total de Gols,Under,6.5,,,,,2.02,0-0,1-4,Green,1.02,17520718
, CLA-UA Champions Cyber League (UA) (2x5 mins),rain x Forzyar,rain,RB Leipzig,Forzyar,Bayer 04,27/08/2026,21:39:14,Total de Gols,Under,7.5,,,,,1.76,0-0,1-4,Green,0.76,17520718
, CLA-UA Champions Cyber League (UA) (2x5 mins),rain x Forzyar,rain,RB Leipzig,Forzyar,Bayer 04,27/08/2026,21:44:39,Total de Gols,Under,5.5,,,,,2.27,0-3,1-4,Green,1.27,17520718
,CLA-UA Argentina Cyber Cup (UA) (2x5 mins),Galikooo x drksd3,Galikooo,Boca Juniors,drksd3,Independiente,27/08/2026,21:36:40,Total de Gols,Under,8.5,,,,,1.75,0-0,4-2,Green,0.75,17512924
,CLA-UA Argentina Cyber Cup (UA) (2x5 mins),Galikooo x drksd3,Galikooo,Boca Juniors,drksd3,Independiente,27/08/2026,21:38:50,Total de Gols,Under,9.5,,,,,1.69,0-0,4-2,Green,0.69,17512924
,CLA-UA Argentina Cyber Cup (UA) (2x5 mins),Galikooo x drksd3,Galikooo,Boca Juniors,drksd3,Independiente,27/08/2026,21:40:09,Total de Gols,Under,7.5,,,,,2.07,0-1,4-2,Green,1.07,17512924
,CLA-UA Argentina Cyber Cup (UA) (2x5 mins),Galikooo x drksd3,Galikooo,Boca Juniors,drksd3,Independiente,27/08/2026,21:41:29,Total de Gols,Under,6.5,,,,,2.03,0-1,4-2,Green,1.03,17512924
,CLA-UA Argentina Cyber Cup (UA) (2x5 mins),Galikooo x drksd3,Galikooo,Boca Juniors,drksd3,Independiente,27/08/2026,21:42:49,Total de Gols,Under,5.5,,,,,2.13,0-1,4-2,Red,-1.0,17512924
,CLA-UA Argentina Cyber Cup (UA) (2x5 mins),Galikooo x drksd3,Galikooo,Boca Juniors,drksd3,Independiente,27/08/2026,21:44:20,Total de Gols,Under,4.5,,,,,2.22,0-1,4-2,Red,-1.0,17512924
,CLA-UA Argentina Cyber Cup (UA) (2x5 mins),Galikooo x drksd3,Galikooo,Boca Juniors,drksd3,Independiente,27/08/2026,21:48:12,Total de Gols,Under,3.5,,,,,2.41,2-1,4-2,Red,-1.0,17512924
, CLA-UA Champions Cyber League (UA) (2x5 mins),simaha x Zero,simaha,Borussia Dortmund,Zero,Arsenal,27/08/2026,21:38:21,Total de Gols,Under,6.5,,,,,1.69,0-0,5-3,Red,-1.0,17512950
, CLA-UA Champions Cyber League (UA) (2x5 mins),simaha x Zero,simaha,Borussia Dortmund,Zero,Arsenal,27/08/2026,21:39:10,Total de Gols,Under,7.5,,,,,1.97,1-0,5-3,Red,-1.0,17512950
, CLA-UA Champions Cyber League (UA) (2x5 mins),simaha x Zero,simaha,Borussia Dortmund,Zero,Arsenal,27/08/2026,21:41:53,Total de Gols,Under,8.5,,,,,1.78,1-2,5-3,Green,0.78,17512950
, CLA-UA Champions Cyber League (UA) (2x5 mins),simaha x Forzyar,simaha,Borussia Dortmund,Forzyar,Bayer 04,27/08/2026,21:52:21,Total de Gols,Under,7.5,,,,,1.73,0-0,2-5,Green,0.73,17512952
, CLA-UA Champions Cyber League (UA) (2x5 mins),simaha x Forzyar,simaha,Borussia Dortmund,Forzyar,Bayer 04,27/08/2026,21:52:30,Total de Gols,Under,6.5,,,,,1.93,0-0,2-5,Red,-1.0,17512952
, CLA-UA Champions Cyber League (UA) (2x5 mins),simaha x Forzyar,simaha,Borussia Dortmund,Forzyar,Bayer 04,27/08/2026,21:54:32,Total de Gols,Under,8.5,,,,,1.93,0-2,2-5,Green,0.93,17512952
, CLA-UA Champions Cyber League (UA) (2x5 mins),simaha x Forzyar,simaha,Borussia Dortmund,Forzyar,Bayer 04,27/08/2026,21:54:35,Total de Gols,Under,9.5,,,,,1.62,1-2,2-5,Green,0.62,17512952
, CLA-UA Champions Cyber League (UA) (2x5 mins),simaha x Forzyar,simaha,Borussia Dortmund,Forzyar,Bayer 04,27/08/2026,21:55:58,Total de Gols,Under,10.5,,,,,1.71,1-3,2-5,Green,0.71,17512952
,CLA-UA Argentina Cyber Cup (UA) (2x5 mins),FanFan x Galikooo,FanFan,River Plate,Galikooo,Boca Juniors,27/08/2026,21:52:10,Total de Gols,Under,7.5,,,,,1.83,0-0,3-6,Red,-1.0,17513075
,CLA-UA Argentina Cyber Cup (UA) (2x5 mins),FanFan x Galikooo,FanFan,River Plate,Galikooo,Boca Juniors,27/08/2026,21:52:59,Total de Gols,Under,6.5,,,,,2.12,0-0,3-6,Red,-1.0,17513075
,CLA-UA Argentina Cyber Cup (UA) (2x5 mins),FanFan x Galikooo,FanFan,River Plate,Galikooo,Boca Juniors,27/08/2026,21:56:07,Total de Gols,Under,5.5,,,,,2.13,0-1,3-6,Red,-1.0,17513075
,CLA-UA Argentina Cyber Cup (UA) (2x5 mins),FanFan x Galikooo,FanFan,River Plate,Galikooo,Boca Juniors,27/08/2026,22:01:15,Total de Gols,Under,8.5,,,,,1.65,1-5,3-6,Red,-1.0,17513075
,CLA-UA Argentina Cyber Cup (UA) (2x5 mins),FanFan x Galikooo,FanFan,River Plate,Galikooo,Boca Juniors,27/08/2026,22:01:48,Total de Gols,Under,9.5,,,,,1.44,2-5,3-6,Green,0.44,17513075
,CLA-UA Argentina Cyber Cup (UA) (2x5 mins),FanFan x drksd3,FanFan,River Plate,drksd3,Independiente,27/08/2026,22:04:30,Total de Gols,Under,8.5,,,,,1.89,0-0,1-3,Green,0.89,17513076
,CLA-UA Argentina Cyber Cup (UA) (2x5 mins),FanFan x drksd3,FanFan,River Plate,drksd3,Independiente,27/08/2026,22:07:19,Total de Gols,Under,7.5,,,,,2.03,0-0,1-3,Green,1.03,17513076
,CLA-UA Argentina Cyber Cup (UA) (2x5 mins),FanFan x drksd3,FanFan,River Plate,drksd3,Independiente,27/08/2026,22:08:19,Total de Gols,Under,6.5,,,,,2.07,0-0,1-3,Green,1.07,17513076
,CLA-UA Argentina Cyber Cup (UA) (2x5 mins),FanFan x drksd3,FanFan,River Plate,drksd3,Independiente,27/08/2026,22:09:40,Total de Gols,Under,5.5,,,,,2.07,0-0,1-3,Green,1.07,17513076
,CLA-UA Argentina Cyber Cup (UA) (2x5 mins),FanFan x drksd3,FanFan,River Plate,drksd3,Independiente,27/08/2026,22:13:35,Total de Gols,Under,4.5,,,,,2.21,0-2,1-3,Green,1.21,17513076
,CLA-UA Argentina Cyber Cup (UA) (2x5 mins),FanFan x drksd3,FanFan,River Plate,drksd3,Independiente,27/08/2026,22:14:45,Total de Gols,Under,3.5,,,,,2.37,0-2,1-3,Red,-1.0,17513076
, CLA-UA Champions Cyber League (UA) (2x5 mins),murchik x Forzyar,murchik,FC Bayern,Forzyar,Bayer 04,27/08/2026,22:06:24,Total de Gols,Under,7.5,,,,,1.93,0-0,4-2,Green,0.93,17512955
, CLA-UA Champions Cyber League (UA) (2x5 mins),murchik x Forzyar,murchik,FC Bayern,Forzyar,Bayer 04,27/08/2026,22:06:32,Total de Gols,Under,8.5,,,,,1.93,0-0,4-2,Green,0.93,17512955
, CLA-UA Champions Cyber League (UA) (2x5 mins),murchik x Forzyar,murchik,FC Bayern,Forzyar,Bayer 04,27/08/2026,22:06:45,Total de Gols,Under,9.5,,,,,1.84,1-0,4-2,Green,0.84,17512955
, CLA-UA Champions Cyber League (UA) (2x5 mins),murchik x Forzyar,murchik,FC Bayern,Forzyar,Bayer 04,27/08/2026,22:16:42,Total de Gols,Under,6.5,,,,,2.56,4-2,4-2,Green,1.56,17512955
,CLA-UA World Cyber Cup (UA) (2x5 mins),murchik x Zero,murchik,South Korea,Zero,Czechia,27/08/2026,22:30:26,Total de Gols,Under,6.5,,,,,2.01,0-0,2-1,Green,1.01,17513092
,CLA-UA World Cyber Cup (UA) (2x5 mins),murchik x Zero,murchik,South Korea,Zero,Czechia,27/08/2026,22:31:56,Total de Gols,Under,5.5,,,,,2.07,0-0,2-1,Green,1.07,17513092
,CLA-UA World Cyber Cup (UA) (2x5 mins),murchik x Zero,murchik,South Korea,Zero,Czechia,27/08/2026,22:34:54,Total de Gols,Under,4.5,,,,,1.87,0-1,2-1,Green,0.87,17513092
,CLA-UA World Cyber Cup (UA) (2x5 mins),murchik x Zero,murchik,South Korea,Zero,Czechia,27/08/2026,22:35:16,Total de Gols,Under,3.5,,,,,2.17,0-1,2-1,Green,1.17,17513092
,CLA-UA World Cyber Cup (UA) (2x5 mins),murchik x Zero,murchik,South Korea,Zero,Czechia,27/08/2026,22:39:50,Total de Gols,Under,2.5,,,,,2.9,1-1,2-1,Red,-1.0,17513092
,CLA-UA World Cyber Cup (UA) (2x5 mins),simaha x rain,simaha,Hungary,rain,Mexico,27/08/2026,22:30:17,Total de Gols,Under,6.5,,,,,1.68,0-0,6-1,Red,-1.0,17520722
,CLA-UA World Cyber Cup (UA) (2x5 mins),simaha x rain,simaha,Hungary,rain,Mexico,27/08/2026,22:30:45,Total de Gols,Under,5.5,,,,,2.07,0-0,6-1,Red,-1.0,17520722
,CLA-UA World Cyber Cup (UA) (2x5 mins),simaha x rain,simaha,Hungary,rain,Mexico,27/08/2026,22:32:14,Total de Gols,Under,4.5,,,,,2.16,0-0,6-1,Red,-1.0,17520722
,CLA-UA World Cyber Cup (UA) (2x5 mins),simaha x rain,simaha,Hungary,rain,Mexico,27/08/2026,22:39:10,Total de Gols,Under,7.5,,,,,1.54,3-1,6-1,Green,0.54,17520722
, CLA-UA Spain Cyber Cup (UA) (2x5 mins),fillanchik x Galikooo,fillanchik,Levante,Galikooo,Real Betis,27/08/2026,22:30:22,Total de Gols,Under,7.5,,,,,1.83,0-0,3-3,Green,0.83,17513078
, CLA-UA Spain Cyber Cup (UA) (2x5 mins),drksd3 x luxiqq,drksd3,Barcelona,luxiqq,Celta Vigo,27/08/2026,22:42:53,Total de Gols,Under,8.5,,,,,1.97,0-0,6-1,Green,0.97,17512960
, CLA-UA Spain Cyber Cup (UA) (2x5 mins),drksd3 x luxiqq,drksd3,Barcelona,luxiqq,Celta Vigo,27/08/2026,22:45:43,Total de Gols,Under,7.5,,,,,2.06,0-0,6-1,Green,1.06,17512960
, CLA-UA Spain Cyber Cup (UA) (2x5 mins),drksd3 x luxiqq,drksd3,Barcelona,luxiqq,Celta Vigo,27/08/2026,22:48:14,Total de Gols,Under,6.5,,,,,2.08,1-0,6-1,Red,-1.0,17512960
,CLA-UA World Cyber Cup (UA) (2x5 mins),Forzyar x Zero,Forzyar,Denmark,Zero,Czechia,27/08/2026,22:44:16,Total de Gols,Under,6.5,,,,,2.01,0-0,2-5,Red,-1.0,17513094
,CLA-UA World Cyber Cup (UA) (2x5 mins),Forzyar x Zero,Forzyar,Denmark,Zero,Czechia,27/08/2026,22:45:46,Total de Gols,Under,5.5,,,,,2.07,0-0,2-5,Red,-1.0,17513094
,CLA-UA World Cyber Cup (UA) (2x5 mins),Forzyar x Zero,Forzyar,Denmark,Zero,Czechia,27/08/2026,22:48:53,Total de Gols,Under,7.5,,,,,1.71,1-1,2-5,Green,0.71,17513094
, CLA-UA Spain Cyber Cup (UA) (2x5 mins),luxiqq x fillanchik,luxiqq,Celta Vigo,fillanchik,Levante,27/08/2026,22:58:11,Total de Gols,Under,7.5,,,,,1.73,0-0,2-6,Red,-1.0,17513080
, CLA-UA Spain Cyber Cup (UA) (2x5 mins),luxiqq x fillanchik,luxiqq,Celta Vigo,fillanchik,Levante,27/08/2026,22:58:37,Total de Gols,Under,8.5,,,,,1.69,0-0,2-6,Green,0.69,17513080
, CLA-UA Spain Cyber Cup (UA) (2x5 mins),luxiqq x fillanchik,luxiqq,Celta Vigo,fillanchik,Levante,27/08/2026,22:59:54,Total de Gols,Under,9.5,,,,,1.72,1-1,2-6,Green,0.72,17513080
,CLA-UA World Cyber Cup (UA) (2x5 mins),Zero x simaha,Zero,Czechia,simaha,Hungary,27/08/2026,22:58:07,Total de Gols,Under,6.5,,,,,1.72,0-0,0-1,Green,0.72,17513096
,CLA-UA World Cyber Cup (UA) (2x5 mins),Zero x simaha,Zero,Czechia,simaha,Hungary,27/08/2026,22:58:57,Total de Gols,Under,5.5,,,,,2.07,0-0,0-1,Green,1.07,17513096
,CLA-UA World Cyber Cup (UA) (2x5 mins),Zero x simaha,Zero,Czechia,simaha,Hungary,27/08/2026,23:00:48,Total de Gols,Under,4.5,,,,,2.13,0-0,0-1,Green,1.13,17513096
,CLA-UA World Cyber Cup (UA) (2x5 mins),Zero x simaha,Zero,Czechia,simaha,Hungary,27/08/2026,23:02:01,Total de Gols,Under,3.5,,,,,2.12,0-0,0-1,Green,1.12,17513096
,CLA-UA World Cyber Cup (UA) (2x5 mins),Zero x simaha,Zero,Czechia,simaha,Hungary,27/08/2026,23:06:07,Total de Gols,Under,2.5,,,,,2.35,0-1,0-1,Green,1.35,17513096
,CLA-UA World Cyber Cup (UA) (2x5 mins),Zero x simaha,Zero,Czechia,simaha,Hungary,27/08/2026,23:07:43,Total de Gols,Under,1.5,,,,,2.61,0-1,0-1,Green,1.61,17513096
, CLA-UA Spain Cyber Cup (UA) (2x5 mins),Galikooo x FanFan,Galikooo,Real Betis,FanFan,Atletico Madrid,27/08/2026,23:12:16,Total de Gols,Under,8.5,,,,,1.65,0-0,5-2,Green,0.65,17513082
, CLA-UA Spain Cyber Cup (UA) (2x5 mins),Galikooo x FanFan,Galikooo,Real Betis,FanFan,Atletico Madrid,27/08/2026,23:12:25,Total de Gols,Under,7.5,,,,,2.03,0-0,5-2,Green,1.03,17513082
, CLA-UA Spain Cyber Cup (UA) (2x5 mins),Galikooo x FanFan,Galikooo,Real Betis,FanFan,Atletico Madrid,27/08/2026,23:12:50,Total de Gols,Under,9.5,,,,,1.91,0-1,5-2,Green,0.91,17513082
, CLA-UA Spain Cyber Cup (UA) (2x5 mins),Galikooo x FanFan,Galikooo,Real Betis,FanFan,Atletico Madrid,27/08/2026,23:18:04,Total de Gols,Under,10.5,,,,,1.82,4-2,5-2,Green,0.82,17513082
, CLA-UA Spain Cyber Cup (UA) (2x5 mins),drksd3 x fillanchik,drksd3,Barcelona,fillanchik,Levante,27/08/2026,23:10:39,Total de Gols,Under,8.5,,,,,1.68,0-0,3-6,Red,-1.0,17513081
, CLA-UA Spain Cyber Cup (UA) (2x5 mins),drksd3 x fillanchik,drksd3,Barcelona,fillanchik,Levante,27/08/2026,23:12:46,Total de Gols,Under,7.5,,,,,2.06,0-0,3-6,Red,-1.0,17513081
, CLA-UA Spain Cyber Cup (UA) (2x5 mins),drksd3 x fillanchik,drksd3,Barcelona,fillanchik,Levante,27/08/2026,23:13:37,Total de Gols,Under,9.5,,,,,1.72,0-1,3-6,Green,0.72,17513081
, CLA-UA Spain Cyber Cup (UA) (2x5 mins),drksd3 x fillanchik,drksd3,Barcelona,fillanchik,Levante,27/08/2026,23:14:02,Total de Gols,Under,10.5,,,,,1.62,0-2,3-6,Green,0.62,17513081
, CLA-UA Spain Cyber Cup (UA) (2x5 mins),drksd3 x FanFan,drksd3,Barcelona,FanFan,Atletico Madrid,27/08/2026,23:25:16,Total de Gols,Under,7.5,,,,,1.74,0-0,5-1,Green,0.74,17513083
, CLA-UA Spain Cyber Cup (UA) (2x5 mins),drksd3 x FanFan,drksd3,Barcelona,FanFan,Atletico Madrid,27/08/2026,23:26:48,Total de Gols,Under,6.5,,,,,2.07,0-0,5-1,Green,1.07,17513083
, CLA-UA Spain Cyber Cup (UA) (2x5 mins),drksd3 x FanFan,drksd3,Barcelona,FanFan,Atletico Madrid,27/08/2026,23:27:41,Total de Gols,Under,8.5,,,,,1.81,1-0,5-1,Green,0.81,17513083
, CLA-UA Spain Cyber Cup (UA) (2x5 mins),drksd3 x FanFan,drksd3,Barcelona,FanFan,Atletico Madrid,27/08/2026,23:28:12,Total de Gols,Under,9.5,,,,,1.65,2-0,5-1,Green,0.65,17513083
, CLA-UA Spain Cyber Cup (UA) (2x5 mins),Galikooo x luxiqq,Galikooo,Real Betis,luxiqq,Celta Vigo,27/08/2026,23:26:17,Total de Gols,Under,7.5,,,,,2.07,0-0,4-5,Red,-1.0,17512964
, CLA-UA Spain Cyber Cup (UA) (2x5 mins),Galikooo x luxiqq,Galikooo,Real Betis,luxiqq,Celta Vigo,27/08/2026,23:26:32,Total de Gols,Under,8.5,,,,,1.94,0-0,4-5,Red,-1.0,17512964
, CLA-UA Spain Cyber Cup (UA) (2x5 mins),Galikooo x luxiqq,Galikooo,Real Betis,luxiqq,Celta Vigo,27/08/2026,23:27:38,Total de Gols,Under,9.5,,,,,1.62,1-0,4-5,Green,0.62,17512964
, CLA-UA Spain Cyber Cup (UA) (2x5 mins),Galikooo x luxiqq,Galikooo,Real Betis,luxiqq,Celta Vigo,27/08/2026,23:31:16,Total de Gols,Under,10.5,,,,,1.59,2-2,4-5,Green,0.59,17512964
,CLA-UA World Cyber Cup (UA) (2x5 mins),Forzyar x murchik,Forzyar,Denmark,murchik,South Korea,27/08/2026,23:26:17,Total de Gols,Under,8.5,,,,,1.74,0-0,2-1,Green,0.74,17513098
,CLA-UA World Cyber Cup (UA) (2x5 mins),Forzyar x murchik,Forzyar,Denmark,murchik,South Korea,27/08/2026,23:26:47,Total de Gols,Under,7.5,,,,,2.03,0-0,2-1,Green,1.03,17513098
,CLA-UA World Cyber Cup (UA) (2x5 mins),Forzyar x murchik,Forzyar,Denmark,murchik,South Korea,27/08/2026,23:29:38,Total de Gols,Under,6.5,,,,,2.12,0-1,2-1,Green,1.12,17513098
,CLA-UA World Cyber Cup (UA) (2x5 mins),Forzyar x murchik,Forzyar,Denmark,murchik,South Korea,27/08/2026,23:31:16,Total de Gols,Under,5.5,,,,,2.07,0-1,2-1,Green,1.07,17513098
,CLA-UA World Cyber Cup (UA) (2x5 mins),Forzyar x murchik,Forzyar,Denmark,murchik,South Korea,27/08/2026,23:31:51,Total de Gols,Under,4.5,,,,,2.13,0-1,2-1,Green,1.13,17513098
,CLA-UA World Cyber Cup (UA) (2x5 mins),Forzyar x murchik,Forzyar,Denmark,murchik,South Korea,27/08/2026,23:32:36,Total de Gols,Under,3.5,,,,,2.21,0-1,2-1,Green,1.21,17513098
,CLA-UA World Cyber Cup (UA) (2x5 mins),Forzyar x murchik,Forzyar,Denmark,murchik,South Korea,27/08/2026,23:36:30,Total de Gols,Under,2.5,,,,,2.69,1-1,2-1,Red,-1.0,17513098
, CLA-UA Spain Cyber Cup (UA) (2x5 mins),Galikooo x fillanchik,Galikooo,Real Betis,fillanchik,Levante,27/08/2026,23:40:14,Total de Gols,Under,7.5,,,,,1.78,0-0,2-7,Red,-1.0,17513087
, CLA-UA Spain Cyber Cup (UA) (2x5 mins),Galikooo x fillanchik,Galikooo,Real Betis,fillanchik,Levante,27/08/2026,23:40:55,Total de Gols,Under,6.5,,,,,2.07,0-0,2-7,Red,-1.0,17513087
, CLA-UA Spain Cyber Cup (UA) (2x5 mins),Galikooo x fillanchik,Galikooo,Real Betis,fillanchik,Levante,27/08/2026,23:41:27,Total de Gols,Under,8.5,,,,,1.89,0-1,2-7,Red,-1.0,17513087
, CLA-UA Spain Cyber Cup (UA) (2x5 mins),Galikooo x fillanchik,Galikooo,Real Betis,fillanchik,Levante,27/08/2026,23:41:29,Total de Gols,Under,9.5,,,,,1.65,0-1,2-7,Green,0.65,17513087
, CLA-UA Spain Cyber Cup (UA) (2x5 mins),Galikooo x fillanchik,Galikooo,Real Betis,fillanchik,Levante,27/08/2026,23:42:20,Total de Gols,Under,10.5,,,,,1.87,0-3,2-7,Green,0.87,17513087
, CLA-UA Spain Cyber Cup (UA) (2x5 mins),Galikooo x fillanchik,Galikooo,Real Betis,fillanchik,Levante,27/08/2026,23:43:00,Total de Gols,Under,11.5,,,,,1.63,0-4,2-7,Green,0.63,17513087
,CLA-UA World Cyber Cup (UA) (2x5 mins),Zero x murchik,Zero,Czechia,murchik,South Korea,27/08/2026,23:40:17,Total de Gols,Under,6.5,,,,,2.01,0-0,4-4,Red,-1.0,17513100
,CLA-UA World Cyber Cup (UA) (2x5 mins),Zero x murchik,Zero,Czechia,murchik,South Korea,27/08/2026,23:41:23,Total de Gols,Under,5.5,,,,,2.03,0-0,4-4,Red,-1.0,17513100
,CLA-UA World Cyber Cup (UA) (2x5 mins),Zero x murchik,Zero,Czechia,murchik,South Korea,27/08/2026,23:42:31,Total de Gols,Under,7.5,,,,,1.68,0-1,4-4,Red,-1.0,17513100
, CLA-UA Spain Cyber Cup (UA) (2x5 mins),luxiqq x drksd3,luxiqq,Celta Vigo,drksd3,Barcelona,27/08/2026,23:53:15,Total de Gols,Under,9.5,,,,,1.65,0-0,0-7,Green,0.65,17512970
, CLA-UA Spain Cyber Cup (UA) (2x5 mins),luxiqq x drksd3,luxiqq,Celta Vigo,drksd3,Barcelona,27/08/2026,23:54:33,Total de Gols,Under,8.5,,,,,2.03,0-0,0-7,Green,1.03,17512970
,CLA-UA World Cyber Cup (UA) (2x5 mins),Zero x Forzyar,Zero,Czechia,Forzyar,Denmark,27/08/2026,23:54:20,Total de Gols,Under,6.5,,,,,2.02,0-0,5-2,Red,-1.0,17513101
,CLA-UA World Cyber Cup (UA) (2x5 mins),Zero x Forzyar,Zero,Czechia,Forzyar,Denmark,27/08/2026,23:54:50,Total de Gols,Under,7.5,,,,,1.95,0-0,5-2,Green,0.95,17513101
,CLA-UA World Cyber Cup (UA) (2x5 mins),Zero x Forzyar,Zero,Czechia,Forzyar,Denmark,27/08/2026,23:56:04,Total de Gols,Under,8.5,,,,,1.68,1-0,5-2,Green,0.68,17513101
, CLA-UA Spain Cyber Cup (UA) (2x5 mins),fillanchik x luxiqq,fillanchik,Levante,luxiqq,Celta Vigo,28/08/2026,00:08:10,Total de Gols,Under,7.5,,,,,1.88,0-0,8-1,Red,-1.0,17513088
,CLA-UA World Cyber Cup (UA) (2x5 mins),murchik x rain,murchik,South Korea,rain,Mexico,28/08/2026,00:22:07,Total de Gols,Under,8.5,,,,,1.82,0-0,6-2,Green,0.82,17520728
,CLA-UA World Cyber Cup (UA) (2x5 mins),murchik x rain,murchik,South Korea,rain,Mexico,28/08/2026,00:22:44,Total de Gols,Under,9.5,,,,,1.65,0-0,6-2,Green,0.65,17520728
,CLA-UA World Cyber Cup (UA) (2x5 mins),murchik x rain,murchik,South Korea,rain,Mexico,28/08/2026,00:24:00,Total de Gols,Under,10.5,,,,,1.72,2-0,6-2,Green,0.72,17520728
,CLA-UA World Cyber Cup (UA) (2x5 mins),murchik x rain,murchik,South Korea,rain,Mexico,28/08/2026,00:29:13,Total de Gols,Under,7.5,,,,,2.23,4-1,6-2,Red,-1.0,17520728
,CLA-UA World Cyber Cup (UA) (2x5 mins),simaha x Forzyar,simaha,Hungary,Forzyar,Denmark,28/08/2026,00:22:16,Total de Gols,Under,7.5,,,,,1.73,0-0,2-8,Red,-1.0,17513103
,CLA-UA World Cyber Cup (UA) (2x5 mins),simaha x Forzyar,simaha,Hungary,Forzyar,Denmark,28/08/2026,00:22:39,Total de Gols,Under,8.5,,,,,1.62,0-0,2-8,Red,-1.0,17513103
,CLA-UA World Cyber Cup (UA) (2x5 mins),simaha x Forzyar,simaha,Hungary,Forzyar,Denmark,28/08/2026,00:23:43,Total de Gols,Under,9.5,,,,,1.85,0-2,2-8,Red,-1.0,17513103
,CLA-UA World Cyber Cup (UA) (2x5 mins),simaha x Forzyar,simaha,Hungary,Forzyar,Denmark,28/08/2026,00:24:05,Total de Gols,Under,10.5,,,,,1.76,0-3,2-8,Green,0.76,17513103
,CLA-UA World Cyber Cup (UA) (2x5 mins),simaha x Forzyar,simaha,Hungary,Forzyar,Denmark,28/08/2026,00:24:23,Total de Gols,Under,11.5,,,,,1.69,0-4,2-8,Green,0.69,17513103
, CLA-UA Spain Cyber Cup (UA) (2x5 mins),FanFan x drksd3,FanFan,Atletico Madrid,drksd3,Barcelona,28/08/2026,00:34:58,Total de Gols,Under,7.5,,,,,1.74,0-0,5-5,Red,-1.0,17513091
, CLA-UA Spain Cyber Cup (UA) (2x5 mins),FanFan x drksd3,FanFan,Atletico Madrid,drksd3,Barcelona,28/08/2026,00:36:51,Total de Gols,Under,6.5,,,,,2.12,0-0,5-5,Red,-1.0,17513091
, CLA-UA Spain Cyber Cup (UA) (2x5 mins),FanFan x drksd3,FanFan,Atletico Madrid,drksd3,Barcelona,28/08/2026,00:39:03,Total de Gols,Under,8.5,,,,,1.86,1-1,5-5,Red,-1.0,17513091
, CLA-UA Spain Cyber Cup (UA) (2x5 mins),FanFan x drksd3,FanFan,Atletico Madrid,drksd3,Barcelona,28/08/2026,00:43:30,Total de Gols,Under,9.5,,,,,1.77,3-3,5-5,Red,-1.0,17513091
, CLA-UA Spain Cyber Cup (UA) (2x5 mins),FanFan x drksd3,FanFan,Atletico Madrid,drksd3,Barcelona,28/08/2026,00:43:58,Total de Gols,Under,10.5,,,,,1.61,3-4,5-5,Green,0.61,17513091
,CLA-UA World Cyber Cup (UA) (2x5 mins),Zero x rain,Zero,Czechia,rain,Mexico,28/08/2026,00:36:06,Total de Gols,Under,5.5,,,,,2.07,0-0,4-3,Red,-1.0,17520729
,CLA-UA World Cyber Cup (UA) (2x5 mins),Zero x rain,Zero,Czechia,rain,Mexico,28/08/2026,00:36:38,Total de Gols,Under,6.5,,,,,1.92,0-0,4-3,Red,-1.0,17520729
,CLA-UA World Cyber Cup (UA) (2x5 mins),Zero x rain,Zero,Czechia,rain,Mexico,28/08/2026,00:39:27,Total de Gols,Under,7.5,,,,,1.62,1-1,4-3,Green,0.62,17520729
, CLA-UA Champions Cyber League (UA) (2x5 mins),drksd3 x luxiqq,drksd3,Liverpool,luxiqq,Benfica,28/08/2026,01:12:47,Total de Gols,Under,9.5,,,,,1.65,0-0,5-6,Red,-1.0,17512992
, CLA-UA Champions Cyber League (UA) (2x5 mins),drksd3 x luxiqq,drksd3,Liverpool,luxiqq,Benfica,28/08/2026,01:14:39,Total de Gols,Under,8.5,,,,,2.07,0-0,5-6,Red,-1.0,17512992
, CLA-UA Champions Cyber League (UA) (2x5 mins),drksd3 x luxiqq,drksd3,Liverpool,luxiqq,Benfica,28/08/2026,01:17:17,Total de Gols,Under,10.5,,,,,1.75,1-1,5-6,Red,-1.0,17512992
, CLA-UA Champions Cyber League (UA) (2x5 mins),drksd3 x luxiqq,drksd3,Liverpool,luxiqq,Benfica,28/08/2026,01:21:08,Total de Gols,Under,11.5,,,,,1.71,3-3,5-6,Green,0.71,17512992
, CLA-UA Champions Cyber League (UA) (2x5 mins),drksd3 x luxiqq,drksd3,Liverpool,luxiqq,Benfica,28/08/2026,01:22:29,Total de Gols,Under,12.5,,,,,1.57,3-5,5-6,Green,0.57,17512992
, CLA-UA France Cyber Cup (UA) (2x5 mins),murchik x simaha,murchik,PSG,simaha,Nice,28/08/2026,01:14:17,Total de Gols,Under,7.5,,,,,1.82,0-0,5-3,Red,-1.0,17513013
, CLA-UA France Cyber Cup (UA) (2x5 mins),murchik x simaha,murchik,PSG,simaha,Nice,28/08/2026,01:15:08,Total de Gols,Under,8.5,,,,,1.65,0-0,5-3,Green,0.65,17513013
, CLA-UA France Cyber Cup (UA) (2x5 mins),murchik x simaha,murchik,PSG,simaha,Nice,28/08/2026,01:16:43,Total de Gols,Under,9.5,,,,,1.71,1-1,5-3,Green,0.71,17513013
, CLA-UA France Cyber Cup (UA) (2x5 mins),murchik x simaha,murchik,PSG,simaha,Nice,28/08/2026,01:21:44,Total de Gols,Under,6.5,,,,,2.27,2-2,5-3,Red,-1.0,17513013
, CLA-UA Champions Cyber League (UA) (2x5 mins),Galikooo x FanFan,Galikooo,Feyenoord,FanFan,Chelsea,28/08/2026,01:42:18,Total de Gols,Under,8.5,,,,,1.79,0-0,7-4,Red,-1.0,17513116
, CLA-UA Champions Cyber League (UA) (2x5 mins),Galikooo x FanFan,Galikooo,Feyenoord,FanFan,Chelsea,28/08/2026,01:42:52,Total de Gols,Under,7.5,,,,,2.06,0-0,7-4,Red,-1.0,17513116
, CLA-UA Champions Cyber League (UA) (2x5 mins),Galikooo x FanFan,Galikooo,Feyenoord,FanFan,Chelsea,28/08/2026,01:44:04,Total de Gols,Under,9.5,,,,,1.62,1-0,7-4,Red,-1.0,17513116
, CLA-UA Champions Cyber League (UA) (2x5 mins),Galikooo x FanFan,Galikooo,Feyenoord,FanFan,Chelsea,28/08/2026,01:45:01,Total de Gols,Under,10.5,,,,,1.76,3-0,7-4,Red,-1.0,17513116
, CLA-UA Champions Cyber League (UA) (2x5 mins),Galikooo x FanFan,Galikooo,Feyenoord,FanFan,Chelsea,28/08/2026,01:48:14,Total de Gols,Under,6.5,,,,,2.2,4-0,7-4,Red,-1.0,17513116
, CLA-UA Champions Cyber League (UA) (2x5 mins),drksd3 x FanFan,drksd3,Liverpool,FanFan,Chelsea,28/08/2026,01:55:03,Total de Gols,Under,7.5,,,,,1.98,0-0,2-3,Green,0.98,17513117
, CLA-UA Champions Cyber League (UA) (2x5 mins),drksd3 x FanFan,drksd3,Liverpool,FanFan,Chelsea,28/08/2026,01:56:22,Total de Gols,Under,8.5,,,,,1.93,0-0,2-3,Green,0.93,17513117
, CLA-UA Champions Cyber League (UA) (2x5 mins),drksd3 x FanFan,drksd3,Liverpool,FanFan,Chelsea,28/08/2026,02:00:20,Total de Gols,Under,6.5,,,,,2.11,1-1,2-3,Green,1.11,17513117
, CLA-UA Champions Cyber League (UA) (2x5 mins),drksd3 x FanFan,drksd3,Liverpool,FanFan,Chelsea,28/08/2026,02:01:53,Total de Gols,Under,5.5,,,,,2.17,1-1,2-3,Green,1.17,17513117
, CLA-UA Champions Cyber League (UA) (2x5 mins),drksd3 x FanFan,drksd3,Liverpool,FanFan,Chelsea,28/08/2026,02:06:21,Total de Gols,Under,4.5,,,,,2.62,2-2,2-3,Red,-1.0,17513117
, CLA-UA France Cyber Cup (UA) (2x5 mins),rain x Zero,rain,Lyon,Zero,Strasbourg,28/08/2026,01:56:09,Total de Gols,Under,6.5,,,,,1.59,0-0,1-5,Green,0.59,17520731
, CLA-UA France Cyber Cup (UA) (2x5 mins),rain x Zero,rain,Lyon,Zero,Strasbourg,28/08/2026,01:56:21,Total de Gols,Under,5.5,,,,,2.07,0-0,1-5,Red,-1.0,17520731
, CLA-UA France Cyber Cup (UA) (2x5 mins),rain x Zero,rain,Lyon,Zero,Strasbourg,28/08/2026,02:03:41,Total de Gols,Under,4.5,,,,,2.35,0-3,1-5,Red,-1.0,17520731
, CLA-UA Champions Cyber League (UA) (2x5 mins),luxiqq x FanFan,luxiqq,Benfica,FanFan,Chelsea,28/08/2026,02:08:52,Total de Gols,Under,7.5,,,,,1.98,0-0,2-6,Red,-1.0,17513118
, CLA-UA Champions Cyber League (UA) (2x5 mins),Galikooo x fillanchik,Galikooo,Feyenoord,fillanchik,Tottenham,28/08/2026,02:10:17,Total de Gols,Under,7.5,,,,,1.94,0-0,2-5,Green,0.94,17513002
, CLA-UA Champions Cyber League (UA) (2x5 mins),luxiqq x drksd3,luxiqq,Benfica,drksd3,Liverpool,28/08/2026,02:22:24,Total de Gols,Under,8.5,,,,,1.97,0-0,0-3,Green,0.97,17513003
, CLA-UA Champions Cyber League (UA) (2x5 mins),luxiqq x drksd3,luxiqq,Benfica,drksd3,Liverpool,28/08/2026,02:25:46,Total de Gols,Under,7.5,,,,,2.03,0-0,0-3,Green,1.03,17513003
, CLA-UA Champions Cyber League (UA) (2x5 mins),luxiqq x drksd3,luxiqq,Benfica,drksd3,Liverpool,28/08/2026,02:30:54,Total de Gols,Under,6.5,,,,,2.07,0-2,0-3,Green,1.07,17513003
, CLA-UA Champions Cyber League (UA) (2x5 mins),luxiqq x drksd3,luxiqq,Benfica,drksd3,Liverpool,28/08/2026,02:31:35,Total de Gols,Under,5.5,,,,,2.17,0-2,0-3,Green,1.17,17513003
, CLA-UA Champions Cyber League (UA) (2x5 mins),luxiqq x drksd3,luxiqq,Benfica,drksd3,Liverpool,28/08/2026,02:32:44,Total de Gols,Under,4.5,,,,,2.27,0-2,0-3,Green,1.27,17513003
, CLA-UA France Cyber Cup (UA) (2x5 mins),Zero x Forzyar,Zero,Strasbourg,Forzyar,Monaco,28/08/2026,02:24:18,Total de Gols,Under,6.5,,,,,2.01,0-0,5-4,Red,-1.0,17513127
, CLA-UA France Cyber Cup (UA) (2x5 mins),Zero x Forzyar,Zero,Strasbourg,Forzyar,Monaco,28/08/2026,02:24:30,Total de Gols,Under,7.5,,,,,1.89,0-0,5-4,Red,-1.0,17513127
, CLA-UA France Cyber Cup (UA) (2x5 mins),Zero x Forzyar,Zero,Strasbourg,Forzyar,Monaco,28/08/2026,02:31:45,Total de Gols,Under,8.5,,,,,1.57,2-3,5-4,Red,-1.0,17513127
, CLA-UA France Cyber Cup (UA) (2x5 mins),Zero x Forzyar,Zero,Strasbourg,Forzyar,Monaco,28/08/2026,02:32:23,Total de Gols,Under,9.5,,,,,1.54,3-3,5-4,Green,0.54,17513127
, CLA-UA France Cyber Cup (UA) (2x5 mins),rain x Forzyar,rain,Lyon,Forzyar,Monaco,28/08/2026,02:38:18,Total de Gols,Under,7.5,,,,,1.74,0-0,4-4,Red,-1.0,17520734
, CLA-UA France Cyber Cup (UA) (2x5 mins),rain x Forzyar,rain,Lyon,Forzyar,Monaco,28/08/2026,02:38:58,Total de Gols,Under,6.5,,,,,2.06,0-0,4-4,Red,-1.0,17520734
, CLA-UA France Cyber Cup (UA) (2x5 mins),rain x Forzyar,rain,Lyon,Forzyar,Monaco,28/08/2026,02:40:09,Total de Gols,Under,5.5,,,,,1.93,0-0,4-4,Red,-1.0,17520734
, CLA-UA France Cyber Cup (UA) (2x5 mins),rain x Forzyar,rain,Lyon,Forzyar,Monaco,28/08/2026,02:44:36,Total de Gols,Under,4.5,,,,,2.28,1-1,4-4,Red,-1.0,17520734
, CLA-UA Champions Cyber League (UA) (2x5 mins),FanFan x Galikooo,FanFan,Chelsea,Galikooo,Feyenoord,28/08/2026,02:53:05,Total de Gols,Under,7.5,,,,,2.07,0-0,2-5,Green,1.07,17513120
, CLA-UA Champions Cyber League (UA) (2x5 mins),FanFan x Galikooo,FanFan,Chelsea,Galikooo,Feyenoord,28/08/2026,02:53:37,Total de Gols,Under,8.5,,,,,1.83,0-0,2-5,Green,0.83,17513120
, CLA-UA Champions Cyber League (UA) (2x5 mins),FanFan x Galikooo,FanFan,Chelsea,Galikooo,Feyenoord,28/08/2026,02:57:10,Total de Gols,Under,6.5,,,,,2.16,0-3,2-5,Red,-1.0,17513120
, CLA-UA France Cyber Cup (UA) (2x5 mins),simaha x Forzyar,simaha,Nice,Forzyar,Monaco,28/08/2026,02:53:05,Total de Gols,Under,8.5,,,,,1.62,1-0,5-10,Red,-1.0,17513027
, CLA-UA France Cyber Cup (UA) (2x5 mins),simaha x Forzyar,simaha,Nice,Forzyar,Monaco,28/08/2026,02:53:10,Total de Gols,Under,7.5,,,,,2.03,1-0,5-10,Red,-1.0,17513027
, CLA-UA France Cyber Cup (UA) (2x5 mins),simaha x Forzyar,simaha,Nice,Forzyar,Monaco,28/08/2026,02:55:28,Total de Gols,Under,6.5,,,,,2.07,1-1,5-10,Red,-1.0,17513027
, CLA-UA France Cyber Cup (UA) (2x5 mins),simaha x Forzyar,simaha,Nice,Forzyar,Monaco,28/08/2026,02:57:06,Total de Gols,Under,9.5,,,,,1.62,2-2,5-10,Red,-1.0,17513027
, CLA-UA France Cyber Cup (UA) (2x5 mins),simaha x Forzyar,simaha,Nice,Forzyar,Monaco,28/08/2026,02:57:29,Total de Gols,Under,10.5,,,,,1.57,2-3,5-10,Red,-1.0,17513027
, CLA-UA France Cyber Cup (UA) (2x5 mins),simaha x Forzyar,simaha,Nice,Forzyar,Monaco,28/08/2026,02:57:56,Total de Gols,Under,11.5,,,,,1.56,2-4,5-10,Red,-1.0,17513027
, CLA-UA France Cyber Cup (UA) (2x5 mins),simaha x Forzyar,simaha,Nice,Forzyar,Monaco,28/08/2026,02:59:06,Total de Gols,Under,12.5,,,,,1.89,3-5,5-10,Red,-1.0,17513027
, CLA-UA France Cyber Cup (UA) (2x5 mins),simaha x Forzyar,simaha,Nice,Forzyar,Monaco,28/08/2026,02:59:38,Total de Gols,Under,13.5,,,,,1.68,3-6,5-10,Red,-1.0,17513027
, CLA-UA France Cyber Cup (UA) (2x5 mins),Zero x rain,Zero,Strasbourg,rain,Lyon,28/08/2026,03:06:08,Total de Gols,Under,6.5,,,,,1.59,0-0,6-2,Red,-1.0,17520736
, CLA-UA France Cyber Cup (UA) (2x5 mins),Zero x rain,Zero,Strasbourg,rain,Lyon,28/08/2026,03:06:23,Total de Gols,Under,5.5,,,,,2.07,0-0,6-2,Red,-1.0,17520736
, CLA-UA France Cyber Cup (UA) (2x5 mins),Zero x rain,Zero,Strasbourg,rain,Lyon,28/08/2026,03:07:37,Total de Gols,Under,7.5,,,,,1.7,1-0,6-2,Red,-1.0,17520736
, CLA-UA Spain Cyber Cup (UA) (2x5 mins),kozak x sensiz,kozak,Real Sociedad,sensiz,Real Betis,28/08/2026,05:00:07,Total de Gols,Under,7.5,,,,,1.78,0-0,2-4,Green,0.78,17523366
, CLA-UA Spain Cyber Cup (UA) (2x5 mins),kozak x sensiz,kozak,Real Sociedad,sensiz,Real Betis,28/08/2026,05:03:57,Total de Gols,Under,6.5,,,,,2.07,0-1,2-4,Green,1.07,17523366
, CLA-UA Spain Cyber Cup (UA) (2x5 mins),kozak x sensiz,kozak,Real Sociedad,sensiz,Real Betis,28/08/2026,05:08:22,Total de Gols,Under,5.5,,,,,2.17,1-2,2-4,Red,-1.0,17523366
, CLA-UA Italy Cyber Cup (UA) (2x5 mins),palkan x T3RZ,palkan,Inter,T3RZ,Torino,28/08/2026,05:00:10,Total de Gols,Under,9.5,,,,,1.75,0-0,4-6,Red,-1.0,17523349
, CLA-UA Italy Cyber Cup (UA) (2x5 mins),palkan x T3RZ,palkan,Inter,T3RZ,Torino,28/08/2026,05:02:48,Total de Gols,Under,8.5,,,,,2.03,0-0,4-6,Red,-1.0,17523349
, CLA-UA Italy Cyber Cup (UA) (2x5 mins),palkan x T3RZ,palkan,Inter,T3RZ,Torino,28/08/2026,05:04:28,Total de Gols,Under,7.5,,,,,2.03,0-0,4-6,Red,-1.0,17523349
, CLA-UA Italy Cyber Cup (UA) (2x5 mins),palkan x T3RZ,palkan,Inter,T3RZ,Torino,28/08/2026,05:06:54,Total de Gols,Under,6.5,,,,,2.12,0-1,4-6,Red,-1.0,17523349
, CLA-UA Italy Cyber Cup (UA) (2x5 mins),palkan x T3RZ,palkan,Inter,T3RZ,Torino,28/08/2026,05:12:43,Total de Gols,Under,10.5,,,,,1.44,4-4,4-6,Green,0.44,17523349
, CLA-UA Spain Cyber Cup (UA) (2x5 mins),aloha x Shot,aloha,Mallorca,Shot,Celta Vigo,28/08/2026,05:14:20,Total de Gols,Under,6.5,,,,,1.69,0-0,5-4,Red,-1.0,17523382
, CLA-UA Spain Cyber Cup (UA) (2x5 mins),aloha x Shot,aloha,Mallorca,Shot,Celta Vigo,28/08/2026,05:14:51,Total de Gols,Under,5.5,,,,,2.12,0-0,5-4,Red,-1.0,17523382
, CLA-UA Spain Cyber Cup (UA) (2x5 mins),aloha x Shot,aloha,Mallorca,Shot,Celta Vigo,28/08/2026,05:17:30,Total de Gols,Under,7.5,,,,,1.92,1-1,5-4,Red,-1.0,17523382
, CLA-UA Spain Cyber Cup (UA) (2x5 mins),aloha x Shot,aloha,Mallorca,Shot,Celta Vigo,28/08/2026,05:19:27,Total de Gols,Under,8.5,,,,,1.94,2-2,5-4,Red,-1.0,17523382
, CLA-UA Spain Cyber Cup (UA) (2x5 mins),aloha x Shot,aloha,Mallorca,Shot,Celta Vigo,28/08/2026,05:22:06,Total de Gols,Under,9.5,,,,,1.79,3-3,5-4,Green,0.79,17523382
, CLA-UA Spain Cyber Cup (UA) (2x5 mins),aloha x Shot,aloha,Mallorca,Shot,Celta Vigo,28/08/2026,05:23:57,Total de Gols,Under,10.5,,,,,1.52,4-4,5-4,Green,0.52,17523382
,CLA-UA World Cyber Cup (UA) (2x5 mins),shatik666 x Nona,shatik666,Hungary,Nona,Netherlands,28/08/2026,05:14:15,Total de Gols,Under,7.5,,,,,1.97,0-0,6-5,Red,-1.0,17523413
,CLA-UA World Cyber Cup (UA) (2x5 mins),shatik666 x Nona,shatik666,Hungary,Nona,Netherlands,28/08/2026,05:15:32,Total de Gols,Under,6.5,,,,,2.06,0-0,6-5,Red,-1.0,17523413
,CLA-UA World Cyber Cup (UA) (2x5 mins),shatik666 x Nona,shatik666,Hungary,Nona,Netherlands,28/08/2026,05:18:13,Total de Gols,Under,8.5,,,,,1.76,1-1,6-5,Red,-1.0,17523413
,CLA-UA World Cyber Cup (UA) (2x5 mins),shatik666 x Nona,shatik666,Hungary,Nona,Netherlands,28/08/2026,05:22:44,Total de Gols,Under,9.5,,,,,1.92,2-4,6-5,Red,-1.0,17523413
, CLA-UA Italy Cyber Cup (UA) (2x5 mins),djamik x Terry14,djamik,Napoli,Terry14,Atalanta,28/08/2026,05:16:26,Total de Gols,Under,7.5,,,,,1.74,0-0,5-2,Green,0.74,17523350
, CLA-UA Italy Cyber Cup (UA) (2x5 mins),djamik x Terry14,djamik,Napoli,Terry14,Atalanta,28/08/2026,05:17:09,Total de Gols,Under,8.5,,,,,1.69,0-0,5-2,Green,0.69,17523350
, CLA-UA Spain Cyber Cup (UA) (2x5 mins),aloha x sensiz,aloha,Mallorca,sensiz,Real Betis,28/08/2026,05:28:31,Total de Gols,Under,7.5,,,,,1.62,0-0,4-3,Green,0.62,17523381
, CLA-UA Spain Cyber Cup (UA) (2x5 mins),aloha x sensiz,aloha,Mallorca,sensiz,Real Betis,28/08/2026,05:28:42,Total de Gols,Under,6.5,,,,,2.07,0-0,4-3,Red,-1.0,17523381
, CLA-UA Spain Cyber Cup (UA) (2x5 mins),aloha x sensiz,aloha,Mallorca,sensiz,Real Betis,28/08/2026,05:30:00,Total de Gols,Under,8.5,,,,,1.62,0-1,4-3,Green,0.62,17523381
,CLA-UA World Cyber Cup (UA) (2x5 mins),vrud1 x Nona,vrud1,Tunisia,Nona,Netherlands,28/08/2026,05:28:11,Total de Gols,Under,7.5,,,,,1.98,0-0,12-4,Red,-1.0,17523414
,CLA-UA World Cyber Cup (UA) (2x5 mins),vrud1 x Nona,vrud1,Tunisia,Nona,Netherlands,28/08/2026,05:29:29,Total de Gols,Under,6.5,,,,,2.07,0-0,12-4,Red,-1.0,17523414
,CLA-UA World Cyber Cup (UA) (2x5 mins),vrud1 x Nona,vrud1,Tunisia,Nona,Netherlands,28/08/2026,05:32:13,Total de Gols,Under,5.5,,,,,2.12,1-0,12-4,Red,-1.0,17523414
,CLA-UA World Cyber Cup (UA) (2x5 mins),vrud1 x Nona,vrud1,Tunisia,Nona,Netherlands,28/08/2026,05:32:58,Total de Gols,Under,8.5,,,,,1.79,2-1,12-4,Red,-1.0,17523414
,CLA-UA World Cyber Cup (UA) (2x5 mins),vrud1 x Nona,vrud1,Tunisia,Nona,Netherlands,28/08/2026,05:34:21,Total de Gols,Under,9.5,,,,,1.56,3-1,12-4,Red,-1.0,17523414
,CLA-UA World Cyber Cup (UA) (2x5 mins),vrud1 x Nona,vrud1,Tunisia,Nona,Netherlands,28/08/2026,05:34:59,Total de Gols,Under,10.5,,,,,1.91,4-2,12-4,Red,-1.0,17523414
,CLA-UA World Cyber Cup (UA) (2x5 mins),vrud1 x Nona,vrud1,Tunisia,Nona,Netherlands,28/08/2026,05:36:09,Total de Gols,Under,11.5,,,,,1.94,5-3,12-4,Red,-1.0,17523414
,CLA-UA World Cyber Cup (UA) (2x5 mins),vrud1 x Nona,vrud1,Tunisia,Nona,Netherlands,28/08/2026,05:36:31,Total de Gols,Under,12.5,,,,,1.69,6-3,12-4,Red,-1.0,17523414
,CLA-UA World Cyber Cup (UA) (2x5 mins),vrud1 x Nona,vrud1,Tunisia,Nona,Netherlands,28/08/2026,05:36:56,Total de Gols,Under,13.5,,,,,1.46,7-3,12-4,Red,-1.0,17523414
,CLA-UA World Cyber Cup (UA) (2x5 mins),vrud1 x Nona,vrud1,Tunisia,Nona,Netherlands,28/08/2026,05:37:49,Total de Gols,Under,14.5,,,,,1.57,9-3,12-4,Red,-1.0,17523414
, CLA-UA Spain Cyber Cup (UA) (2x5 mins),sensiz x Gammi,sensiz,Real Betis,Gammi,Espanyol,28/08/2026,05:42:16,Total de Gols,Under,6.5,,,,,1.97,0-0,1-4,Green,0.97,17523370
, CLA-UA Spain Cyber Cup (UA) (2x5 mins),sensiz x Gammi,sensiz,Real Betis,Gammi,Espanyol,28/08/2026,05:45:09,Total de Gols,Under,5.5,,,,,2.11,0-1,1-4,Green,1.11,17523370
, CLA-UA Spain Cyber Cup (UA) (2x5 mins),sensiz x Gammi,sensiz,Real Betis,Gammi,Espanyol,28/08/2026,05:47:52,Total de Gols,Under,4.5,,,,,2.22,0-2,1-4,Red,-1.0,17523370
, CLA-UA Spain Cyber Cup (UA) (2x5 mins),aloha x Gammi,aloha,Mallorca,Gammi,Espanyol,28/08/2026,05:57:27,Total de Gols,Under,7.5,,,,,1.91,1-0,6-2,Red,-1.0,17523385
, CLA-UA Spain Cyber Cup (UA) (2x5 mins),aloha x Gammi,aloha,Mallorca,Gammi,Espanyol,28/08/2026,05:58:38,Total de Gols,Under,6.5,,,,,2.11,1-0,6-2,Red,-1.0,17523385
, CLA-UA Spain Cyber Cup (UA) (2x5 mins),aloha x Gammi,aloha,Mallorca,Gammi,Espanyol,28/08/2026,05:59:46,Total de Gols,Under,8.5,,,,,1.72,2-0,6-2,Green,0.72,17523385
, CLA-UA Spain Cyber Cup (UA) (2x5 mins),aloha x Gammi,aloha,Mallorca,Gammi,Espanyol,28/08/2026,06:03:15,Total de Gols,Under,5.5,,,,,2.17,3-0,6-2,Red,-1.0,17523385
, CLA-UA Italy Cyber Cup (UA) (2x5 mins),T3RZ x Terry14,T3RZ,Torino,Terry14,Atalanta,28/08/2026,05:57:40,Total de Gols,Under,7.5,,,,,1.72,0-0,5-4,Red,-1.0,17523357
, CLA-UA Italy Cyber Cup (UA) (2x5 mins),T3RZ x Terry14,T3RZ,Torino,Terry14,Atalanta,28/08/2026,05:58:05,Total de Gols,Under,6.5,,,,,2.08,0-0,5-4,Red,-1.0,17523357
, CLA-UA Italy Cyber Cup (UA) (2x5 mins),T3RZ x Terry14,T3RZ,Torino,Terry14,Atalanta,28/08/2026,06:02:35,Total de Gols,Under,5.5,,,,,2.03,2-0,5-4,Red,-1.0,17523357
, CLA-UA Italy Cyber Cup (UA) (2x5 mins),T3RZ x Terry14,T3RZ,Torino,Terry14,Atalanta,28/08/2026,06:03:52,Total de Gols,Under,4.5,,,,,2.28,2-0,5-4,Red,-1.0,17523357
, CLA-UA Italy Cyber Cup (UA) (2x5 mins),T3RZ x Terry14,T3RZ,Torino,Terry14,Atalanta,28/08/2026,06:06:31,Total de Gols,Under,8.5,,,,,1.44,4-2,5-4,Red,-1.0,17523357
, CLA-UA Spain Cyber Cup (UA) (2x5 mins),Shot x Gammi,Shot,Celta Vigo,Gammi,Espanyol,28/08/2026,06:08:52,Total de Gols,Under,5.5,,,,,2.02,0-0,2-3,Green,1.02,17523387
, CLA-UA Spain Cyber Cup (UA) (2x5 mins),Shot x Gammi,Shot,Celta Vigo,Gammi,Espanyol,28/08/2026,06:12:01,Total de Gols,Under,4.5,,,,,2.12,0-0,2-3,Red,-1.0,17523387
, CLA-UA Spain Cyber Cup (UA) (2x5 mins),Shot x Gammi,Shot,Celta Vigo,Gammi,Espanyol,28/08/2026,06:15:54,Total de Gols,Under,3.5,,,,,2.12,0-1,2-3,Red,-1.0,17523387
, CLA-UA Italy Cyber Cup (UA) (2x5 mins),T3RZ x palkan,T3RZ,Torino,palkan,Inter,28/08/2026,06:09:54,Total de Gols,Under,9.5,,,,,1.68,0-0,2-2,Green,0.68,17523360
, CLA-UA Italy Cyber Cup (UA) (2x5 mins),Terry14 x djamik,Terry14,Atalanta,djamik,Napoli,28/08/2026,06:23:41,Total de Gols,Under,7.5,,,,,1.62,0-0,0-0,Green,0.62,17523361
, CLA-UA Italy Cyber Cup (UA) (2x5 mins),Terry14 x djamik,Terry14,Atalanta,djamik,Napoli,28/08/2026,06:24:36,Total de Gols,Under,6.5,,,,,2.07,0-0,0-0,Green,1.07,17523361
, CLA-UA Italy Cyber Cup (UA) (2x5 mins),Terry14 x djamik,Terry14,Atalanta,djamik,Napoli,28/08/2026,06:26:15,Total de Gols,Under,5.5,,,,,2.07,0-0,0-0,Green,1.07,17523361
, CLA-UA Italy Cyber Cup (UA) (2x5 mins),Terry14 x djamik,Terry14,Atalanta,djamik,Napoli,28/08/2026,06:28:08,Total de Gols,Under,4.5,,,,,2.16,0-0,0-0,Green,1.16,17523361
, CLA-UA Italy Cyber Cup (UA) (2x5 mins),Terry14 x djamik,Terry14,Atalanta,djamik,Napoli,28/08/2026,06:29:15,Total de Gols,Under,3.5,,,,,2.12,0-0,0-0,Green,1.12,17523361
, CLA-UA Italy Cyber Cup (UA) (2x5 mins),Terry14 x djamik,Terry14,Atalanta,djamik,Napoli,28/08/2026,06:30:51,Total de Gols,Under,2.5,,,,,2.27,0-0,0-0,Green,1.27,17523361
, CLA-UA Italy Cyber Cup (UA) (2x5 mins),Terry14 x djamik,Terry14,Atalanta,djamik,Napoli,28/08/2026,06:31:59,Total de Gols,Under,1.5,,,,,2.36,0-0,0-0,Green,1.36,17523361
, CLA-UA Italy Cyber Cup (UA) (2x5 mins),Terry14 x djamik,Terry14,Atalanta,djamik,Napoli,28/08/2026,06:33:42,Total de Gols,Under,0.5,,,,,2.8,0-0,0-0,Green,1.8,17523361
, CLA-UA Spain Cyber Cup (UA) (2x5 mins),kozak x Gammi,kozak,Real Sociedad,Gammi,Espanyol,28/08/2026,06:24:05,Total de Gols,Under,7.5,,,,,1.83,0-0,3-4,Green,0.83,17523373
, CLA-UA Spain Cyber Cup (UA) (2x5 mins),kozak x Gammi,kozak,Real Sociedad,Gammi,Espanyol,28/08/2026,06:25:09,Total de Gols,Under,6.5,,,,,2.12,0-0,3-4,Red,-1.0,17523373
, CLA-UA Spain Cyber Cup (UA) (2x5 mins),kozak x Gammi,kozak,Real Sociedad,Gammi,Espanyol,28/08/2026,06:28:29,Total de Gols,Under,5.5,,,,,2.12,0-1,3-4,Red,-1.0,17523373
, CLA-UA Spain Cyber Cup (UA) (2x5 mins),kozak x Gammi,kozak,Real Sociedad,Gammi,Espanyol,28/08/2026,06:31:50,Total de Gols,Under,4.5,,,,,2.28,0-2,3-4,Red,-1.0,17523373
,CLA-UA World Cyber Cup (UA) (2x5 mins),Nona x shatik666,Nona,Netherlands,shatik666,Hungary,28/08/2026,06:24:38,Total de Gols,Under,8.5,,,,,1.7,0-0,4-8,Red,-1.0,17523423
,CLA-UA World Cyber Cup (UA) (2x5 mins),Nona x shatik666,Nona,Netherlands,shatik666,Hungary,28/08/2026,06:24:41,Total de Gols,Under,9.5,,,,,1.69,0-0,4-8,Red,-1.0,17523423
,CLA-UA World Cyber Cup (UA) (2x5 mins),Nona x shatik666,Nona,Netherlands,shatik666,Hungary,28/08/2026,06:26:24,Total de Gols,Under,10.5,,,,,1.62,1-1,4-8,Red,-1.0,17523423
,CLA-UA World Cyber Cup (UA) (2x5 mins),Nona x shatik666,Nona,Netherlands,shatik666,Hungary,28/08/2026,06:31:59,Total de Gols,Under,11.5,,,,,1.54,4-3,4-8,Red,-1.0,17523423
, CLA-UA Italy Cyber Cup (UA) (2x5 mins),palkan x Terry14,palkan,Inter,Terry14,Atalanta,28/08/2026,06:37:25,Total de Gols,Under,9.5,,,,,1.71,0-0,3-3,Green,0.71,17523367
, CLA-UA Spain Cyber Cup (UA) (2x5 mins),sensiz x aloha,sensiz,Real Betis,aloha,Mallorca,28/08/2026,06:38:01,Total de Gols,Under,7.5,,,,,1.7,0-0,3-3,Green,0.7,17523390
, CLA-UA Spain Cyber Cup (UA) (2x5 mins),sensiz x aloha,sensiz,Real Betis,aloha,Mallorca,28/08/2026,06:38:39,Total de Gols,Under,6.5,,,,,2.07,0-0,3-3,Green,1.07,17523390
, CLA-UA Spain Cyber Cup (UA) (2x5 mins),sensiz x aloha,sensiz,Real Betis,aloha,Mallorca,28/08/2026,06:40:11,Total de Gols,Under,5.5,,,,,2.08,0-0,3-3,Red,-1.0,17523390
, CLA-UA Spain Cyber Cup (UA) (2x5 mins),kozak x Shot,kozak,Real Sociedad,Shot,Celta Vigo,28/08/2026,06:38:08,Total de Gols,Under,7.5,,,,,1.65,0-0,1-2,Green,0.65,17523391
, CLA-UA Spain Cyber Cup (UA) (2x5 mins),kozak x Shot,kozak,Real Sociedad,Shot,Celta Vigo,28/08/2026,06:38:35,Total de Gols,Under,6.5,,,,,2.07,0-0,1-2,Green,1.07,17523391
, CLA-UA Spain Cyber Cup (UA) (2x5 mins),kozak x Shot,kozak,Real Sociedad,Shot,Celta Vigo,28/08/2026,06:40:03,Total de Gols,Under,5.5,,,,,2.12,0-0,1-2,Green,1.12,17523391
, CLA-UA Spain Cyber Cup (UA) (2x5 mins),kozak x Shot,kozak,Real Sociedad,Shot,Celta Vigo,28/08/2026,06:41:40,Total de Gols,Under,4.5,,,,,2.12,0-0,1-2,Green,1.12,17523391
, CLA-UA Spain Cyber Cup (UA) (2x5 mins),kozak x Shot,kozak,Real Sociedad,Shot,Celta Vigo,28/08/2026,06:43:08,Total de Gols,Under,3.5,,,,,2.12,0-0,1-2,Green,1.12,17523391
, CLA-UA Spain Cyber Cup (UA) (2x5 mins),kozak x Shot,kozak,Real Sociedad,Shot,Celta Vigo,28/08/2026,06:44:33,Total de Gols,Under,2.5,,,,,2.26,0-0,1-2,Red,-1.0,17523391
, CLA-UA Spain Cyber Cup (UA) (2x5 mins),kozak x Shot,kozak,Real Sociedad,Shot,Celta Vigo,28/08/2026,06:46:01,Total de Gols,Under,1.5,,,,,2.36,0-0,1-2,Red,-1.0,17523391
, CLA-UA Spain Cyber Cup (UA) (2x5 mins),kozak x Shot,kozak,Real Sociedad,Shot,Celta Vigo,28/08/2026,06:47:57,Total de Gols,Under,0.5,,,,,2.71,0-0,1-2,Red,-1.0,17523391
,CLA-UA World Cyber Cup (UA) (2x5 mins),Nona x vrud1,Nona,Netherlands,vrud1,Tunisia,28/08/2026,06:38:12,Total de Gols,Under,7.5,,,,,1.98,0-0,5-6,Red,-1.0,17523424
,CLA-UA World Cyber Cup (UA) (2x5 mins),Nona x vrud1,Nona,Netherlands,vrud1,Tunisia,28/08/2026,06:38:43,Total de Gols,Under,8.5,,,,,1.82,0-0,5-6,Red,-1.0,17523424
,CLA-UA World Cyber Cup (UA) (2x5 mins),Nona x vrud1,Nona,Netherlands,vrud1,Tunisia,28/08/2026,06:44:03,Total de Gols,Under,9.5,,,,,1.89,1-3,5-6,Red,-1.0,17523424
,CLA-UA World Cyber Cup (UA) (2x5 mins),Nona x vrud1,Nona,Netherlands,vrud1,Tunisia,28/08/2026,06:45:09,Total de Gols,Under,10.5,,,,,1.65,2-3,5-6,Red,-1.0,17523424
,CLA-UA World Cyber Cup (UA) (2x5 mins),Nona x vrud1,Nona,Netherlands,vrud1,Tunisia,28/08/2026,06:47:41,Total de Gols,Under,11.5,,,,,1.54,3-5,5-6,Green,0.54,17523424
, CLA-UA Spain Cyber Cup (UA) (2x5 mins),kozak x aloha,kozak,Real Sociedad,aloha,Mallorca,28/08/2026,06:51:44,Total de Gols,Under,10.5,,,,,1.76,0-0,3-7,Green,0.76,17523392
, CLA-UA Spain Cyber Cup (UA) (2x5 mins),kozak x aloha,kozak,Real Sociedad,aloha,Mallorca,28/08/2026,06:52:24,Total de Gols,Under,11.5,,,,,1.68,0-0,3-7,Green,0.68,17523392
, CLA-UA Spain Cyber Cup (UA) (2x5 mins),kozak x aloha,kozak,Real Sociedad,aloha,Mallorca,28/08/2026,06:52:52,Total de Gols,Under,12.5,,,,,1.93,1-1,3-7,Green,0.93,17523392
, CLA-UA Spain Cyber Cup (UA) (2x5 mins),kozak x aloha,kozak,Real Sociedad,aloha,Mallorca,28/08/2026,06:53:35,Total de Gols,Under,13.5,,,,,1.65,1-2,3-7,Green,0.65,17523392
, CLA-UA Spain Cyber Cup (UA) (2x5 mins),kozak x aloha,kozak,Real Sociedad,aloha,Mallorca,28/08/2026,07:00:10,Total de Gols,Under,9.5,,,,,2.12,2-5,3-7,Red,-1.0,17523392
, CLA-UA Italy Cyber Cup (UA) (2x5 mins),palkan x djamik,palkan,Inter,djamik,Napoli,28/08/2026,06:51:34,Total de Gols,Under,8.5,,,,,1.76,0-0,7-5,Red,-1.0,17523363
, CLA-UA Italy Cyber Cup (UA) (2x5 mins),palkan x djamik,palkan,Inter,djamik,Napoli,28/08/2026,06:52:52,Total de Gols,Under,7.5,,,,,2.07,0-0,7-5,Red,-1.0,17523363
, CLA-UA Italy Cyber Cup (UA) (2x5 mins),palkan x djamik,palkan,Inter,djamik,Napoli,28/08/2026,06:53:26,Total de Gols,Under,9.5,,,,,1.86,1-0,7-5,Red,-1.0,17523363
, CLA-UA Italy Cyber Cup (UA) (2x5 mins),palkan x djamik,palkan,Inter,djamik,Napoli,28/08/2026,06:58:34,Total de Gols,Under,10.5,,,,,1.59,5-0,7-5,Red,-1.0,17523363
, CLA-UA Italy Cyber Cup (UA) (2x5 mins),palkan x djamik,palkan,Inter,djamik,Napoli,28/08/2026,06:59:37,Total de Gols,Under,11.5,,,,,1.54,6-1,7-5,Red,-1.0,17523363
, CLA-UA Italy Cyber Cup (UA) (2x5 mins),palkan x djamik,palkan,Inter,djamik,Napoli,28/08/2026,07:02:21,Total de Gols,Under,12.5,,,,,1.41,6-4,7-5,Green,0.41,17523363
, CLA-UA Spain Cyber Cup (UA) (2x5 mins),Gammi x sensiz,Gammi,Espanyol,sensiz,Real Betis,28/08/2026,06:52:59,Total de Gols,Under,5.5,,,,,2.03,0-0,3-5,Red,-1.0,17523374
, CLA-UA Spain Cyber Cup (UA) (2x5 mins),Gammi x sensiz,Gammi,Espanyol,sensiz,Real Betis,28/08/2026,06:53:40,Total de Gols,Under,6.5,,,,,1.79,0-0,3-5,Red,-1.0,17523374
, CLA-UA Spain Cyber Cup (UA) (2x5 mins),Gammi x sensiz,Gammi,Espanyol,sensiz,Real Betis,28/08/2026,06:53:58,Total de Gols,Under,7.5,,,,,1.7,1-0,3-5,Red,-1.0,17523374
,CLA-UA World Cyber Cup (UA) (2x5 mins),vrud1 x Stafford,vrud1,Tunisia,Stafford,Sweden,28/08/2026,07:05:39,Total de Gols,Under,6.5,,,,,1.75,0-0,5-2,Red,-1.0,17523429
,CLA-UA World Cyber Cup (UA) (2x5 mins),vrud1 x Stafford,vrud1,Tunisia,Stafford,Sweden,28/08/2026,07:09:51,Total de Gols,Under,5.5,,,,,1.97,0-0,5-2,Red,-1.0,17523429
,CLA-UA World Cyber Cup (UA) (2x5 mins),vrud1 x Stafford,vrud1,Tunisia,Stafford,Sweden,28/08/2026,07:10:03,Total de Gols,Under,4.5,,,,,1.84,0-0,5-2,Red,-1.0,17523429
,CLA-UA World Cyber Cup (UA) (2x5 mins),vrud1 x Stafford,vrud1,Tunisia,Stafford,Sweden,28/08/2026,07:11:35,Total de Gols,Under,7.5,,,,,1.57,3-0,5-2,Green,0.57,17523429
,CLA-UA World Cyber Cup (UA) (2x5 mins),vrud1 x Stafford,vrud1,Tunisia,Stafford,Sweden,28/08/2026,07:12:39,Total de Gols,Under,8.5,,,,,1.69,3-1,5-2,Green,0.69,17523429
,CLA-UA World Cyber Cup (UA) (2x5 mins),vrud1 x Stafford,vrud1,Tunisia,Stafford,Sweden,28/08/2026,07:13:37,Total de Gols,Under,9.5,,,,,1.92,5-1,5-2,Green,0.92,17523429
, CLA-UA Spain Cyber Cup (UA) (2x5 mins),Shot x sensiz,Shot,Celta Vigo,sensiz,Real Betis,28/08/2026,07:06:10,Total de Gols,Under,6.5,,,,,1.85,0-0,5-4,Red,-1.0,17523394
, CLA-UA Spain Cyber Cup (UA) (2x5 mins),Shot x sensiz,Shot,Celta Vigo,sensiz,Real Betis,28/08/2026,07:06:45,Total de Gols,Under,7.5,,,,,1.68,0-0,5-4,Red,-1.0,17523394
, CLA-UA Spain Cyber Cup (UA) (2x5 mins),Shot x sensiz,Shot,Celta Vigo,sensiz,Real Betis,28/08/2026,07:07:40,Total de Gols,Under,8.5,,,,,1.98,0-2,5-4,Red,-1.0,17523394
, CLA-UA Spain Cyber Cup (UA) (2x5 mins),Shot x sensiz,Shot,Celta Vigo,sensiz,Real Betis,28/08/2026,07:08:38,Total de Gols,Under,9.5,,,,,1.62,1-2,5-4,Green,0.62,17523394
, CLA-UA Spain Cyber Cup (UA) (2x5 mins),Shot x sensiz,Shot,Celta Vigo,sensiz,Real Betis,28/08/2026,07:14:08,Total de Gols,Under,10.5,,,,,1.72,4-3,5-4,Green,0.72,17523394
, CLA-UA Spain Cyber Cup (UA) (2x5 mins),Gammi x aloha,Gammi,Espanyol,aloha,Mallorca,28/08/2026,07:06:17,Total de Gols,Under,7.5,,,,,1.74,0-0,3-3,Green,0.74,17523393
, CLA-UA Spain Cyber Cup (UA) (2x5 mins),Gammi x aloha,Gammi,Espanyol,aloha,Mallorca,28/08/2026,07:06:28,Total de Gols,Under,8.5,,,,,1.77,0-0,3-3,Green,0.77,17523393
, CLA-UA Spain Cyber Cup (UA) (2x5 mins),Gammi x aloha,Gammi,Espanyol,aloha,Mallorca,28/08/2026,07:08:13,Total de Gols,Under,9.5,,,,,1.78,1-1,3-3,Green,0.78,17523393
, CLA-UA Spain Cyber Cup (UA) (2x5 mins),Gammi x aloha,Gammi,Espanyol,aloha,Mallorca,28/08/2026,07:16:02,Total de Gols,Under,6.5,,,,,2.65,3-3,3-3,Green,1.65,17523393
, CLA-UA Champions Cyber League (UA) (2x5 mins),shatik666 x vrud1,shatik666,Aston Villa,vrud1,Tottenham,28/08/2026,07:29:55,Total de Gols,Under,10.5,,,,,1.76,0-0,4-4,Green,0.76,17523767
, CLA-UA Champions Cyber League (UA) (2x5 mins),shatik666 x vrud1,shatik666,Aston Villa,vrud1,Tottenham,28/08/2026,07:31:29,Total de Gols,Under,11.5,,,,,1.71,1-0,4-4,Green,0.71,17523767
, CLA-UA Champions Cyber League (UA) (2x5 mins),shatik666 x vrud1,shatik666,Aston Villa,vrud1,Tottenham,28/08/2026,07:32:33,Total de Gols,Under,9.5,,,,,2.01,2-0,4-4,Green,1.01,17523767
, CLA-UA Champions Cyber League (UA) (2x5 mins),shatik666 x vrud1,shatik666,Aston Villa,vrud1,Tottenham,28/08/2026,07:37:34,Total de Gols,Under,8.5,,,,,2.16,3-2,4-4,Green,1.16,17523767
, CLA-UA Champions Cyber League (UA) (2x5 mins),Nona x Stafford,Nona,FC Bayern,Stafford,Bayer 04,28/08/2026,07:30:21,Total de Gols,Under,8.5,,,,,1.74,0-0,3-4,Green,0.74,17523469
, CLA-UA Champions Cyber League (UA) (2x5 mins),Nona x Stafford,Nona,FC Bayern,Stafford,Bayer 04,28/08/2026,07:30:52,Total de Gols,Under,7.5,,,,,2.03,0-0,3-4,Green,1.03,17523469
, CLA-UA Champions Cyber League (UA) (2x5 mins),Nona x Stafford,Nona,FC Bayern,Stafford,Bayer 04,28/08/2026,07:34:27,Total de Gols,Under,9.5,,,,,1.7,1-2,3-4,Green,0.7,17523469
, CLA-UA Champions Cyber League (UA) (2x5 mins),Nona x Stafford,Nona,FC Bayern,Stafford,Bayer 04,28/08/2026,07:40:49,Total de Gols,Under,6.5,,,,,2.85,3-3,3-4,Red,-1.0,17523469
,CLA-UA Argentina Cyber Cup (UA) (2x5 mins),kozak x sensiz,kozak,Boca Juniors,sensiz,Independiente,28/08/2026,07:30:08,Total de Gols,Under,7.5,,,,,1.74,0-0,7-7,Red,-1.0,17523450
,CLA-UA Argentina Cyber Cup (UA) (2x5 mins),kozak x sensiz,kozak,Boca Juniors,sensiz,Independiente,28/08/2026,07:32:18,Total de Gols,Under,6.5,,,,,2.11,1-0,7-7,Red,-1.0,17523450
,CLA-UA Argentina Cyber Cup (UA) (2x5 mins),kozak x sensiz,kozak,Boca Juniors,sensiz,Independiente,28/08/2026,07:33:08,Total de Gols,Under,8.5,,,,,1.81,1-1,7-7,Red,-1.0,17523450
,CLA-UA Argentina Cyber Cup (UA) (2x5 mins),kozak x sensiz,kozak,Boca Juniors,sensiz,Independiente,28/08/2026,07:33:42,Total de Gols,Under,9.5,,,,,1.61,1-2,7-7,Red,-1.0,17523450
,CLA-UA Argentina Cyber Cup (UA) (2x5 mins),kozak x sensiz,kozak,Boca Juniors,sensiz,Independiente,28/08/2026,07:34:23,Total de Gols,Under,10.5,,,,,1.89,1-4,7-7,Red,-1.0,17523450
,CLA-UA Argentina Cyber Cup (UA) (2x5 mins),kozak x sensiz,kozak,Boca Juniors,sensiz,Independiente,28/08/2026,07:36:45,Total de Gols,Under,11.5,,,,,1.76,3-4,7-7,Red,-1.0,17523450
,CLA-UA Argentina Cyber Cup (UA) (2x5 mins),kozak x sensiz,kozak,Boca Juniors,sensiz,Independiente,28/08/2026,07:37:12,Total de Gols,Under,12.5,,,,,1.61,3-5,7-7,Red,-1.0,17523450
,CLA-UA Argentina Cyber Cup (UA) (2x5 mins),kozak x sensiz,kozak,Boca Juniors,sensiz,Independiente,28/08/2026,07:38:31,Total de Gols,Under,13.5,,,,,1.54,4-6,7-7,Red,-1.0,17523450
, CLA-UA France Cyber Cup (UA) (2x5 mins),femzzi x Terry14,femzzi,Lyon,Terry14,Lille,28/08/2026,07:29:47,Total de Gols,Under,8.5,,,,,1.84,0-0,2-3,Green,0.84,17523428
, CLA-UA France Cyber Cup (UA) (2x5 mins),femzzi x Terry14,femzzi,Lyon,Terry14,Lille,28/08/2026,07:32:23,Total de Gols,Under,7.5,,,,,2.03,0-0,2-3,Green,1.03,17523428
, CLA-UA France Cyber Cup (UA) (2x5 mins),femzzi x Terry14,femzzi,Lyon,Terry14,Lille,28/08/2026,07:33:33,Total de Gols,Under,6.5,,,,,2.11,0-0,2-3,Green,1.11,17523428
, CLA-UA France Cyber Cup (UA) (2x5 mins),femzzi x Terry14,femzzi,Lyon,Terry14,Lille,28/08/2026,07:40:07,Total de Gols,Under,5.5,,,,,2.32,1-3,2-3,Green,1.32,17523428
, CLA-UA France Cyber Cup (UA) (2x5 mins),femzzi x Terry14,femzzi,Lyon,Terry14,Lille,28/08/2026,07:41:23,Total de Gols,Under,4.5,,,,,2.61,1-3,2-3,Red,-1.0,17523428
, CLA-UA Champions Cyber League (UA) (2x5 mins),shatik666 x Nona,shatik666,Aston Villa,Nona,FC Bayern,28/08/2026,07:44:53,Total de Gols,Under,8.5,,,,,2.03,0-0,5-1,Green,1.03,17523472
, CLA-UA Champions Cyber League (UA) (2x5 mins),shatik666 x Nona,shatik666,Aston Villa,Nona,FC Bayern,28/08/2026,07:45:14,Total de Gols,Under,9.5,,,,,1.88,0-0,5-1,Green,0.88,17523472
, CLA-UA Champions Cyber League (UA) (2x5 mins),shatik666 x Nona,shatik666,Aston Villa,Nona,FC Bayern,28/08/2026,07:45:53,Total de Gols,Under,10.5,,,,,1.68,1-0,5-1,Green,0.68,17523472
, CLA-UA Champions Cyber League (UA) (2x5 mins),shatik666 x Nona,shatik666,Aston Villa,Nona,FC Bayern,28/08/2026,07:52:17,Total de Gols,Under,7.5,,,,,2.12,4-0,5-1,Green,1.12,17523472
, CLA-UA Champions Cyber League (UA) (2x5 mins),shatik666 x Nona,shatik666,Aston Villa,Nona,FC Bayern,28/08/2026,07:53:34,Total de Gols,Under,6.5,,,,,2.27,4-0,5-1,Green,1.27,17523472
, CLA-UA Champions Cyber League (UA) (2x5 mins),shatik666 x Nona,shatik666,Aston Villa,Nona,FC Bayern,28/08/2026,07:55:16,Total de Gols,Under,5.5,,,,,2.66,5-0,5-1,Red,-1.0,17523472
, CLA-UA Champions Cyber League (UA) (2x5 mins),_pihaaa_ x vrud1,_pihaaa_,Borussia Dortmund,vrud1,Tottenham,28/08/2026,07:43:40,Total de Gols,Under,7.5,,,,,1.98,0-0,6-4,Red,-1.0,17523766
, CLA-UA Champions Cyber League (UA) (2x5 mins),_pihaaa_ x vrud1,_pihaaa_,Borussia Dortmund,vrud1,Tottenham,28/08/2026,07:44:32,Total de Gols,Under,8.5,,,,,1.85,0-0,6-4,Red,-1.0,17523766
,CLA-UA Argentina Cyber Cup (UA) (2x5 mins),aloha x sensiz,aloha,River Plate,sensiz,Independiente,28/08/2026,07:58:13,Total de Gols,Under,7.5,,,,,1.73,0-0,5-3,Red,-1.0,17523453
,CLA-UA Argentina Cyber Cup (UA) (2x5 mins),aloha x sensiz,aloha,River Plate,sensiz,Independiente,28/08/2026,07:58:52,Total de Gols,Under,6.5,,,,,2.12,0-0,5-3,Red,-1.0,17523453
,CLA-UA Argentina Cyber Cup (UA) (2x5 mins),aloha x sensiz,aloha,River Plate,sensiz,Independiente,28/08/2026,08:00:33,Total de Gols,Under,5.5,,,,,2.03,0-0,5-3,Red,-1.0,17523453
,CLA-UA Argentina Cyber Cup (UA) (2x5 mins),aloha x sensiz,aloha,River Plate,sensiz,Independiente,28/08/2026,08:07:16,Total de Gols,Under,8.5,,,,,1.51,4-2,5-3,Green,0.51,17523453
, CLA-UA France Cyber Cup (UA) (2x5 mins),Terry14 x palkan,Terry14,Lille,palkan,Strasbourg,28/08/2026,07:59:16,Total de Gols,Under,8.5,,,,,1.94,0-0,4-6,Red,-1.0,17523433
, CLA-UA France Cyber Cup (UA) (2x5 mins),Terry14 x palkan,Terry14,Lille,palkan,Strasbourg,28/08/2026,07:59:43,Total de Gols,Under,9.5,,,,,1.75,0-0,4-6,Red,-1.0,17523433
, CLA-UA France Cyber Cup (UA) (2x5 mins),Terry14 x palkan,Terry14,Lille,palkan,Strasbourg,28/08/2026,08:04:02,Total de Gols,Under,10.5,,,,,1.6,1-3,4-6,Green,0.6,17523433
, CLA-UA France Cyber Cup (UA) (2x5 mins),Terry14 x palkan,Terry14,Lille,palkan,Strasbourg,28/08/2026,08:06:25,Total de Gols,Under,7.5,,,,,2.22,2-3,4-6,Red,-1.0,17523433
,CLA-UA Argentina Cyber Cup (UA) (2x5 mins),Shot x kozak,Shot,Racing Club,kozak,Boca Juniors,28/08/2026,07:58:07,Total de Gols,Under,7.5,,,,,1.65,0-0,3-5,Red,-1.0,17523454
,CLA-UA Argentina Cyber Cup (UA) (2x5 mins),Shot x kozak,Shot,Racing Club,kozak,Boca Juniors,28/08/2026,07:58:57,Total de Gols,Under,6.5,,,,,2.07,0-0,3-5,Red,-1.0,17523454
,CLA-UA Argentina Cyber Cup (UA) (2x5 mins),Shot x kozak,Shot,Racing Club,kozak,Boca Juniors,28/08/2026,08:00:08,Total de Gols,Under,8.5,,,,,1.69,1-0,3-5,Green,0.69,17523454
,CLA-UA Argentina Cyber Cup (UA) (2x5 mins),Shot x kozak,Shot,Racing Club,kozak,Boca Juniors,28/08/2026,08:05:44,Total de Gols,Under,9.5,,,,,1.7,2-3,3-5,Green,0.7,17523454
,CLA-UA Argentina Cyber Cup (UA) (2x5 mins),sensiz x Gammi,sensiz,Independiente,Gammi,Estudiantes L.P.,28/08/2026,08:12:21,Total de Gols,Under,7.5,,,,,1.98,1-0,4-7,Red,-1.0,17523456
,CLA-UA Argentina Cyber Cup (UA) (2x5 mins),sensiz x Gammi,sensiz,Independiente,Gammi,Estudiantes L.P.,28/08/2026,08:12:27,Total de Gols,Under,8.5,,,,,1.68,1-0,4-7,Red,-1.0,17523456
,CLA-UA Argentina Cyber Cup (UA) (2x5 mins),sensiz x Gammi,sensiz,Independiente,Gammi,Estudiantes L.P.,28/08/2026,08:14:14,Total de Gols,Under,9.5,,,,,1.59,2-0,4-7,Red,-1.0,17523456
,CLA-UA Argentina Cyber Cup (UA) (2x5 mins),sensiz x Gammi,sensiz,Independiente,Gammi,Estudiantes L.P.,28/08/2026,08:15:11,Total de Gols,Under,10.5,,,,,1.78,2-2,4-7,Red,-1.0,17523456
,CLA-UA Argentina Cyber Cup (UA) (2x5 mins),sensiz x Gammi,sensiz,Independiente,Gammi,Estudiantes L.P.,28/08/2026,08:15:44,Total de Gols,Under,11.5,,,,,1.57,3-2,4-7,Green,0.57,17523456
,CLA-UA Argentina Cyber Cup (UA) (2x5 mins),aloha x kozak,aloha,River Plate,kozak,Boca Juniors,28/08/2026,08:12:24,Total de Gols,Under,10.5,,,,,1.69,0-0,5-4,Green,0.69,17523455
,CLA-UA Argentina Cyber Cup (UA) (2x5 mins),aloha x kozak,aloha,River Plate,kozak,Boca Juniors,28/08/2026,08:12:36,Total de Gols,Under,9.5,,,,,2.03,0-0,5-4,Green,1.03,17523455
,CLA-UA Argentina Cyber Cup (UA) (2x5 mins),aloha x kozak,aloha,River Plate,kozak,Boca Juniors,28/08/2026,08:14:39,Total de Gols,Under,11.5,,,,,1.65,1-1,5-4,Green,0.65,17523455
,CLA-UA Argentina Cyber Cup (UA) (2x5 mins),aloha x kozak,aloha,River Plate,kozak,Boca Juniors,28/08/2026,08:19:15,Total de Gols,Under,8.5,,,,,2.08,3-2,5-4,Red,-1.0,17523455
,CLA-UA Argentina Cyber Cup (UA) (2x5 mins),aloha x kozak,aloha,River Plate,kozak,Boca Juniors,28/08/2026,08:21:12,Total de Gols,Under,7.5,,,,,2.22,4-2,5-4,Red,-1.0,17523455
, CLA-UA Champions Cyber League (UA) (2x5 mins),Stafford x shatik666,Stafford,Bayer 04,shatik666,Aston Villa,28/08/2026,08:12:43,Total de Gols,Under,7.5,,,,,1.98,0-0,4-4,Red,-1.0,17523470
, CLA-UA Champions Cyber League (UA) (2x5 mins),Stafford x shatik666,Stafford,Bayer 04,shatik666,Aston Villa,28/08/2026,08:13:11,Total de Gols,Under,8.5,,,,,2.07,0-0,4-4,Green,1.07,17523470
, CLA-UA Champions Cyber League (UA) (2x5 mins),Stafford x shatik666,Stafford,Bayer 04,shatik666,Aston Villa,28/08/2026,08:14:09,Total de Gols,Under,9.5,,,,,1.76,1-0,4-4,Green,0.76,17523470
, CLA-UA Champions Cyber League (UA) (2x5 mins),Stafford x shatik666,Stafford,Bayer 04,shatik666,Aston Villa,28/08/2026,08:15:49,Total de Gols,Under,10.5,,,,,1.75,2-1,4-4,Green,0.75,17523470
, CLA-UA Champions Cyber League (UA) (2x5 mins),Stafford x shatik666,Stafford,Bayer 04,shatik666,Aston Villa,28/08/2026,08:17:15,Total de Gols,Under,11.5,,,,,1.84,4-2,4-4,Green,0.84,17523470
,CLA-UA Argentina Cyber Cup (UA) (2x5 mins),aloha x Gammi,aloha,River Plate,Gammi,Estudiantes L.P.,28/08/2026,08:26:16,Total de Gols,Under,7.5,,,,,1.74,0-0,1-4,Green,0.74,17523457
,CLA-UA Argentina Cyber Cup (UA) (2x5 mins),aloha x Gammi,aloha,River Plate,Gammi,Estudiantes L.P.,28/08/2026,08:27:05,Total de Gols,Under,6.5,,,,,1.98,0-0,1-4,Green,0.98,17523457
,CLA-UA Argentina Cyber Cup (UA) (2x5 mins),aloha x Gammi,aloha,River Plate,Gammi,Estudiantes L.P.,28/08/2026,08:28:07,Total de Gols,Under,8.5,,,,,1.76,0-0,1-4,Green,0.76,17523457
,CLA-UA Argentina Cyber Cup (UA) (2x5 mins),aloha x Gammi,aloha,River Plate,Gammi,Estudiantes L.P.,28/08/2026,08:33:10,Total de Gols,Under,5.5,,,,,2.27,0-3,1-4,Green,1.27,17523457
, CLA-UA France Cyber Cup (UA) (2x5 mins),T3RZ x palkan,T3RZ,Toulouse FC,palkan,Strasbourg,28/08/2026,08:39:29,Total de Gols,Under,9.5,,,,,1.68,0-0,3-4,Green,0.68,17523440
, CLA-UA France Cyber Cup (UA) (2x5 mins),T3RZ x palkan,T3RZ,Toulouse FC,palkan,Strasbourg,28/08/2026,08:40:34,Total de Gols,Under,8.5,,,,,2.01,0-0,3-4,Green,1.01,17523440
, CLA-UA France Cyber Cup (UA) (2x5 mins),T3RZ x palkan,T3RZ,Toulouse FC,palkan,Strasbourg,28/08/2026,08:42:56,Total de Gols,Under,7.5,,,,,2.08,1-0,3-4,Green,1.08,17523440
, CLA-UA France Cyber Cup (UA) (2x5 mins),T3RZ x palkan,T3RZ,Toulouse FC,palkan,Strasbourg,28/08/2026,08:44:14,Total de Gols,Under,6.5,,,,,2.12,1-0,3-4,Red,-1.0,17523440
, CLA-UA France Cyber Cup (UA) (2x5 mins),T3RZ x palkan,T3RZ,Toulouse FC,palkan,Strasbourg,28/08/2026,08:45:23,Total de Gols,Under,5.5,,,,,2.12,1-0,3-4,Red,-1.0,17523440
, CLA-UA France Cyber Cup (UA) (2x5 mins),T3RZ x palkan,T3RZ,Toulouse FC,palkan,Strasbourg,28/08/2026,08:49:31,Total de Gols,Under,4.5,,,,,2.32,2-1,3-4,Red,-1.0,17523440
,CLA-UA Argentina Cyber Cup (UA) (2x5 mins),Shot x Gammi,Shot,Racing Club,Gammi,Estudiantes L.P.,28/08/2026,08:40:12,Total de Gols,Under,5.5,,,,,2.07,0-0,5-8,Red,-1.0,17523459
,CLA-UA Argentina Cyber Cup (UA) (2x5 mins),Shot x Gammi,Shot,Racing Club,Gammi,Estudiantes L.P.,28/08/2026,08:42:08,Total de Gols,Under,4.5,,,,,2.17,0-0,5-8,Red,-1.0,17523459
,CLA-UA Argentina Cyber Cup (UA) (2x5 mins),Shot x Gammi,Shot,Racing Club,Gammi,Estudiantes L.P.,28/08/2026,08:42:29,Total de Gols,Under,6.5,,,,,1.6,0-0,5-8,Red,-1.0,17523459
,CLA-UA Argentina Cyber Cup (UA) (2x5 mins),Shot x Gammi,Shot,Racing Club,Gammi,Estudiantes L.P.,28/08/2026,08:43:36,Total de Gols,Under,7.5,,,,,1.78,1-1,5-8,Red,-1.0,17523459
,CLA-UA Argentina Cyber Cup (UA) (2x5 mins),Shot x Gammi,Shot,Racing Club,Gammi,Estudiantes L.P.,28/08/2026,08:45:50,Total de Gols,Under,8.5,,,,,1.78,1-3,5-8,Red,-1.0,17523459
,CLA-UA Argentina Cyber Cup (UA) (2x5 mins),Shot x Gammi,Shot,Racing Club,Gammi,Estudiantes L.P.,28/08/2026,08:46:35,Total de Gols,Under,9.5,,,,,1.62,2-3,5-8,Red,-1.0,17523459
,CLA-UA Argentina Cyber Cup (UA) (2x5 mins),Shot x Gammi,Shot,Racing Club,Gammi,Estudiantes L.P.,28/08/2026,08:47:08,Total de Gols,Under,10.5,,,,,1.69,3-3,5-8,Red,-1.0,17523459
,CLA-UA Argentina Cyber Cup (UA) (2x5 mins),Shot x Gammi,Shot,Racing Club,Gammi,Estudiantes L.P.,28/08/2026,08:47:36,Total de Gols,Under,11.5,,,,,1.56,3-4,5-8,Red,-1.0,17523459
,CLA-UA Argentina Cyber Cup (UA) (2x5 mins),Shot x Gammi,Shot,Racing Club,Gammi,Estudiantes L.P.,28/08/2026,08:48:01,Total de Gols,Under,12.5,,,,,1.66,4-4,5-8,Red,-1.0,17523459
,CLA-UA Argentina Cyber Cup (UA) (2x5 mins),Shot x Gammi,Shot,Racing Club,Gammi,Estudiantes L.P.,28/08/2026,08:49:46,Total de Gols,Under,13.5,,,,,1.61,5-5,5-8,Green,0.61,17523459
, CLA-UA Italy Cyber Cup (UA) (2x5 mins),Nona x Stafford,Nona,Roma,Stafford,Lazio,28/08/2026,10:00:43,Total de Gols,Under,7.5,,,,,1.71,0-0,6-2,Red,-1.0,17523521
, CLA-UA Italy Cyber Cup (UA) (2x5 mins),Nona x Stafford,Nona,Roma,Stafford,Lazio,28/08/2026,10:01:13,Total de Gols,Under,6.5,,,,,2.07,0-0,6-2,Red,-1.0,17523521
, CLA-UA Italy Cyber Cup (UA) (2x5 mins),Nona x Stafford,Nona,Roma,Stafford,Lazio,28/08/2026,10:04:21,Total de Gols,Under,5.5,,,,,2.08,1-0,6-2,Red,-1.0,17523521
, CLA-UA Italy Cyber Cup (UA) (2x5 mins),Nona x Stafford,Nona,Roma,Stafford,Lazio,28/08/2026,10:06:05,Total de Gols,Under,8.5,,,,,1.57,2-1,6-2,Green,0.57,17523521
, CLA-UA Italy Cyber Cup (UA) (2x5 mins),Nona x Stafford,Nona,Roma,Stafford,Lazio,28/08/2026,10:10:10,Total de Gols,Under,9.5,,,,,1.52,5-2,6-2,Green,0.52,17523521
, CLA-UA Italy Cyber Cup (UA) (2x5 mins),shatik666 x Nona,shatik666,Lecce,Nona,Roma,28/08/2026,10:13:58,Total de Gols,Under,7.5,,,,,1.74,0-0,4-1,Green,0.74,17523520
, CLA-UA Italy Cyber Cup (UA) (2x5 mins),shatik666 x Nona,shatik666,Lecce,Nona,Roma,28/08/2026,10:14:52,Total de Gols,Under,6.5,,,,,2.06,0-0,4-1,Green,1.06,17523520
, CLA-UA Italy Cyber Cup (UA) (2x5 mins),shatik666 x Nona,shatik666,Lecce,Nona,Roma,28/08/2026,10:25:27,Total de Gols,Under,5.5,,,,,2.41,4-1,4-1,Green,1.41,17523520
, CLA-UA Spain Cyber Cup (UA) (2x5 mins),djamik x Terry14,djamik,Villarreal,Terry14,Espanyol,28/08/2026,10:14:21,Total de Gols,Under,7.5,,,,,1.7,0-0,5-4,Red,-1.0,17523482
, CLA-UA Italy Cyber Cup (UA) (2x5 mins),_pihaaa_ x Stafford,_pihaaa_,Udinese,Stafford,Lazio,28/08/2026,10:28:11,Total de Gols,Under,7.5,,,,,1.88,0-0,4-3,Green,0.88,17523522
, CLA-UA Italy Cyber Cup (UA) (2x5 mins),_pihaaa_ x Stafford,_pihaaa_,Udinese,Stafford,Lazio,28/08/2026,10:29:11,Total de Gols,Under,6.5,,,,,2.07,0-0,4-3,Red,-1.0,17523522
, CLA-UA Italy Cyber Cup (UA) (2x5 mins),_pihaaa_ x Stafford,_pihaaa_,Udinese,Stafford,Lazio,28/08/2026,10:29:43,Total de Gols,Under,8.5,,,,,1.68,0-0,4-3,Green,0.68,17523522
, CLA-UA Italy Cyber Cup (UA) (2x5 mins),_pihaaa_ x Nona,_pihaaa_,Udinese,Nona,Roma,28/08/2026,10:42:07,Total de Gols,Under,7.5,,,,,1.74,0-0,6-4,Red,-1.0,17523524
, CLA-UA Italy Cyber Cup (UA) (2x5 mins),_pihaaa_ x Nona,_pihaaa_,Udinese,Nona,Roma,28/08/2026,10:42:51,Total de Gols,Under,6.5,,,,,2.07,0-0,6-4,Red,-1.0,17523524
, CLA-UA Italy Cyber Cup (UA) (2x5 mins),_pihaaa_ x Nona,_pihaaa_,Udinese,Nona,Roma,28/08/2026,10:44:14,Total de Gols,Under,8.5,,,,,1.88,1-0,6-4,Red,-1.0,17523524
, CLA-UA Italy Cyber Cup (UA) (2x5 mins),_pihaaa_ x Nona,_pihaaa_,Udinese,Nona,Roma,28/08/2026,10:47:29,Total de Gols,Under,9.5,,,,,1.57,4-0,6-4,Red,-1.0,17523524
, CLA-UA Italy Cyber Cup (UA) (2x5 mins),_pihaaa_ x Nona,_pihaaa_,Udinese,Nona,Roma,28/08/2026,10:47:43,Total de Gols,Under,10.5,,,,,1.55,4-1,6-4,Green,0.55,17523524
, CLA-UA Italy Cyber Cup (UA) (2x5 mins),Stafford x shatik666,Stafford,Lazio,shatik666,Lecce,28/08/2026,10:41:27,Total de Gols,Under,7.5,,,,,1.74,0-0,3-4,Green,0.74,17523523
, CLA-UA Italy Cyber Cup (UA) (2x5 mins),Stafford x shatik666,Stafford,Lazio,shatik666,Lecce,28/08/2026,10:46:38,Total de Gols,Under,8.5,,,,,1.61,1-1,3-4,Green,0.61,17523523
, CLA-UA Italy Cyber Cup (UA) (2x5 mins),Stafford x shatik666,Stafford,Lazio,shatik666,Lecce,28/08/2026,10:47:17,Total de Gols,Under,6.5,,,,,2.12,1-1,3-4,Red,-1.0,17523523
, CLA-UA Italy Cyber Cup (UA) (2x5 mins),Stafford x shatik666,Stafford,Lazio,shatik666,Lecce,28/08/2026,10:50:08,Total de Gols,Under,5.5,,,,,2.27,1-2,3-4,Red,-1.0,17523523
, CLA-UA Italy Cyber Cup (UA) (2x5 mins),Stafford x vrud1,Stafford,Lazio,vrud1,Milan,28/08/2026,10:55:37,Total de Gols,Under,7.5,,,,,1.83,0-0,3-1,Green,0.83,17523688
, CLA-UA Italy Cyber Cup (UA) (2x5 mins),Stafford x vrud1,Stafford,Lazio,vrud1,Milan,28/08/2026,10:56:57,Total de Gols,Under,6.5,,,,,2.12,0-0,3-1,Green,1.12,17523688
, CLA-UA Italy Cyber Cup (UA) (2x5 mins),Stafford x vrud1,Stafford,Lazio,vrud1,Milan,28/08/2026,10:57:55,Total de Gols,Under,8.5,,,,,1.77,1-0,3-1,Green,0.77,17523688
, CLA-UA Italy Cyber Cup (UA) (2x5 mins),Stafford x vrud1,Stafford,Lazio,vrud1,Milan,28/08/2026,11:02:34,Total de Gols,Under,5.5,,,,,2.17,2-0,3-1,Green,1.17,17523688
, CLA-UA Italy Cyber Cup (UA) (2x5 mins),Stafford x vrud1,Stafford,Lazio,vrud1,Milan,28/08/2026,11:06:25,Total de Gols,Under,4.5,,,,,2.52,3-1,3-1,Green,1.52,17523688
, CLA-UA Spain Cyber Cup (UA) (2x5 mins),Shark x Jackson,Shark,Sevilla,Jackson,Espanyol,29/08/2026,06:13:50,Total de Gols,Under,4.5,,,,,2.17,0-0,2-4,Red,-1.0,17533598
, CLA-UA Spain Cyber Cup (UA) (2x5 mins),Shark x Jackson,Shark,Sevilla,Jackson,Espanyol,29/08/2026,06:14:19,Total de Gols,Under,5.5,,,,,1.89,0-0,2-4,Red,-1.0,17533598
, CLA-UA Spain Cyber Cup (UA) (2x5 mins),Shark x Jackson,Shark,Sevilla,Jackson,Espanyol,29/08/2026,06:14:33,Total de Gols,Under,6.5,,,,,1.82,1-0,2-4,Green,0.82,17533598
, CLA-UA Spain Cyber Cup (UA) (2x5 mins),Shark x Jackson,Shark,Sevilla,Jackson,Espanyol,29/08/2026,06:15:24,Total de Gols,Under,7.5,,,,,1.56,1-1,2-4,Green,0.56,17533598
, CLA-UA Spain Cyber Cup (UA) (2x5 mins),Shark x Jackson,Shark,Sevilla,Jackson,Espanyol,29/08/2026,06:15:52,Total de Gols,Under,8.5,,,,,1.57,1-2,2-4,Green,0.57,17533598
,CLA-UA World Cyber Cup (UA) (2x5 mins),zasia x Stafford,zasia,Brazil,Stafford,Morocco,29/08/2026,06:13:48,Total de Gols,Under,9.5,,,,,1.86,1-2,5-7,Red,-1.0,17533610
,CLA-UA World Cyber Cup (UA) (2x5 mins),zasia x Stafford,zasia,Brazil,Stafford,Morocco,29/08/2026,06:15:14,Total de Gols,Under,8.5,,,,,2.07,2-2,5-7,Red,-1.0,17533610
,CLA-UA World Cyber Cup (UA) (2x5 mins),zasia x Stafford,zasia,Brazil,Stafford,Morocco,29/08/2026,06:15:33,Total de Gols,Under,10.5,,,,,1.77,2-2,5-7,Red,-1.0,17533610
, CLA-UA Spain Cyber Cup (UA) (2x5 mins),Jackson x desicom,Jackson,Espanyol,desicom,Mallorca,29/08/2026,06:24:07,Total de Gols,Under,7.5,,,,,1.7,0-0,5-2,Green,0.7,17533737
, CLA-UA Spain Cyber Cup (UA) (2x5 mins),Jackson x desicom,Jackson,Espanyol,desicom,Mallorca,29/08/2026,06:24:39,Total de Gols,Under,6.5,,,,,2.07,0-0,5-2,Red,-1.0,17533737
, CLA-UA Spain Cyber Cup (UA) (2x5 mins),Jackson x desicom,Jackson,Espanyol,desicom,Mallorca,29/08/2026,06:28:05,Total de Gols,Under,5.5,,,,,2.08,1-0,5-2,Red,-1.0,17533737
, CLA-UA Spain Cyber Cup (UA) (2x5 mins),Jackson x desicom,Jackson,Espanyol,desicom,Mallorca,29/08/2026,06:30:56,Total de Gols,Under,4.5,,,,,2.31,1-1,5-2,Red,-1.0,17533737
,CLA-UA World Cyber Cup (UA) (2x5 mins),Stafford x Nona,Stafford,Morocco,Nona,Poland,29/08/2026,06:24:07,Total de Gols,Under,8.5,,,,,2.03,0-0,8-4,Red,-1.0,17533756
,CLA-UA World Cyber Cup (UA) (2x5 mins),Stafford x Nona,Stafford,Morocco,Nona,Poland,29/08/2026,06:24:36,Total de Gols,Under,9.5,,,,,1.85,0-0,8-4,Red,-1.0,17533756
,CLA-UA World Cyber Cup (UA) (2x5 mins),Stafford x Nona,Stafford,Morocco,Nona,Poland,29/08/2026,06:25:08,Total de Gols,Under,10.5,,,,,1.69,1-0,8-4,Red,-1.0,17533756
,CLA-UA World Cyber Cup (UA) (2x5 mins),Stafford x Nona,Stafford,Morocco,Nona,Poland,29/08/2026,06:27:33,Total de Gols,Under,11.5,,,,,1.8,3-2,8-4,Red,-1.0,17533756
,CLA-UA World Cyber Cup (UA) (2x5 mins),Stafford x Nona,Stafford,Morocco,Nona,Poland,29/08/2026,06:33:29,Total de Gols,Under,12.5,,,,,1.65,7-3,8-4,Green,0.65,17533756
, CLA-UA Spain Cyber Cup (UA) (2x5 mins),Shark x aloha,Shark,Sevilla,aloha,Celta Vigo,29/08/2026,06:38:07,Total de Gols,Under,6.5,,,,,1.96,0-0,5-2,Red,-1.0,17533601
, CLA-UA Italy Cyber Cup (UA) (2x5 mins),Int1liGenT x djamik,Int1liGenT,Milan,djamik,Lazio,29/08/2026,06:38:51,Total de Gols,Under,8.5,,,,,1.76,0-1,1-3,Green,0.76,17533587
, CLA-UA Italy Cyber Cup (UA) (2x5 mins),Int1liGenT x djamik,Int1liGenT,Milan,djamik,Lazio,29/08/2026,06:39:02,Total de Gols,Under,9.5,,,,,1.75,0-1,1-3,Green,0.75,17533587
, CLA-UA Italy Cyber Cup (UA) (2x5 mins),Int1liGenT x djamik,Int1liGenT,Milan,djamik,Lazio,29/08/2026,06:40:21,Total de Gols,Under,7.5,,,,,2.07,0-1,1-3,Green,1.07,17533587
, CLA-UA Italy Cyber Cup (UA) (2x5 mins),Int1liGenT x djamik,Int1liGenT,Milan,djamik,Lazio,29/08/2026,06:41:41,Total de Gols,Under,6.5,,,,,2.12,0-1,1-3,Green,1.12,17533587
, CLA-UA Italy Cyber Cup (UA) (2x5 mins),Int1liGenT x djamik,Int1liGenT,Milan,djamik,Lazio,29/08/2026,06:45:58,Total de Gols,Under,5.5,,,,,2.07,1-2,1-3,Green,1.07,17533587
, CLA-UA Italy Cyber Cup (UA) (2x5 mins),Int1liGenT x djamik,Int1liGenT,Milan,djamik,Lazio,29/08/2026,06:47:10,Total de Gols,Under,4.5,,,,,2.31,1-2,1-3,Green,1.31,17533587
, CLA-UA Italy Cyber Cup (UA) (2x5 mins),femzzi x Int1liGenT,femzzi,Bologna FC,Int1liGenT,Milan,29/08/2026,06:51:53,Total de Gols,Under,8.5,,,,,1.88,0-0,4-5,Red,-1.0,17533590
, CLA-UA Italy Cyber Cup (UA) (2x5 mins),femzzi x Int1liGenT,femzzi,Bologna FC,Int1liGenT,Milan,29/08/2026,06:52:42,Total de Gols,Under,9.5,,,,,1.76,0-0,4-5,Green,0.76,17533590
, CLA-UA Italy Cyber Cup (UA) (2x5 mins),femzzi x Int1liGenT,femzzi,Bologna FC,Int1liGenT,Milan,29/08/2026,06:55:22,Total de Gols,Under,10.5,,,,,1.62,2-1,4-5,Green,0.62,17533590
, CLA-UA Italy Cyber Cup (UA) (2x5 mins),femzzi x Int1liGenT,femzzi,Bologna FC,Int1liGenT,Milan,29/08/2026,06:57:01,Total de Gols,Under,11.5,,,,,1.61,3-2,4-5,Green,0.61,17533590
,CLA-UA World Cyber Cup (UA) (2x5 mins),Stafford x four,Stafford,Morocco,four,Haiti,29/08/2026,06:52:10,Total de Gols,Under,7.5,,,,,1.62,0-0,4-2,Green,0.62,17533614
,CLA-UA World Cyber Cup (UA) (2x5 mins),Stafford x four,Stafford,Morocco,four,Haiti,29/08/2026,06:52:19,Total de Gols,Under,6.5,,,,,2.07,0-0,4-2,Green,1.07,17533614
,CLA-UA World Cyber Cup (UA) (2x5 mins),Stafford x four,Stafford,Morocco,four,Haiti,29/08/2026,06:54:09,Total de Gols,Under,5.5,,,,,2.06,0-0,4-2,Red,-1.0,17533614
, CLA-UA Italy Cyber Cup (UA) (2x5 mins),fillanchik x djamik,fillanchik,Udinese,djamik,Lazio,29/08/2026,06:52:31,Total de Gols,Under,7.5,,,,,1.69,0-0,4-3,Green,0.69,17533589
, CLA-UA Italy Cyber Cup (UA) (2x5 mins),fillanchik x djamik,fillanchik,Udinese,djamik,Lazio,29/08/2026,06:52:49,Total de Gols,Under,6.5,,,,,2.12,0-0,4-3,Red,-1.0,17533589
, CLA-UA Italy Cyber Cup (UA) (2x5 mins),fillanchik x djamik,fillanchik,Udinese,djamik,Lazio,29/08/2026,06:53:35,Total de Gols,Under,8.5,,,,,1.83,1-0,4-3,Green,0.83,17533589
, CLA-UA Italy Cyber Cup (UA) (2x5 mins),fillanchik x djamik,fillanchik,Udinese,djamik,Lazio,29/08/2026,06:53:53,Total de Gols,Under,9.5,,,,,1.72,2-0,4-3,Green,0.72,17533589
, CLA-UA Italy Cyber Cup (UA) (2x5 mins),fillanchik x djamik,fillanchik,Udinese,djamik,Lazio,29/08/2026,06:55:40,Total de Gols,Under,10.5,,,,,1.65,3-1,4-3,Green,0.65,17533589
, CLA-UA Spain Cyber Cup (UA) (2x5 mins),desicom x Shark,desicom,Mallorca,Shark,Sevilla,29/08/2026,06:52:10,Total de Gols,Under,7.5,,,,,1.88,0-0,4-5,Red,-1.0,17533741
, CLA-UA Spain Cyber Cup (UA) (2x5 mins),desicom x Shark,desicom,Mallorca,Shark,Sevilla,29/08/2026,06:53:35,Total de Gols,Under,6.5,,,,,2.08,0-0,4-5,Red,-1.0,17533741
, CLA-UA Spain Cyber Cup (UA) (2x5 mins),desicom x Shark,desicom,Mallorca,Shark,Sevilla,29/08/2026,06:54:33,Total de Gols,Under,8.5,,,,,1.71,1-0,4-5,Red,-1.0,17533741
, CLA-UA Spain Cyber Cup (UA) (2x5 mins),desicom x Shark,desicom,Mallorca,Shark,Sevilla,29/08/2026,06:59:12,Total de Gols,Under,9.5,,,,,1.54,2-3,4-5,Green,0.54,17533741
,CLA-UA World Cyber Cup (UA) (2x5 mins),zyX x zasia,zyX,Scotland,zasia,Brazil,29/08/2026,07:06:09,Total de Gols,Under,9.5,,,,,1.79,0-0,4-4,Green,0.79,17533615
,CLA-UA World Cyber Cup (UA) (2x5 mins),zyX x zasia,zyX,Scotland,zasia,Brazil,29/08/2026,07:06:30,Total de Gols,Under,10.5,,,,,1.72,0-0,4-4,Green,0.72,17533615
,CLA-UA World Cyber Cup (UA) (2x5 mins),zyX x zasia,zyX,Scotland,zasia,Brazil,29/08/2026,07:09:15,Total de Gols,Under,8.5,,,,,1.86,2-0,4-4,Green,0.86,17533615
,CLA-UA World Cyber Cup (UA) (2x5 mins),zyX x zasia,zyX,Scotland,zasia,Brazil,29/08/2026,07:12:18,Total de Gols,Under,7.5,,,,,2.12,2-2,4-4,Red,-1.0,17533615
, CLA-UA Italy Cyber Cup (UA) (2x5 mins),palkan x Int1liGenT,palkan,Juventus,Int1liGenT,Milan,29/08/2026,07:05:59,Total de Gols,Under,7.5,,,,,1.62,0-0,5-3,Red,-1.0,17533592
, CLA-UA Italy Cyber Cup (UA) (2x5 mins),palkan x Int1liGenT,palkan,Juventus,Int1liGenT,Milan,29/08/2026,07:06:40,Total de Gols,Under,6.5,,,,,2.11,0-0,5-3,Red,-1.0,17533592
, CLA-UA Italy Cyber Cup (UA) (2x5 mins),palkan x Int1liGenT,palkan,Juventus,Int1liGenT,Milan,29/08/2026,07:08:31,Total de Gols,Under,8.5,,,,,1.62,1-0,5-3,Green,0.62,17533592
, CLA-UA Champions Cyber League (UA) (2x5 mins),Nona x zyX,Nona,Sporting CP,zyX,Porto,29/08/2026,07:30:39,Total de Gols,Under,9.5,,,,,1.69,0-0,4-5,Green,0.69,17533816
, CLA-UA Champions Cyber League (UA) (2x5 mins),Nona x zyX,Nona,Sporting CP,zyX,Porto,29/08/2026,07:30:56,Total de Gols,Under,8.5,,,,,2.02,0-0,4-5,Red,-1.0,17533816
, CLA-UA Champions Cyber League (UA) (2x5 mins),Nona x zyX,Nona,Sporting CP,zyX,Porto,29/08/2026,07:31:15,Total de Gols,Under,5.5,,,,,2.07,0-0,4-5,Red,-1.0,17533816
, CLA-UA Champions Cyber League (UA) (2x5 mins),Nona x zyX,Nona,Sporting CP,zyX,Porto,29/08/2026,07:33:22,Total de Gols,Under,10.5,,,,,1.88,1-2,4-5,Green,0.88,17533816
, CLA-UA Champions Cyber League (UA) (2x5 mins),Nona x zyX,Nona,Sporting CP,zyX,Porto,29/08/2026,07:38:35,Total de Gols,Under,11.5,,,,,1.54,2-5,4-5,Green,0.54,17533816
, CLA-UA Champions Cyber League (UA) (2x5 mins),four x zyX,four,PSV,zyX,Porto,29/08/2026,07:43:50,Total de Gols,Under,7.5,,,,,1.62,0-0,2-7,Red,-1.0,17533652
, CLA-UA Champions Cyber League (UA) (2x5 mins),four x zyX,four,PSV,zyX,Porto,29/08/2026,07:44:23,Total de Gols,Under,6.5,,,,,2.07,0-0,2-7,Red,-1.0,17533652
, CLA-UA Champions Cyber League (UA) (2x5 mins),four x zyX,four,PSV,zyX,Porto,29/08/2026,07:52:11,Total de Gols,Under,8.5,,,,,1.54,1-4,2-7,Red,-1.0,17533652
, CLA-UA Champions Cyber League (UA) (2x5 mins),four x zyX,four,PSV,zyX,Porto,29/08/2026,07:53:03,Total de Gols,Under,9.5,,,,,1.85,2-5,2-7,Green,0.85,17533652
, CLA-UA Champions Cyber League (UA) (2x5 mins),Nona x Stafford,Nona,Sporting CP,Stafford,Celtic,29/08/2026,07:44:09,Total de Gols,Under,8.5,,,,,2.03,0-0,1-5,Green,1.03,17533820
, CLA-UA Champions Cyber League (UA) (2x5 mins),Nona x Stafford,Nona,Sporting CP,Stafford,Celtic,29/08/2026,07:45:22,Total de Gols,Under,9.5,,,,,1.62,0-0,1-5,Green,0.62,17533820
, CLA-UA Champions Cyber League (UA) (2x5 mins),Nona x Stafford,Nona,Sporting CP,Stafford,Celtic,29/08/2026,07:48:21,Total de Gols,Under,10.5,,,,,1.68,0-4,1-5,Green,0.68,17533820
, CLA-UA Champions Cyber League (UA) (2x5 mins),Nona x Stafford,Nona,Sporting CP,Stafford,Celtic,29/08/2026,07:51:34,Total de Gols,Under,7.5,,,,,2.21,0-5,1-5,Green,1.21,17533820
, CLA-UA Champions Cyber League (UA) (2x5 mins),Nona x Stafford,Nona,Sporting CP,Stafford,Celtic,29/08/2026,07:53:11,Total de Gols,Under,6.5,,,,,2.12,0-5,1-5,Green,1.12,17533820
, CLA-UA Champions Cyber League (UA) (2x5 mins),Nona x Stafford,Nona,Sporting CP,Stafford,Celtic,29/08/2026,07:54:10,Total de Gols,Under,5.5,,,,,2.71,0-5,1-5,Red,-1.0,17533820
, CLA-UA France Cyber Cup (UA) (2x5 mins),femzzi x fillanchik,femzzi,Stade Rennais FC,fillanchik,AJ Auxerre,29/08/2026,07:44:03,Total de Gols,Under,8.5,,,,,1.63,0-0,4-2,Green,0.63,17533619
, CLA-UA France Cyber Cup (UA) (2x5 mins),femzzi x fillanchik,femzzi,Stade Rennais FC,fillanchik,AJ Auxerre,29/08/2026,07:46:35,Total de Gols,Under,7.5,,,,,2.07,0-1,4-2,Green,1.07,17533619
, CLA-UA France Cyber Cup (UA) (2x5 mins),femzzi x fillanchik,femzzi,Stade Rennais FC,fillanchik,AJ Auxerre,29/08/2026,07:49:17,Total de Gols,Under,6.5,,,,,2.12,1-1,4-2,Green,1.12,17533619
, CLA-UA France Cyber Cup (UA) (2x5 mins),femzzi x fillanchik,femzzi,Stade Rennais FC,fillanchik,AJ Auxerre,29/08/2026,07:50:31,Total de Gols,Under,5.5,,,,,2.17,1-1,4-2,Red,-1.0,17533619
, CLA-UA France Cyber Cup (UA) (2x5 mins),djamik x palkan,djamik,Lille,palkan,Toulouse FC,29/08/2026,07:44:26,Total de Gols,Under,8.5,,,,,1.73,0-0,4-6,Red,-1.0,17533622
, CLA-UA France Cyber Cup (UA) (2x5 mins),djamik x palkan,djamik,Lille,palkan,Toulouse FC,29/08/2026,07:44:29,Total de Gols,Under,9.5,,,,,1.71,0-0,4-6,Red,-1.0,17533622
,CLA-UA Argentina Cyber Cup (UA) (2x5 mins),aloha x Shark,aloha,Independiente,Shark,Boca Juniors,29/08/2026,07:57:31,Total de Gols,Under,6.5,,,,,1.8,0-0,4-1,Green,0.8,17533627
,CLA-UA Argentina Cyber Cup (UA) (2x5 mins),aloha x Shark,aloha,Independiente,Shark,Boca Juniors,29/08/2026,07:59:47,Total de Gols,Under,5.5,,,,,2.07,0-0,4-1,Green,1.07,17533627
,CLA-UA Argentina Cyber Cup (UA) (2x5 mins),aloha x Shark,aloha,Independiente,Shark,Boca Juniors,29/08/2026,08:01:26,Total de Gols,Under,4.5,,,,,2.17,0-0,4-1,Red,-1.0,17533627
, CLA-UA France Cyber Cup (UA) (2x5 mins),djamik x Int1liGenT,djamik,Lille,Int1liGenT,Strasbourg,29/08/2026,07:58:24,Total de Gols,Under,7.5,,,,,1.98,0-0,7-4,Red,-1.0,17533799
, CLA-UA France Cyber Cup (UA) (2x5 mins),djamik x Int1liGenT,djamik,Lille,Int1liGenT,Strasbourg,29/08/2026,07:59:10,Total de Gols,Under,8.5,,,,,1.92,0-0,7-4,Red,-1.0,17533799
, CLA-UA Champions Cyber League (UA) (2x5 mins),zasia x zyX,zasia,Galatasaray,zyX,Porto,29/08/2026,08:26:09,Total de Gols,Under,9.5,,,,,1.71,0-0,7-3,Red,-1.0,17533657
, CLA-UA Champions Cyber League (UA) (2x5 mins),zasia x zyX,zasia,Galatasaray,zyX,Porto,29/08/2026,08:26:20,Total de Gols,Under,10.5,,,,,1.68,0-0,7-3,Green,0.68,17533657
, CLA-UA Champions Cyber League (UA) (2x5 mins),zasia x zyX,zasia,Galatasaray,zyX,Porto,29/08/2026,08:29:07,Total de Gols,Under,8.5,,,,,2.02,2-0,7-3,Red,-1.0,17533657
, CLA-UA Champions Cyber League (UA) (2x5 mins),zasia x zyX,zasia,Galatasaray,zyX,Porto,29/08/2026,08:32:49,Total de Gols,Under,11.5,,,,,1.65,5-1,7-3,Green,0.65,17533657
,CLA-UA Argentina Cyber Cup (UA) (2x5 mins),Shark x Jackson,Shark,Boca Juniors,Jackson,Racing Club,29/08/2026,08:40:07,Total de Gols,Under,7.5,,,,,1.7,0-0,2-4,Green,0.7,17533643
,CLA-UA Argentina Cyber Cup (UA) (2x5 mins),Shark x Jackson,Shark,Boca Juniors,Jackson,Racing Club,29/08/2026,08:40:49,Total de Gols,Under,6.5,,,,,2.07,0-0,2-4,Green,1.07,17533643
,CLA-UA Argentina Cyber Cup (UA) (2x5 mins),Shark x Jackson,Shark,Boca Juniors,Jackson,Racing Club,29/08/2026,08:43:51,Total de Gols,Under,5.5,,,,,2.07,1-0,2-4,Red,-1.0,17533643
,CLA-UA Argentina Cyber Cup (UA) (2x5 mins),Shark x Jackson,Shark,Boca Juniors,Jackson,Racing Club,29/08/2026,08:45:11,Total de Gols,Under,4.5,,,,,2.21,1-0,2-4,Red,-1.0,17533643
, CLA-UA France Cyber Cup (UA) (2x5 mins),palkan x femzzi,palkan,Toulouse FC,femzzi,Stade Rennais FC,29/08/2026,08:40:54,Total de Gols,Under,8.5,,,,,1.92,0-0,5-1,Green,0.92,17533625
, CLA-UA France Cyber Cup (UA) (2x5 mins),palkan x femzzi,palkan,Toulouse FC,femzzi,Stade Rennais FC,29/08/2026,08:41:38,Total de Gols,Under,7.5,,,,,2.07,0-0,5-1,Green,1.07,17533625
, CLA-UA France Cyber Cup (UA) (2x5 mins),palkan x djamik,palkan,Toulouse FC,djamik,Lille,29/08/2026,08:54:17,Total de Gols,Under,8.5,,,,,1.76,0-0,4-5,Red,-1.0,17533626
,CLA-UA Argentina Cyber Cup (UA) (2x5 mins),Jackson x desicom,Jackson,Racing Club,desicom,River Plate,29/08/2026,08:54:04,Total de Gols,Under,7.5,,,,,1.7,0-0,7-3,Red,-1.0,17533629
,CLA-UA Argentina Cyber Cup (UA) (2x5 mins),Jackson x desicom,Jackson,Racing Club,desicom,River Plate,29/08/2026,08:54:45,Total de Gols,Under,6.5,,,,,2.11,0-0,7-3,Red,-1.0,17533629
,CLA-UA Argentina Cyber Cup (UA) (2x5 mins),Jackson x desicom,Jackson,Racing Club,desicom,River Plate,29/08/2026,08:57:42,Total de Gols,Under,8.5,,,,,1.7,2-0,7-3,Red,-1.0,17533629
,CLA-UA Argentina Cyber Cup (UA) (2x5 mins),Jackson x desicom,Jackson,Racing Club,desicom,River Plate,29/08/2026,08:58:52,Total de Gols,Under,9.5,,,,,1.89,3-1,7-3,Red,-1.0,17533629
,CLA-UA Argentina Cyber Cup (UA) (2x5 mins),Jackson x desicom,Jackson,Racing Club,desicom,River Plate,29/08/2026,09:01:29,Total de Gols,Under,11.5,,,,,1.59,5-3,7-3,Green,0.59,17533629
,CLA-UA Argentina Cyber Cup (UA) (2x5 mins),Jackson x desicom,Jackson,Racing Club,desicom,River Plate,29/08/2026,09:01:38,Total de Gols,Under,10.5,,,,,2.22,5-3,7-3,Green,1.22,17533629
,CLA-UA Argentina Cyber Cup (UA) (2x5 mins),Jackson x desicom,Jackson,Racing Club,desicom,River Plate,29/08/2026,09:02:57,Total de Gols,Under,12.5,,,,,1.48,6-3,7-3,Green,0.48,17533629
, CLA-UA Champions Cyber League (UA) (2x5 mins),zyX x four,zyX,Porto,four,PSV,29/08/2026,08:54:00,Total de Gols,Under,6.5,,,,,1.98,0-0,5-4,Red,-1.0,17533666
, CLA-UA Champions Cyber League (UA) (2x5 mins),zyX x four,zyX,Porto,four,PSV,29/08/2026,08:54:36,Total de Gols,Under,7.5,,,,,1.88,0-0,5-4,Red,-1.0,17533666
, CLA-UA Champions Cyber League (UA) (2x5 mins),zyX x four,zyX,Porto,four,PSV,29/08/2026,08:55:35,Total de Gols,Under,8.5,,,,,1.62,0-1,5-4,Red,-1.0,17533666
, CLA-UA Champions Cyber League (UA) (2x5 mins),zyX x four,zyX,Porto,four,PSV,29/08/2026,08:56:22,Total de Gols,Under,9.5,,,,,1.69,2-1,5-4,Green,0.69,17533666
, CLA-UA Champions Cyber League (UA) (2x5 mins),zyX x four,zyX,Porto,four,PSV,29/08/2026,08:56:41,Total de Gols,Under,10.5,,,,,1.65,2-2,5-4,Green,0.65,17533666
, CLA-UA Champions Cyber League (UA) (2x5 mins),zyX x four,zyX,Porto,four,PSV,29/08/2026,08:57:35,Total de Gols,Under,11.5,,,,,1.59,3-2,5-4,Green,0.59,17533666
, CLA-UA Champions Cyber League (UA) (2x5 mins),Stafford x Nona,Stafford,Celtic,Nona,Sporting CP,29/08/2026,08:54:07,Total de Gols,Under,8.5,,,,,1.97,0-0,6-3,Red,-1.0,17533870
, CLA-UA Champions Cyber League (UA) (2x5 mins),Stafford x Nona,Stafford,Celtic,Nona,Sporting CP,29/08/2026,08:55:18,Total de Gols,Under,7.5,,,,,2.07,0-0,6-3,Red,-1.0,17533870
, CLA-UA Champions Cyber League (UA) (2x5 mins),Stafford x Nona,Stafford,Celtic,Nona,Sporting CP,29/08/2026,08:56:30,Total de Gols,Under,6.5,,,,,2.11,0-0,6-3,Red,-1.0,17533870
, CLA-UA Champions Cyber League (UA) (2x5 mins),Stafford x Nona,Stafford,Celtic,Nona,Sporting CP,29/08/2026,08:58:35,Total de Gols,Under,5.5,,,,,2.12,1-0,6-3,Red,-1.0,17533870
, CLA-UA Champions Cyber League (UA) (2x5 mins),Stafford x Nona,Stafford,Celtic,Nona,Sporting CP,29/08/2026,08:59:34,Total de Gols,Under,4.5,,,,,2.13,1-0,6-3,Red,-1.0,17533870
, CLA-UA Spain Cyber Cup (UA) (2x5 mins),fillanchik x Int1liGenT,fillanchik,Atletico Madrid,Int1liGenT,Real Betis,29/08/2026,10:00:05,Total de Gols,Under,7.5,,,,,1.62,0-0,1-5,Green,0.62,17533670
, CLA-UA Spain Cyber Cup (UA) (2x5 mins),fillanchik x Int1liGenT,fillanchik,Atletico Madrid,Int1liGenT,Real Betis,29/08/2026,10:01:41,Total de Gols,Under,6.5,,,,,2.06,0-0,1-5,Green,1.06,17533670
, CLA-UA Spain Cyber Cup (UA) (2x5 mins),fillanchik x Int1liGenT,fillanchik,Atletico Madrid,Int1liGenT,Real Betis,29/08/2026,10:04:47,Total de Gols,Under,5.5,,,,,2.12,0-1,1-5,Red,-1.0,17533670
, CLA-UA Spain Cyber Cup (UA) (2x5 mins),fillanchik x Int1liGenT,fillanchik,Atletico Madrid,Int1liGenT,Real Betis,29/08/2026,10:09:23,Total de Gols,Under,4.5,,,,,2.41,0-3,1-5,Red,-1.0,17533670
, CLA-UA Italy Cyber Cup (UA) (2x5 mins),Nona x zyX,Nona,Atalanta,zyX,Bologna FC,29/08/2026,09:59:35,Total de Gols,Under,9.5,,,,,1.75,0-0,4-7,Red,-1.0,17533705
, CLA-UA Italy Cyber Cup (UA) (2x5 mins),Nona x zyX,Nona,Atalanta,zyX,Bologna FC,29/08/2026,10:00:41,Total de Gols,Under,8.5,,,,,2.03,0-0,4-7,Red,-1.0,17533705
, CLA-UA Italy Cyber Cup (UA) (2x5 mins),Nona x zyX,Nona,Atalanta,zyX,Bologna FC,29/08/2026,10:05:54,Total de Gols,Under,10.5,,,,,1.62,1-3,4-7,Red,-1.0,17533705
, CLA-UA Spain Cyber Cup (UA) (2x5 mins),djamik x palkan,djamik,Girona FC,palkan,Levante,29/08/2026,10:14:08,Total de Gols,Under,6.5,,,,,1.75,0-0,4-4,Red,-1.0,17533667
, CLA-UA Spain Cyber Cup (UA) (2x5 mins),djamik x palkan,djamik,Girona FC,palkan,Levante,29/08/2026,10:14:15,Total de Gols,Under,7.5,,,,,1.71,0-0,4-4,Red,-1.0,17533667
, CLA-UA Spain Cyber Cup (UA) (2x5 mins),djamik x palkan,djamik,Girona FC,palkan,Levante,29/08/2026,10:14:45,Total de Gols,Under,8.5,,,,,1.79,0-0,4-4,Green,0.79,17533667
, CLA-UA Spain Cyber Cup (UA) (2x5 mins),djamik x palkan,djamik,Girona FC,palkan,Levante,29/08/2026,10:21:20,Total de Gols,Under,9.5,,,,,1.65,2-3,4-4,Green,0.65,17533667
, CLA-UA Italy Cyber Cup (UA) (2x5 mins),Nona x Stafford,Nona,Atalanta,Stafford,Juventus,29/08/2026,10:14:08,Total de Gols,Under,8.5,,,,,1.97,0-0,2-4,Green,0.97,17533707
, CLA-UA Italy Cyber Cup (UA) (2x5 mins),Nona x Stafford,Nona,Atalanta,Stafford,Juventus,29/08/2026,10:14:30,Total de Gols,Under,9.5,,,,,1.86,0-0,2-4,Green,0.86,17533707
, CLA-UA Italy Cyber Cup (UA) (2x5 mins),Nona x Stafford,Nona,Atalanta,Stafford,Juventus,29/08/2026,10:20:56,Total de Gols,Under,7.5,,,,,2.2,2-3,2-4,Green,1.2,17533707
, CLA-UA Italy Cyber Cup (UA) (2x5 mins),Nona x Stafford,Nona,Atalanta,Stafford,Juventus,29/08/2026,10:22:25,Total de Gols,Under,6.5,,,,,2.35,2-3,2-4,Green,1.35,17533707
, CLA-UA Italy Cyber Cup (UA) (2x5 mins),Nona x Stafford,Nona,Atalanta,Stafford,Juventus,29/08/2026,10:23:46,Total de Gols,Under,5.5,,,,,2.71,2-3,2-4,Red,-1.0,17533707
, CLA-UA Italy Cyber Cup (UA) (2x5 mins),four x zasia,four,Roma,zasia,Torino,29/08/2026,10:28:04,Total de Gols,Under,7.5,,,,,1.78,0-0,4-4,Red,-1.0,17533709
, CLA-UA Italy Cyber Cup (UA) (2x5 mins),four x zasia,four,Roma,zasia,Torino,29/08/2026,10:28:39,Total de Gols,Under,8.5,,,,,1.69,0-0,4-4,Green,0.69,17533709
, CLA-UA Italy Cyber Cup (UA) (2x5 mins),four x zasia,four,Roma,zasia,Torino,29/08/2026,10:30:10,Total de Gols,Under,6.5,,,,,2.03,1-0,4-4,Red,-1.0,17533709
, CLA-UA Spain Cyber Cup (UA) (2x5 mins),djamik x femzzi,djamik,Girona FC,femzzi,Sevilla,29/08/2026,10:56:34,Total de Gols,Under,7.5,,,,,1.74,0-0,3-3,Green,0.74,17533661
, CLA-UA Spain Cyber Cup (UA) (2x5 mins),djamik x femzzi,djamik,Girona FC,femzzi,Sevilla,29/08/2026,10:56:36,Total de Gols,Under,8.5,,,,,1.76,0-0,3-3,Green,0.76,17533661
, CLA-UA Spain Cyber Cup (UA) (2x5 mins),djamik x femzzi,djamik,Girona FC,femzzi,Sevilla,29/08/2026,10:57:49,Total de Gols,Under,9.5,,,,,1.88,1-0,3-3,Green,0.88,17533661
, CLA-UA Spain Cyber Cup (UA) (2x5 mins),djamik x femzzi,djamik,Girona FC,femzzi,Sevilla,29/08/2026,10:58:13,Total de Gols,Under,10.5,,,,,1.75,2-0,3-3,Green,0.75,17533661
, CLA-UA Spain Cyber Cup (UA) (2x5 mins),djamik x femzzi,djamik,Girona FC,femzzi,Sevilla,29/08/2026,11:04:14,Total de Gols,Under,6.5,,,,,2.17,3-1,3-3,Green,1.17,17533661
, CLA-UA Spain Cyber Cup (UA) (2x5 mins),djamik x femzzi,djamik,Girona FC,femzzi,Sevilla,29/08/2026,11:06:26,Total de Gols,Under,5.5,,,,,2.36,3-2,3-3,Red,-1.0,17533661
, CLA-UA Spain Cyber Cup (UA) (2x5 mins),Int1liGenT x palkan,Int1liGenT,Real Betis,palkan,Levante,29/08/2026,10:56:05,Total de Gols,Under,7.5,,,,,1.83,0-0,4-6,Red,-1.0,17533663
, CLA-UA Spain Cyber Cup (UA) (2x5 mins),Int1liGenT x fillanchik,Int1liGenT,Real Betis,fillanchik,Atletico Madrid,29/08/2026,11:10:43,Total de Gols,Under,6.5,,,,,2.01,0-0,2-3,Green,1.01,17533671
, CLA-UA Spain Cyber Cup (UA) (2x5 mins),Int1liGenT x fillanchik,Int1liGenT,Real Betis,fillanchik,Atletico Madrid,29/08/2026,11:11:28,Total de Gols,Under,7.5,,,,,1.82,0-0,2-3,Green,0.82,17533671
, CLA-UA Spain Cyber Cup (UA) (2x5 mins),Int1liGenT x fillanchik,Int1liGenT,Real Betis,fillanchik,Atletico Madrid,29/08/2026,11:11:45,Total de Gols,Under,8.5,,,,,1.71,1-0,2-3,Green,0.71,17533671
, CLA-UA Spain Cyber Cup (UA) (2x5 mins),Int1liGenT x fillanchik,Int1liGenT,Real Betis,fillanchik,Atletico Madrid,29/08/2026,11:19:44,Total de Gols,Under,5.5,,,,,2.71,2-3,2-3,Green,1.71,17533671
, CLA-UA Italy Cyber Cup (UA) (2x5 mins),zasia x Stafford,zasia,Torino,Stafford,Juventus,29/08/2026,11:11:18,Total de Gols,Under,9.5,,,,,1.65,1-0,7-5,Red,-1.0,17533716
, CLA-UA Italy Cyber Cup (UA) (2x5 mins),zasia x Stafford,zasia,Torino,Stafford,Juventus,29/08/2026,11:11:36,Total de Gols,Under,8.5,,,,,2.03,1-1,7-5,Red,-1.0,17533716
, CLA-UA Italy Cyber Cup (UA) (2x5 mins),zasia x Stafford,zasia,Torino,Stafford,Juventus,29/08/2026,11:11:51,Total de Gols,Under,10.5,,,,,1.61,1-1,7-5,Red,-1.0,17533716
, CLA-UA Italy Cyber Cup (UA) (2x5 mins),zasia x Stafford,zasia,Torino,Stafford,Juventus,29/08/2026,11:12:40,Total de Gols,Under,11.5,,,,,1.75,2-2,7-5,Red,-1.0,17533716
, CLA-UA Italy Cyber Cup (UA) (2x5 mins),zasia x Stafford,zasia,Torino,Stafford,Juventus,29/08/2026,11:14:36,Total de Gols,Under,12.5,,,,,1.65,3-3,7-5,Green,0.65,17533716
, CLA-UA Italy Cyber Cup (UA) (2x5 mins),zasia x Stafford,zasia,Torino,Stafford,Juventus,29/08/2026,11:15:33,Total de Gols,Under,13.5,,,,,1.61,4-4,7-5,Green,0.61,17533716
, CLA-UA Italy Cyber Cup (UA) (2x5 mins),zyX x Nona,zyX,Bologna FC,Nona,Atalanta,29/08/2026,11:11:13,Total de Gols,Under,10.5,,,,,1.66,2-0,8-4,Red,-1.0,17533714
, CLA-UA Italy Cyber Cup (UA) (2x5 mins),zyX x Nona,zyX,Bologna FC,Nona,Atalanta,29/08/2026,11:11:33,Total de Gols,Under,9.5,,,,,2.03,2-0,8-4,Red,-1.0,17533714
, CLA-UA Italy Cyber Cup (UA) (2x5 mins),zyX x Nona,zyX,Bologna FC,Nona,Atalanta,29/08/2026,11:12:10,Total de Gols,Under,11.5,,,,,1.76,2-1,8-4,Red,-1.0,17533714
, CLA-UA Italy Cyber Cup (UA) (2x5 mins),zyX x Nona,zyX,Bologna FC,Nona,Atalanta,29/08/2026,11:19:11,Total de Gols,Under,12.5,,,,,1.63,6-3,8-4,Green,0.63,17533714
, CLA-UA Italy Cyber Cup (UA) (2x5 mins),Stafford x Nona,Stafford,Juventus,Nona,Atalanta,29/08/2026,11:24:08,Total de Gols,Under,8.5,,,,,2.03,0-0,4-5,Red,-1.0,17533720
, CLA-UA Italy Cyber Cup (UA) (2x5 mins),Stafford x Nona,Stafford,Juventus,Nona,Atalanta,29/08/2026,11:24:24,Total de Gols,Under,9.5,,,,,2.01,0-0,4-5,Green,1.01,17533720
, CLA-UA Italy Cyber Cup (UA) (2x5 mins),Stafford x Nona,Stafford,Juventus,Nona,Atalanta,29/08/2026,11:27:06,Total de Gols,Under,7.5,,,,,2.03,0-1,4-5,Red,-1.0,17533720
, CLA-UA Italy Cyber Cup (UA) (2x5 mins),Stafford x Nona,Stafford,Juventus,Nona,Atalanta,29/08/2026,11:29:58,Total de Gols,Under,10.5,,,,,1.59,1-3,4-5,Green,0.59,17533720
, CLA-UA Spain Cyber Cup (UA) (2x5 mins),femzzi x Int1liGenT,femzzi,Sevilla,Int1liGenT,Real Betis,29/08/2026,11:52:06,Total de Gols,Under,8.5,,,,,1.84,0-0,4-8,Red,-1.0,17533688
, CLA-UA Spain Cyber Cup (UA) (2x5 mins),femzzi x Int1liGenT,femzzi,Sevilla,Int1liGenT,Real Betis,29/08/2026,11:52:56,Total de Gols,Under,9.5,,,,,1.79,0-0,4-8,Red,-1.0,17533688
, CLA-UA Spain Cyber Cup (UA) (2x5 mins),fillanchik x djamik,fillanchik,Atletico Madrid,djamik,Girona FC,29/08/2026,11:52:19,Total de Gols,Under,7.5,,,,,1.71,0-0,2-6,Red,-1.0,17533675
, CLA-UA Spain Cyber Cup (UA) (2x5 mins),fillanchik x djamik,fillanchik,Atletico Madrid,djamik,Girona FC,29/08/2026,11:52:45,Total de Gols,Under,6.5,,,,,2.07,0-0,2-6,Red,-1.0,17533675
, CLA-UA Spain Cyber Cup (UA) (2x5 mins),fillanchik x djamik,fillanchik,Atletico Madrid,djamik,Girona FC,29/08/2026,11:55:42,Total de Gols,Under,8.5,,,,,1.59,0-2,2-6,Green,0.59,17533675
, CLA-UA Spain Cyber Cup (UA) (2x5 mins),fillanchik x djamik,fillanchik,Atletico Madrid,djamik,Girona FC,29/08/2026,11:56:47,Total de Gols,Under,9.5,,,,,1.69,1-3,2-6,Green,0.69,17533675
, CLA-UA Italy Cyber Cup (UA) (2x5 mins),Nona x zasia,Nona,Atalanta,zasia,Torino,29/08/2026,11:52:09,Total de Gols,Under,9.5,,,,,1.97,0-0,7-7,Red,-1.0,17533725
, CLA-UA Italy Cyber Cup (UA) (2x5 mins),Nona x zasia,Nona,Atalanta,zasia,Torino,29/08/2026,11:52:35,Total de Gols,Under,10.5,,,,,1.88,0-0,7-7,Red,-1.0,17533725
, CLA-UA Italy Cyber Cup (UA) (2x5 mins),Nona x zasia,Nona,Atalanta,zasia,Torino,29/08/2026,11:54:50,Total de Gols,Under,11.5,,,,,1.62,3-0,7-7,Red,-1.0,17533725
, CLA-UA Italy Cyber Cup (UA) (2x5 mins),Nona x zasia,Nona,Atalanta,zasia,Torino,29/08/2026,12:01:43,Total de Gols,Under,12.5,,,,,1.46,6-4,7-7,Red,-1.0,17533725
, CLA-UA Italy Cyber Cup (UA) (2x5 mins),Nona x zasia,Nona,Atalanta,zasia,Torino,29/08/2026,12:02:44,Total de Gols,Under,14.5,,,,,1.77,6-6,7-7,Green,0.77,17533725
, CLA-UA Spain Cyber Cup (UA) (2x5 mins),femzzi x djamik,femzzi,Sevilla,djamik,Girona FC,29/08/2026,12:06:31,Total de Gols,Under,7.5,,,,,1.97,0-0,5-4,Red,-1.0,17533683
, CLA-UA Spain Cyber Cup (UA) (2x5 mins),femzzi x djamik,femzzi,Sevilla,djamik,Girona FC,29/08/2026,12:07:36,Total de Gols,Under,8.5,,,,,1.65,0-0,5-4,Red,-1.0,17533683
, CLA-UA Spain Cyber Cup (UA) (2x5 mins),femzzi x djamik,femzzi,Sevilla,djamik,Girona FC,29/08/2026,12:09:07,Total de Gols,Under,6.5,,,,,2.12,1-0,5-4,Red,-1.0,17533683
, CLA-UA Spain Cyber Cup (UA) (2x5 mins),femzzi x djamik,femzzi,Sevilla,djamik,Girona FC,29/08/2026,12:14:41,Total de Gols,Under,9.5,,,,,1.61,3-3,5-4,Green,0.61,17533683
, CLA-UA Italy Cyber Cup (UA) (2x5 mins),Nona x four,Nona,Atalanta,four,Roma,29/08/2026,12:06:31,Total de Gols,Under,7.5,,,,,1.78,0-0,6-5,Red,-1.0,17533726
, CLA-UA Italy Cyber Cup (UA) (2x5 mins),Nona x four,Nona,Atalanta,four,Roma,29/08/2026,12:07:28,Total de Gols,Under,6.5,,,,,2.11,0-0,6-5,Red,-1.0,17533726
, CLA-UA Italy Cyber Cup (UA) (2x5 mins),Nona x four,Nona,Atalanta,four,Roma,29/08/2026,12:09:53,Total de Gols,Under,8.5,,,,,1.72,1-1,6-5,Red,-1.0,17533726
, CLA-UA Italy Cyber Cup (UA) (2x5 mins),Nona x four,Nona,Atalanta,four,Roma,29/08/2026,12:11:12,Total de Gols,Under,9.5,,,,,1.86,2-2,6-5,Red,-1.0,17533726
, CLA-UA Italy Cyber Cup (UA) (2x5 mins),Nona x four,Nona,Atalanta,four,Roma,29/08/2026,12:13:42,Total de Gols,Under,10.5,,,,,1.97,3-3,6-5,Red,-1.0,17533726
, CLA-UA Italy Cyber Cup (UA) (2x5 mins),Nona x four,Nona,Atalanta,four,Roma,29/08/2026,12:15:11,Total de Gols,Under,11.5,,,,,2.03,4-4,6-5,Green,1.03,17533726
, CLA-UA Italy Cyber Cup (UA) (2x5 mins),Nona x four,Nona,Atalanta,four,Roma,29/08/2026,12:16:12,Total de Gols,Under,12.5,,,,,1.51,5-4,6-5,Green,0.51,17533726
, CLA-UA Italy Cyber Cup (UA) (2x5 mins),FanFan x Jackson,FanFan,Roma,Jackson,Fiorentina,29/08/2026,15:01:06,Total de Gols,Under,6.5,,,,,1.95,0-0,4-3,Red,-1.0,17533823
, CLA-UA Italy Cyber Cup (UA) (2x5 mins),FanFan x Jackson,FanFan,Roma,Jackson,Fiorentina,29/08/2026,15:03:30,Total de Gols,Under,7.5,,,,,1.69,1-0,4-3,Green,0.69,17533823
, CLA-UA Italy Cyber Cup (UA) (2x5 mins),FanFan x Jackson,FanFan,Roma,Jackson,Fiorentina,29/08/2026,15:04:58,Total de Gols,Under,8.5,,,,,1.75,2-1,4-3,Green,0.75,17533823
, CLA-UA Italy Cyber Cup (UA) (2x5 mins),FanFan x Jackson,FanFan,Roma,Jackson,Fiorentina,29/08/2026,15:07:10,Total de Gols,Under,9.5,,,,,1.72,3-2,4-3,Green,0.72,17533823
,CLA-UA World Cyber Cup (UA) (2x5 mins),drksd3 x Terry14,drksd3,Germany,Terry14,Ivory Coast,29/08/2026,15:02:20,Total de Gols,Under,7.5,,,,,1.65,0-0,5-4,Red,-1.0,17533793
,CLA-UA World Cyber Cup (UA) (2x5 mins),drksd3 x Terry14,drksd3,Germany,Terry14,Ivory Coast,29/08/2026,15:02:26,Total de Gols,Under,6.5,,,,,2.03,0-0,5-4,Red,-1.0,17533793
,CLA-UA World Cyber Cup (UA) (2x5 mins),drksd3 x Terry14,drksd3,Germany,Terry14,Ivory Coast,29/08/2026,15:03:52,Total de Gols,Under,5.5,,,,,2.06,0-0,5-4,Red,-1.0,17533793
,CLA-UA World Cyber Cup (UA) (2x5 mins),drksd3 x Terry14,drksd3,Germany,Terry14,Ivory Coast,29/08/2026,15:07:38,Total de Gols,Under,8.5,,,,,2.16,2-2,5-4,Red,-1.0,17533793
,CLA-UA World Cyber Cup (UA) (2x5 mins),drksd3 x Terry14,drksd3,Germany,Terry14,Ivory Coast,29/08/2026,15:09:41,Total de Gols,Under,9.5,,,,,1.73,4-2,5-4,Green,0.73,17533793
, CLA-UA Italy Cyber Cup (UA) (2x5 mins),desicom x luxiqq,desicom,Inter,luxiqq,Atalanta,29/08/2026,15:01:26,Total de Gols,Under,7.5,,,,,1.73,0-0,1-1,Green,0.73,17533822
, CLA-UA Italy Cyber Cup (UA) (2x5 mins),desicom x luxiqq,desicom,Inter,luxiqq,Atalanta,29/08/2026,15:01:57,Total de Gols,Under,6.5,,,,,2.12,0-0,1-1,Green,1.12,17533822
, CLA-UA Italy Cyber Cup (UA) (2x5 mins),desicom x luxiqq,desicom,Inter,luxiqq,Atalanta,29/08/2026,15:03:33,Total de Gols,Under,5.5,,,,,2.06,0-0,1-1,Green,1.06,17533822
, CLA-UA Italy Cyber Cup (UA) (2x5 mins),desicom x luxiqq,desicom,Inter,luxiqq,Atalanta,29/08/2026,15:05:05,Total de Gols,Under,4.5,,,,,2.07,0-0,1-1,Green,1.07,17533822
, CLA-UA Italy Cyber Cup (UA) (2x5 mins),desicom x luxiqq,desicom,Inter,luxiqq,Atalanta,29/08/2026,15:06:32,Total de Gols,Under,3.5,,,,,2.07,0-0,1-1,Green,1.07,17533822
, CLA-UA Italy Cyber Cup (UA) (2x5 mins),desicom x luxiqq,desicom,Inter,luxiqq,Atalanta,29/08/2026,15:08:02,Total de Gols,Under,2.5,,,,,2.28,0-0,1-1,Green,1.28,17533822
, CLA-UA Italy Cyber Cup (UA) (2x5 mins),desicom x luxiqq,desicom,Inter,luxiqq,Atalanta,29/08/2026,15:09:33,Total de Gols,Under,1.5,,,,,2.36,0-0,1-1,Red,-1.0,17533822
, CLA-UA Spain Cyber Cup (UA) (2x5 mins),Nlui_22 x Shot,Nlui_22,Real Sociedad,Shot,Athletic Club,29/08/2026,15:14:22,Total de Gols,Under,8.5,,,,,1.94,0-0,6-4,Red,-1.0,17533845
, CLA-UA Spain Cyber Cup (UA) (2x5 mins),Nlui_22 x Shot,Nlui_22,Real Sociedad,Shot,Athletic Club,29/08/2026,15:14:39,Total de Gols,Under,9.5,,,,,1.83,0-0,6-4,Red,-1.0,17533845
, CLA-UA Spain Cyber Cup (UA) (2x5 mins),Nlui_22 x Shot,Nlui_22,Real Sociedad,Shot,Athletic Club,29/08/2026,15:15:12,Total de Gols,Under,10.5,,,,,1.66,1-0,6-4,Green,0.66,17533845
, CLA-UA Spain Cyber Cup (UA) (2x5 mins),Nlui_22 x Shot,Nlui_22,Real Sociedad,Shot,Athletic Club,29/08/2026,15:18:46,Total de Gols,Under,11.5,,,,,1.72,3-2,6-4,Green,0.72,17533845
, CLA-UA Spain Cyber Cup (UA) (2x5 mins),Nlui_22 x Shot,Nlui_22,Real Sociedad,Shot,Athletic Club,29/08/2026,15:19:41,Total de Gols,Under,12.5,,,,,1.97,5-2,6-4,Green,0.97,17533845
, CLA-UA Italy Cyber Cup (UA) (2x5 mins),luxiqq x FanFan,luxiqq,Atalanta,FanFan,Roma,29/08/2026,15:28:21,Total de Gols,Under,7.5,,,,,1.65,0-0,4-2,Green,0.65,17533827
, CLA-UA Italy Cyber Cup (UA) (2x5 mins),luxiqq x FanFan,luxiqq,Atalanta,FanFan,Roma,29/08/2026,15:28:44,Total de Gols,Under,6.5,,,,,2.07,0-0,4-2,Green,1.07,17533827
,CLA-UA World Cyber Cup (UA) (2x5 mins),Terry14 x fillanchik,Terry14,Ivory Coast,fillanchik,Panama,29/08/2026,15:27:24,Total de Gols,Under,8.5,,,,,1.76,0-0,2-5,Green,0.76,17533797
,CLA-UA World Cyber Cup (UA) (2x5 mins),Terry14 x fillanchik,Terry14,Ivory Coast,fillanchik,Panama,29/08/2026,15:28:48,Total de Gols,Under,7.5,,,,,2.06,0-0,2-5,Green,1.06,17533797
,CLA-UA World Cyber Cup (UA) (2x5 mins),Terry14 x fillanchik,Terry14,Ivory Coast,fillanchik,Panama,29/08/2026,15:31:57,Total de Gols,Under,6.5,,,,,2.12,1-0,2-5,Red,-1.0,17533797
,CLA-UA World Cyber Cup (UA) (2x5 mins),Terry14 x fillanchik,Terry14,Ivory Coast,fillanchik,Panama,29/08/2026,15:34:21,Total de Gols,Under,5.5,,,,,2.17,1-1,2-5,Red,-1.0,17533797
, CLA-UA Spain Cyber Cup (UA) (2x5 mins),zyX x Shot,zyX,Real Madrid,Shot,Athletic Club,29/08/2026,15:28:13,Total de Gols,Under,7.5,,,,,1.65,0-0,6-2,Red,-1.0,17533844
, CLA-UA Spain Cyber Cup (UA) (2x5 mins),zyX x Shot,zyX,Real Madrid,Shot,Athletic Club,29/08/2026,15:28:33,Total de Gols,Under,6.5,,,,,2.07,0-0,6-2,Red,-1.0,17533844
, CLA-UA Spain Cyber Cup (UA) (2x5 mins),zyX x Shot,zyX,Real Madrid,Shot,Athletic Club,29/08/2026,15:31:22,Total de Gols,Under,8.5,,,,,1.69,1-1,6-2,Green,0.69,17533844
, CLA-UA Italy Cyber Cup (UA) (2x5 mins),Bucha x Jackson,Bucha,Napoli,Jackson,Fiorentina,29/08/2026,15:28:37,Total de Gols,Under,8.5,,,,,1.87,0-0,5-2,Green,0.87,17533826
, CLA-UA Italy Cyber Cup (UA) (2x5 mins),Bucha x Jackson,Bucha,Napoli,Jackson,Fiorentina,29/08/2026,15:28:45,Total de Gols,Under,9.5,,,,,1.84,0-0,5-2,Green,0.84,17533826
, CLA-UA Italy Cyber Cup (UA) (2x5 mins),Bucha x Jackson,Bucha,Napoli,Jackson,Fiorentina,29/08/2026,15:29:27,Total de Gols,Under,10.5,,,,,1.68,1-0,5-2,Green,0.68,17533826
, CLA-UA Italy Cyber Cup (UA) (2x5 mins),Bucha x Jackson,Bucha,Napoli,Jackson,Fiorentina,29/08/2026,15:34:29,Total de Gols,Under,7.5,,,,,2.12,3-1,5-2,Green,1.12,17533826
, CLA-UA Italy Cyber Cup (UA) (2x5 mins),Bucha x Jackson,Bucha,Napoli,Jackson,Fiorentina,29/08/2026,15:36:00,Total de Gols,Under,6.5,,,,,2.21,3-1,5-2,Red,-1.0,17533826
,CLA-UA World Cyber Cup (UA) (2x5 mins),djamik x Jur_Kr,djamik,Curacao,Jur_Kr,Ecuador,29/08/2026,15:26:37,Total de Gols,Under,8.5,,,,,1.76,0-0,6-5,Red,-1.0,17533795
,CLA-UA World Cyber Cup (UA) (2x5 mins),djamik x Jur_Kr,djamik,Curacao,Jur_Kr,Ecuador,29/08/2026,15:28:27,Total de Gols,Under,7.5,,,,,1.86,0-0,6-5,Red,-1.0,17533795
, CLA-UA Italy Cyber Cup (UA) (2x5 mins),Jackson x desicom,Jackson,Fiorentina,desicom,Inter,29/08/2026,15:42:27,Total de Gols,Under,7.5,,,,,1.69,0-0,5-4,Red,-1.0,17533829
, CLA-UA Italy Cyber Cup (UA) (2x5 mins),Jackson x desicom,Jackson,Fiorentina,desicom,Inter,29/08/2026,15:42:56,Total de Gols,Under,6.5,,,,,2.06,0-0,5-4,Red,-1.0,17533829
, CLA-UA Italy Cyber Cup (UA) (2x5 mins),Jackson x desicom,Jackson,Fiorentina,desicom,Inter,29/08/2026,15:43:55,Total de Gols,Under,8.5,,,,,1.72,0-1,5-4,Red,-1.0,17533829
, CLA-UA Italy Cyber Cup (UA) (2x5 mins),Jackson x desicom,Jackson,Fiorentina,desicom,Inter,29/08/2026,15:44:07,Total de Gols,Under,9.5,,,,,1.74,1-1,5-4,Green,0.74,17533829
, CLA-UA Spain Cyber Cup (UA) (2x5 mins),w1dizrt x zyX,w1dizrt,Real Betis,zyX,Real Madrid,29/08/2026,15:57:53,Total de Gols,Under,8.5,,,,,1.87,0-1,0-7,Green,0.87,17533850
, CLA-UA Spain Cyber Cup (UA) (2x5 mins),w1dizrt x zyX,w1dizrt,Real Betis,zyX,Real Madrid,29/08/2026,15:58:19,Total de Gols,Under,9.5,,,,,1.77,None-None,0-7,Green,0.77,17533850
, CLA-UA Spain Cyber Cup (UA) (2x5 mins),w1dizrt x zyX,w1dizrt,Real Betis,zyX,Real Madrid,29/08/2026,15:59:24,Total de Gols,Under,7.5,,,,,2.03,0-2,0-7,Green,1.03,17533850
, CLA-UA Spain Cyber Cup (UA) (2x5 mins),w1dizrt x zyX,w1dizrt,Real Betis,zyX,Real Madrid,29/08/2026,16:00:43,Total de Gols,Under,6.5,,,,,2.07,0-2,0-7,Red,-1.0,17533850
, CLA-UA Spain Cyber Cup (UA) (2x5 mins),w1dizrt x zyX,w1dizrt,Real Betis,zyX,Real Madrid,29/08/2026,16:01:50,Total de Gols,Under,5.5,,,,,2.17,0-2,0-7,Red,-1.0,17533850
, CLA-UA Italy Cyber Cup (UA) (2x5 mins),Jackson x luxiqq,Jackson,Fiorentina,luxiqq,Atalanta,29/08/2026,15:57:53,Total de Gols,Under,6.5,,,,,1.89,0-0,2-2,Green,0.89,17533831
, CLA-UA Italy Cyber Cup (UA) (2x5 mins),Jackson x luxiqq,Jackson,Fiorentina,luxiqq,Atalanta,29/08/2026,15:57:58,Total de Gols,Under,7.5,,,,,1.86,0-0,2-2,Green,0.86,17533831
, CLA-UA Italy Cyber Cup (UA) (2x5 mins),Jackson x luxiqq,Jackson,Fiorentina,luxiqq,Atalanta,29/08/2026,15:59:28,Total de Gols,Under,5.5,,,,,2.07,0-1,2-2,Green,1.07,17533831
, CLA-UA Italy Cyber Cup (UA) (2x5 mins),Jackson x luxiqq,Jackson,Fiorentina,luxiqq,Atalanta,29/08/2026,16:04:27,Total de Gols,Under,4.5,,,,,2.35,1-2,2-2,Green,1.35,17533831
, CLA-UA Italy Cyber Cup (UA) (2x5 mins),Jackson x luxiqq,Jackson,Fiorentina,luxiqq,Atalanta,29/08/2026,16:05:43,Total de Gols,Under,3.5,,,,,2.32,1-2,2-2,Red,-1.0,17533831
, CLA-UA Italy Cyber Cup (UA) (2x5 mins),Bucha x desicom,Bucha,Napoli,desicom,Inter,29/08/2026,15:57:53,Total de Gols,Under,7.5,,,,,2.03,0-0,4-5,Red,-1.0,17533830
, CLA-UA Italy Cyber Cup (UA) (2x5 mins),Bucha x desicom,Bucha,Napoli,desicom,Inter,29/08/2026,15:58:48,Total de Gols,Under,8.5,,,,,1.75,1-0,4-5,Red,-1.0,17533830
, CLA-UA Italy Cyber Cup (UA) (2x5 mins),Bucha x desicom,Bucha,Napoli,desicom,Inter,29/08/2026,15:59:06,Total de Gols,Under,9.5,,,,,1.62,1-1,4-5,Green,0.62,17533830
, CLA-UA Italy Cyber Cup (UA) (2x5 mins),Bucha x desicom,Bucha,Napoli,desicom,Inter,29/08/2026,16:01:25,Total de Gols,Under,10.5,,,,,1.81,2-3,4-5,Green,0.81,17533830
, CLA-UA Spain Cyber Cup (UA) (2x5 mins),four x Nlui_22,four,Atletico Madrid,Nlui_22,Real Sociedad,29/08/2026,15:57:53,Total de Gols,Under,8.5,,,,,1.76,0-0,3-8,Red,-1.0,17533849
, CLA-UA Spain Cyber Cup (UA) (2x5 mins),four x Nlui_22,four,Atletico Madrid,Nlui_22,Real Sociedad,29/08/2026,15:58:27,Total de Gols,Under,9.5,,,,,1.69,None-None,3-8,Red,-1.0,17533849
, CLA-UA Spain Cyber Cup (UA) (2x5 mins),four x Nlui_22,four,Atletico Madrid,Nlui_22,Real Sociedad,29/08/2026,16:00:53,Total de Gols,Under,10.5,,,,,1.62,1-3,3-8,Red,-1.0,17533849
, CLA-UA Spain Cyber Cup (UA) (2x5 mins),four x Nlui_22,four,Atletico Madrid,Nlui_22,Real Sociedad,29/08/2026,16:04:15,Total de Gols,Under,11.5,,,,,1.71,2-6,3-8,Green,0.71,17533849
,CLA-UA World Cyber Cup (UA) (2x5 mins),djamik x drksd3,djamik,Curacao,drksd3,Germany,29/08/2026,15:56:25,Total de Gols,Under,7.5,,,,,1.98,0-0,4-2,Green,0.98,17533803
,CLA-UA World Cyber Cup (UA) (2x5 mins),djamik x drksd3,djamik,Curacao,drksd3,Germany,29/08/2026,15:58:27,Total de Gols,Under,6.5,,,,,1.98,None-None,4-2,Green,0.98,17533803
,CLA-UA World Cyber Cup (UA) (2x5 mins),djamik x drksd3,djamik,Curacao,drksd3,Germany,29/08/2026,15:59:17,Total de Gols,Under,5.5,,,,,2.11,0-0,4-2,Red,-1.0,17533803
,CLA-UA World Cyber Cup (UA) (2x5 mins),djamik x drksd3,djamik,Curacao,drksd3,Germany,29/08/2026,16:02:52,Total de Gols,Under,8.5,,,,,1.56,2-1,4-2,Green,0.56,17533803
,CLA-UA World Cyber Cup (UA) (2x5 mins),Jur_Kr x Terry14,Jur_Kr,Ecuador,Terry14,Ivory Coast,29/08/2026,15:57:53,Total de Gols,Under,8.5,,,,,1.98,0-0,7-5,Red,-1.0,17533808
,CLA-UA World Cyber Cup (UA) (2x5 mins),Jur_Kr x Terry14,Jur_Kr,Ecuador,Terry14,Ivory Coast,29/08/2026,15:58:16,Total de Gols,Under,9.5,,,,,1.75,0-0,7-5,Red,-1.0,17533808
,CLA-UA World Cyber Cup (UA) (2x5 mins),Jur_Kr x Terry14,Jur_Kr,Ecuador,Terry14,Ivory Coast,29/08/2026,15:58:19,Total de Gols,Under,10.5,,,,,1.65,None-None,7-5,Red,-1.0,17533808
,CLA-UA World Cyber Cup (UA) (2x5 mins),Jur_Kr x Terry14,Jur_Kr,Ecuador,Terry14,Ivory Coast,29/08/2026,16:01:23,Total de Gols,Under,11.5,,,,,1.65,3-2,7-5,Red,-1.0,17533808
,CLA-UA World Cyber Cup (UA) (2x5 mins),Jur_Kr x Terry14,Jur_Kr,Ecuador,Terry14,Ivory Coast,29/08/2026,16:02:52,Total de Gols,Under,12.5,,,,,1.69,5-2,7-5,Green,0.69,17533808
, CLA-UA Italy Cyber Cup (UA) (2x5 mins),Jackson x FanFan,Jackson,Fiorentina,FanFan,Roma,29/08/2026,16:10:32,Total de Gols,Under,6.5,,,,,1.97,0-0,4-4,Red,-1.0,17533833
, CLA-UA Italy Cyber Cup (UA) (2x5 mins),Jackson x FanFan,Jackson,Fiorentina,FanFan,Roma,29/08/2026,16:11:15,Total de Gols,Under,7.5,,,,,1.59,0-0,4-4,Red,-1.0,17533833
, CLA-UA Italy Cyber Cup (UA) (2x5 mins),Jackson x FanFan,Jackson,Fiorentina,FanFan,Roma,29/08/2026,16:13:06,Total de Gols,Under,5.5,,,,,2.07,0-1,4-4,Red,-1.0,17533833
, CLA-UA Italy Cyber Cup (UA) (2x5 mins),Jackson x FanFan,Jackson,Fiorentina,FanFan,Roma,29/08/2026,16:16:28,Total de Gols,Under,8.5,,,,,1.69,2-2,4-4,Green,0.69,17533833
, CLA-UA Italy Cyber Cup (UA) (2x5 mins),Jackson x FanFan,Jackson,Fiorentina,FanFan,Roma,29/08/2026,16:17:30,Total de Gols,Under,9.5,,,,,1.88,3-3,4-4,Green,0.88,17533833
, CLA-UA Spain Cyber Cup (UA) (2x5 mins),zyX x Nlui_22,zyX,Real Madrid,Nlui_22,Real Sociedad,29/08/2026,16:10:14,Total de Gols,Under,9.5,,,,,1.75,0-0,6-4,Red,-1.0,17533851
, CLA-UA Spain Cyber Cup (UA) (2x5 mins),zyX x Nlui_22,zyX,Real Madrid,Nlui_22,Real Sociedad,29/08/2026,16:10:51,Total de Gols,Under,8.5,,,,,2.03,0-0,6-4,Red,-1.0,17533851
, CLA-UA Spain Cyber Cup (UA) (2x5 mins),zyX x Nlui_22,zyX,Real Madrid,Nlui_22,Real Sociedad,29/08/2026,16:12:41,Total de Gols,Under,10.5,,,,,1.83,1-1,6-4,Green,0.83,17533851
, CLA-UA Spain Cyber Cup (UA) (2x5 mins),zyX x Nlui_22,zyX,Real Madrid,Nlui_22,Real Sociedad,29/08/2026,16:13:58,Total de Gols,Under,11.5,,,,,1.8,2-2,6-4,Green,0.8,17533851
, CLA-UA Italy Cyber Cup (UA) (2x5 mins),luxiqq x desicom,luxiqq,Atalanta,desicom,Inter,29/08/2026,16:10:17,Total de Gols,Under,7.5,,,,,1.73,0-0,6-2,Red,-1.0,17533832
, CLA-UA Italy Cyber Cup (UA) (2x5 mins),luxiqq x desicom,luxiqq,Atalanta,desicom,Inter,29/08/2026,16:10:29,Total de Gols,Under,8.5,,,,,1.71,0-0,6-2,Green,0.71,17533832
, CLA-UA Italy Cyber Cup (UA) (2x5 mins),luxiqq x desicom,luxiqq,Atalanta,desicom,Inter,29/08/2026,16:12:10,Total de Gols,Under,9.5,,,,,1.71,2-0,6-2,Green,0.71,17533832
, CLA-UA Italy Cyber Cup (UA) (2x5 mins),luxiqq x desicom,luxiqq,Atalanta,desicom,Inter,29/08/2026,16:12:35,Total de Gols,Under,10.5,,,,,1.59,3-0,6-2,Green,0.59,17533832
, CLA-UA Italy Cyber Cup (UA) (2x5 mins),FanFan x desicom,FanFan,Roma,desicom,Inter,29/08/2026,16:24:34,Total de Gols,Under,7.5,,,,,1.88,0-0,6-4,Red,-1.0,17533835
, CLA-UA Italy Cyber Cup (UA) (2x5 mins),FanFan x desicom,FanFan,Roma,desicom,Inter,29/08/2026,16:25:11,Total de Gols,Under,6.5,,,,,2.07,0-0,6-4,Red,-1.0,17533835
, CLA-UA Italy Cyber Cup (UA) (2x5 mins),FanFan x desicom,FanFan,Roma,desicom,Inter,29/08/2026,16:25:35,Total de Gols,Under,8.5,,,,,1.93,1-0,6-4,Red,-1.0,17533835
, CLA-UA Italy Cyber Cup (UA) (2x5 mins),FanFan x desicom,FanFan,Roma,desicom,Inter,29/08/2026,16:26:09,Total de Gols,Under,9.5,,,,,1.73,1-1,6-4,Red,-1.0,17533835
, CLA-UA Italy Cyber Cup (UA) (2x5 mins),FanFan x desicom,FanFan,Roma,desicom,Inter,29/08/2026,16:26:37,Total de Gols,Under,10.5,,,,,1.61,2-1,6-4,Green,0.61,17533835
, CLA-UA Italy Cyber Cup (UA) (2x5 mins),FanFan x desicom,FanFan,Roma,desicom,Inter,29/08/2026,16:28:02,Total de Gols,Under,11.5,,,,,1.61,5-1,6-4,Green,0.61,17533835
, CLA-UA Italy Cyber Cup (UA) (2x5 mins),luxiqq x Bucha,luxiqq,Atalanta,Bucha,Napoli,29/08/2026,16:24:15,Total de Gols,Under,7.5,,,,,1.73,0-0,4-4,Red,-1.0,17533834
, CLA-UA Italy Cyber Cup (UA) (2x5 mins),luxiqq x Bucha,luxiqq,Atalanta,Bucha,Napoli,29/08/2026,16:24:42,Total de Gols,Under,6.5,,,,,2.12,0-0,4-4,Red,-1.0,17533834
, CLA-UA Italy Cyber Cup (UA) (2x5 mins),luxiqq x Bucha,luxiqq,Atalanta,Bucha,Napoli,29/08/2026,16:27:10,Total de Gols,Under,8.5,,,,,1.73,0-2,4-4,Green,0.73,17533834
, CLA-UA Italy Cyber Cup (UA) (2x5 mins),luxiqq x Bucha,luxiqq,Atalanta,Bucha,Napoli,29/08/2026,16:32:23,Total de Gols,Under,5.5,,,,,2.26,2-2,4-4,Red,-1.0,17533834
, CLA-UA Spain Cyber Cup (UA) (2x5 mins),zyX x four,zyX,Real Madrid,four,Atletico Madrid,29/08/2026,16:24:15,Total de Gols,Under,7.5,,,,,1.83,0-0,4-3,Green,0.83,17533853
, CLA-UA Spain Cyber Cup (UA) (2x5 mins),zyX x four,zyX,Real Madrid,four,Atletico Madrid,29/08/2026,16:25:17,Total de Gols,Under,6.5,,,,,2.07,0-0,4-3,Red,-1.0,17533853
, CLA-UA Spain Cyber Cup (UA) (2x5 mins),zyX x four,zyX,Real Madrid,four,Atletico Madrid,29/08/2026,16:28:04,Total de Gols,Under,8.5,,,,,1.66,1-1,4-3,Green,0.66,17533853
, CLA-UA Spain Cyber Cup (UA) (2x5 mins),zyX x four,zyX,Real Madrid,four,Atletico Madrid,29/08/2026,16:35:24,Total de Gols,Under,5.5,,,,,2.71,3-2,4-3,Red,-1.0,17533853
, CLA-UA Italy Cyber Cup (UA) (2x5 mins),FanFan x luxiqq,FanFan,Roma,luxiqq,Atalanta,29/08/2026,16:38:24,Total de Gols,Under,7.5,,,,,1.65,0-0,7-2,Red,-1.0,17533837
, CLA-UA Italy Cyber Cup (UA) (2x5 mins),FanFan x luxiqq,FanFan,Roma,luxiqq,Atalanta,29/08/2026,16:38:34,Total de Gols,Under,6.5,,,,,2.07,0-0,7-2,Red,-1.0,17533837
, CLA-UA Italy Cyber Cup (UA) (2x5 mins),FanFan x luxiqq,FanFan,Roma,luxiqq,Atalanta,29/08/2026,16:40:03,Total de Gols,Under,5.5,,,,,2.11,0-0,7-2,Red,-1.0,17533837
, CLA-UA Italy Cyber Cup (UA) (2x5 mins),FanFan x luxiqq,FanFan,Roma,luxiqq,Atalanta,29/08/2026,16:42:38,Total de Gols,Under,8.5,,,,,1.71,2-1,7-2,Red,-1.0,17533837
, CLA-UA Italy Cyber Cup (UA) (2x5 mins),FanFan x luxiqq,FanFan,Roma,luxiqq,Atalanta,29/08/2026,16:44:31,Total de Gols,Under,9.5,,,,,1.82,4-1,7-2,Green,0.82,17533837
, CLA-UA Italy Cyber Cup (UA) (2x5 mins),FanFan x luxiqq,FanFan,Roma,luxiqq,Atalanta,29/08/2026,16:46:30,Total de Gols,Under,10.5,,,,,1.5,5-2,7-2,Green,0.5,17533837
, CLA-UA Italy Cyber Cup (UA) (2x5 mins),Jackson x Bucha,Jackson,Fiorentina,Bucha,Napoli,29/08/2026,16:38:35,Total de Gols,Under,8.5,,,,,1.77,0-0,3-5,Green,0.77,17533836
, CLA-UA Italy Cyber Cup (UA) (2x5 mins),Jackson x Bucha,Jackson,Fiorentina,Bucha,Napoli,29/08/2026,16:39:03,Total de Gols,Under,7.5,,,,,2.07,0-0,3-5,Red,-1.0,17533836
, CLA-UA Italy Cyber Cup (UA) (2x5 mins),Jackson x Bucha,Jackson,Fiorentina,Bucha,Napoli,29/08/2026,16:41:29,Total de Gols,Under,6.5,,,,,2.12,1-0,3-5,Red,-1.0,17533836
, CLA-UA Italy Cyber Cup (UA) (2x5 mins),Jackson x Bucha,Jackson,Fiorentina,Bucha,Napoli,29/08/2026,16:44:31,Total de Gols,Under,5.5,,,,,2.17,1-1,3-5,Red,-1.0,17533836
, CLA-UA Italy Cyber Cup (UA) (2x5 mins),Jackson x Bucha,Jackson,Fiorentina,Bucha,Napoli,29/08/2026,16:45:47,Total de Gols,Under,4.5,,,,,2.23,1-1,3-5,Red,-1.0,17533836
,CLA-UA World Cyber Cup (UA) (2x5 mins),fillanchik x djamik,fillanchik,Panama,djamik,Curacao,29/08/2026,16:52:02,Total de Gols,Under,7.5,,,,,1.78,0-0,5-0,Green,0.78,17533817
,CLA-UA World Cyber Cup (UA) (2x5 mins),fillanchik x djamik,fillanchik,Panama,djamik,Curacao,29/08/2026,16:52:30,Total de Gols,Under,8.5,,,,,1.72,0-0,5-0,Green,0.72,17533817
,CLA-UA World Cyber Cup (UA) (2x5 mins),fillanchik x djamik,fillanchik,Panama,djamik,Curacao,29/08/2026,16:54:37,Total de Gols,Under,6.5,,,,,2.12,1-0,5-0,Green,1.12,17533817
,CLA-UA World Cyber Cup (UA) (2x5 mins),fillanchik x djamik,fillanchik,Panama,djamik,Curacao,29/08/2026,16:57:52,Total de Gols,Under,5.5,,,,,1.98,2-0,5-0,Green,0.98,17533817
,CLA-UA World Cyber Cup (UA) (2x5 mins),fillanchik x djamik,fillanchik,Panama,djamik,Curacao,29/08/2026,17:00:52,Total de Gols,Under,4.5,,,,,2.26,3-0,5-0,Red,-1.0,17533817
, CLA-UA Italy Cyber Cup (UA) (2x5 mins),desicom x Jackson,desicom,Inter,Jackson,Fiorentina,29/08/2026,16:52:22,Total de Gols,Under,7.5,,,,,1.69,0-0,2-6,Red,-1.0,17533839
, CLA-UA Italy Cyber Cup (UA) (2x5 mins),desicom x Jackson,desicom,Inter,Jackson,Fiorentina,29/08/2026,16:52:40,Total de Gols,Under,6.5,,,,,2.12,0-0,2-6,Red,-1.0,17533839
, CLA-UA Italy Cyber Cup (UA) (2x5 mins),desicom x Jackson,desicom,Inter,Jackson,Fiorentina,29/08/2026,16:52:47,Total de Gols,Under,8.5,,,,,1.62,0-0,2-6,Green,0.62,17533839
, CLA-UA Italy Cyber Cup (UA) (2x5 mins),desicom x Jackson,desicom,Inter,Jackson,Fiorentina,29/08/2026,16:58:36,Total de Gols,Under,9.5,,,,,1.59,2-2,2-6,Green,0.59,17533839
, CLA-UA Italy Cyber Cup (UA) (2x5 mins),desicom x Jackson,desicom,Inter,Jackson,Fiorentina,29/08/2026,16:59:30,Total de Gols,Under,10.5,,,,,1.82,2-4,2-6,Green,0.82,17533839
, CLA-UA Italy Cyber Cup (UA) (2x5 mins),FanFan x Bucha,FanFan,Roma,Bucha,Napoli,29/08/2026,16:52:12,Total de Gols,Under,8.5,,,,,1.89,0-0,3-3,Green,0.89,17533838
, CLA-UA Italy Cyber Cup (UA) (2x5 mins),FanFan x Bucha,FanFan,Roma,Bucha,Napoli,29/08/2026,16:53:14,Total de Gols,Under,7.5,,,,,2.03,0-0,3-3,Green,1.03,17533838
, CLA-UA Italy Cyber Cup (UA) (2x5 mins),FanFan x Bucha,FanFan,Roma,Bucha,Napoli,29/08/2026,16:55:24,Total de Gols,Under,9.5,,,,,1.74,1-1,3-3,Green,0.74,17533838
, CLA-UA Italy Cyber Cup (UA) (2x5 mins),FanFan x Bucha,FanFan,Roma,Bucha,Napoli,29/08/2026,16:59:42,Total de Gols,Under,6.5,,,,,2.31,2-2,3-3,Green,1.31,17533838
, CLA-UA Italy Cyber Cup (UA) (2x5 mins),FanFan x Bucha,FanFan,Roma,Bucha,Napoli,29/08/2026,17:00:52,Total de Gols,Under,5.5,,,,,2.27,2-2,3-3,Red,-1.0,17533838
, CLA-UA Italy Cyber Cup (UA) (2x5 mins),luxiqq x Jackson,luxiqq,Atalanta,Jackson,Fiorentina,29/08/2026,17:06:15,Total de Gols,Under,6.5,,,,,2.07,0-0,6-1,Red,-1.0,17533841
, CLA-UA Italy Cyber Cup (UA) (2x5 mins),luxiqq x Jackson,luxiqq,Atalanta,Jackson,Fiorentina,29/08/2026,17:07:13,Total de Gols,Under,7.5,,,,,1.75,0-0,6-1,Green,0.75,17533841
, CLA-UA Italy Cyber Cup (UA) (2x5 mins),luxiqq x Jackson,luxiqq,Atalanta,Jackson,Fiorentina,29/08/2026,17:09:01,Total de Gols,Under,8.5,,,,,1.69,1-1,6-1,Green,0.69,17533841
,CLA-UA World Cyber Cup (UA) (2x5 mins),drksd3 x djamik,drksd3,Germany,djamik,Curacao,29/08/2026,17:04:29,Total de Gols,Under,8.5,,,,,1.75,0-0,2-8,Red,-1.0,17533819
,CLA-UA World Cyber Cup (UA) (2x5 mins),drksd3 x djamik,drksd3,Germany,djamik,Curacao,29/08/2026,17:08:56,Total de Gols,Under,7.5,,,,,2.07,0-1,2-8,Red,-1.0,17533819
,CLA-UA World Cyber Cup (UA) (2x5 mins),drksd3 x djamik,drksd3,Germany,djamik,Curacao,29/08/2026,17:09:48,Total de Gols,Under,9.5,,,,,1.77,0-2,2-8,Red,-1.0,17533819
,CLA-UA World Cyber Cup (UA) (2x5 mins),drksd3 x djamik,drksd3,Germany,djamik,Curacao,29/08/2026,17:11:10,Total de Gols,Under,10.5,,,,,1.6,1-3,2-8,Green,0.6,17533819
,CLA-UA World Cyber Cup (UA) (2x5 mins),drksd3 x djamik,drksd3,Germany,djamik,Curacao,29/08/2026,17:16:36,Total de Gols,Under,11.5,,,,,1.37,1-8,2-8,Green,0.37,17533819
, CLA-UA Italy Cyber Cup (UA) (2x5 mins),desicom x Bucha,desicom,Inter,Bucha,Napoli,29/08/2026,17:06:19,Total de Gols,Under,8.5,,,,,1.72,0-0,5-2,Green,0.72,17533840
, CLA-UA Italy Cyber Cup (UA) (2x5 mins),desicom x Bucha,desicom,Inter,Bucha,Napoli,29/08/2026,17:06:37,Total de Gols,Under,7.5,,,,,2.07,0-0,5-2,Green,1.07,17533840
, CLA-UA Italy Cyber Cup (UA) (2x5 mins),desicom x Bucha,desicom,Inter,Bucha,Napoli,29/08/2026,17:07:58,Total de Gols,Under,6.5,,,,,2.12,0-0,5-2,Red,-1.0,17533840
, CLA-UA Italy Cyber Cup (UA) (2x5 mins),desicom x Bucha,desicom,Inter,Bucha,Napoli,29/08/2026,17:09:18,Total de Gols,Under,5.5,,,,,2.12,0-0,5-2,Red,-1.0,17533840
, CLA-UA Italy Cyber Cup (UA) (2x5 mins),desicom x Bucha,desicom,Inter,Bucha,Napoli,29/08/2026,17:13:06,Total de Gols,Under,9.5,,,,,1.57,3-1,5-2,Green,0.57,17533840
,CLA-UA World Cyber Cup (UA) (2x5 mins),Bucha x Jackson,Bucha,Cabo Verde,Jackson,Spain,29/08/2026,17:58:26,Total de Gols,Under,8.5,,,,,1.78,0-0,4-2,Green,0.78,17533889
,CLA-UA World Cyber Cup (UA) (2x5 mins),Bucha x Jackson,Bucha,Cabo Verde,Jackson,Spain,29/08/2026,17:59:05,Total de Gols,Under,7.5,,,,,2.02,0-0,4-2,Green,1.02,17533889
,CLA-UA World Cyber Cup (UA) (2x5 mins),Bucha x Jackson,Bucha,Cabo Verde,Jackson,Spain,29/08/2026,18:01:42,Total de Gols,Under,9.5,,,,,1.76,1-1,4-2,Green,0.76,17533889
,CLA-UA World Cyber Cup (UA) (2x5 mins),Bucha x Jackson,Bucha,Cabo Verde,Jackson,Spain,29/08/2026,18:07:57,Total de Gols,Under,6.5,,,,,2.42,4-2,4-2,Green,1.42,17533889
, CLA-UA Italy Cyber Cup (UA) (2x5 mins),djamik x fillanchik,djamik,Torino,fillanchik,Fiorentina,29/08/2026,18:10:53,Total de Gols,Under,7.5,,,,,1.74,0-0,1-5,Green,0.74,17533873
, CLA-UA Italy Cyber Cup (UA) (2x5 mins),djamik x fillanchik,djamik,Torino,fillanchik,Fiorentina,29/08/2026,18:13:11,Total de Gols,Under,6.5,,,,,2.03,0-0,1-5,Green,1.03,17533873
, CLA-UA Italy Cyber Cup (UA) (2x5 mins),djamik x fillanchik,djamik,Torino,fillanchik,Fiorentina,29/08/2026,18:13:24,Total de Gols,Under,8.5,,,,,1.93,0-0,1-5,Green,0.93,17533873
, CLA-UA Italy Cyber Cup (UA) (2x5 mins),djamik x fillanchik,djamik,Torino,fillanchik,Fiorentina,29/08/2026,18:18:58,Total de Gols,Under,5.5,,,,,2.21,0-3,1-5,Red,-1.0,17533873
, CLA-UA Italy Cyber Cup (UA) (2x5 mins),djamik x fillanchik,djamik,Torino,fillanchik,Fiorentina,29/08/2026,18:21:52,Total de Gols,Under,4.5,,,,,2.71,1-3,1-5,Red,-1.0,17533873
,CLA-UA World Cyber Cup (UA) (2x5 mins),Bucha x FanFan,Bucha,Cabo Verde,FanFan,Uruguay,29/08/2026,18:12:22,Total de Gols,Under,8.5,,,,,1.86,0-0,2-4,Green,0.86,17533890
,CLA-UA World Cyber Cup (UA) (2x5 mins),Bucha x FanFan,Bucha,Cabo Verde,FanFan,Uruguay,29/08/2026,18:13:10,Total de Gols,Under,7.5,,,,,2.03,0-0,2-4,Green,1.03,17533890
,CLA-UA World Cyber Cup (UA) (2x5 mins),Bucha x FanFan,Bucha,Cabo Verde,FanFan,Uruguay,29/08/2026,18:14:20,Total de Gols,Under,6.5,,,,,2.07,0-0,2-4,Green,1.07,17533890
,CLA-UA World Cyber Cup (UA) (2x5 mins),Bucha x FanFan,Bucha,Cabo Verde,FanFan,Uruguay,29/08/2026,18:15:40,Total de Gols,Under,5.5,,,,,2.03,0-0,2-4,Red,-1.0,17533890
,CLA-UA World Cyber Cup (UA) (2x5 mins),Bucha x desicom,Bucha,Cabo Verde,desicom,Saudi Arabia,29/08/2026,18:26:14,Total de Gols,Under,8.5,,,,,1.7,0-0,3-5,Green,0.7,17533892
,CLA-UA World Cyber Cup (UA) (2x5 mins),Bucha x desicom,Bucha,Cabo Verde,desicom,Saudi Arabia,29/08/2026,18:26:35,Total de Gols,Under,7.5,,,,,2.03,0-0,3-5,Red,-1.0,17533892
,CLA-UA World Cyber Cup (UA) (2x5 mins),Bucha x desicom,Bucha,Cabo Verde,desicom,Saudi Arabia,29/08/2026,18:33:13,Total de Gols,Under,6.5,,,,,2.16,1-3,3-5,Red,-1.0,17533892
,CLA-UA World Cyber Cup (UA) (2x5 mins),Bucha x desicom,Bucha,Cabo Verde,desicom,Saudi Arabia,29/08/2026,18:35:17,Total de Gols,Under,9.5,,,,,1.57,2-5,3-5,Green,0.57,17533892
,CLA-UA World Cyber Cup (UA) (2x5 mins),Jackson x FanFan,Jackson,Spain,FanFan,Uruguay,29/08/2026,18:40:17,Total de Gols,Under,6.5,,,,,1.91,0-0,1-5,Green,0.91,17533893
,CLA-UA World Cyber Cup (UA) (2x5 mins),Jackson x FanFan,Jackson,Spain,FanFan,Uruguay,29/08/2026,18:40:43,Total de Gols,Under,7.5,,,,,1.77,0-0,1-5,Green,0.77,17533893
,CLA-UA World Cyber Cup (UA) (2x5 mins),Jackson x FanFan,Jackson,Spain,FanFan,Uruguay,29/08/2026,18:48:42,Total de Gols,Under,5.5,,,,,2.4,0-4,1-5,Red,-1.0,17533893
,CLA-UA World Cyber Cup (UA) (2x5 mins),FanFan x desicom,FanFan,Uruguay,desicom,Saudi Arabia,29/08/2026,18:54:16,Total de Gols,Under,7.5,,,,,1.78,0-0,6-2,Red,-1.0,17533894
,CLA-UA World Cyber Cup (UA) (2x5 mins),FanFan x desicom,FanFan,Uruguay,desicom,Saudi Arabia,29/08/2026,18:55:07,Total de Gols,Under,6.5,,,,,2.03,0-0,6-2,Red,-1.0,17533894
,CLA-UA World Cyber Cup (UA) (2x5 mins),FanFan x desicom,FanFan,Uruguay,desicom,Saudi Arabia,29/08/2026,18:56:57,Total de Gols,Under,8.5,,,,,1.93,1-1,6-2,Green,0.93,17533894
,CLA-UA World Cyber Cup (UA) (2x5 mins),FanFan x desicom,FanFan,Uruguay,desicom,Saudi Arabia,29/08/2026,18:57:22,Total de Gols,Under,9.5,,,,,1.75,2-1,6-2,Green,0.75,17533894
,CLA-UA World Cyber Cup (UA) (2x5 mins),FanFan x desicom,FanFan,Uruguay,desicom,Saudi Arabia,29/08/2026,18:57:50,Total de Gols,Under,10.5,,,,,1.62,3-1,6-2,Green,0.62,17533894
,CLA-UA World Cyber Cup (UA) (2x5 mins),luxiqq x Bucha,luxiqq,Romania,Bucha,Cabo Verde,29/08/2026,18:54:20,Total de Gols,Under,7.5,,,,,1.71,0-0,6-2,Red,-1.0,17534027
,CLA-UA World Cyber Cup (UA) (2x5 mins),luxiqq x Bucha,luxiqq,Romania,Bucha,Cabo Verde,29/08/2026,18:54:52,Total de Gols,Under,6.5,,,,,2.07,0-0,6-2,Red,-1.0,17534027
,CLA-UA World Cyber Cup (UA) (2x5 mins),luxiqq x Bucha,luxiqq,Romania,Bucha,Cabo Verde,29/08/2026,18:56:01,Total de Gols,Under,8.5,,,,,1.68,1-0,6-2,Green,0.68,17534027
,CLA-UA World Cyber Cup (UA) (2x5 mins),luxiqq x Bucha,luxiqq,Romania,Bucha,Cabo Verde,29/08/2026,19:02:04,Total de Gols,Under,5.5,,,,,2.28,3-1,6-2,Red,-1.0,17534027
, CLA-UA Italy Cyber Cup (UA) (2x5 mins),Terry14 x djamik,Terry14,Napoli,djamik,Torino,29/08/2026,18:53:05,Total de Gols,Under,7.5,,,,,1.74,0-0,2-3,Green,0.74,17533878
, CLA-UA Italy Cyber Cup (UA) (2x5 mins),Terry14 x djamik,Terry14,Napoli,djamik,Torino,29/08/2026,18:55:07,Total de Gols,Under,6.5,,,,,2.06,0-0,2-3,Green,1.06,17533878
, CLA-UA Italy Cyber Cup (UA) (2x5 mins),Terry14 x djamik,Terry14,Napoli,djamik,Torino,29/08/2026,18:56:37,Total de Gols,Under,5.5,,,,,2.07,0-0,2-3,Green,1.07,17533878
, CLA-UA Italy Cyber Cup (UA) (2x5 mins),Terry14 x djamik,Terry14,Napoli,djamik,Torino,29/08/2026,19:04:03,Total de Gols,Under,4.5,,,,,2.61,2-2,2-3,Red,-1.0,17533878
,CLA-UA World Cyber Cup (UA) (2x5 mins),Jackson x Bucha,Jackson,Spain,Bucha,Cabo Verde,29/08/2026,19:08:28,Total de Gols,Under,7.5,,,,,2.07,0-0,5-1,Green,1.07,17533895
,CLA-UA World Cyber Cup (UA) (2x5 mins),Jackson x Bucha,Jackson,Spain,Bucha,Cabo Verde,29/08/2026,19:08:46,Total de Gols,Under,8.5,,,,,1.96,0-0,5-1,Green,0.96,17533895
,CLA-UA World Cyber Cup (UA) (2x5 mins),Jackson x Bucha,Jackson,Spain,Bucha,Cabo Verde,29/08/2026,19:09:14,Total de Gols,Under,9.5,,,,,1.81,1-0,5-1,Green,0.81,17533895
,CLA-UA World Cyber Cup (UA) (2x5 mins),Jackson x Bucha,Jackson,Spain,Bucha,Cabo Verde,29/08/2026,19:13:01,Total de Gols,Under,6.5,,,,,2.13,2-0,5-1,Green,1.13,17533895
,CLA-UA World Cyber Cup (UA) (2x5 mins),Jackson x Bucha,Jackson,Spain,Bucha,Cabo Verde,29/08/2026,19:13:43,Total de Gols,Under,5.5,,,,,2.17,2-0,5-1,Red,-1.0,17533895
,CLA-UA World Cyber Cup (UA) (2x5 mins),desicom x Jackson,desicom,Saudi Arabia,Jackson,Spain,29/08/2026,19:22:29,Total de Gols,Under,7.5,,,,,1.62,0-0,3-4,Green,0.62,17533897
,CLA-UA World Cyber Cup (UA) (2x5 mins),desicom x Jackson,desicom,Saudi Arabia,Jackson,Spain,29/08/2026,19:22:41,Total de Gols,Under,6.5,,,,,2.07,0-0,3-4,Red,-1.0,17533897
,CLA-UA World Cyber Cup (UA) (2x5 mins),desicom x Jackson,desicom,Saudi Arabia,Jackson,Spain,29/08/2026,19:24:20,Total de Gols,Under,5.5,,,,,2.06,0-0,3-4,Red,-1.0,17533897
,CLA-UA World Cyber Cup (UA) (2x5 mins),desicom x Jackson,desicom,Saudi Arabia,Jackson,Spain,29/08/2026,19:25:55,Total de Gols,Under,4.5,,,,,2.12,0-0,3-4,Red,-1.0,17533897
,CLA-UA World Cyber Cup (UA) (2x5 mins),desicom x Jackson,desicom,Saudi Arabia,Jackson,Spain,29/08/2026,19:31:18,Total de Gols,Under,3.5,,,,,2.21,2-0,3-4,Red,-1.0,17533897
,CLA-UA World Cyber Cup (UA) (2x5 mins),Forzyar x Xellark,Forzyar,Northern Ireland,Xellark,Iraq,29/08/2026,22:30:11,Total de Gols,Under,7.5,,,,,1.65,0-0,2-4,Green,0.65,17534050
,CLA-UA World Cyber Cup (UA) (2x5 mins),Forzyar x Xellark,Forzyar,Northern Ireland,Xellark,Iraq,29/08/2026,22:30:44,Total de Gols,Under,6.5,,,,,2.07,0-0,2-4,Green,1.07,17534050
,CLA-UA World Cyber Cup (UA) (2x5 mins),Forzyar x Xellark,Forzyar,Northern Ireland,Xellark,Iraq,29/08/2026,22:31:24,Total de Gols,Under,8.5,,,,,1.84,1-0,2-4,Green,0.84,17534050
,CLA-UA World Cyber Cup (UA) (2x5 mins),Forzyar x Xellark,Forzyar,Northern Ireland,Xellark,Iraq,29/08/2026,22:35:08,Total de Gols,Under,5.5,,,,,2.02,1-1,2-4,Red,-1.0,17534050
,CLA-UA World Cyber Cup (UA) (2x5 mins),Forzyar x Xellark,Forzyar,Northern Ireland,Xellark,Iraq,29/08/2026,22:36:54,Total de Gols,Under,4.5,,,,,2.31,1-1,2-4,Red,-1.0,17534050
,CLA-UA World Cyber Cup (UA) (2x5 mins),Forzyar x Xellark,Forzyar,Northern Ireland,Xellark,Iraq,29/08/2026,22:38:12,Total de Gols,Under,3.5,,,,,2.4,1-1,2-4,Red,-1.0,17534050
,CLA-UA World Cyber Cup (UA) (2x5 mins),Bucha x w1dizrt,Bucha,Norway,w1dizrt,France,29/08/2026,22:58:09,Total de Gols,Under,8.5,,,,,1.84,0-0,5-4,Red,-1.0,17533972
,CLA-UA World Cyber Cup (UA) (2x5 mins),Bucha x w1dizrt,Bucha,Norway,w1dizrt,France,29/08/2026,22:59:09,Total de Gols,Under,7.5,,,,,2.03,0-0,5-4,Red,-1.0,17533972
,CLA-UA World Cyber Cup (UA) (2x5 mins),Bucha x w1dizrt,Bucha,Norway,w1dizrt,France,29/08/2026,23:01:37,Total de Gols,Under,9.5,,,,,1.62,1-1,5-4,Green,0.62,17533972
, CLA-UA Spain Cyber Cup (UA) (2x5 mins),drksd3 x FanFan,drksd3,Real Madrid,FanFan,Villarreal,29/08/2026,23:26:20,Total de Gols,Under,7.5,,,,,2.03,0-0,5-5,Red,-1.0,17534045
, CLA-UA Spain Cyber Cup (UA) (2x5 mins),drksd3 x FanFan,drksd3,Real Madrid,FanFan,Villarreal,29/08/2026,23:27:06,Total de Gols,Under,8.5,,,,,1.92,0-0,5-5,Red,-1.0,17534045
, CLA-UA Spain Cyber Cup (UA) (2x5 mins),drksd3 x FanFan,drksd3,Real Madrid,FanFan,Villarreal,29/08/2026,23:29:08,Total de Gols,Under,9.5,,,,,1.77,1-1,5-5,Red,-1.0,17534045
,CLA-UA World Cyber Cup (UA) (2x5 mins),w1dizrt x rain,w1dizrt,France,rain,Senegal,29/08/2026,23:41:14,Total de Gols,Under,5.5,,,,,1.92,0-0,1-4,Green,0.92,17533979
,CLA-UA World Cyber Cup (UA) (2x5 mins),w1dizrt x rain,w1dizrt,France,rain,Senegal,29/08/2026,23:42:34,Total de Gols,Under,4.5,,,,,2.12,0-0,1-4,Red,-1.0,17533979
,CLA-UA World Cyber Cup (UA) (2x5 mins),w1dizrt x rain,w1dizrt,France,rain,Senegal,29/08/2026,23:44:17,Total de Gols,Under,3.5,,,,,2.16,0-0,1-4,Red,-1.0,17533979
,CLA-UA World Cyber Cup (UA) (2x5 mins),w1dizrt x rain,w1dizrt,France,rain,Senegal,29/08/2026,23:49:26,Total de Gols,Under,6.5,,,,,1.48,1-3,1-4,Green,0.48,17533979
,CLA-UA World Cyber Cup (UA) (2x5 mins),Xellark x Forzyar,Xellark,Iraq,Forzyar,Northern Ireland,29/08/2026,23:41:14,Total de Gols,Under,7.5,,,,,1.75,0-1,4-3,Green,0.75,17533977
,CLA-UA World Cyber Cup (UA) (2x5 mins),Xellark x Forzyar,Xellark,Iraq,Forzyar,Northern Ireland,29/08/2026,23:42:12,Total de Gols,Under,6.5,,,,,2.02,0-1,4-3,Red,-1.0,17533977
,CLA-UA World Cyber Cup (UA) (2x5 mins),Xellark x Forzyar,Xellark,Iraq,Forzyar,Northern Ireland,29/08/2026,23:43:40,Total de Gols,Under,5.5,,,,,2.11,0-1,4-3,Red,-1.0,17533977
,CLA-UA World Cyber Cup (UA) (2x5 mins),Xellark x Forzyar,Xellark,Iraq,Forzyar,Northern Ireland,29/08/2026,23:45:48,Total de Gols,Under,4.5,,,,,2.03,0-2,4-3,Red,-1.0,17533977
,CLA-UA World Cyber Cup (UA) (2x5 mins),Xellark x Bucha,Xellark,Iraq,Bucha,Norway,29/08/2026,23:54:11,Total de Gols,Under,7.5,,,,,1.62,0-0,4-7,Red,-1.0,17533980
,CLA-UA World Cyber Cup (UA) (2x5 mins),Xellark x Bucha,Xellark,Iraq,Bucha,Norway,29/08/2026,23:54:27,Total de Gols,Under,6.5,,,,,2.07,0-0,4-7,Red,-1.0,17533980
,CLA-UA World Cyber Cup (UA) (2x5 mins),Xellark x Bucha,Xellark,Iraq,Bucha,Norway,29/08/2026,23:55:50,Total de Gols,Under,5.5,,,,,2.12,0-0,4-7,Red,-1.0,17533980
,CLA-UA World Cyber Cup (UA) (2x5 mins),Xellark x Bucha,Xellark,Iraq,Bucha,Norway,29/08/2026,23:59:36,Total de Gols,Under,8.5,,,,,1.87,0-4,4-7,Red,-1.0,17533980
,CLA-UA World Cyber Cup (UA) (2x5 mins),Xellark x Bucha,Xellark,Iraq,Bucha,Norway,30/08/2026,00:00:28,Total de Gols,Under,9.5,,,,,1.56,0-5,4-7,Red,-1.0,17533980
,CLA-UA World Cyber Cup (UA) (2x5 mins),Xellark x Bucha,Xellark,Iraq,Bucha,Norway,30/08/2026,00:01:24,Total de Gols,Under,10.5,,,,,1.83,2-5,4-7,Red,-1.0,17533980
,CLA-UA World Cyber Cup (UA) (2x5 mins),Xellark x Bucha,Xellark,Iraq,Bucha,Norway,30/08/2026,00:03:24,Total de Gols,Under,11.5,,,,,1.37,3-6,4-7,Green,0.37,17533980
,CLA-UA World Cyber Cup (UA) (2x5 mins),w1dizrt x Bucha,w1dizrt,France,Bucha,Norway,30/08/2026,00:08:11,Total de Gols,Under,9.5,,,,,1.65,0-0,4-8,Red,-1.0,17533982
,CLA-UA World Cyber Cup (UA) (2x5 mins),w1dizrt x Bucha,w1dizrt,France,Bucha,Norway,30/08/2026,00:08:20,Total de Gols,Under,8.5,,,,,2.02,0-0,4-8,Red,-1.0,17533982
,CLA-UA World Cyber Cup (UA) (2x5 mins),w1dizrt x Bucha,w1dizrt,France,Bucha,Norway,30/08/2026,00:12:52,Total de Gols,Under,10.5,,,,,1.68,1-3,4-8,Red,-1.0,17533982
,CLA-UA World Cyber Cup (UA) (2x5 mins),w1dizrt x Bucha,w1dizrt,France,Bucha,Norway,30/08/2026,00:14:12,Total de Gols,Under,11.5,,,,,1.59,2-4,4-8,Red,-1.0,17533982
,CLA-UA World Cyber Cup (UA) (2x5 mins),w1dizrt x Bucha,w1dizrt,France,Bucha,Norway,30/08/2026,00:15:27,Total de Gols,Under,12.5,,,,,1.59,2-6,4-8,Green,0.59,17533982
,CLA-UA World Cyber Cup (UA) (2x5 mins),rain x Xellark,rain,Senegal,Xellark,Iraq,30/08/2026,00:08:07,Total de Gols,Under,7.5,,,,,1.7,0-0,1-3,Green,0.7,17533983
,CLA-UA World Cyber Cup (UA) (2x5 mins),rain x Xellark,rain,Senegal,Xellark,Iraq,30/08/2026,00:08:48,Total de Gols,Under,6.5,,,,,2.07,0-0,1-3,Green,1.07,17533983
,CLA-UA World Cyber Cup (UA) (2x5 mins),rain x Xellark,rain,Senegal,Xellark,Iraq,30/08/2026,00:12:26,Total de Gols,Under,5.5,,,,,2.12,0-1,1-3,Green,1.12,17533983
,CLA-UA World Cyber Cup (UA) (2x5 mins),rain x Xellark,rain,Senegal,Xellark,Iraq,30/08/2026,00:15:36,Total de Gols,Under,4.5,,,,,2.22,0-2,1-3,Green,1.22,17533983
, CLA-UA Spain Cyber Cup (UA) (2x5 mins),FanFan x luxiqq,FanFan,Villarreal,luxiqq,Valencia,30/08/2026,00:20:59,Total de Gols,Under,8.5,,,,,1.68,0-0,3-5,Green,0.68,17534048
, CLA-UA Spain Cyber Cup (UA) (2x5 mins),FanFan x luxiqq,FanFan,Villarreal,luxiqq,Valencia,30/08/2026,00:23:22,Total de Gols,Under,7.5,,,,,2.02,0-0,3-5,Red,-1.0,17534048
, CLA-UA Spain Cyber Cup (UA) (2x5 mins),FanFan x luxiqq,FanFan,Villarreal,luxiqq,Valencia,30/08/2026,00:28:58,Total de Gols,Under,9.5,,,,,1.65,2-2,3-5,Green,0.65,17534048
, CLA-UA Spain Cyber Cup (UA) (2x5 mins),FanFan x luxiqq,FanFan,Villarreal,luxiqq,Valencia,30/08/2026,00:30:23,Total de Gols,Under,10.5,,,,,1.61,3-3,3-5,Green,0.61,17534048
,CLA-UA World Cyber Cup (UA) (2x5 mins),rain x Bucha,rain,Senegal,Bucha,Norway,30/08/2026,00:22:12,Total de Gols,Under,9.5,,,,,1.68,0-0,5-5,Red,-1.0,17533984
,CLA-UA World Cyber Cup (UA) (2x5 mins),rain x Bucha,rain,Senegal,Bucha,Norway,30/08/2026,00:23:00,Total de Gols,Under,8.5,,,,,2.01,0-0,5-5,Red,-1.0,17533984
,CLA-UA World Cyber Cup (UA) (2x5 mins),rain x Bucha,rain,Senegal,Bucha,Norway,30/08/2026,00:24:09,Total de Gols,Under,10.5,,,,,1.65,0-1,5-5,Green,0.65,17533984
,CLA-UA World Cyber Cup (UA) (2x5 mins),rain x Bucha,rain,Senegal,Bucha,Norway,30/08/2026,00:29:36,Total de Gols,Under,7.5,,,,,2.16,2-2,5-5,Red,-1.0,17533984
, CLA-UA Spain Cyber Cup (UA) (2x5 mins),FanFan x drksd3,FanFan,Villarreal,drksd3,Real Madrid,30/08/2026,00:34:33,Total de Gols,Under,8.5,,,,,1.75,0-0,3-2,Green,0.75,17534049
, CLA-UA Spain Cyber Cup (UA) (2x5 mins),FanFan x drksd3,FanFan,Villarreal,drksd3,Real Madrid,30/08/2026,00:37:02,Total de Gols,Under,7.5,,,,,2.07,0-0,3-2,Green,1.07,17534049
, CLA-UA Spain Cyber Cup (UA) (2x5 mins),FanFan x drksd3,FanFan,Villarreal,drksd3,Real Madrid,30/08/2026,00:42:11,Total de Gols,Under,6.5,,,,,2.17,2-1,3-2,Green,1.17,17534049
, CLA-UA Spain Cyber Cup (UA) (2x5 mins),FanFan x drksd3,FanFan,Villarreal,drksd3,Real Madrid,30/08/2026,00:43:48,Total de Gols,Under,5.5,,,,,2.17,2-1,3-2,Green,1.17,17534049
, CLA-UA Spain Cyber Cup (UA) (2x5 mins),FanFan x drksd3,FanFan,Villarreal,drksd3,Real Madrid,30/08/2026,00:46:14,Total de Gols,Under,4.5,,,,,2.65,3-1,3-2,Red,-1.0,17534049
, CLA-UA Champions Cyber League (UA) (2x5 mins),Jur_Kr x drksd3,Jur_Kr,Liverpool,drksd3,Sevilla,30/08/2026,03:00:07,Total de Gols,Under,5.5,,,,,2.12,3-0,4-2,Red,-1.0,17534004
, CLA-UA Champions Cyber League (UA) (2x5 mins),Jur_Kr x drksd3,Jur_Kr,Liverpool,drksd3,Sevilla,30/08/2026,03:01:17,Total de Gols,Under,4.5,,,,,2.31,3-0,4-2,Red,-1.0,17534004
, CLA-UA Champions Cyber League (UA) (2x5 mins),Jur_Kr x drksd3,Jur_Kr,Liverpool,drksd3,Sevilla,30/08/2026,03:02:14,Total de Gols,Under,6.5,,,,,1.46,3-1,4-2,Green,0.46,17534004
, CLA-UA France Cyber Cup (UA) (2x5 mins),rain x Bucha,rain,Lyon,Bucha,Nice,30/08/2026,03:00:03,Total de Gols,Under,6.5,,,,,1.62,3-1,3-4,Red,-1.0,17534021
, CLA-UA France Cyber Cup (UA) (2x5 mins),rain x Bucha,rain,Lyon,Bucha,Nice,30/08/2026,03:00:30,Total de Gols,Under,7.5,,,,,1.45,3-1,3-4,Green,0.45,17534021
, CLA-UA France Cyber Cup (UA) (2x5 mins),rain x Bucha,rain,Lyon,Bucha,Nice,30/08/2026,03:02:11,Total de Gols,Under,5.5,,,,,2.52,3-2,3-4,Red,-1.0,17534021
, CLA-UA France Cyber Cup (UA) (2x5 mins),Forzyar x Bucha,Forzyar,Strasbourg,Bucha,Nice,30/08/2026,03:06:14,Total de Gols,Under,7.5,,,,,1.78,0-0,5-4,Red,-1.0,17534023
, CLA-UA France Cyber Cup (UA) (2x5 mins),Forzyar x Bucha,Forzyar,Strasbourg,Bucha,Nice,30/08/2026,03:06:40,Total de Gols,Under,8.5,,,,,1.68,0-0,5-4,Red,-1.0,17534023
, CLA-UA France Cyber Cup (UA) (2x5 mins),Forzyar x Bucha,Forzyar,Strasbourg,Bucha,Nice,30/08/2026,03:09:12,Total de Gols,Under,6.5,,,,,2.12,1-1,5-4,Red,-1.0,17534023
, CLA-UA Italy Cyber Cup (UA) (2x5 mins),femzzi x palkan,femzzi,Juventus,palkan,Torino,30/08/2026,05:00:16,Total de Gols,Under,8.5,,,,,1.97,0-0,3-3,Green,0.97,17541836
, CLA-UA Italy Cyber Cup (UA) (2x5 mins),femzzi x palkan,femzzi,Juventus,palkan,Torino,30/08/2026,05:01:33,Total de Gols,Under,7.5,,,,,2.02,0-0,3-3,Green,1.02,17541836
, CLA-UA Italy Cyber Cup (UA) (2x5 mins),femzzi x palkan,femzzi,Juventus,palkan,Torino,30/08/2026,05:02:45,Total de Gols,Under,6.5,,,,,2.11,0-0,3-3,Green,1.11,17541836
, CLA-UA Italy Cyber Cup (UA) (2x5 mins),femzzi x palkan,femzzi,Juventus,palkan,Torino,30/08/2026,05:09:24,Total de Gols,Under,5.5,,,,,2.22,2-2,3-3,Red,-1.0,17541836
, CLA-UA Italy Cyber Cup (UA) (2x5 mins),djamik x Terry14,djamik,Fiorentina,Terry14,Roma,30/08/2026,05:00:13,Total de Gols,Under,7.5,,,,,1.65,0-0,3-1,Green,0.65,17541835
, CLA-UA Italy Cyber Cup (UA) (2x5 mins),djamik x Terry14,djamik,Fiorentina,Terry14,Roma,30/08/2026,05:01:48,Total de Gols,Under,6.5,,,,,2.07,0-0,3-1,Green,1.07,17541835
, CLA-UA Italy Cyber Cup (UA) (2x5 mins),djamik x Terry14,djamik,Fiorentina,Terry14,Roma,30/08/2026,05:06:31,Total de Gols,Under,5.5,,,,,1.98,2-0,3-1,Green,0.98,17541835
, CLA-UA Italy Cyber Cup (UA) (2x5 mins),djamik x Terry14,djamik,Fiorentina,Terry14,Roma,30/08/2026,05:11:04,Total de Gols,Under,4.5,,,,,2.71,3-1,3-1,Green,1.71,17541835
,CLA-UA World Cyber Cup (UA) (2x5 mins),Shot x Stafford,Shot,Romania,Stafford,Uruguay,30/08/2026,05:00:06,Total de Gols,Under,5.5,,,,,2.07,0-0,4-2,Red,-1.0,17542030
,CLA-UA World Cyber Cup (UA) (2x5 mins),Shot x Stafford,Shot,Romania,Stafford,Uruguay,30/08/2026,05:01:47,Total de Gols,Under,6.5,,,,,1.78,0-0,4-2,Green,0.78,17542030
,CLA-UA World Cyber Cup (UA) (2x5 mins),Shot x Stafford,Shot,Romania,Stafford,Uruguay,30/08/2026,05:06:17,Total de Gols,Under,4.5,,,,,2.13,1-1,4-2,Red,-1.0,17542030
, CLA-UA Spain Cyber Cup (UA) (2x5 mins),Gammi x Yeti,Gammi,Mallorca,Yeti,Real Betis,30/08/2026,05:00:10,Total de Gols,Under,5.5,,,,,1.89,0-0,3-1,Green,0.89,17541862
, CLA-UA Spain Cyber Cup (UA) (2x5 mins),Gammi x Yeti,Gammi,Mallorca,Yeti,Real Betis,30/08/2026,05:03:31,Total de Gols,Under,6.5,,,,,1.79,0-0,3-1,Green,0.79,17541862
, CLA-UA Spain Cyber Cup (UA) (2x5 mins),Gammi x Yeti,Gammi,Mallorca,Yeti,Real Betis,30/08/2026,05:08:29,Total de Gols,Under,4.5,,,,,2.27,2-0,3-1,Green,1.27,17541862
, CLA-UA Spain Cyber Cup (UA) (2x5 mins),Gammi x Yeti,Gammi,Mallorca,Yeti,Real Betis,30/08/2026,05:11:59,Total de Gols,Under,3.5,,,,,2.61,2-1,3-1,Red,-1.0,17541862
,CLA-UA World Cyber Cup (UA) (2x5 mins),four x Shot,four,Spain,Shot,Romania,30/08/2026,05:14:11,Total de Gols,Under,5.5,,,,,1.78,0-0,3-3,Red,-1.0,17541877
,CLA-UA World Cyber Cup (UA) (2x5 mins),four x Shot,four,Spain,Shot,Romania,30/08/2026,05:14:53,Total de Gols,Under,6.5,,,,,1.91,0-0,3-3,Green,0.91,17541877
,CLA-UA World Cyber Cup (UA) (2x5 mins),four x Shot,four,Spain,Shot,Romania,30/08/2026,05:16:14,Total de Gols,Under,7.5,,,,,1.59,0-1,3-3,Green,0.59,17541877
, CLA-UA Italy Cyber Cup (UA) (2x5 mins),abr4m_5 x Terry14,abr4m_5,Inter,Terry14,Roma,30/08/2026,05:14:11,Total de Gols,Under,8.5,,,,,2.03,0-0,5-5,Red,-1.0,17541837
, CLA-UA Italy Cyber Cup (UA) (2x5 mins),abr4m_5 x Terry14,abr4m_5,Inter,Terry14,Roma,30/08/2026,05:14:58,Total de Gols,Under,9.5,,,,,1.92,0-0,5-5,Red,-1.0,17541837
, CLA-UA Italy Cyber Cup (UA) (2x5 mins),abr4m_5 x Terry14,abr4m_5,Inter,Terry14,Roma,30/08/2026,05:17:21,Total de Gols,Under,7.5,,,,,2.03,0-1,5-5,Red,-1.0,17541837
, CLA-UA Italy Cyber Cup (UA) (2x5 mins),abr4m_5 x Terry14,abr4m_5,Inter,Terry14,Roma,30/08/2026,05:19:42,Total de Gols,Under,10.5,,,,,1.59,2-2,5-5,Green,0.59,17541837
, CLA-UA Italy Cyber Cup (UA) (2x5 mins),Terry14 x femzzi,Terry14,Roma,femzzi,Juventus,30/08/2026,05:28:30,Total de Gols,Under,7.5,,,,,1.97,0-0,2-4,Green,0.97,17541840
, CLA-UA Italy Cyber Cup (UA) (2x5 mins),Terry14 x femzzi,Terry14,Roma,femzzi,Juventus,30/08/2026,05:29:51,Total de Gols,Under,6.5,,,,,2.06,0-0,2-4,Green,1.06,17541840
, CLA-UA Italy Cyber Cup (UA) (2x5 mins),Terry14 x femzzi,Terry14,Roma,femzzi,Juventus,30/08/2026,05:31:10,Total de Gols,Under,5.5,,,,,2.08,0-0,2-4,Red,-1.0,17541840
, CLA-UA Italy Cyber Cup (UA) (2x5 mins),Terry14 x femzzi,Terry14,Roma,femzzi,Juventus,30/08/2026,05:36:03,Total de Gols,Under,8.5,,,,,1.52,1-3,2-4,Green,0.52,17541840
,CLA-UA World Cyber Cup (UA) (2x5 mins),desicom x Stafford,desicom,Cabo Verde,Stafford,Uruguay,30/08/2026,05:27:48,Total de Gols,Under,7.5,,,,,1.88,0-0,5-2,Green,0.88,17542031
,CLA-UA World Cyber Cup (UA) (2x5 mins),desicom x Stafford,desicom,Cabo Verde,Stafford,Uruguay,30/08/2026,05:29:23,Total de Gols,Under,6.5,,,,,2.11,0-0,5-2,Red,-1.0,17542031
,CLA-UA World Cyber Cup (UA) (2x5 mins),desicom x Stafford,desicom,Cabo Verde,Stafford,Uruguay,30/08/2026,05:29:54,Total de Gols,Under,8.5,,,,,1.91,1-0,5-2,Green,0.91,17542031
,CLA-UA World Cyber Cup (UA) (2x5 mins),desicom x Stafford,desicom,Cabo Verde,Stafford,Uruguay,30/08/2026,05:33:55,Total de Gols,Under,9.5,,,,,1.56,3-1,5-2,Green,0.56,17542031
,CLA-UA World Cyber Cup (UA) (2x5 mins),desicom x Stafford,desicom,Cabo Verde,Stafford,Uruguay,30/08/2026,05:35:33,Total de Gols,Under,10.5,,,,,1.65,4-2,5-2,Green,0.65,17542031
, CLA-UA Italy Cyber Cup (UA) (2x5 mins),palkan x djamik,palkan,Torino,djamik,Fiorentina,30/08/2026,05:41:39,Total de Gols,Under,8.5,,,,,1.76,0-0,2-2,Green,0.76,17541849
, CLA-UA Italy Cyber Cup (UA) (2x5 mins),palkan x djamik,palkan,Torino,djamik,Fiorentina,30/08/2026,05:42:38,Total de Gols,Under,7.5,,,,,2.07,0-0,2-2,Green,1.07,17541849
, CLA-UA Italy Cyber Cup (UA) (2x5 mins),palkan x djamik,palkan,Torino,djamik,Fiorentina,30/08/2026,05:46:50,Total de Gols,Under,6.5,,,,,2.07,2-0,2-2,Green,1.07,17541849
, CLA-UA Italy Cyber Cup (UA) (2x5 mins),palkan x djamik,palkan,Torino,djamik,Fiorentina,30/08/2026,05:48:23,Total de Gols,Under,5.5,,,,,2.17,2-0,2-2,Green,1.17,17541849
, CLA-UA Italy Cyber Cup (UA) (2x5 mins),palkan x djamik,palkan,Torino,djamik,Fiorentina,30/08/2026,05:50:49,Total de Gols,Under,4.5,,,,,2.28,2-1,2-2,Green,1.28,17541849
, CLA-UA Italy Cyber Cup (UA) (2x5 mins),abr4m_5 x femzzi,abr4m_5,Inter,femzzi,Juventus,30/08/2026,05:41:42,Total de Gols,Under,9.5,,,,,1.75,0-0,9-4,Red,-1.0,17541841
, CLA-UA Italy Cyber Cup (UA) (2x5 mins),abr4m_5 x femzzi,abr4m_5,Inter,femzzi,Juventus,30/08/2026,05:42:51,Total de Gols,Under,8.5,,,,,2.03,0-0,9-4,Red,-1.0,17541841
, CLA-UA Italy Cyber Cup (UA) (2x5 mins),abr4m_5 x femzzi,abr4m_5,Inter,femzzi,Juventus,30/08/2026,05:43:30,Total de Gols,Under,10.5,,,,,1.86,1-0,9-4,Red,-1.0,17541841
, CLA-UA Italy Cyber Cup (UA) (2x5 mins),abr4m_5 x femzzi,abr4m_5,Inter,femzzi,Juventus,30/08/2026,05:44:09,Total de Gols,Under,11.5,,,,,1.65,2-0,9-4,Red,-1.0,17541841
, CLA-UA Italy Cyber Cup (UA) (2x5 mins),abr4m_5 x femzzi,abr4m_5,Inter,femzzi,Juventus,30/08/2026,05:47:44,Total de Gols,Under,12.5,,,,,1.77,5-2,9-4,Red,-1.0,17541841
, CLA-UA Italy Cyber Cup (UA) (2x5 mins),abr4m_5 x femzzi,abr4m_5,Inter,femzzi,Juventus,30/08/2026,05:47:59,Total de Gols,Under,13.5,,,,,1.77,5-2,9-4,Green,0.77,17541841
,CLA-UA World Cyber Cup (UA) (2x5 mins),desicom x four,desicom,Cabo Verde,four,Spain,30/08/2026,05:55:47,Total de Gols,Under,7.5,,,,,1.62,0-0,4-3,Green,0.62,17541880
,CLA-UA World Cyber Cup (UA) (2x5 mins),desicom x four,desicom,Cabo Verde,four,Spain,30/08/2026,05:56:22,Total de Gols,Under,6.5,,,,,2.12,0-0,4-3,Red,-1.0,17541880
,CLA-UA World Cyber Cup (UA) (2x5 mins),desicom x four,desicom,Cabo Verde,four,Spain,30/08/2026,06:00:25,Total de Gols,Under,5.5,,,,,2.07,1-0,4-3,Red,-1.0,17541880
,CLA-UA World Cyber Cup (UA) (2x5 mins),desicom x four,desicom,Cabo Verde,four,Spain,30/08/2026,06:04:03,Total de Gols,Under,8.5,,,,,1.73,3-2,4-3,Green,0.73,17541880
,CLA-UA World Cyber Cup (UA) (2x5 mins),desicom x four,desicom,Cabo Verde,four,Spain,30/08/2026,06:04:18,Total de Gols,Under,9.5,,,,,1.57,3-3,4-3,Green,0.57,17541880
,CLA-UA World Cyber Cup (UA) (2x5 mins),zyX x four,zyX,Saudi Arabia,four,Spain,30/08/2026,06:09:44,Total de Gols,Under,7.5,,,,,1.65,0-0,4-4,Red,-1.0,17541883
,CLA-UA World Cyber Cup (UA) (2x5 mins),zyX x four,zyX,Saudi Arabia,four,Spain,30/08/2026,06:10:44,Total de Gols,Under,6.5,,,,,2.07,0-0,4-4,Red,-1.0,17541883
,CLA-UA World Cyber Cup (UA) (2x5 mins),zyX x four,zyX,Saudi Arabia,four,Spain,30/08/2026,06:13:11,Total de Gols,Under,8.5,,,,,1.82,0-2,4-4,Green,0.82,17541883
, CLA-UA Italy Cyber Cup (UA) (2x5 mins),palkan x femzzi,palkan,Torino,femzzi,Juventus,30/08/2026,06:10:17,Total de Gols,Under,7.5,,,,,1.97,0-0,6-2,Red,-1.0,17541860
, CLA-UA Italy Cyber Cup (UA) (2x5 mins),palkan x femzzi,palkan,Torino,femzzi,Juventus,30/08/2026,06:10:40,Total de Gols,Under,8.5,,,,,1.84,0-0,6-2,Green,0.84,17541860
, CLA-UA Italy Cyber Cup (UA) (2x5 mins),palkan x femzzi,palkan,Torino,femzzi,Juventus,30/08/2026,06:10:57,Total de Gols,Under,9.5,,,,,1.74,1-0,6-2,Green,0.74,17541860
, CLA-UA Italy Cyber Cup (UA) (2x5 mins),palkan x femzzi,palkan,Torino,femzzi,Juventus,30/08/2026,06:12:35,Total de Gols,Under,10.5,,,,,1.69,1-2,6-2,Green,0.69,17541860
, CLA-UA Italy Cyber Cup (UA) (2x5 mins),palkan x femzzi,palkan,Torino,femzzi,Juventus,30/08/2026,06:16:17,Total de Gols,Under,11.5,,,,,1.77,4-2,6-2,Green,0.77,17541860
, CLA-UA Italy Cyber Cup (UA) (2x5 mins),palkan x femzzi,palkan,Torino,femzzi,Juventus,30/08/2026,06:16:49,Total de Gols,Under,12.5,,,,,1.57,5-2,6-2,Green,0.57,17541860
, CLA-UA Spain Cyber Cup (UA) (2x5 mins),Yeti x Gammi,Yeti,Real Betis,Gammi,Mallorca,30/08/2026,06:09:27,Total de Gols,Under,5.5,,,,,1.78,0-0,2-1,Green,0.78,17541864
, CLA-UA Spain Cyber Cup (UA) (2x5 mins),Yeti x Gammi,Yeti,Real Betis,Gammi,Mallorca,30/08/2026,06:11:11,Total de Gols,Under,4.5,,,,,2.16,0-0,2-1,Green,1.16,17541864
, CLA-UA Spain Cyber Cup (UA) (2x5 mins),Yeti x Gammi,Yeti,Real Betis,Gammi,Mallorca,30/08/2026,06:13:14,Total de Gols,Under,3.5,,,,,2.17,0-0,2-1,Green,1.17,17541864
, CLA-UA Spain Cyber Cup (UA) (2x5 mins),Yeti x Gammi,Yeti,Real Betis,Gammi,Mallorca,30/08/2026,06:15:23,Total de Gols,Under,2.5,,,,,2.31,0-0,2-1,Red,-1.0,17541864
,CLA-UA World Cyber Cup (UA) (2x5 mins),Shot x four,Shot,Romania,four,Spain,30/08/2026,06:24:11,Total de Gols,Under,6.5,,,,,1.73,0-0,3-0,Green,0.73,17541886
,CLA-UA World Cyber Cup (UA) (2x5 mins),Shot x four,Shot,Romania,four,Spain,30/08/2026,06:24:51,Total de Gols,Under,5.5,,,,,2.11,0-0,3-0,Green,1.11,17541886
,CLA-UA World Cyber Cup (UA) (2x5 mins),Shot x four,Shot,Romania,four,Spain,30/08/2026,06:26:44,Total de Gols,Under,4.5,,,,,2.08,0-0,3-0,Green,1.08,17541886
,CLA-UA World Cyber Cup (UA) (2x5 mins),Shot x four,Shot,Romania,four,Spain,30/08/2026,06:33:24,Total de Gols,Under,3.5,,,,,2.51,3-0,3-0,Green,1.51,17541886
, CLA-UA Spain Cyber Cup (UA) (2x5 mins),Yeti x aloha,Yeti,Real Betis,aloha,Sevilla,30/08/2026,06:22:52,Total de Gols,Under,6.5,,,,,2.02,0-0,4-1,Green,1.02,17541868
, CLA-UA Spain Cyber Cup (UA) (2x5 mins),Yeti x aloha,Yeti,Real Betis,aloha,Sevilla,30/08/2026,06:25:39,Total de Gols,Under,5.5,,,,,2.07,0-0,4-1,Green,1.07,17541868
, CLA-UA Spain Cyber Cup (UA) (2x5 mins),Yeti x aloha,Yeti,Real Betis,aloha,Sevilla,30/08/2026,06:26:48,Total de Gols,Under,7.5,,,,,1.71,1-0,4-1,Green,0.71,17541868
, CLA-UA Spain Cyber Cup (UA) (2x5 mins),Yeti x aloha,Yeti,Real Betis,aloha,Sevilla,30/08/2026,06:33:19,Total de Gols,Under,4.5,,,,,2.71,3-1,4-1,Red,-1.0,17541868
, CLA-UA Italy Cyber Cup (UA) (2x5 mins),femzzi x djamik,femzzi,Juventus,djamik,Fiorentina,30/08/2026,06:24:36,Total de Gols,Under,7.5,,,,,1.97,0-0,3-2,Green,0.97,17541846
, CLA-UA Italy Cyber Cup (UA) (2x5 mins),femzzi x djamik,femzzi,Juventus,djamik,Fiorentina,30/08/2026,06:25:29,Total de Gols,Under,6.5,,,,,2.12,0-0,3-2,Green,1.12,17541846
, CLA-UA Italy Cyber Cup (UA) (2x5 mins),femzzi x djamik,femzzi,Juventus,djamik,Fiorentina,30/08/2026,06:28:19,Total de Gols,Under,5.5,,,,,2.12,1-0,3-2,Green,1.12,17541846
, CLA-UA Italy Cyber Cup (UA) (2x5 mins),femzzi x djamik,femzzi,Juventus,djamik,Fiorentina,30/08/2026,06:31:13,Total de Gols,Under,4.5,,,,,2.27,1-1,3-2,Red,-1.0,17541846
, CLA-UA Italy Cyber Cup (UA) (2x5 mins),femzzi x djamik,femzzi,Juventus,djamik,Fiorentina,30/08/2026,06:32:43,Total de Gols,Under,3.5,,,,,2.23,1-1,3-2,Red,-1.0,17541846
, CLA-UA Spain Cyber Cup (UA) (2x5 mins),Shark x Yeti,Shark,Levante,Yeti,Real Betis,30/08/2026,06:38:03,Total de Gols,Under,6.5,,,,,1.7,0-0,1-5,Green,0.7,17541870
, CLA-UA Spain Cyber Cup (UA) (2x5 mins),Shark x Yeti,Shark,Levante,Yeti,Real Betis,30/08/2026,06:38:41,Total de Gols,Under,5.5,,,,,2.11,0-0,1-5,Red,-1.0,17541870
, CLA-UA Spain Cyber Cup (UA) (2x5 mins),Shark x Yeti,Shark,Levante,Yeti,Real Betis,30/08/2026,06:41:37,Total de Gols,Under,7.5,,,,,1.65,0-2,1-5,Green,0.65,17541870
, CLA-UA Spain Cyber Cup (UA) (2x5 mins),Shark x Yeti,Shark,Levante,Yeti,Real Betis,30/08/2026,06:42:05,Total de Gols,Under,8.5,,,,,1.56,1-2,1-5,Green,0.56,17541870
, CLA-UA Italy Cyber Cup (UA) (2x5 mins),femzzi x Terry14,femzzi,Juventus,Terry14,Roma,30/08/2026,06:38:48,Total de Gols,Under,6.5,,,,,2.02,0-0,5-3,Red,-1.0,17541856
, CLA-UA Italy Cyber Cup (UA) (2x5 mins),femzzi x Terry14,femzzi,Juventus,Terry14,Roma,30/08/2026,06:40:00,Total de Gols,Under,5.5,,,,,2.07,0-0,5-3,Red,-1.0,17541856
, CLA-UA Italy Cyber Cup (UA) (2x5 mins),femzzi x Terry14,femzzi,Juventus,Terry14,Roma,30/08/2026,06:40:43,Total de Gols,Under,7.5,,,,,1.83,0-1,5-3,Red,-1.0,17541856
, CLA-UA Italy Cyber Cup (UA) (2x5 mins),femzzi x Terry14,femzzi,Juventus,Terry14,Roma,30/08/2026,06:45:09,Total de Gols,Under,8.5,,,,,1.62,1-3,5-3,Green,0.62,17541856
, CLA-UA Italy Cyber Cup (UA) (2x5 mins),femzzi x Terry14,femzzi,Juventus,Terry14,Roma,30/08/2026,06:45:27,Total de Gols,Under,9.5,,,,,1.51,2-3,5-3,Green,0.51,17541856
,CLA-UA World Cyber Cup (UA) (2x5 mins),Stafford x desicom,Stafford,Uruguay,desicom,Cabo Verde,30/08/2026,06:38:07,Total de Gols,Under,7.5,,,,,1.74,0-0,3-5,Red,-1.0,17541887
,CLA-UA World Cyber Cup (UA) (2x5 mins),Stafford x desicom,Stafford,Uruguay,desicom,Cabo Verde,30/08/2026,06:39:06,Total de Gols,Under,6.5,,,,,2.07,0-0,3-5,Red,-1.0,17541887
,CLA-UA World Cyber Cup (UA) (2x5 mins),Stafford x desicom,Stafford,Uruguay,desicom,Cabo Verde,30/08/2026,06:40:35,Total de Gols,Under,5.5,,,,,2.07,0-0,3-5,Red,-1.0,17541887
,CLA-UA World Cyber Cup (UA) (2x5 mins),Stafford x desicom,Stafford,Uruguay,desicom,Cabo Verde,30/08/2026,06:42:08,Total de Gols,Under,4.5,,,,,2.11,0-0,3-5,Red,-1.0,17541887
, CLA-UA Spain Cyber Cup (UA) (2x5 mins),Shark x aloha,Shark,Levante,aloha,Sevilla,30/08/2026,06:51:11,Total de Gols,Under,6.5,,,,,1.7,0-0,1-4,Green,0.7,17541871
, CLA-UA Spain Cyber Cup (UA) (2x5 mins),Shark x aloha,Shark,Levante,aloha,Sevilla,30/08/2026,06:52:46,Total de Gols,Under,5.5,,,,,2.12,0-0,1-4,Green,1.12,17541871
, CLA-UA Spain Cyber Cup (UA) (2x5 mins),Shark x aloha,Shark,Levante,aloha,Sevilla,30/08/2026,06:52:50,Total de Gols,Under,7.5,,,,,1.61,0-0,1-4,Green,0.61,17541871
, CLA-UA Italy Cyber Cup (UA) (2x5 mins),djamik x palkan,djamik,Fiorentina,palkan,Torino,30/08/2026,06:52:40,Total de Gols,Under,7.5,,,,,1.89,0-0,4-4,Red,-1.0,17541861
, CLA-UA Italy Cyber Cup (UA) (2x5 mins),djamik x palkan,djamik,Fiorentina,palkan,Torino,30/08/2026,06:53:05,Total de Gols,Under,8.5,,,,,1.79,0-0,4-4,Green,0.79,17541861
, CLA-UA Italy Cyber Cup (UA) (2x5 mins),djamik x palkan,djamik,Fiorentina,palkan,Torino,30/08/2026,06:53:34,Total de Gols,Under,9.5,,,,,1.65,1-0,4-4,Green,0.65,17541861
, CLA-UA Italy Cyber Cup (UA) (2x5 mins),djamik x palkan,djamik,Fiorentina,palkan,Torino,30/08/2026,06:59:32,Total de Gols,Under,6.5,,,,,2.27,1-3,4-4,Red,-1.0,17541861
,CLA-UA World Cyber Cup (UA) (2x5 mins),four x desicom,four,Spain,desicom,Cabo Verde,30/08/2026,07:05:30,Total de Gols,Under,7.5,,,,,1.65,0-0,2-2,Green,0.65,17541891
,CLA-UA World Cyber Cup (UA) (2x5 mins),four x desicom,four,Spain,desicom,Cabo Verde,30/08/2026,07:06:45,Total de Gols,Under,6.5,,,,,2.07,0-0,2-2,Green,1.07,17541891
,CLA-UA World Cyber Cup (UA) (2x5 mins),four x desicom,four,Spain,desicom,Cabo Verde,30/08/2026,07:08:45,Total de Gols,Under,5.5,,,,,2.03,0-0,2-2,Green,1.03,17541891
,CLA-UA World Cyber Cup (UA) (2x5 mins),four x desicom,four,Spain,desicom,Cabo Verde,30/08/2026,07:09:52,Total de Gols,Under,4.5,,,,,2.12,0-0,2-2,Green,1.12,17541891
,CLA-UA World Cyber Cup (UA) (2x5 mins),four x desicom,four,Spain,desicom,Cabo Verde,30/08/2026,07:12:52,Total de Gols,Under,3.5,,,,,2.26,0-1,2-2,Red,-1.0,17541891
, CLA-UA France Cyber Cup (UA) (2x5 mins),femzzi x palkan,femzzi,Toulouse FC,palkan,AJ Auxerre,30/08/2026,07:30:17,Total de Gols,Under,7.5,,,,,1.97,0-0,1-5,Green,0.97,17541894
, CLA-UA France Cyber Cup (UA) (2x5 mins),femzzi x palkan,femzzi,Toulouse FC,palkan,AJ Auxerre,30/08/2026,07:31:01,Total de Gols,Under,8.5,,,,,1.77,0-0,1-5,Green,0.77,17541894
, CLA-UA France Cyber Cup (UA) (2x5 mins),femzzi x palkan,femzzi,Toulouse FC,palkan,AJ Auxerre,30/08/2026,07:31:26,Total de Gols,Under,9.5,,,,,1.65,0-1,1-5,Green,0.65,17541894
, CLA-UA France Cyber Cup (UA) (2x5 mins),femzzi x palkan,femzzi,Toulouse FC,palkan,AJ Auxerre,30/08/2026,07:39:25,Total de Gols,Under,6.5,,,,,2.36,0-5,1-5,Green,1.36,17541894
,CLA-UA Argentina Cyber Cup (UA) (2x5 mins),Gammi x Shark,Gammi,River Plate,Shark,Racing Club,30/08/2026,07:44:05,Total de Gols,Under,6.5,,,,,1.62,0-0,2-5,Red,-1.0,17541907
,CLA-UA Argentina Cyber Cup (UA) (2x5 mins),Gammi x Shark,Gammi,River Plate,Shark,Racing Club,30/08/2026,07:44:24,Total de Gols,Under,5.5,,,,,2.08,0-0,2-5,Red,-1.0,17541907
,CLA-UA Argentina Cyber Cup (UA) (2x5 mins),Gammi x Shark,Gammi,River Plate,Shark,Racing Club,30/08/2026,07:45:19,Total de Gols,Under,4.5,,,,,2.12,0-0,2-5,Red,-1.0,17541907
,CLA-UA Argentina Cyber Cup (UA) (2x5 mins),Gammi x Shark,Gammi,River Plate,Shark,Racing Club,30/08/2026,07:48:48,Total de Gols,Under,7.5,,,,,1.75,0-3,2-5,Green,0.75,17541907
,CLA-UA Argentina Cyber Cup (UA) (2x5 mins),Gammi x Shark,Gammi,River Plate,Shark,Racing Club,30/08/2026,07:49:30,Total de Gols,Under,8.5,,,,,1.59,1-3,2-5,Green,0.59,17541907
,CLA-UA Argentina Cyber Cup (UA) (2x5 mins),Gammi x Shark,Gammi,River Plate,Shark,Racing Club,30/08/2026,07:50:05,Total de Gols,Under,9.5,,,,,1.55,1-4,2-5,Green,0.55,17541907
, CLA-UA France Cyber Cup (UA) (2x5 mins),djamik x femzzi,djamik,Strasbourg,femzzi,Toulouse FC,30/08/2026,07:45:21,Total de Gols,Under,6.5,,,,,1.95,0-0,3-4,Red,-1.0,17541895
, CLA-UA France Cyber Cup (UA) (2x5 mins),djamik x femzzi,djamik,Strasbourg,femzzi,Toulouse FC,30/08/2026,07:45:30,Total de Gols,Under,7.5,,,,,1.87,0-0,3-4,Green,0.87,17541895
, CLA-UA France Cyber Cup (UA) (2x5 mins),djamik x femzzi,djamik,Strasbourg,femzzi,Toulouse FC,30/08/2026,07:46:13,Total de Gols,Under,8.5,,,,,1.69,0-1,3-4,Green,0.69,17541895
, CLA-UA France Cyber Cup (UA) (2x5 mins),djamik x femzzi,djamik,Strasbourg,femzzi,Toulouse FC,30/08/2026,07:49:28,Total de Gols,Under,9.5,,,,,1.7,2-2,3-4,Green,0.7,17541895
, CLA-UA France Cyber Cup (UA) (2x5 mins),abr4m_5 x Terry14,abr4m_5,Lille,Terry14,Lyon,30/08/2026,07:44:09,Total de Gols,Under,9.5,,,,,1.71,0-0,3-4,Green,0.71,17542041
, CLA-UA France Cyber Cup (UA) (2x5 mins),abr4m_5 x Terry14,abr4m_5,Lille,Terry14,Lyon,30/08/2026,07:45:27,Total de Gols,Under,8.5,,,,,2.02,0-0,3-4,Green,1.02,17542041
, CLA-UA France Cyber Cup (UA) (2x5 mins),abr4m_5 x Terry14,abr4m_5,Lille,Terry14,Lyon,30/08/2026,07:47:34,Total de Gols,Under,10.5,,,,,1.62,1-1,3-4,Green,0.62,17542041
, CLA-UA France Cyber Cup (UA) (2x5 mins),abr4m_5 x Terry14,abr4m_5,Lille,Terry14,Lyon,30/08/2026,07:48:25,Total de Gols,Under,11.5,,,,,1.73,3-1,3-4,Green,0.73,17542041
, CLA-UA France Cyber Cup (UA) (2x5 mins),abr4m_5 x Terry14,abr4m_5,Lille,Terry14,Lyon,30/08/2026,07:53:03,Total de Gols,Under,7.5,,,,,2.21,3-3,3-4,Green,1.21,17542041
, CLA-UA France Cyber Cup (UA) (2x5 mins),abr4m_5 x Terry14,abr4m_5,Lille,Terry14,Lyon,30/08/2026,07:54:12,Total de Gols,Under,6.5,,,,,2.91,3-3,3-4,Red,-1.0,17542041
, CLA-UA France Cyber Cup (UA) (2x5 mins),Terry14 x femzzi,Terry14,Lyon,femzzi,Toulouse FC,30/08/2026,07:58:34,Total de Gols,Under,7.5,,,,,1.71,None-None,3-4,Green,0.71,17541896
, CLA-UA Champions Cyber League (UA) (2x5 mins),zyX x Shot,zyX,Celtic,Shot,PSV,30/08/2026,07:58:14,Total de Gols,Under,6.5,,,,,2.07,0-0,1-4,Green,1.07,17541929
, CLA-UA Champions Cyber League (UA) (2x5 mins),zyX x Shot,zyX,Celtic,Shot,PSV,30/08/2026,07:58:40,Total de Gols,Under,7.5,,,,,1.92,0-0,1-4,Green,0.92,17541929
, CLA-UA Champions Cyber League (UA) (2x5 mins),zyX x Shot,zyX,Celtic,Shot,PSV,30/08/2026,07:59:47,Total de Gols,Under,8.5,,,,,1.59,0-1,1-4,Green,0.59,17541929
, CLA-UA Champions Cyber League (UA) (2x5 mins),zyX x Shot,zyX,Celtic,Shot,PSV,30/08/2026,08:03:56,Total de Gols,Under,5.5,,,,,2.17,0-3,1-4,Green,1.17,17541929
, CLA-UA Champions Cyber League (UA) (2x5 mins),zyX x Shot,zyX,Celtic,Shot,PSV,30/08/2026,08:05:35,Total de Gols,Under,4.5,,,,,2.4,0-3,1-4,Red,-1.0,17541929
, CLA-UA France Cyber Cup (UA) (2x5 mins),abr4m_5 x palkan,abr4m_5,Lille,palkan,AJ Auxerre,30/08/2026,07:58:01,Total de Gols,Under,9.5,,,,,1.92,0-0,7-6,Red,-1.0,17542044
, CLA-UA France Cyber Cup (UA) (2x5 mins),abr4m_5 x palkan,abr4m_5,Lille,palkan,AJ Auxerre,30/08/2026,07:58:35,Total de Gols,Under,10.5,,,,,1.83,0-0,7-6,Red,-1.0,17542044
, CLA-UA France Cyber Cup (UA) (2x5 mins),abr4m_5 x palkan,abr4m_5,Lille,palkan,AJ Auxerre,30/08/2026,07:58:59,Total de Gols,Under,11.5,,,,,1.69,1-0,7-6,Red,-1.0,17542044
, CLA-UA France Cyber Cup (UA) (2x5 mins),abr4m_5 x palkan,abr4m_5,Lille,palkan,AJ Auxerre,30/08/2026,08:02:34,Total de Gols,Under,12.5,,,,,1.89,3-2,7-6,Red,-1.0,17542044
, CLA-UA France Cyber Cup (UA) (2x5 mins),abr4m_5 x palkan,abr4m_5,Lille,palkan,AJ Auxerre,30/08/2026,08:02:50,Total de Gols,Under,13.5,,,,,1.8,4-2,7-6,Green,0.8,17542044
, CLA-UA France Cyber Cup (UA) (2x5 mins),abr4m_5 x palkan,abr4m_5,Lille,palkan,AJ Auxerre,30/08/2026,08:03:41,Total de Gols,Under,14.5,,,,,1.76,5-3,7-6,Green,0.76,17542044
, CLA-UA France Cyber Cup (UA) (2x5 mins),abr4m_5 x palkan,abr4m_5,Lille,palkan,AJ Auxerre,30/08/2026,08:06:26,Total de Gols,Under,15.5,,,,,1.73,6-5,7-6,Green,0.73,17542044
, CLA-UA France Cyber Cup (UA) (2x5 mins),palkan x Terry14,palkan,AJ Auxerre,Terry14,Lyon,30/08/2026,08:26:22,Total de Gols,Under,7.5,,,,,1.73,0-0,3-5,Red,-1.0,17541898
, CLA-UA France Cyber Cup (UA) (2x5 mins),palkan x Terry14,palkan,AJ Auxerre,Terry14,Lyon,30/08/2026,08:26:58,Total de Gols,Under,6.5,,,,,2.06,0-0,3-5,Red,-1.0,17541898
, CLA-UA France Cyber Cup (UA) (2x5 mins),palkan x Terry14,palkan,AJ Auxerre,Terry14,Lyon,30/08/2026,08:31:20,Total de Gols,Under,5.5,,,,,2.17,0-2,3-5,Red,-1.0,17541898
, CLA-UA France Cyber Cup (UA) (2x5 mins),palkan x Terry14,palkan,AJ Auxerre,Terry14,Lyon,30/08/2026,08:32:12,Total de Gols,Under,6.5,,,,,2.17,0-2,3-5,Red,-1.0,17541898
, CLA-UA France Cyber Cup (UA) (2x5 mins),palkan x Terry14,palkan,AJ Auxerre,Terry14,Lyon,30/08/2026,08:35:48,Total de Gols,Under,8.5,,,,,1.51,1-5,3-5,Green,0.51,17541898
, CLA-UA France Cyber Cup (UA) (2x5 mins),abr4m_5 x djamik,abr4m_5,Lille,djamik,Strasbourg,30/08/2026,08:25:48,Total de Gols,Under,9.5,,,,,1.65,0-0,8-5,Red,-1.0,17542047
, CLA-UA France Cyber Cup (UA) (2x5 mins),abr4m_5 x djamik,abr4m_5,Lille,djamik,Strasbourg,30/08/2026,08:27:25,Total de Gols,Under,10.5,,,,,1.68,1-0,8-5,Red,-1.0,17542047
, CLA-UA France Cyber Cup (UA) (2x5 mins),abr4m_5 x djamik,abr4m_5,Lille,djamik,Strasbourg,30/08/2026,08:27:40,Total de Gols,Under,11.5,,,,,1.65,1-1,8-5,Red,-1.0,17542047
, CLA-UA France Cyber Cup (UA) (2x5 mins),abr4m_5 x djamik,abr4m_5,Lille,djamik,Strasbourg,30/08/2026,08:28:33,Total de Gols,Under,12.5,,,,,1.78,3-1,8-5,Red,-1.0,17542047
, CLA-UA France Cyber Cup (UA) (2x5 mins),abr4m_5 x djamik,abr4m_5,Lille,djamik,Strasbourg,30/08/2026,08:32:32,Total de Gols,Under,13.5,,,,,1.81,4-4,8-5,Green,0.81,17542047
, CLA-UA France Cyber Cup (UA) (2x5 mins),abr4m_5 x djamik,abr4m_5,Lille,djamik,Strasbourg,30/08/2026,08:33:43,Total de Gols,Under,14.5,,,,,1.71,5-5,8-5,Green,0.71,17542047
, CLA-UA France Cyber Cup (UA) (2x5 mins),abr4m_5 x djamik,abr4m_5,Lille,djamik,Strasbourg,30/08/2026,08:35:05,Total de Gols,Under,15.5,,,,,1.59,7-5,8-5,Green,0.59,17542047
, CLA-UA Champions Cyber League (UA) (2x5 mins),Stafford x zyX,Stafford,Manchester United,zyX,Celtic,30/08/2026,08:26:09,Total de Gols,Under,8.5,,,,,1.79,0-0,2-6,Green,0.79,17541933
, CLA-UA Champions Cyber League (UA) (2x5 mins),Stafford x zyX,Stafford,Manchester United,zyX,Celtic,30/08/2026,08:26:44,Total de Gols,Under,7.5,,,,,2.07,0-0,2-6,Red,-1.0,17541933
, CLA-UA Champions Cyber League (UA) (2x5 mins),Stafford x zyX,Stafford,Manchester United,zyX,Celtic,30/08/2026,08:28:02,Total de Gols,Under,6.5,,,,,2.08,0-0,2-6,Red,-1.0,17541933
, CLA-UA Champions Cyber League (UA) (2x5 mins),Stafford x zyX,Stafford,Manchester United,zyX,Celtic,30/08/2026,08:29:23,Total de Gols,Under,5.5,,,,,2.12,0-0,2-6,Red,-1.0,17541933
, CLA-UA Champions Cyber League (UA) (2x5 mins),Stafford x Shot,Stafford,Manchester United,Shot,PSV,30/08/2026,08:40:11,Total de Gols,Under,5.5,,,,,1.95,0-0,3-3,Red,-1.0,17541935
, CLA-UA Champions Cyber League (UA) (2x5 mins),Stafford x Shot,Stafford,Manchester United,Shot,PSV,30/08/2026,08:40:37,Total de Gols,Under,6.5,,,,,1.85,0-0,3-3,Green,0.85,17541935
, CLA-UA Champions Cyber League (UA) (2x5 mins),Stafford x Shot,Stafford,Manchester United,Shot,PSV,30/08/2026,08:41:23,Total de Gols,Under,7.5,,,,,1.57,0-1,3-3,Green,0.57,17541935
, CLA-UA France Cyber Cup (UA) (2x5 mins),palkan x femzzi,palkan,AJ Auxerre,femzzi,Toulouse FC,30/08/2026,08:40:00,Total de Gols,Under,7.5,,,,,1.74,0-0,5-6,Red,-1.0,17541900
, CLA-UA France Cyber Cup (UA) (2x5 mins),palkan x femzzi,palkan,AJ Auxerre,femzzi,Toulouse FC,30/08/2026,08:40:39,Total de Gols,Under,8.5,,,,,1.69,0-0,5-6,Red,-1.0,17541900
, CLA-UA France Cyber Cup (UA) (2x5 mins),palkan x femzzi,palkan,AJ Auxerre,femzzi,Toulouse FC,30/08/2026,08:41:20,Total de Gols,Under,9.5,,,,,2.01,0-2,5-6,Red,-1.0,17541900
, CLA-UA France Cyber Cup (UA) (2x5 mins),palkan x femzzi,palkan,AJ Auxerre,femzzi,Toulouse FC,30/08/2026,08:43:32,Total de Gols,Under,10.5,,,,,1.87,1-3,5-6,Red,-1.0,17541900
, CLA-UA France Cyber Cup (UA) (2x5 mins),palkan x femzzi,palkan,AJ Auxerre,femzzi,Toulouse FC,30/08/2026,08:45:13,Total de Gols,Under,11.5,,,,,1.83,3-3,5-6,Green,0.83,17541900
, CLA-UA France Cyber Cup (UA) (2x5 mins),palkan x femzzi,palkan,AJ Auxerre,femzzi,Toulouse FC,30/08/2026,08:47:19,Total de Gols,Under,12.5,,,,,1.95,3-5,5-6,Green,0.95,17541900
, CLA-UA Champions Cyber League (UA) (2x5 mins),zyX x four,zyX,Celtic,four,Manchester City,30/08/2026,08:39:48,Total de Gols,Under,6.5,,,,,2.01,0-0,5-4,Red,-1.0,17541934
, CLA-UA Champions Cyber League (UA) (2x5 mins),zyX x four,zyX,Celtic,four,Manchester City,30/08/2026,08:41:41,Total de Gols,Under,7.5,,,,,1.78,0-0,5-4,Red,-1.0,17541934
, CLA-UA Champions Cyber League (UA) (2x5 mins),zyX x four,zyX,Celtic,four,Manchester City,30/08/2026,08:43:02,Total de Gols,Under,8.5,,,,,1.59,1-0,5-4,Red,-1.0,17541934
, CLA-UA Champions Cyber League (UA) (2x5 mins),zyX x four,zyX,Celtic,four,Manchester City,30/08/2026,08:47:16,Total de Gols,Under,9.5,,,,,1.71,3-2,5-4,Green,0.71,17541934
, CLA-UA France Cyber Cup (UA) (2x5 mins),femzzi x djamik,femzzi,Toulouse FC,djamik,Strasbourg,30/08/2026,08:54:34,Total de Gols,Under,7.5,,,,,1.73,0-0,4-3,Green,0.73,17541901
, CLA-UA France Cyber Cup (UA) (2x5 mins),femzzi x djamik,femzzi,Toulouse FC,djamik,Strasbourg,30/08/2026,08:55:01,Total de Gols,Under,6.5,,,,,2.12,0-0,4-3,Red,-1.0,17541901
, CLA-UA France Cyber Cup (UA) (2x5 mins),femzzi x djamik,femzzi,Toulouse FC,djamik,Strasbourg,30/08/2026,08:56:39,Total de Gols,Under,5.5,,,,,2.03,0-0,4-3,Red,-1.0,17541901
, CLA-UA France Cyber Cup (UA) (2x5 mins),femzzi x djamik,femzzi,Toulouse FC,djamik,Strasbourg,30/08/2026,09:01:43,Total de Gols,Under,8.5,,,,,1.52,2-2,4-3,Green,0.52,17541901
, CLA-UA France Cyber Cup (UA) (2x5 mins),palkan x abr4m_5,palkan,AJ Auxerre,abr4m_5,Lille,30/08/2026,09:07:37,Total de Gols,Under,9.5,,,,,1.92,0-0,0-0,Green,0.92,17542053
, CLA-UA Champions Cyber League (UA) (2x5 mins),Stafford x desicom,Stafford,Manchester United,desicom,Newcastle United,30/08/2026,09:07:41,Total de Gols,Under,7.5,,,,,1.78,0-0,0-0,Green,0.78,17541938
, CLA-UA Italy Cyber Cup (UA) (2x5 mins),four x zyX,four,Napoli,zyX,Roma,30/08/2026,09:59:36,Total de Gols,Under,6.5,,,,,2.01,0-0,2-3,Green,1.01,17541992
, CLA-UA Italy Cyber Cup (UA) (2x5 mins),four x zyX,four,Napoli,zyX,Roma,30/08/2026,10:00:26,Total de Gols,Under,7.5,,,,,1.92,0-0,2-3,Green,0.92,17541992
, CLA-UA Spain Cyber Cup (UA) (2x5 mins),femzzi x palkan,femzzi,Barcelona,palkan,Villarreal,30/08/2026,10:01:02,Total de Gols,Under,8.5,,,,,1.76,0-0,4-2,Green,0.76,17541945
, CLA-UA Spain Cyber Cup (UA) (2x5 mins),femzzi x palkan,femzzi,Barcelona,palkan,Villarreal,30/08/2026,10:01:24,Total de Gols,Under,7.5,,,,,2.03,0-0,4-2,Green,1.03,17541945
, CLA-UA Spain Cyber Cup (UA) (2x5 mins),femzzi x palkan,femzzi,Barcelona,palkan,Villarreal,30/08/2026,10:01:28,Total de Gols,Under,9.5,,,,,1.62,0-0,4-2,Green,0.62,17541945
, CLA-UA Italy Cyber Cup (UA) (2x5 mins),four x zyX,four,Napoli,zyX,Roma,30/08/2026,10:03:34,Total de Gols,Under,5.5,,,,,2.12,0-1,2-3,Green,1.12,17541992
, CLA-UA Spain Cyber Cup (UA) (2x5 mins),femzzi x palkan,femzzi,Barcelona,palkan,Villarreal,30/08/2026,10:04:46,Total de Gols,Under,6.5,,,,,2.12,1-1,4-2,Green,1.12,17541945
, CLA-UA Italy Cyber Cup (UA) (2x5 mins),four x zyX,four,Napoli,zyX,Roma,30/08/2026,10:05:10,Total de Gols,Under,4.5,,,,,2.21,0-1,2-3,Red,-1.0,17541992
, CLA-UA Italy Cyber Cup (UA) (2x5 mins),four x zyX,four,Napoli,zyX,Roma,30/08/2026,10:10:06,Total de Gols,Under,3.5,,,,,2.65,1-2,2-3,Red,-1.0,17541992
, CLA-UA Spain Cyber Cup (UA) (2x5 mins),femzzi x palkan,femzzi,Barcelona,palkan,Villarreal,30/08/2026,10:10:20,Total de Gols,Under,5.5,,,,,2.55,4-1,4-2,Red,-1.0,17541945
, CLA-UA Spain Cyber Cup (UA) (2x5 mins),Terry14 x femzzi,Terry14,Levante,femzzi,Barcelona,30/08/2026,10:27:53,Total de Gols,Under,7.5,,,,,1.74,0-0,5-4,Red,-1.0,17541949
, CLA-UA Spain Cyber Cup (UA) (2x5 mins),Terry14 x femzzi,Terry14,Levante,femzzi,Barcelona,30/08/2026,10:28:30,Total de Gols,Under,8.5,,,,,1.69,0-0,5-4,Red,-1.0,17541949
, CLA-UA Spain Cyber Cup (UA) (2x5 mins),Terry14 x femzzi,Terry14,Levante,femzzi,Barcelona,30/08/2026,10:29:41,Total de Gols,Under,6.5,,,,,2.12,0-1,5-4,Red,-1.0,17541949
, CLA-UA Spain Cyber Cup (UA) (2x5 mins),Terry14 x femzzi,Terry14,Levante,femzzi,Barcelona,30/08/2026,10:30:45,Total de Gols,Under,9.5,,,,,1.73,1-2,5-4,Green,0.73,17541949
, CLA-UA Spain Cyber Cup (UA) (2x5 mins),Terry14 x femzzi,Terry14,Levante,femzzi,Barcelona,30/08/2026,10:35:02,Total de Gols,Under,10.5,,,,,1.59,3-3,5-4,Green,0.59,17541949
, CLA-UA Italy Cyber Cup (UA) (2x5 mins),desicom x Shot,desicom,Fiorentina,Shot,Inter,30/08/2026,10:41:56,Total de Gols,Under,6.5,,,,,1.98,0-0,1-2,Green,0.98,17542005
, CLA-UA Italy Cyber Cup (UA) (2x5 mins),desicom x Shot,desicom,Fiorentina,Shot,Inter,30/08/2026,10:43:26,Total de Gols,Under,7.5,,,,,1.66,0-0,1-2,Green,0.66,17542005
, CLA-UA Italy Cyber Cup (UA) (2x5 mins),desicom x Shot,desicom,Fiorentina,Shot,Inter,30/08/2026,10:45:34,Total de Gols,Under,5.5,,,,,2.17,0-1,1-2,Green,1.17,17542005
, CLA-UA Italy Cyber Cup (UA) (2x5 mins),desicom x Shot,desicom,Fiorentina,Shot,Inter,30/08/2026,10:47:14,Total de Gols,Under,4.5,,,,,2.17,0-1,1-2,Green,1.17,17542005
, CLA-UA Italy Cyber Cup (UA) (2x5 mins),desicom x Shot,desicom,Fiorentina,Shot,Inter,30/08/2026,10:52:07,Total de Gols,Under,3.5,,,,,2.52,1-2,1-2,Green,1.52,17542005
, CLA-UA Spain Cyber Cup (UA) (2x5 mins),palkan x Terry14,palkan,Villarreal,Terry14,Levante,30/08/2026,10:56:34,Total de Gols,Under,7.5,,,,,1.98,0-1,8-6,Red,-1.0,17541953
, CLA-UA Spain Cyber Cup (UA) (2x5 mins),palkan x Terry14,palkan,Villarreal,Terry14,Levante,30/08/2026,10:57:51,Total de Gols,Under,6.5,,,,,2.11,0-1,8-6,Red,-1.0,17541953
, CLA-UA Spain Cyber Cup (UA) (2x5 mins),palkan x Terry14,palkan,Villarreal,Terry14,Levante,30/08/2026,10:59:14,Total de Gols,Under,8.5,,,,,1.65,1-1,8-6,Red,-1.0,17541953
, CLA-UA Spain Cyber Cup (UA) (2x5 mins),palkan x Terry14,palkan,Villarreal,Terry14,Levante,30/08/2026,11:01:15,Total de Gols,Under,9.5,,,,,2.03,2-3,8-6,Red,-1.0,17541953
, CLA-UA Spain Cyber Cup (UA) (2x5 mins),palkan x Terry14,palkan,Villarreal,Terry14,Levante,30/08/2026,11:01:41,Total de Gols,Under,10.5,,,,,2.01,3-3,8-6,Red,-1.0,17541953
, CLA-UA Spain Cyber Cup (UA) (2x5 mins),palkan x Terry14,palkan,Villarreal,Terry14,Levante,30/08/2026,11:02:53,Total de Gols,Under,11.5,,,,,1.77,3-4,8-6,Red,-1.0,17541953
, CLA-UA Spain Cyber Cup (UA) (2x5 mins),palkan x Terry14,palkan,Villarreal,Terry14,Levante,30/08/2026,11:03:13,Total de Gols,Under,12.5,,,,,1.7,4-4,8-6,Red,-1.0,17541953
, CLA-UA Spain Cyber Cup (UA) (2x5 mins),palkan x Terry14,palkan,Villarreal,Terry14,Levante,30/08/2026,11:04:26,Total de Gols,Under,13.5,,,,,1.76,6-4,8-6,Red,-1.0,17541953
, CLA-UA Spain Cyber Cup (UA) (2x5 mins),palkan x Terry14,palkan,Villarreal,Terry14,Levante,30/08/2026,11:04:39,Total de Gols,Under,14.5,,,,,1.68,6-5,8-6,Green,0.68,17541953
, CLA-UA Italy Cyber Cup (UA) (2x5 mins),zyX x four,zyX,Roma,four,Napoli,30/08/2026,11:09:39,Total de Gols,Under,6.5,,,,,2.07,0-0,7-5,Red,-1.0,17542008
, CLA-UA Italy Cyber Cup (UA) (2x5 mins),zyX x four,zyX,Roma,four,Napoli,30/08/2026,11:11:42,Total de Gols,Under,7.5,,,,,1.85,0-0,7-5,Red,-1.0,17542008
, CLA-UA Italy Cyber Cup (UA) (2x5 mins),zyX x four,zyX,Roma,four,Napoli,30/08/2026,11:12:22,Total de Gols,Under,8.5,,,,,1.68,0-1,7-5,Red,-1.0,17542008
, CLA-UA Italy Cyber Cup (UA) (2x5 mins),zyX x four,zyX,Roma,four,Napoli,30/08/2026,11:14:13,Total de Gols,Under,9.5,,,,,1.61,1-2,7-5,Red,-1.0,17542008
, CLA-UA Italy Cyber Cup (UA) (2x5 mins),zyX x four,zyX,Roma,four,Napoli,30/08/2026,11:20:06,Total de Gols,Under,10.5,,,,,1.41,3-5,7-5,Red,-1.0,17542008
, CLA-UA Italy Cyber Cup (UA) (2x5 mins),zyX x four,zyX,Roma,four,Napoli,30/08/2026,11:21:06,Total de Gols,Under,11.5,,,,,1.66,5-5,7-5,Red,-1.0,17542008
, CLA-UA Spain Cyber Cup (UA) (2x5 mins),femzzi x Terry14,femzzi,Barcelona,Terry14,Levante,30/08/2026,11:38:58,Total de Gols,Under,6.5,,,,,1.89,0-0,3-1,Green,0.89,17541959
, CLA-UA Spain Cyber Cup (UA) (2x5 mins),femzzi x Terry14,femzzi,Barcelona,Terry14,Levante,30/08/2026,11:39:59,Total de Gols,Under,5.5,,,,,2.07,0-0,3-1,Green,1.07,17541959
, CLA-UA Spain Cyber Cup (UA) (2x5 mins),femzzi x Terry14,femzzi,Barcelona,Terry14,Levante,30/08/2026,11:48:40,Total de Gols,Under,4.5,,,,,2.62,3-1,3-1,Green,1.62,17541959
, CLA-UA Spain Cyber Cup (UA) (2x5 mins),Terry14 x palkan,Terry14,Levante,palkan,Villarreal,30/08/2026,12:06:27,Total de Gols,Under,7.5,,,,,1.74,0-0,3-6,Red,-1.0,17541963
, CLA-UA Spain Cyber Cup (UA) (2x5 mins),four x zyX,four,Espanyol,zyX,Mallorca,30/08/2026,15:00:03,Total de Gols,Under,7.5,,,,,1.74,0-0,4-2,Green,0.74,17542096
, CLA-UA Spain Cyber Cup (UA) (2x5 mins),four x zyX,four,Espanyol,zyX,Mallorca,30/08/2026,15:00:52,Total de Gols,Under,6.5,,,,,2.07,0-0,4-2,Green,1.07,17542096
, CLA-UA Spain Cyber Cup (UA) (2x5 mins),four x zyX,four,Espanyol,zyX,Mallorca,30/08/2026,15:03:39,Total de Gols,Under,5.5,,,,,2.07,1-0,4-2,Red,-1.0,17542096
, CLA-UA Italy Cyber Cup (UA) (2x5 mins),luxiqq x Xellark,luxiqq,Lazio,Xellark,Lecce,30/08/2026,15:14:34,Total de Gols,Under,8.5,,,,,1.97,0-0,7-3,Red,-1.0,17542078
, CLA-UA Italy Cyber Cup (UA) (2x5 mins),luxiqq x Xellark,luxiqq,Lazio,Xellark,Lecce,30/08/2026,15:15:52,Total de Gols,Under,7.5,,,,,2.02,0-0,7-3,Red,-1.0,17542078
, CLA-UA Italy Cyber Cup (UA) (2x5 mins),luxiqq x Xellark,luxiqq,Lazio,Xellark,Lecce,30/08/2026,15:16:50,Total de Gols,Under,6.5,,,,,2.08,0-0,7-3,Red,-1.0,17542078
, CLA-UA Italy Cyber Cup (UA) (2x5 mins),luxiqq x Xellark,luxiqq,Lazio,Xellark,Lecce,30/08/2026,15:19:01,Total de Gols,Under,9.5,,,,,1.81,2-1,7-3,Red,-1.0,17542078
,CLA-UA World Cyber Cup (UA) (2x5 mins),drksd3 x T3RZ,drksd3,Scotland,T3RZ,Poland,30/08/2026,15:28:01,Total de Gols,Under,8.5,,,,,1.89,0-0,1-6,Green,0.89,17542065
,CLA-UA World Cyber Cup (UA) (2x5 mins),drksd3 x T3RZ,drksd3,Scotland,T3RZ,Poland,30/08/2026,15:29:27,Total de Gols,Under,7.5,,,,,2.01,0-0,1-6,Green,1.01,17542065
,CLA-UA World Cyber Cup (UA) (2x5 mins),drksd3 x T3RZ,drksd3,Scotland,T3RZ,Poland,30/08/2026,15:30:19,Total de Gols,Under,9.5,,,,,1.69,0-1,1-6,Green,0.69,17542065
,CLA-UA World Cyber Cup (UA) (2x5 mins),drksd3 x T3RZ,drksd3,Scotland,T3RZ,Poland,30/08/2026,15:32:02,Total de Gols,Under,10.5,,,,,1.62,0-3,1-6,Green,0.62,17542065
,CLA-UA World Cyber Cup (UA) (2x5 mins),drksd3 x T3RZ,drksd3,Scotland,T3RZ,Poland,30/08/2026,15:36:36,Total de Gols,Under,6.5,,,,,2.31,1-4,1-6,Red,-1.0,17542065
, CLA-UA Italy Cyber Cup (UA) (2x5 mins),Xellark x Sxitted,Xellark,Lecce,Sxitted,Inter,30/08/2026,15:28:12,Total de Gols,Under,7.5,,,,,1.98,0-0,4-4,Red,-1.0,17549210
, CLA-UA Italy Cyber Cup (UA) (2x5 mins),Xellark x Sxitted,Xellark,Lecce,Sxitted,Inter,30/08/2026,15:29:32,Total de Gols,Under,6.5,,,,,2.07,0-0,4-4,Red,-1.0,17549210
, CLA-UA Italy Cyber Cup (UA) (2x5 mins),Xellark x Sxitted,Xellark,Lecce,Sxitted,Inter,30/08/2026,15:34:28,Total de Gols,Under,5.5,,,,,2.12,1-1,4-4,Red,-1.0,17549210
, CLA-UA Italy Cyber Cup (UA) (2x5 mins),Xellark x Sxitted,Xellark,Lecce,Sxitted,Inter,30/08/2026,15:35:12,Total de Gols,Under,8.5,,,,,1.75,2-2,4-4,Green,0.75,17549210
, CLA-UA Italy Cyber Cup (UA) (2x5 mins),Xellark x Sxitted,Xellark,Lecce,Sxitted,Inter,30/08/2026,15:37:29,Total de Gols,Under,9.5,,,,,1.81,3-4,4-4,Green,0.81,17549210
, CLA-UA Italy Cyber Cup (UA) (2x5 mins),luxiqq x Sxitted,luxiqq,Lazio,Sxitted,Inter,30/08/2026,15:42:49,Total de Gols,Under,7.5,,,,,1.73,0-0,0-5,Green,0.73,17549211
, CLA-UA Italy Cyber Cup (UA) (2x5 mins),luxiqq x Sxitted,luxiqq,Lazio,Sxitted,Inter,30/08/2026,15:43:27,Total de Gols,Under,6.5,,,,,2.03,0-0,0-5,Green,1.03,17549211
, CLA-UA Italy Cyber Cup (UA) (2x5 mins),luxiqq x Sxitted,luxiqq,Lazio,Sxitted,Inter,30/08/2026,15:45:04,Total de Gols,Under,5.5,,,,,2.07,0-0,0-5,Green,1.07,17549211
, CLA-UA Italy Cyber Cup (UA) (2x5 mins),luxiqq x Sxitted,luxiqq,Lazio,Sxitted,Inter,30/08/2026,15:46:29,Total de Gols,Under,4.5,,,,,2.08,0-0,0-5,Red,-1.0,17549211
, CLA-UA Italy Cyber Cup (UA) (2x5 mins),luxiqq x mara,luxiqq,Lazio,mara,Fiorentina,30/08/2026,15:56:23,Total de Gols,Under,6.5,,,,,2.03,0-0,4-3,Red,-1.0,17542084
, CLA-UA Italy Cyber Cup (UA) (2x5 mins),luxiqq x mara,luxiqq,Lazio,mara,Fiorentina,30/08/2026,15:57:36,Total de Gols,Under,7.5,,,,,1.66,0-0,4-3,Green,0.66,17542084
, CLA-UA Italy Cyber Cup (UA) (2x5 mins),luxiqq x mara,luxiqq,Lazio,mara,Fiorentina,30/08/2026,16:03:13,Total de Gols,Under,8.5,,,,,1.69,2-2,4-3,Green,0.69,17542084
, CLA-UA Italy Cyber Cup (UA) (2x5 mins),luxiqq x mara,luxiqq,Lazio,mara,Fiorentina,30/08/2026,16:04:33,Total de Gols,Under,9.5,,,,,1.68,3-3,4-3,Green,0.68,17542084
, CLA-UA Spain Cyber Cup (UA) (2x5 mins),_pihaaa_ x four,_pihaaa_,Celta Vigo,four,Espanyol,30/08/2026,15:56:00,Total de Gols,Under,6.5,,,,,2.02,0-0,2-1,Green,1.02,17542101
, CLA-UA Spain Cyber Cup (UA) (2x5 mins),_pihaaa_ x four,_pihaaa_,Celta Vigo,four,Espanyol,30/08/2026,15:57:43,Total de Gols,Under,5.5,,,,,2.07,0-0,2-1,Green,1.07,17542101
, CLA-UA Spain Cyber Cup (UA) (2x5 mins),_pihaaa_ x four,_pihaaa_,Celta Vigo,four,Espanyol,30/08/2026,16:03:11,Total de Gols,Under,4.5,,,,,2.21,2-0,2-1,Green,1.21,17542101
, CLA-UA Spain Cyber Cup (UA) (2x5 mins),_pihaaa_ x four,_pihaaa_,Celta Vigo,four,Espanyol,30/08/2026,16:04:51,Total de Gols,Under,3.5,,,,,2.31,2-0,2-1,Green,1.31,17542101
, CLA-UA Spain Cyber Cup (UA) (2x5 mins),_pihaaa_ x four,_pihaaa_,Celta Vigo,four,Espanyol,30/08/2026,16:06:21,Total de Gols,Under,2.5,,,,,2.46,2-0,2-1,Red,-1.0,17542101
,CLA-UA World Cyber Cup (UA) (2x5 mins),drksd3 x FanFan,drksd3,Scotland,FanFan,Morocco,30/08/2026,15:56:00,Total de Gols,Under,8.5,,,,,1.84,0-0,6-4,Red,-1.0,17542067
,CLA-UA World Cyber Cup (UA) (2x5 mins),drksd3 x FanFan,drksd3,Scotland,FanFan,Morocco,30/08/2026,15:57:12,Total de Gols,Under,7.5,,,,,2.03,0-0,6-4,Red,-1.0,17542067
,CLA-UA World Cyber Cup (UA) (2x5 mins),drksd3 x FanFan,drksd3,Scotland,FanFan,Morocco,30/08/2026,15:59:58,Total de Gols,Under,6.5,,,,,2.12,0-1,6-4,Red,-1.0,17542067
,CLA-UA World Cyber Cup (UA) (2x5 mins),drksd3 x FanFan,drksd3,Scotland,FanFan,Morocco,30/08/2026,16:02:53,Total de Gols,Under,9.5,,,,,1.91,4-1,6-4,Red,-1.0,17542067
,CLA-UA World Cyber Cup (UA) (2x5 mins),drksd3 x FanFan,drksd3,Scotland,FanFan,Morocco,30/08/2026,16:03:10,Total de Gols,Under,10.5,,,,,1.69,4-2,6-4,Green,0.69,17542067
, CLA-UA Italy Cyber Cup (UA) (2x5 mins),Shot x Xellark,Shot,Udinese,Xellark,Lecce,30/08/2026,15:56:23,Total de Gols,Under,5.5,,,,,1.89,0-0,4-2,Red,-1.0,17542085
, CLA-UA Italy Cyber Cup (UA) (2x5 mins),Shot x Xellark,Shot,Udinese,Xellark,Lecce,30/08/2026,15:56:45,Total de Gols,Under,6.5,,,,,1.8,0-0,4-2,Green,0.8,17542085
, CLA-UA Italy Cyber Cup (UA) (2x5 mins),Shot x Xellark,Shot,Udinese,Xellark,Lecce,30/08/2026,16:02:29,Total de Gols,Under,4.5,,,,,2.23,1-1,4-2,Red,-1.0,17542085
,CLA-UA World Cyber Cup (UA) (2x5 mins),Yeti x FanFan,Yeti,Haiti,FanFan,Morocco,30/08/2026,16:10:10,Total de Gols,Under,8.5,,,,,1.68,0-0,5-1,Green,0.68,17542069
,CLA-UA World Cyber Cup (UA) (2x5 mins),Yeti x FanFan,Yeti,Haiti,FanFan,Morocco,30/08/2026,16:11:39,Total de Gols,Under,9.5,,,,,1.62,1-0,5-1,Green,0.62,17542069
,CLA-UA World Cyber Cup (UA) (2x5 mins),Yeti x FanFan,Yeti,Haiti,FanFan,Morocco,30/08/2026,16:13:01,Total de Gols,Under,10.5,,,,,1.62,2-1,5-1,Green,0.62,17542069
,CLA-UA World Cyber Cup (UA) (2x5 mins),Yeti x FanFan,Yeti,Haiti,FanFan,Morocco,30/08/2026,16:15:31,Total de Gols,Under,7.5,,,,,2.07,3-1,5-1,Green,1.07,17542069
,CLA-UA World Cyber Cup (UA) (2x5 mins),Yeti x FanFan,Yeti,Haiti,FanFan,Morocco,30/08/2026,16:17:07,Total de Gols,Under,6.5,,,,,2.22,3-1,5-1,Green,1.22,17542069
, CLA-UA Italy Cyber Cup (UA) (2x5 mins),Xellark x mara,Xellark,Lecce,mara,Fiorentina,30/08/2026,16:10:20,Total de Gols,Under,6.5,,,,,1.77,0-0,3-1,Green,0.77,17542086
, CLA-UA Italy Cyber Cup (UA) (2x5 mins),Xellark x mara,Xellark,Lecce,mara,Fiorentina,30/08/2026,16:10:28,Total de Gols,Under,7.5,,,,,1.72,0-0,3-1,Green,0.72,17542086
, CLA-UA Italy Cyber Cup (UA) (2x5 mins),Xellark x mara,Xellark,Lecce,mara,Fiorentina,30/08/2026,16:18:27,Total de Gols,Under,5.5,,,,,2.26,3-1,3-1,Green,1.26,17542086
, CLA-UA Italy Cyber Cup (UA) (2x5 mins),Xellark x mara,Xellark,Lecce,mara,Fiorentina,30/08/2026,16:19:47,Total de Gols,Under,4.5,,,,,2.61,3-1,3-1,Green,1.61,17542086
, CLA-UA Spain Cyber Cup (UA) (2x5 mins),w1dizrt x rain,w1dizrt,Real Sociedad,rain,Girona FC,30/08/2026,16:08:56,Total de Gols,Under,5.5,,,,,2.02,0-0,2-5,Red,-1.0,17542104
, CLA-UA Spain Cyber Cup (UA) (2x5 mins),w1dizrt x rain,w1dizrt,Real Sociedad,rain,Girona FC,30/08/2026,16:10:57,Total de Gols,Under,6.5,,,,,1.81,0-0,2-5,Red,-1.0,17542104
, CLA-UA Spain Cyber Cup (UA) (2x5 mins),w1dizrt x rain,w1dizrt,Real Sociedad,rain,Girona FC,30/08/2026,16:14:59,Total de Gols,Under,4.5,,,,,2.12,0-1,2-5,Red,-1.0,17542104
, CLA-UA Spain Cyber Cup (UA) (2x5 mins),w1dizrt x rain,w1dizrt,Real Sociedad,rain,Girona FC,30/08/2026,16:18:24,Total de Gols,Under,7.5,,,,,1.54,1-3,2-5,Green,0.54,17542104
,CLA-UA World Cyber Cup (UA) (2x5 mins),Jur_Kr x FanFan,Jur_Kr,Brazil,FanFan,Morocco,30/08/2026,16:23:31,Total de Gols,Under,9.5,,,,,1.75,0-0,7-4,Red,-1.0,17542263
,CLA-UA World Cyber Cup (UA) (2x5 mins),Jur_Kr x FanFan,Jur_Kr,Brazil,FanFan,Morocco,30/08/2026,16:25:04,Total de Gols,Under,10.5,,,,,1.68,0-0,7-4,Red,-1.0,17542263
,CLA-UA World Cyber Cup (UA) (2x5 mins),Jur_Kr x FanFan,Jur_Kr,Brazil,FanFan,Morocco,30/08/2026,16:27:29,Total de Gols,Under,8.5,,,,,2.12,1-1,7-4,Red,-1.0,17542263
, CLA-UA Italy Cyber Cup (UA) (2x5 mins),Shot x luxiqq,Shot,Udinese,luxiqq,Lazio,30/08/2026,16:38:21,Total de Gols,Under,7.5,,,,,1.65,0-0,4-1,Green,0.65,17542090
, CLA-UA Italy Cyber Cup (UA) (2x5 mins),Shot x luxiqq,Shot,Udinese,luxiqq,Lazio,30/08/2026,16:38:38,Total de Gols,Under,6.5,,,,,2.03,0-0,4-1,Green,1.03,17542090
, CLA-UA Italy Cyber Cup (UA) (2x5 mins),Shot x luxiqq,Shot,Udinese,luxiqq,Lazio,30/08/2026,16:39:47,Total de Gols,Under,8.5,,,,,1.69,1-0,4-1,Green,0.69,17542090
, CLA-UA Italy Cyber Cup (UA) (2x5 mins),Shot x luxiqq,Shot,Udinese,luxiqq,Lazio,30/08/2026,16:45:39,Total de Gols,Under,5.5,,,,,2.27,2-1,4-1,Green,1.27,17542090
, CLA-UA Spain Cyber Cup (UA) (2x5 mins),w1dizrt x _pihaaa_,w1dizrt,Real Sociedad,_pihaaa_,Celta Vigo,30/08/2026,16:37:47,Total de Gols,Under,7.5,,,,,1.98,0-0,0-5,Green,0.98,17542107
, CLA-UA Spain Cyber Cup (UA) (2x5 mins),w1dizrt x _pihaaa_,w1dizrt,Real Sociedad,_pihaaa_,Celta Vigo,30/08/2026,16:39:16,Total de Gols,Under,8.5,,,,,1.69,0-0,0-5,Green,0.69,17542107
, CLA-UA Spain Cyber Cup (UA) (2x5 mins),w1dizrt x _pihaaa_,w1dizrt,Real Sociedad,_pihaaa_,Celta Vigo,30/08/2026,16:40:33,Total de Gols,Under,6.5,,,,,2.07,0-1,0-5,Green,1.07,17542107
, CLA-UA Spain Cyber Cup (UA) (2x5 mins),w1dizrt x _pihaaa_,w1dizrt,Real Sociedad,_pihaaa_,Celta Vigo,30/08/2026,16:43:20,Total de Gols,Under,5.5,,,,,1.97,0-2,0-5,Green,0.97,17542107
, CLA-UA Spain Cyber Cup (UA) (2x5 mins),w1dizrt x _pihaaa_,w1dizrt,Real Sociedad,_pihaaa_,Celta Vigo,30/08/2026,16:44:20,Total de Gols,Under,4.5,,,,,2.31,0-2,0-5,Red,-1.0,17542107
, CLA-UA Spain Cyber Cup (UA) (2x5 mins),w1dizrt x _pihaaa_,w1dizrt,Real Sociedad,_pihaaa_,Celta Vigo,30/08/2026,16:45:59,Total de Gols,Under,3.5,,,,,2.27,0-2,0-5,Red,-1.0,17542107
, CLA-UA Italy Cyber Cup (UA) (2x5 mins),Sxitted x Xellark,Sxitted,Inter,Xellark,Lecce,30/08/2026,16:38:24,Total de Gols,Under,7.5,,,,,1.92,0-0,3-5,Red,-1.0,17549215
, CLA-UA Italy Cyber Cup (UA) (2x5 mins),Sxitted x Xellark,Sxitted,Inter,Xellark,Lecce,30/08/2026,16:39:02,Total de Gols,Under,8.5,,,,,1.72,0-0,3-5,Green,0.72,17549215
, CLA-UA Italy Cyber Cup (UA) (2x5 mins),Sxitted x Xellark,Sxitted,Inter,Xellark,Lecce,30/08/2026,16:40:29,Total de Gols,Under,9.5,,,,,1.62,0-2,3-5,Green,0.62,17549215
,CLA-UA World Cyber Cup (UA) (2x5 mins),T3RZ x drksd3,T3RZ,Poland,drksd3,Scotland,30/08/2026,16:38:24,Total de Gols,Under,8.5,,,,,1.7,0-0,7-5,Red,-1.0,17542071
,CLA-UA World Cyber Cup (UA) (2x5 mins),T3RZ x drksd3,T3RZ,Poland,drksd3,Scotland,30/08/2026,16:38:41,Total de Gols,Under,7.5,,,,,2.07,0-0,7-5,Red,-1.0,17542071
,CLA-UA World Cyber Cup (UA) (2x5 mins),T3RZ x drksd3,T3RZ,Poland,drksd3,Scotland,30/08/2026,16:41:56,Total de Gols,Under,9.5,,,,,1.65,2-1,7-5,Red,-1.0,17542071
,CLA-UA World Cyber Cup (UA) (2x5 mins),T3RZ x drksd3,T3RZ,Poland,drksd3,Scotland,30/08/2026,16:46:44,Total de Gols,Under,10.5,,,,,1.54,4-3,7-5,Red,-1.0,17542071
,CLA-UA World Cyber Cup (UA) (2x5 mins),Jur_Kr x Yeti,Jur_Kr,Brazil,Yeti,Haiti,30/08/2026,16:37:31,Total de Gols,Under,8.5,,,,,1.98,0-0,6-4,Red,-1.0,17542265
,CLA-UA World Cyber Cup (UA) (2x5 mins),Jur_Kr x Yeti,Jur_Kr,Brazil,Yeti,Haiti,30/08/2026,16:39:24,Total de Gols,Under,7.5,,,,,2.03,0-0,6-4,Red,-1.0,17542265
,CLA-UA World Cyber Cup (UA) (2x5 mins),Jur_Kr x Yeti,Jur_Kr,Brazil,Yeti,Haiti,30/08/2026,16:43:19,Total de Gols,Under,6.5,,,,,2.03,2-0,6-4,Red,-1.0,17542265
,CLA-UA World Cyber Cup (UA) (2x5 mins),Jur_Kr x Yeti,Jur_Kr,Brazil,Yeti,Haiti,30/08/2026,16:45:52,Total de Gols,Under,9.5,,,,,1.97,4-2,6-4,Red,-1.0,17542265
,CLA-UA World Cyber Cup (UA) (2x5 mins),Jur_Kr x Yeti,Jur_Kr,Brazil,Yeti,Haiti,30/08/2026,16:46:51,Total de Gols,Under,10.5,,,,,1.5,4-3,6-4,Green,0.5,17542265
, CLA-UA Spain Cyber Cup (UA) (2x5 mins),rain x _pihaaa_,rain,Girona FC,_pihaaa_,Celta Vigo,30/08/2026,16:51:35,Total de Gols,Under,7.5,,,,,1.74,0-0,2-4,Green,0.74,17542109
, CLA-UA Spain Cyber Cup (UA) (2x5 mins),rain x _pihaaa_,rain,Girona FC,_pihaaa_,Celta Vigo,30/08/2026,16:52:47,Total de Gols,Under,6.5,,,,,2.07,0-0,2-4,Green,1.07,17542109
, CLA-UA Spain Cyber Cup (UA) (2x5 mins),rain x _pihaaa_,rain,Girona FC,_pihaaa_,Celta Vigo,30/08/2026,16:54:06,Total de Gols,Under,5.5,,,,,1.96,0-0,2-4,Red,-1.0,17542109
, CLA-UA Spain Cyber Cup (UA) (2x5 mins),rain x _pihaaa_,rain,Girona FC,_pihaaa_,Celta Vigo,30/08/2026,16:57:41,Total de Gols,Under,9.5,,,,,1.56,2-2,2-4,Green,0.56,17542109
, CLA-UA Spain Cyber Cup (UA) (2x5 mins),rain x _pihaaa_,rain,Girona FC,_pihaaa_,Celta Vigo,30/08/2026,16:58:08,Total de Gols,Under,8.5,,,,,1.95,2-3,2-4,Green,0.95,17542109
, CLA-UA Italy Cyber Cup (UA) (2x5 mins),Sxitted x luxiqq,Sxitted,Inter,luxiqq,Lazio,30/08/2026,16:52:25,Total de Gols,Under,7.5,,,,,1.74,0-0,7-1,Red,-1.0,17549216
, CLA-UA Italy Cyber Cup (UA) (2x5 mins),Sxitted x luxiqq,Sxitted,Inter,luxiqq,Lazio,30/08/2026,16:53:18,Total de Gols,Under,6.5,,,,,2.07,0-0,7-1,Red,-1.0,17549216
, CLA-UA Italy Cyber Cup (UA) (2x5 mins),Sxitted x luxiqq,Sxitted,Inter,luxiqq,Lazio,30/08/2026,16:54:52,Total de Gols,Under,5.5,,,,,2.07,0-0,7-1,Red,-1.0,17549216
, CLA-UA Italy Cyber Cup (UA) (2x5 mins),Sxitted x luxiqq,Sxitted,Inter,luxiqq,Lazio,30/08/2026,16:56:18,Total de Gols,Under,4.5,,,,,2.12,0-0,7-1,Red,-1.0,17549216
, CLA-UA Italy Cyber Cup (UA) (2x5 mins),Sxitted x luxiqq,Sxitted,Inter,luxiqq,Lazio,30/08/2026,16:59:57,Total de Gols,Under,8.5,,,,,1.98,5-0,7-1,Green,0.98,17549216
,CLA-UA World Cyber Cup (UA) (2x5 mins),FanFan x T3RZ,FanFan,Morocco,T3RZ,Poland,30/08/2026,16:51:19,Total de Gols,Under,9.5,,,,,1.75,0-0,3-8,Red,-1.0,17542072
,CLA-UA World Cyber Cup (UA) (2x5 mins),FanFan x T3RZ,FanFan,Morocco,T3RZ,Poland,30/08/2026,16:52:22,Total de Gols,Under,10.5,,,,,1.7,0-0,3-8,Red,-1.0,17542072
,CLA-UA World Cyber Cup (UA) (2x5 mins),FanFan x T3RZ,FanFan,Morocco,T3RZ,Poland,30/08/2026,16:53:39,Total de Gols,Under,11.5,,,,,1.84,1-2,3-8,Green,0.84,17542072
,CLA-UA World Cyber Cup (UA) (2x5 mins),FanFan x T3RZ,FanFan,Morocco,T3RZ,Poland,30/08/2026,16:55:33,Total de Gols,Under,12.5,,,,,1.71,2-3,3-8,Green,0.71,17542072
, CLA-UA Italy Cyber Cup (UA) (2x5 mins),Xellark x Shot,Xellark,Lecce,Shot,Udinese,30/08/2026,17:06:22,Total de Gols,Under,6.5,,,,,1.94,1-0,1-3,Green,0.94,17542095
, CLA-UA Italy Cyber Cup (UA) (2x5 mins),Xellark x Shot,Xellark,Lecce,Shot,Udinese,30/08/2026,17:09:17,Total de Gols,Under,5.5,,,,,2.17,1-1,1-3,Green,1.17,17542095
, CLA-UA Italy Cyber Cup (UA) (2x5 mins),Xellark x Shot,Xellark,Lecce,Shot,Udinese,30/08/2026,17:15:18,Total de Gols,Under,4.5,,,,,2.56,1-3,1-3,Green,1.56,17542095
, CLA-UA Italy Cyber Cup (UA) (2x5 mins),mara x luxiqq,mara,Fiorentina,luxiqq,Lazio,30/08/2026,17:06:26,Total de Gols,Under,7.5,,,,,1.72,0-0,5-7,Red,-1.0,17542094
, CLA-UA Italy Cyber Cup (UA) (2x5 mins),mara x luxiqq,mara,Fiorentina,luxiqq,Lazio,30/08/2026,17:06:50,Total de Gols,Under,8.5,,,,,1.66,0-0,5-7,Red,-1.0,17542094
, CLA-UA Italy Cyber Cup (UA) (2x5 mins),mara x luxiqq,mara,Fiorentina,luxiqq,Lazio,30/08/2026,17:07:13,Total de Gols,Under,6.5,,,,,1.97,1-0,5-7,Red,-1.0,17542094
, CLA-UA Italy Cyber Cup (UA) (2x5 mins),mara x luxiqq,mara,Fiorentina,luxiqq,Lazio,30/08/2026,17:07:59,Total de Gols,Under,9.5,,,,,1.73,1-1,5-7,Red,-1.0,17542094
, CLA-UA Italy Cyber Cup (UA) (2x5 mins),mara x luxiqq,mara,Fiorentina,luxiqq,Lazio,30/08/2026,17:08:19,Total de Gols,Under,10.5,,,,,1.63,1-2,5-7,Red,-1.0,17542094
, CLA-UA Italy Cyber Cup (UA) (2x5 mins),mara x luxiqq,mara,Fiorentina,luxiqq,Lazio,30/08/2026,17:09:54,Total de Gols,Under,11.5,,,,,1.72,2-3,5-7,Red,-1.0,17542094
, CLA-UA Italy Cyber Cup (UA) (2x5 mins),mara x luxiqq,mara,Fiorentina,luxiqq,Lazio,30/08/2026,17:11:33,Total de Gols,Under,12.5,,,,,1.63,2-5,5-7,Green,0.63,17542094
, CLA-UA Italy Cyber Cup (UA) (2x5 mins),mara x luxiqq,mara,Fiorentina,luxiqq,Lazio,30/08/2026,17:14:48,Total de Gols,Under,13.5,,,,,1.52,5-5,5-7,Green,0.52,17542094
,CLA-UA World Cyber Cup (UA) (2x5 mins),FanFan x drksd3,FanFan,Morocco,drksd3,Scotland,30/08/2026,17:06:22,Total de Gols,Under,8.5,,,,,1.93,0-0,4-4,Green,0.93,17542074
,CLA-UA World Cyber Cup (UA) (2x5 mins),FanFan x drksd3,FanFan,Morocco,drksd3,Scotland,30/08/2026,17:06:26,Total de Gols,Under,9.5,,,,,1.88,0-0,4-4,Green,0.88,17542074
,CLA-UA World Cyber Cup (UA) (2x5 mins),FanFan x drksd3,FanFan,Morocco,drksd3,Scotland,30/08/2026,17:08:43,Total de Gols,Under,7.5,,,,,2.07,0-1,4-4,Red,-1.0,17542074
, CLA-UA Italy Cyber Cup (UA) (2x5 mins),FanFan x Yeti,FanFan,Lecce,Yeti,Lazio,30/08/2026,17:30:25,Total de Gols,Under,8.5,,,,,1.82,0-1,7-3,Red,-1.0,17542112
, CLA-UA Italy Cyber Cup (UA) (2x5 mins),FanFan x Yeti,FanFan,Lecce,Yeti,Lazio,30/08/2026,17:30:53,Total de Gols,Under,7.5,,,,,2.07,0-1,7-3,Red,-1.0,17542112
, CLA-UA Italy Cyber Cup (UA) (2x5 mins),FanFan x Yeti,FanFan,Lecce,Yeti,Lazio,30/08/2026,17:31:35,Total de Gols,Under,9.5,,,,,1.82,1-1,7-3,Red,-1.0,17542112
, CLA-UA Italy Cyber Cup (UA) (2x5 mins),FanFan x Yeti,FanFan,Lecce,Yeti,Lazio,30/08/2026,17:38:32,Total de Gols,Under,10.5,,,,,1.54,4-3,7-3,Green,0.54,17542112
, CLA-UA Italy Cyber Cup (UA) (2x5 mins),FanFan x Yeti,FanFan,Lecce,Yeti,Lazio,30/08/2026,17:39:48,Total de Gols,Under,11.5,,,,,1.44,6-3,7-3,Green,0.44,17542112
,CLA-UA World Cyber Cup (UA) (2x5 mins),Sxitted x Shot,Sxitted,Iraq,Shot,Northern Ireland,30/08/2026,17:31:59,Total de Gols,Under,5.5,,,,,2.02,0-0,5-1,Red,-1.0,17549217
,CLA-UA World Cyber Cup (UA) (2x5 mins),Sxitted x Shot,Sxitted,Iraq,Shot,Northern Ireland,30/08/2026,17:33:01,Total de Gols,Under,6.5,,,,,1.72,0-0,5-1,Green,0.72,17549217
,CLA-UA World Cyber Cup (UA) (2x5 mins),Sxitted x Shot,Sxitted,Iraq,Shot,Northern Ireland,30/08/2026,17:34:28,Total de Gols,Under,7.5,,,,,1.8,2-0,5-1,Green,0.8,17549217
, CLA-UA Italy Cyber Cup (UA) (2x5 mins),FanFan x Jur_Kr,FanFan,Lecce,Jur_Kr,Bologna FC,30/08/2026,17:43:58,Total de Gols,Under,9.5,,,,,1.75,0-0,3-4,Green,0.75,17542117
, CLA-UA Italy Cyber Cup (UA) (2x5 mins),FanFan x Jur_Kr,FanFan,Lecce,Jur_Kr,Bologna FC,30/08/2026,17:44:52,Total de Gols,Under,10.5,,,,,1.73,0-0,3-4,Green,0.73,17542117
, CLA-UA Italy Cyber Cup (UA) (2x5 mins),FanFan x Jur_Kr,FanFan,Lecce,Jur_Kr,Bologna FC,30/08/2026,17:46:34,Total de Gols,Under,8.5,,,,,2.02,0-1,3-4,Green,1.02,17542117
, CLA-UA Italy Cyber Cup (UA) (2x5 mins),FanFan x Jur_Kr,FanFan,Lecce,Jur_Kr,Bologna FC,30/08/2026,17:49:03,Total de Gols,Under,7.5,,,,,2.07,0-2,3-4,Green,1.07,17542117
, CLA-UA Italy Cyber Cup (UA) (2x5 mins),FanFan x Jur_Kr,FanFan,Lecce,Jur_Kr,Bologna FC,30/08/2026,17:50:44,Total de Gols,Under,6.5,,,,,2.22,1-2,3-4,Red,-1.0,17542117
, CLA-UA Italy Cyber Cup (UA) (2x5 mins),FanFan x Jur_Kr,FanFan,Lecce,Jur_Kr,Bologna FC,30/08/2026,17:52:25,Total de Gols,Under,5.5,,,,,2.16,1-2,3-4,Red,-1.0,17542117
, CLA-UA Italy Cyber Cup (UA) (2x5 mins),drksd3 x T3RZ,drksd3,Udinese,T3RZ,Milan,30/08/2026,17:58:26,Total de Gols,Under,9.5,,,,,1.78,0-0,3-6,Green,0.78,17542115
, CLA-UA Italy Cyber Cup (UA) (2x5 mins),drksd3 x T3RZ,drksd3,Udinese,T3RZ,Milan,30/08/2026,17:58:54,Total de Gols,Under,8.5,,,,,2.07,0-0,3-6,Red,-1.0,17542115
, CLA-UA Italy Cyber Cup (UA) (2x5 mins),drksd3 x T3RZ,drksd3,Udinese,T3RZ,Milan,30/08/2026,17:59:37,Total de Gols,Under,10.5,,,,,1.78,1-0,3-6,Green,0.78,17542115
, CLA-UA Italy Cyber Cup (UA) (2x5 mins),drksd3 x T3RZ,drksd3,Udinese,T3RZ,Milan,30/08/2026,18:00:19,Total de Gols,Under,11.5,,,,,1.68,1-1,3-6,Green,0.68,17542115
, CLA-UA Italy Cyber Cup (UA) (2x5 mins),drksd3 x T3RZ,drksd3,Udinese,T3RZ,Milan,30/08/2026,18:02:46,Total de Gols,Under,12.5,,,,,1.73,2-3,3-6,Green,0.73,17542115
, CLA-UA Italy Cyber Cup (UA) (2x5 mins),drksd3 x T3RZ,drksd3,Udinese,T3RZ,Milan,30/08/2026,18:05:27,Total de Gols,Under,13.5,,,,,1.83,3-5,3-6,Green,0.83,17542115
, CLA-UA Italy Cyber Cup (UA) (2x5 mins),T3RZ x FanFan,T3RZ,Milan,FanFan,Lecce,30/08/2026,18:11:40,Total de Gols,Under,9.5,,,,,1.75,0-0,7-5,Red,-1.0,17542119
, CLA-UA Italy Cyber Cup (UA) (2x5 mins),T3RZ x FanFan,T3RZ,Milan,FanFan,Lecce,30/08/2026,18:13:05,Total de Gols,Under,8.5,,,,,2.03,0-0,7-5,Red,-1.0,17542119
, CLA-UA Italy Cyber Cup (UA) (2x5 mins),T3RZ x FanFan,T3RZ,Milan,FanFan,Lecce,30/08/2026,18:13:25,Total de Gols,Under,10.5,,,,,1.92,0-1,7-5,Red,-1.0,17542119
, CLA-UA Italy Cyber Cup (UA) (2x5 mins),T3RZ x FanFan,T3RZ,Milan,FanFan,Lecce,30/08/2026,18:16:14,Total de Gols,Under,11.5,,,,,1.69,2-2,7-5,Red,-1.0,17542119
, CLA-UA Italy Cyber Cup (UA) (2x5 mins),T3RZ x FanFan,T3RZ,Milan,FanFan,Lecce,30/08/2026,18:17:36,Total de Gols,Under,12.5,,,,,1.7,4-2,7-5,Green,0.7,17542119
, CLA-UA Italy Cyber Cup (UA) (2x5 mins),T3RZ x FanFan,T3RZ,Milan,FanFan,Lecce,30/08/2026,18:18:04,Total de Gols,Under,13.5,,,,,1.59,5-2,7-5,Green,0.59,17542119
,CLA-UA World Cyber Cup (UA) (2x5 mins),Shot x Xellark,Shot,Northern Ireland,Xellark,Norway,30/08/2026,18:26:31,Total de Gols,Under,5.5,,,,,1.92,0-0,4-2,Red,-1.0,17542161
,CLA-UA World Cyber Cup (UA) (2x5 mins),Shot x Xellark,Shot,Northern Ireland,Xellark,Norway,30/08/2026,18:26:34,Total de Gols,Under,6.5,,,,,1.92,0-0,4-2,Green,0.92,17542161
,CLA-UA World Cyber Cup (UA) (2x5 mins),Shot x Xellark,Shot,Northern Ireland,Xellark,Norway,30/08/2026,18:27:48,Total de Gols,Under,7.5,,,,,1.59,1-0,4-2,Green,0.59,17542161
,CLA-UA World Cyber Cup (UA) (2x5 mins),Shot x Xellark,Shot,Northern Ireland,Xellark,Norway,30/08/2026,18:31:14,Total de Gols,Under,8.5,,,,,1.56,3-1,4-2,Green,0.56,17542161
,CLA-UA World Cyber Cup (UA) (2x5 mins),luxiqq x mara,luxiqq,France,mara,Senegal,30/08/2026,18:26:41,Total de Gols,Under,7.5,,,,,1.73,0-0,3-5,Red,-1.0,17542154
,CLA-UA World Cyber Cup (UA) (2x5 mins),luxiqq x mara,luxiqq,France,mara,Senegal,30/08/2026,18:26:45,Total de Gols,Under,8.5,,,,,1.75,0-1,3-5,Green,0.75,17542154
,CLA-UA World Cyber Cup (UA) (2x5 mins),luxiqq x mara,luxiqq,France,mara,Senegal,30/08/2026,18:29:03,Total de Gols,Under,6.5,,,,,2.12,0-1,3-5,Red,-1.0,17542154
,CLA-UA World Cyber Cup (UA) (2x5 mins),luxiqq x mara,luxiqq,France,mara,Senegal,30/08/2026,18:36:33,Total de Gols,Under,5.5,,,,,2.71,2-3,3-5,Red,-1.0,17542154
,CLA-UA World Cyber Cup (UA) (2x5 mins),Shot x Sxitted,Shot,Northern Ireland,Sxitted,Iraq,30/08/2026,18:40:52,Total de Gols,Under,5.5,,,,,1.97,0-0,2-3,Green,0.97,17549221
,CLA-UA World Cyber Cup (UA) (2x5 mins),Shot x Sxitted,Shot,Northern Ireland,Sxitted,Iraq,30/08/2026,18:41:44,Total de Gols,Under,6.5,,,,,1.76,0-0,2-3,Green,0.76,17549221
,CLA-UA World Cyber Cup (UA) (2x5 mins),Shot x Sxitted,Shot,Northern Ireland,Sxitted,Iraq,30/08/2026,18:48:20,Total de Gols,Under,4.5,,,,,2.41,1-2,2-3,Red,-1.0,17549221
,CLA-UA World Cyber Cup (UA) (2x5 mins),Xellark x luxiqq,Xellark,Norway,luxiqq,France,30/08/2026,18:54:31,Total de Gols,Under,9.5,,,,,1.7,0-0,2-6,Green,0.7,17542167
,CLA-UA World Cyber Cup (UA) (2x5 mins),Xellark x luxiqq,Xellark,Norway,luxiqq,France,30/08/2026,18:54:46,Total de Gols,Under,8.5,,,,,2.03,0-0,2-6,Green,1.03,17542167
,CLA-UA World Cyber Cup (UA) (2x5 mins),Xellark x luxiqq,Xellark,Norway,luxiqq,France,30/08/2026,18:57:03,Total de Gols,Under,7.5,,,,,2.07,0-1,2-6,Red,-1.0,17542167
,CLA-UA World Cyber Cup (UA) (2x5 mins),Xellark x luxiqq,Xellark,Norway,luxiqq,France,30/08/2026,18:58:29,Total de Gols,Under,10.5,,,,,1.95,1-3,2-6,Green,0.95,17542167
,CLA-UA World Cyber Cup (UA) (2x5 mins),Sxitted x mara,Sxitted,Iraq,mara,Senegal,30/08/2026,18:55:01,Total de Gols,Under,6.5,,,,,2.02,0-0,4-4,Red,-1.0,17549222
,CLA-UA World Cyber Cup (UA) (2x5 mins),Sxitted x mara,Sxitted,Iraq,mara,Senegal,30/08/2026,18:55:36,Total de Gols,Under,7.5,,,,,1.84,0-0,4-4,Red,-1.0,17549222
,CLA-UA World Cyber Cup (UA) (2x5 mins),Sxitted x mara,Sxitted,Iraq,mara,Senegal,30/08/2026,18:56:22,Total de Gols,Under,8.5,,,,,1.69,1-0,4-4,Green,0.69,17549222
, CLA-UA Italy Cyber Cup (UA) (2x5 mins),T3RZ x drksd3,T3RZ,Milan,drksd3,Udinese,30/08/2026,19:08:21,Total de Gols,Under,9.5,,,,,1.73,0-0,7-4,Red,-1.0,17542127
, CLA-UA Italy Cyber Cup (UA) (2x5 mins),T3RZ x drksd3,T3RZ,Milan,drksd3,Udinese,30/08/2026,19:08:44,Total de Gols,Under,8.5,,,,,2.01,0-0,7-4,Red,-1.0,17542127
, CLA-UA Italy Cyber Cup (UA) (2x5 mins),T3RZ x drksd3,T3RZ,Milan,drksd3,Udinese,30/08/2026,19:09:25,Total de Gols,Under,10.5,,,,,1.78,1-0,7-4,Red,-1.0,17542127
, CLA-UA Italy Cyber Cup (UA) (2x5 mins),T3RZ x drksd3,T3RZ,Milan,drksd3,Udinese,30/08/2026,19:09:48,Total de Gols,Under,11.5,,,,,1.68,2-0,7-4,Green,0.68,17542127
, CLA-UA Italy Cyber Cup (UA) (2x5 mins),T3RZ x drksd3,T3RZ,Milan,drksd3,Udinese,30/08/2026,19:14:35,Total de Gols,Under,12.5,,,,,1.59,3-3,7-4,Green,0.59,17542127
,CLA-UA World Cyber Cup (UA) (2x5 mins),Sxitted x luxiqq,Sxitted,Iraq,luxiqq,France,30/08/2026,19:22:57,Total de Gols,Under,7.5,,,,,1.79,0-0,5-8,Red,-1.0,17549224
,CLA-UA World Cyber Cup (UA) (2x5 mins),Sxitted x luxiqq,Sxitted,Iraq,luxiqq,France,30/08/2026,19:23:09,Total de Gols,Under,8.5,,,,,1.78,0-0,5-8,Red,-1.0,17549224
,CLA-UA World Cyber Cup (UA) (2x5 mins),Sxitted x luxiqq,Sxitted,Iraq,luxiqq,France,30/08/2026,19:23:31,Total de Gols,Under,9.5,,,,,1.63,0-1,5-8,Red,-1.0,17549224
,CLA-UA World Cyber Cup (UA) (2x5 mins),Sxitted x luxiqq,Sxitted,Iraq,luxiqq,France,30/08/2026,19:26:36,Total de Gols,Under,10.5,,,,,1.78,2-2,5-8,Red,-1.0,17549224
,CLA-UA World Cyber Cup (UA) (2x5 mins),Sxitted x luxiqq,Sxitted,Iraq,luxiqq,France,30/08/2026,19:28:12,Total de Gols,Under,11.5,,,,,1.77,3-3,5-8,Red,-1.0,17549224
,CLA-UA World Cyber Cup (UA) (2x5 mins),Sxitted x luxiqq,Sxitted,Iraq,luxiqq,France,30/08/2026,19:30:03,Total de Gols,Under,12.5,,,,,1.71,4-4,5-8,Red,-1.0,17549224
,CLA-UA World Cyber Cup (UA) (2x5 mins),Xellark x Shot,Xellark,Norway,Shot,Northern Ireland,30/08/2026,19:36:15,Total de Gols,Under,5.5,,,,,1.98,0-0,5-3,Red,-1.0,17542157
,CLA-UA World Cyber Cup (UA) (2x5 mins),Xellark x Shot,Xellark,Norway,Shot,Northern Ireland,30/08/2026,19:37:30,Total de Gols,Under,6.5,,,,,1.69,0-0,5-3,Red,-1.0,17542157
,CLA-UA World Cyber Cup (UA) (2x5 mins),Xellark x Shot,Xellark,Norway,Shot,Northern Ireland,30/08/2026,19:39:22,Total de Gols,Under,7.5,,,,,1.65,1-1,5-3,Red,-1.0,17542157
,CLA-UA World Cyber Cup (UA) (2x5 mins),Xellark x Shot,Xellark,Norway,Shot,Northern Ireland,30/08/2026,19:40:18,Total de Gols,Under,8.5,,,,,1.76,3-1,5-3,Green,0.76,17542157
,CLA-UA World Cyber Cup (UA) (2x5 mins),Xellark x Shot,Xellark,Norway,Shot,Northern Ireland,30/08/2026,19:40:52,Total de Gols,Under,9.5,,,,,1.54,4-1,5-3,Green,0.54,17542157
,CLA-UA World Cyber Cup (UA) (2x5 mins),mara x luxiqq,mara,Senegal,luxiqq,France,30/08/2026,19:36:28,Total de Gols,Under,7.5,,,,,1.72,0-0,3-4,Green,0.72,17542173
,CLA-UA World Cyber Cup (UA) (2x5 mins),mara x luxiqq,mara,Senegal,luxiqq,France,30/08/2026,19:37:07,Total de Gols,Under,6.5,,,,,2.07,0-0,3-4,Red,-1.0,17542173
,CLA-UA World Cyber Cup (UA) (2x5 mins),mara x luxiqq,mara,Senegal,luxiqq,France,30/08/2026,19:39:28,Total de Gols,Under,8.5,,,,,1.83,1-1,3-4,Green,0.83,17542173
,CLA-UA World Cyber Cup (UA) (2x5 mins),mara x luxiqq,mara,Senegal,luxiqq,France,30/08/2026,19:44:25,Total de Gols,Under,5.5,,,,,2.31,1-3,3-4,Red,-1.0,17542173
, CLA-UA Italy Cyber Cup (UA) (2x5 mins),Yeti x T3RZ,Yeti,Lazio,T3RZ,Milan,30/08/2026,19:35:51,Total de Gols,Under,8.5,,,,,1.76,0-0,3-6,Red,-1.0,17542146
, CLA-UA Italy Cyber Cup (UA) (2x5 mins),Yeti x T3RZ,Yeti,Lazio,T3RZ,Milan,30/08/2026,19:36:52,Total de Gols,Under,9.5,,,,,1.68,0-0,3-6,Green,0.68,17542146
, CLA-UA Italy Cyber Cup (UA) (2x5 mins),Yeti x T3RZ,Yeti,Lazio,T3RZ,Milan,30/08/2026,19:38:33,Total de Gols,Under,7.5,,,,,2.07,0-1,3-6,Red,-1.0,17542146
, CLA-UA Italy Cyber Cup (UA) (2x5 mins),Yeti x T3RZ,Yeti,Lazio,T3RZ,Milan,30/08/2026,19:46:48,Total de Gols,Under,10.5,,,,,1.52,3-5,3-6,Green,0.52,17542146
, CLA-UA Italy Cyber Cup (UA) (2x5 mins),FanFan x drksd3,FanFan,Lecce,drksd3,Udinese,30/08/2026,19:36:45,Total de Gols,Under,9.5,,,,,1.78,0-0,6-3,Green,0.78,17542145
, CLA-UA Italy Cyber Cup (UA) (2x5 mins),FanFan x drksd3,FanFan,Lecce,drksd3,Udinese,30/08/2026,19:37:08,Total de Gols,Under,8.5,,,,,2.07,0-0,6-3,Red,-1.0,17542145
, CLA-UA Italy Cyber Cup (UA) (2x5 mins),FanFan x drksd3,FanFan,Lecce,drksd3,Udinese,30/08/2026,19:40:57,Total de Gols,Under,7.5,,,,,2.07,1-1,6-3,Red,-1.0,17542145
, CLA-UA Spain Cyber Cup (UA) (2x5 mins),drksd3 x T3RZ,drksd3,Espanyol,T3RZ,Levante,30/08/2026,22:30:14,Total de Gols,Under,9.5,,,,,1.75,0-0,1-4,Green,0.75,17542240
, CLA-UA Spain Cyber Cup (UA) (2x5 mins),drksd3 x T3RZ,drksd3,Espanyol,T3RZ,Levante,30/08/2026,22:30:49,Total de Gols,Under,8.5,,,,,2.03,0-0,1-4,Green,1.03,17542240
, CLA-UA Spain Cyber Cup (UA) (2x5 mins),drksd3 x T3RZ,drksd3,Espanyol,T3RZ,Levante,30/08/2026,22:31:57,Total de Gols,Under,7.5,,,,,2.07,0-0,1-4,Green,1.07,17542240
, CLA-UA Spain Cyber Cup (UA) (2x5 mins),drksd3 x T3RZ,drksd3,Espanyol,T3RZ,Levante,30/08/2026,22:32:52,Total de Gols,Under,6.5,,,,,1.98,0-0,1-4,Green,0.98,17542240
, CLA-UA Spain Cyber Cup (UA) (2x5 mins),drksd3 x T3RZ,drksd3,Espanyol,T3RZ,Levante,30/08/2026,22:36:20,Total de Gols,Under,5.5,,,,,2.2,0-2,1-4,Green,1.2,17542240
,CLA-UA World Cyber Cup (UA) (2x5 mins),FanFan x murchik,FanFan,Qatar,murchik,Switzerland,30/08/2026,22:30:08,Total de Gols,Under,8.5,,,,,1.68,0-0,7-3,Red,-1.0,17542270
,CLA-UA World Cyber Cup (UA) (2x5 mins),FanFan x murchik,FanFan,Qatar,murchik,Switzerland,30/08/2026,22:30:34,Total de Gols,Under,7.5,,,,,2.02,0-0,7-3,Red,-1.0,17542270
,CLA-UA World Cyber Cup (UA) (2x5 mins),FanFan x murchik,FanFan,Qatar,murchik,Switzerland,30/08/2026,22:32:51,Total de Gols,Under,9.5,,,,,1.75,2-0,7-3,Red,-1.0,17542270
,CLA-UA World Cyber Cup (UA) (2x5 mins),FanFan x murchik,FanFan,Qatar,murchik,Switzerland,30/08/2026,22:33:15,Total de Gols,Under,10.5,,,,,1.65,3-0,7-3,Green,0.65,17542270
,CLA-UA World Cyber Cup (UA) (2x5 mins),FanFan x murchik,FanFan,Qatar,murchik,Switzerland,30/08/2026,22:37:44,Total de Gols,Under,11.5,,,,,1.66,4-3,7-3,Green,0.66,17542270
,CLA-UA World Cyber Cup (UA) (2x5 mins),Bucha x Xellark,Bucha,Bosnia and Herzegovina,Xellark,Canada,30/08/2026,22:31:02,Total de Gols,Under,7.5,,,,,1.69,0-0,4-2,Green,0.69,17542327
,CLA-UA World Cyber Cup (UA) (2x5 mins),Bucha x Xellark,Bucha,Bosnia and Herzegovina,Xellark,Canada,30/08/2026,22:31:25,Total de Gols,Under,6.5,,,,,2.11,0-0,4-2,Green,1.11,17542327
,CLA-UA World Cyber Cup (UA) (2x5 mins),Bucha x Xellark,Bucha,Bosnia and Herzegovina,Xellark,Canada,30/08/2026,22:32:56,Total de Gols,Under,5.5,,,,,2.12,0-0,4-2,Red,-1.0,17542327
,CLA-UA World Cyber Cup (UA) (2x5 mins),Bucha x Xellark,Bucha,Bosnia and Herzegovina,Xellark,Canada,30/08/2026,22:37:30,Total de Gols,Under,4.5,,,,,2.22,1-1,4-2,Red,-1.0,17542327
,CLA-UA World Cyber Cup (UA) (2x5 mins),Bucha x FanFan,Bucha,Bosnia and Herzegovina,FanFan,Qatar,30/08/2026,22:44:11,Total de Gols,Under,8.5,,,,,1.74,0-0,6-7,Red,-1.0,17542271
,CLA-UA World Cyber Cup (UA) (2x5 mins),Bucha x FanFan,Bucha,Bosnia and Herzegovina,FanFan,Qatar,30/08/2026,22:44:23,Total de Gols,Under,9.5,,,,,1.68,0-0,6-7,Red,-1.0,17542271
,CLA-UA World Cyber Cup (UA) (2x5 mins),Bucha x FanFan,Bucha,Bosnia and Herzegovina,FanFan,Qatar,30/08/2026,22:45:14,Total de Gols,Under,10.5,,,,,1.85,1-1,6-7,Red,-1.0,17542271
,CLA-UA World Cyber Cup (UA) (2x5 mins),Bucha x FanFan,Bucha,Bosnia and Herzegovina,FanFan,Qatar,30/08/2026,22:47:10,Total de Gols,Under,11.5,,,,,1.77,2-2,6-7,Red,-1.0,17542271
,CLA-UA World Cyber Cup (UA) (2x5 mins),Bucha x FanFan,Bucha,Bosnia and Herzegovina,FanFan,Qatar,30/08/2026,22:51:26,Total de Gols,Under,12.5,,,,,1.77,4-4,6-7,Red,-1.0,17542271
,CLA-UA World Cyber Cup (UA) (2x5 mins),Bucha x FanFan,Bucha,Bosnia and Herzegovina,FanFan,Qatar,30/08/2026,22:52:39,Total de Gols,Under,13.5,,,,,1.48,4-6,6-7,Green,0.48,17542271
,CLA-UA World Cyber Cup (UA) (2x5 mins),Bucha x FanFan,Bucha,Bosnia and Herzegovina,FanFan,Qatar,30/08/2026,22:53:47,Total de Gols,Under,14.5,,,,,1.46,5-7,6-7,Green,0.46,17542271
, CLA-UA Spain Cyber Cup (UA) (2x5 mins),drksd3 x Galikooo,drksd3,Espanyol,Galikooo,Girona FC,30/08/2026,22:44:11,Total de Gols,Under,8.5,,,,,1.75,0-0,3-8,Red,-1.0,17542246
, CLA-UA Spain Cyber Cup (UA) (2x5 mins),drksd3 x Galikooo,drksd3,Espanyol,Galikooo,Girona FC,30/08/2026,22:44:56,Total de Gols,Under,7.5,,,,,2.07,0-0,3-8,Red,-1.0,17542246
, CLA-UA Spain Cyber Cup (UA) (2x5 mins),drksd3 x Galikooo,drksd3,Espanyol,Galikooo,Girona FC,30/08/2026,22:46:15,Total de Gols,Under,9.5,,,,,1.61,0-1,3-8,Red,-1.0,17542246
, CLA-UA Spain Cyber Cup (UA) (2x5 mins),drksd3 x Galikooo,drksd3,Espanyol,Galikooo,Girona FC,30/08/2026,22:51:22,Total de Gols,Under,10.5,,,,,1.71,2-4,3-8,Red,-1.0,17542246
, CLA-UA Spain Cyber Cup (UA) (2x5 mins),drksd3 x Galikooo,drksd3,Espanyol,Galikooo,Girona FC,30/08/2026,22:54:47,Total de Gols,Under,11.5,,,,,1.5,3-6,3-8,Green,0.5,17542246
,CLA-UA World Cyber Cup (UA) (2x5 mins),Xellark x FanFan,Xellark,Canada,FanFan,Qatar,30/08/2026,22:58:21,Total de Gols,Under,7.5,,,,,2.03,0-0,1-2,Green,1.03,17542329
,CLA-UA World Cyber Cup (UA) (2x5 mins),Xellark x FanFan,Xellark,Canada,FanFan,Qatar,30/08/2026,22:58:26,Total de Gols,Under,8.5,,,,,1.65,0-0,1-2,Green,0.65,17542329
,CLA-UA World Cyber Cup (UA) (2x5 mins),Xellark x FanFan,Xellark,Canada,FanFan,Qatar,30/08/2026,23:00:14,Total de Gols,Under,6.5,,,,,2.06,0-0,1-2,Green,1.06,17542329
,CLA-UA World Cyber Cup (UA) (2x5 mins),Xellark x FanFan,Xellark,Canada,FanFan,Qatar,30/08/2026,23:01:36,Total de Gols,Under,5.5,,,,,2.08,0-0,1-2,Green,1.08,17542329
,CLA-UA World Cyber Cup (UA) (2x5 mins),Xellark x FanFan,Xellark,Canada,FanFan,Qatar,30/08/2026,23:07:18,Total de Gols,Under,4.5,,,,,2.31,1-2,1-2,Green,1.31,17542329
,CLA-UA World Cyber Cup (UA) (2x5 mins),Xellark x FanFan,Xellark,Canada,FanFan,Qatar,30/08/2026,23:08:28,Total de Gols,Under,3.5,,,,,2.47,1-2,1-2,Green,1.47,17542329
, CLA-UA Spain Cyber Cup (UA) (2x5 mins),Donatello x Jur_Kr,Donatello,Celta Vigo,Jur_Kr,Barcelona,30/08/2026,22:58:21,Total de Gols,Under,8.5,,,,,1.83,0-0,7-4,Red,-1.0,17542247
, CLA-UA Spain Cyber Cup (UA) (2x5 mins),Donatello x Jur_Kr,Donatello,Celta Vigo,Jur_Kr,Barcelona,30/08/2026,22:59:10,Total de Gols,Under,7.5,,,,,2.01,0-0,7-4,Red,-1.0,17542247
, CLA-UA Spain Cyber Cup (UA) (2x5 mins),Donatello x Jur_Kr,Donatello,Celta Vigo,Jur_Kr,Barcelona,30/08/2026,23:01:27,Total de Gols,Under,9.5,,,,,1.65,1-1,7-4,Red,-1.0,17542247
, CLA-UA Spain Cyber Cup (UA) (2x5 mins),Donatello x Jur_Kr,Donatello,Celta Vigo,Jur_Kr,Barcelona,30/08/2026,23:02:00,Total de Gols,Under,10.5,,,,,1.97,2-2,7-4,Red,-1.0,17542247
, CLA-UA Spain Cyber Cup (UA) (2x5 mins),Donatello x Jur_Kr,Donatello,Celta Vigo,Jur_Kr,Barcelona,30/08/2026,23:02:28,Total de Gols,Under,11.5,,,,,1.74,3-2,7-4,Green,0.74,17542247
, CLA-UA Spain Cyber Cup (UA) (2x5 mins),Donatello x Jur_Kr,Donatello,Celta Vigo,Jur_Kr,Barcelona,30/08/2026,23:05:55,Total de Gols,Under,12.5,,,,,1.57,6-2,7-4,Green,0.57,17542247
,CLA-UA World Cyber Cup (UA) (2x5 mins),murchik x Bucha,murchik,Switzerland,Bucha,Bosnia and Herzegovina,30/08/2026,23:12:07,Total de Gols,Under,8.5,,,,,1.79,0-0,5-4,Red,-1.0,17542274
,CLA-UA World Cyber Cup (UA) (2x5 mins),murchik x Bucha,murchik,Switzerland,Bucha,Bosnia and Herzegovina,30/08/2026,23:13:14,Total de Gols,Under,7.5,,,,,2.03,0-0,5-4,Red,-1.0,17542274
,CLA-UA World Cyber Cup (UA) (2x5 mins),murchik x Bucha,murchik,Switzerland,Bucha,Bosnia and Herzegovina,30/08/2026,23:17:18,Total de Gols,Under,9.5,,,,,1.65,2-1,5-4,Green,0.65,17542274
, CLA-UA Spain Cyber Cup (UA) (2x5 mins),Jur_Kr x drksd3,Jur_Kr,Barcelona,drksd3,Espanyol,30/08/2026,23:12:23,Total de Gols,Under,9.5,,,,,1.79,0-0,6-3,Green,0.79,17542251
, CLA-UA Spain Cyber Cup (UA) (2x5 mins),Jur_Kr x drksd3,Jur_Kr,Barcelona,drksd3,Espanyol,30/08/2026,23:14:12,Total de Gols,Under,8.5,,,,,1.98,0-0,6-3,Red,-1.0,17542251
, CLA-UA Spain Cyber Cup (UA) (2x5 mins),Jur_Kr x drksd3,Jur_Kr,Barcelona,drksd3,Espanyol,30/08/2026,23:14:30,Total de Gols,Under,10.5,,,,,1.88,1-0,6-3,Green,0.88,17542251
, CLA-UA Spain Cyber Cup (UA) (2x5 mins),Jur_Kr x drksd3,Jur_Kr,Barcelona,drksd3,Espanyol,30/08/2026,23:15:03,Total de Gols,Under,11.5,,,,,1.7,1-1,6-3,Green,0.7,17542251
, CLA-UA Spain Cyber Cup (UA) (2x5 mins),Jur_Kr x drksd3,Jur_Kr,Barcelona,drksd3,Espanyol,30/08/2026,23:23:14,Total de Gols,Under,7.5,,,,,2.62,6-1,6-3,Red,-1.0,17542251
,CLA-UA World Cyber Cup (UA) (2x5 mins),_pihaaa_ x Bucha,_pihaaa_,Ukraine,Bucha,Bosnia and Herzegovina,30/08/2026,23:26:18,Total de Gols,Under,6.5,,,,,2.07,0-0,4-3,Red,-1.0,17542275
,CLA-UA World Cyber Cup (UA) (2x5 mins),_pihaaa_ x Bucha,_pihaaa_,Ukraine,Bucha,Bosnia and Herzegovina,30/08/2026,23:26:39,Total de Gols,Under,7.5,,,,,1.61,0-0,4-3,Green,0.61,17542275
,CLA-UA World Cyber Cup (UA) (2x5 mins),_pihaaa_ x Bucha,_pihaaa_,Ukraine,Bucha,Bosnia and Herzegovina,30/08/2026,23:28:13,Total de Gols,Under,8.5,,,,,1.61,1-0,4-3,Green,0.61,17542275
,CLA-UA World Cyber Cup (UA) (2x5 mins),_pihaaa_ x Bucha,_pihaaa_,Ukraine,Bucha,Bosnia and Herzegovina,30/08/2026,23:31:05,Total de Gols,Under,9.5,,,,,1.62,3-1,4-3,Green,0.62,17542275
,CLA-UA World Cyber Cup (UA) (2x5 mins),murchik x Xellark,murchik,Switzerland,Xellark,Canada,30/08/2026,23:26:05,Total de Gols,Under,8.5,,,,,1.81,0-0,2-7,Red,-1.0,17542330
,CLA-UA World Cyber Cup (UA) (2x5 mins),murchik x Xellark,murchik,Switzerland,Xellark,Canada,30/08/2026,23:26:52,Total de Gols,Under,7.5,,,,,2.07,0-0,2-7,Red,-1.0,17542330
,CLA-UA World Cyber Cup (UA) (2x5 mins),murchik x Xellark,murchik,Switzerland,Xellark,Canada,30/08/2026,23:28:27,Total de Gols,Under,9.5,,,,,1.69,1-0,2-7,Green,0.69,17542330
,CLA-UA World Cyber Cup (UA) (2x5 mins),murchik x Xellark,murchik,Switzerland,Xellark,Canada,30/08/2026,23:35:47,Total de Gols,Under,10.5,,,,,1.44,2-6,2-7,Green,0.44,17542330
, CLA-UA Spain Cyber Cup (UA) (2x5 mins),Jur_Kr x Galikooo,Jur_Kr,Barcelona,Galikooo,Girona FC,30/08/2026,23:40:23,Total de Gols,Under,9.5,,,,,1.76,1-0,6-3,Green,0.76,17542257
, CLA-UA Spain Cyber Cup (UA) (2x5 mins),Jur_Kr x Galikooo,Jur_Kr,Barcelona,Galikooo,Girona FC,30/08/2026,23:41:03,Total de Gols,Under,8.5,,,,,2.03,1-0,6-3,Red,-1.0,17542257
, CLA-UA Spain Cyber Cup (UA) (2x5 mins),Jur_Kr x Galikooo,Jur_Kr,Barcelona,Galikooo,Girona FC,30/08/2026,23:41:42,Total de Gols,Under,10.5,,,,,1.82,1-1,6-3,Green,0.82,17542257
, CLA-UA Spain Cyber Cup (UA) (2x5 mins),Jur_Kr x Galikooo,Jur_Kr,Barcelona,Galikooo,Girona FC,30/08/2026,23:43:23,Total de Gols,Under,11.5,,,,,1.75,2-2,6-3,Green,0.75,17542257
, CLA-UA Spain Cyber Cup (UA) (2x5 mins),T3RZ x drksd3,T3RZ,Levante,drksd3,Espanyol,30/08/2026,23:40:13,Total de Gols,Under,8.5,,,,,2.03,0-0,9-6,Red,-1.0,17542256
, CLA-UA Spain Cyber Cup (UA) (2x5 mins),T3RZ x drksd3,T3RZ,Levante,drksd3,Espanyol,30/08/2026,23:41:01,Total de Gols,Under,9.5,,,,,1.98,0-0,9-6,Red,-1.0,17542256
, CLA-UA Spain Cyber Cup (UA) (2x5 mins),T3RZ x drksd3,T3RZ,Levante,drksd3,Espanyol,30/08/2026,23:41:15,Total de Gols,Under,10.5,,,,,1.87,0-1,9-6,Red,-1.0,17542256
, CLA-UA Spain Cyber Cup (UA) (2x5 mins),T3RZ x drksd3,T3RZ,Levante,drksd3,Espanyol,30/08/2026,23:42:48,Total de Gols,Under,11.5,,,,,1.83,2-1,9-6,Red,-1.0,17542256
, CLA-UA Spain Cyber Cup (UA) (2x5 mins),T3RZ x drksd3,T3RZ,Levante,drksd3,Espanyol,30/08/2026,23:43:15,Total de Gols,Under,12.5,,,,,1.7,3-1,9-6,Red,-1.0,17542256
, CLA-UA Spain Cyber Cup (UA) (2x5 mins),T3RZ x drksd3,T3RZ,Levante,drksd3,Espanyol,30/08/2026,23:46:06,Total de Gols,Under,13.5,,,,,1.87,6-2,9-6,Red,-1.0,17542256
, CLA-UA Spain Cyber Cup (UA) (2x5 mins),T3RZ x drksd3,T3RZ,Levante,drksd3,Espanyol,30/08/2026,23:48:19,Total de Gols,Under,14.5,,,,,1.59,6-4,9-6,Red,-1.0,17542256
,CLA-UA World Cyber Cup (UA) (2x5 mins),Xellark x _pihaaa_,Xellark,Canada,_pihaaa_,Ukraine,30/08/2026,23:54:15,Total de Gols,Under,6.5,,,,,1.85,0-0,3-5,Red,-1.0,17542332
,CLA-UA World Cyber Cup (UA) (2x5 mins),Xellark x _pihaaa_,Xellark,Canada,_pihaaa_,Ukraine,30/08/2026,23:55:28,Total de Gols,Under,5.5,,,,,2.07,0-0,3-5,Red,-1.0,17542332
,CLA-UA World Cyber Cup (UA) (2x5 mins),Xellark x _pihaaa_,Xellark,Canada,_pihaaa_,Ukraine,30/08/2026,23:56:30,Total de Gols,Under,7.5,,,,,1.77,0-1,3-5,Red,-1.0,17542332
,CLA-UA World Cyber Cup (UA) (2x5 mins),Xellark x _pihaaa_,Xellark,Canada,_pihaaa_,Ukraine,30/08/2026,23:58:52,Total de Gols,Under,8.5,,,,,1.6,0-3,3-5,Green,0.6,17542332
,CLA-UA World Cyber Cup (UA) (2x5 mins),Xellark x _pihaaa_,Xellark,Canada,_pihaaa_,Ukraine,31/08/2026,00:00:14,Total de Gols,Under,9.5,,,,,1.71,1-4,3-5,Green,0.71,17542332
, CLA-UA Spain Cyber Cup (UA) (2x5 mins),Galikooo x drksd3,Galikooo,Girona FC,drksd3,Espanyol,30/08/2026,23:54:28,Total de Gols,Under,8.5,,,,,1.79,0-0,6-2,Green,0.79,17542260
, CLA-UA Spain Cyber Cup (UA) (2x5 mins),Galikooo x drksd3,Galikooo,Girona FC,drksd3,Espanyol,30/08/2026,23:55:03,Total de Gols,Under,9.5,,,,,1.72,0-0,6-2,Green,0.72,17542260
, CLA-UA Spain Cyber Cup (UA) (2x5 mins),Galikooo x drksd3,Galikooo,Girona FC,drksd3,Espanyol,30/08/2026,23:55:29,Total de Gols,Under,10.5,,,,,1.62,1-0,6-2,Green,0.62,17542260
, CLA-UA Spain Cyber Cup (UA) (2x5 mins),Galikooo x drksd3,Galikooo,Girona FC,drksd3,Espanyol,30/08/2026,23:59:40,Total de Gols,Under,7.5,,,,,2.12,2-1,6-2,Red,-1.0,17542260
, CLA-UA Spain Cyber Cup (UA) (2x5 mins),Galikooo x drksd3,Galikooo,Girona FC,drksd3,Espanyol,31/08/2026,00:01:14,Total de Gols,Under,6.5,,,,,2.17,2-1,6-2,Red,-1.0,17542260
,CLA-UA World Cyber Cup (UA) (2x5 mins),FanFan x Xellark,FanFan,Qatar,Xellark,Canada,31/08/2026,00:08:06,Total de Gols,Under,7.5,,,,,1.98,0-0,6-3,Red,-1.0,17542333
,CLA-UA World Cyber Cup (UA) (2x5 mins),FanFan x Xellark,FanFan,Qatar,Xellark,Canada,31/08/2026,00:08:48,Total de Gols,Under,8.5,,,,,1.77,0-0,6-3,Red,-1.0,17542333
,CLA-UA World Cyber Cup (UA) (2x5 mins),FanFan x Xellark,FanFan,Qatar,Xellark,Canada,31/08/2026,00:11:39,Total de Gols,Under,6.5,,,,,2.12,1-0,6-3,Red,-1.0,17542333
,CLA-UA World Cyber Cup (UA) (2x5 mins),FanFan x Xellark,FanFan,Qatar,Xellark,Canada,31/08/2026,00:15:19,Total de Gols,Under,9.5,,,,,1.69,3-2,6-3,Green,0.69,17542333
, CLA-UA Spain Cyber Cup (UA) (2x5 mins),Galikooo x T3RZ,Galikooo,Girona FC,T3RZ,Levante,31/08/2026,00:08:28,Total de Gols,Under,9.5,,,,,1.65,0-0,6-3,Green,0.65,17542262
, CLA-UA Spain Cyber Cup (UA) (2x5 mins),Galikooo x T3RZ,Galikooo,Girona FC,T3RZ,Levante,31/08/2026,00:08:34,Total de Gols,Under,10.5,,,,,1.65,0-0,6-3,Green,0.65,17542262
, CLA-UA Spain Cyber Cup (UA) (2x5 mins),Galikooo x T3RZ,Galikooo,Girona FC,T3RZ,Levante,31/08/2026,00:16:21,Total de Gols,Under,8.5,,,,,2.17,4-2,6-3,Red,-1.0,17542262
, CLA-UA Spain Cyber Cup (UA) (2x5 mins),Jur_Kr x Donatello,Jur_Kr,Barcelona,Donatello,Celta Vigo,31/08/2026,00:08:03,Total de Gols,Under,9.5,,,,,1.79,0-0,5-7,Red,-1.0,17542261
, CLA-UA Spain Cyber Cup (UA) (2x5 mins),Jur_Kr x Donatello,Jur_Kr,Barcelona,Donatello,Celta Vigo,31/08/2026,00:08:54,Total de Gols,Under,8.5,,,,,2.02,0-0,5-7,Red,-1.0,17542261
, CLA-UA Spain Cyber Cup (UA) (2x5 mins),Jur_Kr x Donatello,Jur_Kr,Barcelona,Donatello,Celta Vigo,31/08/2026,00:10:54,Total de Gols,Under,10.5,,,,,1.7,1-1,5-7,Red,-1.0,17542261
, CLA-UA Spain Cyber Cup (UA) (2x5 mins),Jur_Kr x Donatello,Jur_Kr,Barcelona,Donatello,Celta Vigo,31/08/2026,00:11:32,Total de Gols,Under,11.5,,,,,1.92,1-3,5-7,Red,-1.0,17542261
, CLA-UA Spain Cyber Cup (UA) (2x5 mins),Jur_Kr x Donatello,Jur_Kr,Barcelona,Donatello,Celta Vigo,31/08/2026,00:16:08,Total de Gols,Under,12.5,,,,,1.74,3-5,5-7,Green,0.74,17542261
,CLA-UA World Cyber Cup (UA) (2x5 mins),Bucha x murchik,Bucha,Bosnia and Herzegovina,murchik,Switzerland,31/08/2026,00:22:06,Total de Gols,Under,8.5,,,,,1.8,0-0,6-1,Green,0.8,17542280
,CLA-UA World Cyber Cup (UA) (2x5 mins),Bucha x murchik,Bucha,Bosnia and Herzegovina,murchik,Switzerland,31/08/2026,00:22:37,Total de Gols,Under,9.5,,,,,1.65,0-0,6-1,Green,0.65,17542280
,CLA-UA World Cyber Cup (UA) (2x5 mins),Bucha x murchik,Bucha,Bosnia and Herzegovina,murchik,Switzerland,31/08/2026,00:25:35,Total de Gols,Under,7.5,,,,,2.08,2-0,6-1,Green,1.08,17542280
, CLA-UA Spain Cyber Cup (UA) (2x5 mins),Galikooo x Donatello,Galikooo,Girona FC,Donatello,Celta Vigo,31/08/2026,00:22:00,Total de Gols,Under,8.5,,,,,1.84,0-0,3-5,Green,0.84,17542264
, CLA-UA Spain Cyber Cup (UA) (2x5 mins),Galikooo x Donatello,Galikooo,Girona FC,Donatello,Celta Vigo,31/08/2026,00:22:35,Total de Gols,Under,9.5,,,,,1.76,0-0,3-5,Green,0.76,17542264
, CLA-UA Spain Cyber Cup (UA) (2x5 mins),Galikooo x Donatello,Galikooo,Girona FC,Donatello,Celta Vigo,31/08/2026,00:25:36,Total de Gols,Under,7.5,,,,,2.07,1-1,3-5,Red,-1.0,17542264
, CLA-UA Spain Cyber Cup (UA) (2x5 mins),Galikooo x Donatello,Galikooo,Girona FC,Donatello,Celta Vigo,31/08/2026,00:26:41,Total de Gols,Under,6.5,,,,,2.11,1-1,3-5,Red,-1.0,17542264
, CLA-UA Spain Cyber Cup (UA) (2x5 mins),drksd3 x Donatello,drksd3,Espanyol,Donatello,Celta Vigo,31/08/2026,00:36:06,Total de Gols,Under,9.5,,,,,1.83,0-0,1-4,Green,0.83,17542269
, CLA-UA Spain Cyber Cup (UA) (2x5 mins),drksd3 x Donatello,drksd3,Espanyol,Donatello,Celta Vigo,31/08/2026,00:37:30,Total de Gols,Under,8.5,,,,,2.07,0-0,1-4,Green,1.07,17542269
, CLA-UA Spain Cyber Cup (UA) (2x5 mins),drksd3 x Donatello,drksd3,Espanyol,Donatello,Celta Vigo,31/08/2026,00:38:14,Total de Gols,Under,10.5,,,,,1.78,0-1,1-4,Green,0.78,17542269
, CLA-UA Spain Cyber Cup (UA) (2x5 mins),drksd3 x Donatello,drksd3,Espanyol,Donatello,Celta Vigo,31/08/2026,00:40:53,Total de Gols,Under,7.5,,,,,2.11,1-1,1-4,Green,1.11,17542269
, CLA-UA Spain Cyber Cup (UA) (2x5 mins),drksd3 x Donatello,drksd3,Espanyol,Donatello,Celta Vigo,31/08/2026,00:43:15,Total de Gols,Under,6.5,,,,,2.17,1-2,1-4,Green,1.17,17542269
, CLA-UA Spain Cyber Cup (UA) (2x5 mins),drksd3 x Donatello,drksd3,Espanyol,Donatello,Celta Vigo,31/08/2026,00:45:48,Total de Gols,Under,5.5,,,,,2.21,1-3,1-4,Green,1.21,17542269
, CLA-UA Spain Cyber Cup (UA) (2x5 mins),drksd3 x Donatello,drksd3,Espanyol,Donatello,Celta Vigo,31/08/2026,00:46:38,Total de Gols,Under,4.5,,,,,2.71,1-3,1-4,Red,-1.0,17542269
, CLA-UA France Cyber Cup (UA) (2x5 mins),palkan x femzzi,palkan,Toulouse FC,femzzi,Stade Rennais FC,31/08/2026,09:00:11,Total de Gols,Under,11.5,,,,,1.6,3-3,6-4,Green,0.6,17551791
, CLA-UA France Cyber Cup (UA) (2x5 mins),palkan x femzzi,palkan,Toulouse FC,femzzi,Stade Rennais FC,31/08/2026,09:00:35,Total de Gols,Under,10.5,,,,,2.07,3-3,6-4,Green,1.07,17551791
, CLA-UA France Cyber Cup (UA) (2x5 mins),palkan x femzzi,palkan,Toulouse FC,femzzi,Stade Rennais FC,31/08/2026,09:00:37,Total de Gols,Under,12.5,,,,,1.72,3-3,6-4,Green,0.72,17551791
, CLA-UA France Cyber Cup (UA) (2x5 mins),palkan x femzzi,palkan,Toulouse FC,femzzi,Stade Rennais FC,31/08/2026,09:02:56,Total de Gols,Under,9.5,,,,,2.27,4-3,6-4,Red,-1.0,17551791
, CLA-UA France Cyber Cup (UA) (2x5 mins),palkan x femzzi,palkan,Toulouse FC,femzzi,Stade Rennais FC,31/08/2026,09:04:40,Total de Gols,Under,8.5,,,,,2.71,4-4,6-4,Red,-1.0,17551791
, CLA-UA Italy Cyber Cup (UA) (2x5 mins),Space_17 x Stafford,Space_17,Atalanta,Stafford,Roma,31/08/2026,10:00:25,Total de Gols,Under,8.5,,,,,1.68,0-0,9-5,Red,-1.0,17551862
, CLA-UA Italy Cyber Cup (UA) (2x5 mins),Space_17 x Stafford,Space_17,Atalanta,Stafford,Roma,31/08/2026,10:01:11,Total de Gols,Under,7.5,,,,,2.03,0-0,9-5,Red,-1.0,17551862
, CLA-UA Italy Cyber Cup (UA) (2x5 mins),Space_17 x Stafford,Space_17,Atalanta,Stafford,Roma,31/08/2026,10:02:56,Total de Gols,Under,9.5,,,,,1.89,1-1,9-5,Red,-1.0,17551862
, CLA-UA Italy Cyber Cup (UA) (2x5 mins),Space_17 x Stafford,Space_17,Atalanta,Stafford,Roma,31/08/2026,10:04:42,Total de Gols,Under,10.5,,,,,1.75,3-1,9-5,Red,-1.0,17551862
, CLA-UA Italy Cyber Cup (UA) (2x5 mins),Space_17 x Stafford,Space_17,Atalanta,Stafford,Roma,31/08/2026,10:06:01,Total de Gols,Under,11.5,,,,,1.76,3-3,9-5,Red,-1.0,17551862
, CLA-UA Italy Cyber Cup (UA) (2x5 mins),Space_17 x Stafford,Space_17,Atalanta,Stafford,Roma,31/08/2026,10:07:11,Total de Gols,Under,12.5,,,,,1.69,4-3,9-5,Red,-1.0,17551862
, CLA-UA Italy Cyber Cup (UA) (2x5 mins),Space_17 x Stafford,Space_17,Atalanta,Stafford,Roma,31/08/2026,10:08:35,Total de Gols,Under,13.5,,,,,1.59,5-4,9-5,Red,-1.0,17551862
, CLA-UA Italy Cyber Cup (UA) (2x5 mins),Nona x zyX,Nona,Milan,zyX,Udinese,31/08/2026,10:13:58,Total de Gols,Under,8.5,,,,,1.75,0-0,3-6,Red,-1.0,17551867
, CLA-UA Italy Cyber Cup (UA) (2x5 mins),Nona x zyX,Nona,Milan,zyX,Udinese,31/08/2026,10:14:40,Total de Gols,Under,7.5,,,,,2.07,0-0,3-6,Red,-1.0,17551867
, CLA-UA Italy Cyber Cup (UA) (2x5 mins),Nona x zyX,Nona,Milan,zyX,Udinese,31/08/2026,10:15:41,Total de Gols,Under,9.5,,,,,1.74,0-1,3-6,Green,0.74,17551867
, CLA-UA Italy Cyber Cup (UA) (2x5 mins),Nona x zyX,Nona,Milan,zyX,Udinese,31/08/2026,10:18:50,Total de Gols,Under,10.5,,,,,1.63,2-2,3-6,Green,0.63,17551867
, CLA-UA Italy Cyber Cup (UA) (2x5 mins),Shot x Space_17,Shot,Napoli,Space_17,Atalanta,31/08/2026,10:13:16,Total de Gols,Under,6.5,,,,,1.75,0-0,3-3,Green,0.75,17551864
, CLA-UA Italy Cyber Cup (UA) (2x5 mins),Shot x Space_17,Shot,Napoli,Space_17,Atalanta,31/08/2026,10:14:53,Total de Gols,Under,5.5,,,,,2.11,0-0,3-3,Red,-1.0,17551864
, CLA-UA Italy Cyber Cup (UA) (2x5 mins),Shot x Space_17,Shot,Napoli,Space_17,Atalanta,31/08/2026,10:15:45,Total de Gols,Under,7.5,,,,,1.81,1-0,3-3,Green,0.81,17551864
, CLA-UA Italy Cyber Cup (UA) (2x5 mins),Shot x Space_17,Shot,Napoli,Space_17,Atalanta,31/08/2026,10:16:45,Total de Gols,Under,8.5,,,,,1.63,1-1,3-3,Green,0.63,17551864
, CLA-UA Italy Cyber Cup (UA) (2x5 mins),Shot x Space_17,Shot,Napoli,Space_17,Atalanta,31/08/2026,10:24:14,Total de Gols,Under,4.5,,,,,2.66,3-1,3-3,Red,-1.0,17551864
, CLA-UA Spain Cyber Cup (UA) (2x5 mins),abr4m_5 x Voron,abr4m_5,Celta Vigo,Voron,Real Madrid,31/08/2026,10:14:10,Total de Gols,Under,6.5,,,,,1.73,0-0,6-7,Red,-1.0,17551823
, CLA-UA Spain Cyber Cup (UA) (2x5 mins),abr4m_5 x Voron,abr4m_5,Celta Vigo,Voron,Real Madrid,31/08/2026,10:14:43,Total de Gols,Under,7.5,,,,,1.69,0-0,6-7,Red,-1.0,17551823
, CLA-UA Spain Cyber Cup (UA) (2x5 mins),abr4m_5 x Voron,abr4m_5,Celta Vigo,Voron,Real Madrid,31/08/2026,10:15:51,Total de Gols,Under,8.5,,,,,1.62,0-2,6-7,Red,-1.0,17551823
, CLA-UA Spain Cyber Cup (UA) (2x5 mins),abr4m_5 x Voron,abr4m_5,Celta Vigo,Voron,Real Madrid,31/08/2026,10:15:56,Total de Gols,Under,9.5,,,,,1.97,0-2,6-7,Red,-1.0,17551823
, CLA-UA Spain Cyber Cup (UA) (2x5 mins),abr4m_5 x Voron,abr4m_5,Celta Vigo,Voron,Real Madrid,31/08/2026,10:19:42,Total de Gols,Under,10.5,,,,,1.94,1-4,6-7,Red,-1.0,17551823
, CLA-UA Spain Cyber Cup (UA) (2x5 mins),abr4m_5 x Voron,abr4m_5,Celta Vigo,Voron,Real Madrid,31/08/2026,10:22:21,Total de Gols,Under,11.5,,,,,1.46,3-5,6-7,Red,-1.0,17551823
, CLA-UA Spain Cyber Cup (UA) (2x5 mins),abr4m_5 x Voron,abr4m_5,Celta Vigo,Voron,Real Madrid,31/08/2026,10:24:13,Total de Gols,Under,12.5,,,,,1.46,5-5,6-7,Red,-1.0,17551823
, CLA-UA Italy Cyber Cup (UA) (2x5 mins),zyX x Space_17,zyX,Udinese,Space_17,Atalanta,31/08/2026,10:27:48,Total de Gols,Under,6.5,,,,,1.75,0-0,5-2,Red,-1.0,17551866
, CLA-UA Italy Cyber Cup (UA) (2x5 mins),zyX x Space_17,zyX,Udinese,Space_17,Atalanta,31/08/2026,10:28:57,Total de Gols,Under,5.5,,,,,2.11,0-0,5-2,Red,-1.0,17551866
, CLA-UA Italy Cyber Cup (UA) (2x5 mins),zyX x Space_17,zyX,Udinese,Space_17,Atalanta,31/08/2026,10:29:30,Total de Gols,Under,7.5,,,,,1.92,1-0,5-2,Green,0.92,17551866
, CLA-UA Italy Cyber Cup (UA) (2x5 mins),zyX x Space_17,zyX,Udinese,Space_17,Atalanta,31/08/2026,10:30:17,Total de Gols,Under,8.5,,,,,1.69,2-0,5-2,Green,0.69,17551866
, CLA-UA Italy Cyber Cup (UA) (2x5 mins),zyX x Space_17,zyX,Udinese,Space_17,Atalanta,31/08/2026,10:34:56,Total de Gols,Under,9.5,,,,,1.61,4-1,5-2,Green,0.61,17551866
, CLA-UA Spain Cyber Cup (UA) (2x5 mins),abr4m_5 x Terry14,abr4m_5,Celta Vigo,Terry14,Sevilla,31/08/2026,10:28:11,Total de Gols,Under,8.5,,,,,1.75,0-0,3-6,Red,-1.0,17551825
, CLA-UA Spain Cyber Cup (UA) (2x5 mins),abr4m_5 x Terry14,abr4m_5,Celta Vigo,Terry14,Sevilla,31/08/2026,10:29:11,Total de Gols,Under,7.5,,,,,2.06,0-0,3-6,Red,-1.0,17551825
, CLA-UA Spain Cyber Cup (UA) (2x5 mins),abr4m_5 x Terry14,abr4m_5,Celta Vigo,Terry14,Sevilla,31/08/2026,10:34:14,Total de Gols,Under,9.5,,,,,1.71,2-2,3-6,Green,0.71,17551825
, CLA-UA Spain Cyber Cup (UA) (2x5 mins),abr4m_5 x Terry14,abr4m_5,Celta Vigo,Terry14,Sevilla,31/08/2026,10:38:25,Total de Gols,Under,6.5,,,,,2.56,2-4,3-6,Red,-1.0,17551825
, CLA-UA Italy Cyber Cup (UA) (2x5 mins),Nona x Space_17,Nona,Milan,Space_17,Atalanta,31/08/2026,10:41:59,Total de Gols,Under,6.5,,,,,2.07,0-0,5-7,Red,-1.0,17551865
, CLA-UA Italy Cyber Cup (UA) (2x5 mins),Nona x Space_17,Nona,Milan,Space_17,Atalanta,31/08/2026,10:43:45,Total de Gols,Under,7.5,,,,,1.7,0-0,5-7,Red,-1.0,17551865
, CLA-UA Italy Cyber Cup (UA) (2x5 mins),Nona x Space_17,Nona,Milan,Space_17,Atalanta,31/08/2026,10:44:31,Total de Gols,Under,8.5,,,,,1.74,1-1,5-7,Red,-1.0,17551865
, CLA-UA Italy Cyber Cup (UA) (2x5 mins),Nona x Space_17,Nona,Milan,Space_17,Atalanta,31/08/2026,10:46:25,Total de Gols,Under,9.5,,,,,1.84,1-3,5-7,Red,-1.0,17551865
, CLA-UA Italy Cyber Cup (UA) (2x5 mins),Nona x Space_17,Nona,Milan,Space_17,Atalanta,31/08/2026,10:47:26,Total de Gols,Under,10.5,,,,,1.57,1-4,5-7,Red,-1.0,17551865
, CLA-UA Italy Cyber Cup (UA) (2x5 mins),Nona x Space_17,Nona,Milan,Space_17,Atalanta,31/08/2026,10:49:53,Total de Gols,Under,11.5,,,,,1.57,2-5,5-7,Red,-1.0,17551865
, CLA-UA Italy Cyber Cup (UA) (2x5 mins),Nona x Space_17,Nona,Milan,Space_17,Atalanta,31/08/2026,10:51:06,Total de Gols,Under,12.5,,,,,1.83,3-6,5-7,Green,0.83,17551865
, CLA-UA Italy Cyber Cup (UA) (2x5 mins),Nona x Space_17,Nona,Milan,Space_17,Atalanta,31/08/2026,10:51:18,Total de Gols,Under,13.5,,,,,1.72,4-6,5-7,Green,0.72,17551865
, CLA-UA Italy Cyber Cup (UA) (2x5 mins),Nona x Shot,Nona,Milan,Shot,Napoli,31/08/2026,10:55:59,Total de Gols,Under,5.5,,,,,2.02,0-0,2-4,Red,-1.0,17551869
, CLA-UA Italy Cyber Cup (UA) (2x5 mins),Nona x Shot,Nona,Milan,Shot,Napoli,31/08/2026,10:57:08,Total de Gols,Under,6.5,,,,,1.75,0-0,2-4,Green,0.75,17551869
, CLA-UA Italy Cyber Cup (UA) (2x5 mins),Nona x Shot,Nona,Milan,Shot,Napoli,31/08/2026,10:59:11,Total de Gols,Under,7.5,,,,,1.89,0-2,2-4,Green,0.89,17551869
, CLA-UA Italy Cyber Cup (UA) (2x5 mins),Nona x Shot,Nona,Milan,Shot,Napoli,31/08/2026,11:00:20,Total de Gols,Under,8.5,,,,,1.62,0-3,2-4,Green,0.62,17551869
, CLA-UA Spain Cyber Cup (UA) (2x5 mins),abr4m_5 x femzzi,abr4m_5,Celta Vigo,femzzi,Getafe,31/08/2026,10:56:26,Total de Gols,Under,8.5,,,,,1.92,0-0,4-10,Red,-1.0,17551829
, CLA-UA Spain Cyber Cup (UA) (2x5 mins),abr4m_5 x femzzi,abr4m_5,Celta Vigo,femzzi,Getafe,31/08/2026,10:58:41,Total de Gols,Under,9.5,,,,,1.76,1-0,4-10,Red,-1.0,17551829
, CLA-UA Spain Cyber Cup (UA) (2x5 mins),abr4m_5 x femzzi,abr4m_5,Celta Vigo,femzzi,Getafe,31/08/2026,10:59:09,Total de Gols,Under,10.5,,,,,1.68,1-1,4-10,Red,-1.0,17551829
, CLA-UA Spain Cyber Cup (UA) (2x5 mins),abr4m_5 x femzzi,abr4m_5,Celta Vigo,femzzi,Getafe,31/08/2026,10:59:56,Total de Gols,Under,11.5,,,,,1.68,1-3,4-10,Red,-1.0,17551829
, CLA-UA Spain Cyber Cup (UA) (2x5 mins),abr4m_5 x femzzi,abr4m_5,Celta Vigo,femzzi,Getafe,31/08/2026,11:01:06,Total de Gols,Under,12.5,,,,,1.71,1-5,4-10,Red,-1.0,17551829
, CLA-UA Spain Cyber Cup (UA) (2x5 mins),abr4m_5 x femzzi,abr4m_5,Celta Vigo,femzzi,Getafe,31/08/2026,11:03:03,Total de Gols,Under,13.5,,,,,1.66,2-7,4-10,Red,-1.0,17551829
, CLA-UA Spain Cyber Cup (UA) (2x5 mins),abr4m_5 x femzzi,abr4m_5,Celta Vigo,femzzi,Getafe,31/08/2026,11:06:24,Total de Gols,Under,14.5,,,,,1.41,3-10,4-10,Green,0.41,17551829
, CLA-UA Spain Cyber Cup (UA) (2x5 mins),Terry14 x palkan,Terry14,Sevilla,palkan,Valencia,31/08/2026,11:08:59,Total de Gols,Under,9.5,,,,,1.65,0-0,4-2,Green,0.65,17551832
, CLA-UA Spain Cyber Cup (UA) (2x5 mins),Terry14 x palkan,Terry14,Sevilla,palkan,Valencia,31/08/2026,11:10:48,Total de Gols,Under,8.5,,,,,2.06,0-0,4-2,Green,1.06,17551832
, CLA-UA Spain Cyber Cup (UA) (2x5 mins),Terry14 x palkan,Terry14,Sevilla,palkan,Valencia,31/08/2026,11:16:19,Total de Gols,Under,7.5,,,,,2.03,2-1,4-2,Green,1.03,17551832
, CLA-UA Spain Cyber Cup (UA) (2x5 mins),Terry14 x palkan,Terry14,Sevilla,palkan,Valencia,31/08/2026,11:17:05,Total de Gols,Under,6.5,,,,,2.21,2-1,4-2,Green,1.21,17551832
, CLA-UA Spain Cyber Cup (UA) (2x5 mins),Terry14 x palkan,Terry14,Sevilla,palkan,Valencia,31/08/2026,11:18:22,Total de Gols,Under,5.5,,,,,2.22,2-1,4-2,Red,-1.0,17551832
, CLA-UA Spain Cyber Cup (UA) (2x5 mins),palkan x Voron,palkan,Valencia,Voron,Real Madrid,31/08/2026,11:39:22,Total de Gols,Under,9.5,,,,,1.69,0-0,2-5,Green,0.69,17551837
, CLA-UA Spain Cyber Cup (UA) (2x5 mins),palkan x Voron,palkan,Valencia,Voron,Real Madrid,31/08/2026,11:39:37,Total de Gols,Under,8.5,,,,,1.93,0-0,2-5,Green,0.93,17551837
, CLA-UA Spain Cyber Cup (UA) (2x5 mins),palkan x Voron,palkan,Valencia,Voron,Real Madrid,31/08/2026,11:41:36,Total de Gols,Under,7.5,,,,,2.03,0-1,2-5,Green,1.03,17551837
, CLA-UA Spain Cyber Cup (UA) (2x5 mins),palkan x Voron,palkan,Valencia,Voron,Real Madrid,31/08/2026,11:42:47,Total de Gols,Under,6.5,,,,,2.12,0-1,2-5,Red,-1.0,17551837
, CLA-UA Italy Cyber Cup (UA) (2x5 mins),Stafford x Nona,Stafford,Roma,Nona,Milan,31/08/2026,11:37:23,Total de Gols,Under,8.5,,,,,1.98,0-0,3-6,Red,-1.0,17551875
, CLA-UA Italy Cyber Cup (UA) (2x5 mins),Stafford x Nona,Stafford,Roma,Nona,Milan,31/08/2026,11:38:57,Total de Gols,Under,9.5,,,,,1.71,0-0,3-6,Green,0.71,17551875
, CLA-UA Italy Cyber Cup (UA) (2x5 mins),Stafford x Nona,Stafford,Roma,Nona,Milan,31/08/2026,11:40:03,Total de Gols,Under,10.5,,,,,1.79,1-1,3-6,Green,0.79,17551875
, CLA-UA Italy Cyber Cup (UA) (2x5 mins),Stafford x Nona,Stafford,Roma,Nona,Milan,31/08/2026,11:45:51,Total de Gols,Under,7.5,,,,,2.26,1-4,3-6,Red,-1.0,17551875
, CLA-UA Italy Cyber Cup (UA) (2x5 mins),Shot x Stafford,Shot,Napoli,Stafford,Roma,31/08/2026,11:51:03,Total de Gols,Under,5.5,,,,,2.02,0-0,5-4,Red,-1.0,17551878
, CLA-UA Italy Cyber Cup (UA) (2x5 mins),Shot x Stafford,Shot,Napoli,Stafford,Roma,31/08/2026,11:53:07,Total de Gols,Under,6.5,,,,,1.83,0-0,5-4,Red,-1.0,17551878
, CLA-UA Italy Cyber Cup (UA) (2x5 mins),Shot x Stafford,Shot,Napoli,Stafford,Roma,31/08/2026,11:55:02,Total de Gols,Under,7.5,,,,,1.83,1-1,5-4,Red,-1.0,17551878
, CLA-UA Italy Cyber Cup (UA) (2x5 mins),Shot x Stafford,Shot,Napoli,Stafford,Roma,31/08/2026,11:55:34,Total de Gols,Under,8.5,,,,,1.65,1-2,5-4,Red,-1.0,17551878
, CLA-UA Italy Cyber Cup (UA) (2x5 mins),Shot x Stafford,Shot,Napoli,Stafford,Roma,31/08/2026,11:57:06,Total de Gols,Under,9.5,,,,,1.71,2-3,5-4,Green,0.71,17551878
, CLA-UA Italy Cyber Cup (UA) (2x5 mins),Shot x Stafford,Shot,Napoli,Stafford,Roma,31/08/2026,11:57:28,Total de Gols,Under,10.5,,,,,1.7,3-3,5-4,Green,0.7,17551878
, CLA-UA Italy Cyber Cup (UA) (2x5 mins),Space_17 x Nona,Space_17,Atalanta,Nona,Milan,31/08/2026,11:57:19,Total de Gols,Under,8.5,,,,,1.62,3-1,4-5,Red,-1.0,17551877
, CLA-UA Italy Cyber Cup (UA) (2x5 mins),Space_17 x Nona,Space_17,Atalanta,Nona,Milan,31/08/2026,11:57:34,Total de Gols,Under,7.5,,,,,2.16,3-1,4-5,Red,-1.0,17551877
, CLA-UA Italy Cyber Cup (UA) (2x5 mins),Space_17 x Nona,Space_17,Atalanta,Nona,Milan,31/08/2026,11:59:49,Total de Gols,Under,6.5,,,,,2.26,3-1,4-5,Red,-1.0,17551877
, CLA-UA Italy Cyber Cup (UA) (2x5 mins),Space_17 x Nona,Space_17,Atalanta,Nona,Milan,31/08/2026,12:02:49,Total de Gols,Under,9.5,,,,,1.34,4-3,4-5,Green,0.34,17551877
, CLA-UA Spain Cyber Cup (UA) (2x5 mins),femzzi x Terry14,femzzi,Getafe,Terry14,Sevilla,31/08/2026,11:57:19,Total de Gols,Under,8.5,,,,,1.69,3-0,5-2,Green,0.69,17551838
, CLA-UA Spain Cyber Cup (UA) (2x5 mins),femzzi x Terry14,femzzi,Getafe,Terry14,Sevilla,31/08/2026,11:58:02,Total de Gols,Under,7.5,,,,,1.98,3-0,5-2,Green,0.98,17551838
, CLA-UA Spain Cyber Cup (UA) (2x5 mins),femzzi x Terry14,femzzi,Getafe,Terry14,Sevilla,31/08/2026,12:02:25,Total de Gols,Under,6.5,,,,,2.36,5-1,5-2,Red,-1.0,17551838
, CLA-UA Spain Cyber Cup (UA) (2x5 mins),palkan x abr4m_5,palkan,Valencia,abr4m_5,Celta Vigo,31/08/2026,11:57:19,Total de Gols,Under,11.5,,,,,1.69,5-1,7-4,Green,0.69,17551836
, CLA-UA Spain Cyber Cup (UA) (2x5 mins),palkan x abr4m_5,palkan,Valencia,abr4m_5,Celta Vigo,31/08/2026,11:57:33,Total de Gols,Under,10.5,,,,,2.12,5-1,7-4,Red,-1.0,17551836
, CLA-UA Spain Cyber Cup (UA) (2x5 mins),palkan x abr4m_5,palkan,Valencia,abr4m_5,Celta Vigo,31/08/2026,11:58:11,Total de Gols,Under,9.5,,,,,2.07,5-1,7-4,Red,-1.0,17551836
, CLA-UA Spain Cyber Cup (UA) (2x5 mins),palkan x abr4m_5,palkan,Valencia,abr4m_5,Celta Vigo,31/08/2026,11:59:53,Total de Gols,Under,8.5,,,,,2.2,5-1,7-4,Red,-1.0,17551836
, CLA-UA Spain Cyber Cup (UA) (2x5 mins),femzzi x abr4m_5,femzzi,Getafe,abr4m_5,Celta Vigo,31/08/2026,12:06:09,Total de Gols,Under,8.5,,,,,2.03,0-0,7-4,Red,-1.0,17551839
, CLA-UA Spain Cyber Cup (UA) (2x5 mins),femzzi x abr4m_5,femzzi,Getafe,abr4m_5,Celta Vigo,31/08/2026,12:06:46,Total de Gols,Under,9.5,,,,,1.88,0-0,7-4,Red,-1.0,17551839
, CLA-UA Spain Cyber Cup (UA) (2x5 mins),femzzi x abr4m_5,femzzi,Getafe,abr4m_5,Celta Vigo,31/08/2026,12:07:21,Total de Gols,Under,10.5,,,,,1.7,1-0,7-4,Red,-1.0,17551839
, CLA-UA Spain Cyber Cup (UA) (2x5 mins),femzzi x abr4m_5,femzzi,Getafe,abr4m_5,Celta Vigo,31/08/2026,12:08:16,Total de Gols,Under,11.5,,,,,1.81,2-1,7-4,Green,0.81,17551839
, CLA-UA Spain Cyber Cup (UA) (2x5 mins),femzzi x abr4m_5,femzzi,Getafe,abr4m_5,Celta Vigo,31/08/2026,12:15:05,Total de Gols,Under,12.5,,,,,1.61,6-3,7-4,Green,0.61,17551839
, CLA-UA Spain Cyber Cup (UA) (2x5 mins),Shot x zyX,Shot,Athletic Club,zyX,Valencia,31/08/2026,14:59:40,Total de Gols,Under,6.5,,,,,2.02,0-0,5-3,Red,-1.0,17552007
, CLA-UA Spain Cyber Cup (UA) (2x5 mins),Shot x zyX,Shot,Athletic Club,zyX,Valencia,31/08/2026,15:00:56,Total de Gols,Under,7.5,,,,,1.86,0-0,5-3,Red,-1.0,17552007
, CLA-UA Italy Cyber Cup (UA) (2x5 mins),Hetman x Yeti,Hetman,Juventus,Yeti,Udinese,31/08/2026,15:00:16,Total de Gols,Under,6.5,,,,,1.82,0-0,4-4,Red,-1.0,17551973
, CLA-UA Italy Cyber Cup (UA) (2x5 mins),Hetman x Yeti,Hetman,Juventus,Yeti,Udinese,31/08/2026,15:01:46,Total de Gols,Under,7.5,,,,,1.76,0-0,4-4,Red,-1.0,17551973
, CLA-UA Italy Cyber Cup (UA) (2x5 mins),Hetman x Yeti,Hetman,Juventus,Yeti,Udinese,31/08/2026,15:03:31,Total de Gols,Under,8.5,,,,,1.76,1-1,4-4,Green,0.76,17551973
, CLA-UA Italy Cyber Cup (UA) (2x5 mins),Hetman x Yeti,Hetman,Juventus,Yeti,Udinese,31/08/2026,15:08:06,Total de Gols,Under,9.5,,,,,1.59,1-4,4-4,Green,0.59,17551973
,CLA-UA World Cyber Cup (UA) (2x5 mins),Donatello x Terry14,Donatello,Australia,Terry14,Wales,31/08/2026,15:00:09,Total de Gols,Under,8.5,,,,,1.68,0-0,5-3,Green,0.68,17552107
,CLA-UA World Cyber Cup (UA) (2x5 mins),Donatello x Terry14,Donatello,Australia,Terry14,Wales,31/08/2026,15:01:42,Total de Gols,Under,7.5,,,,,2.02,0-0,5-3,Red,-1.0,17552107
,CLA-UA World Cyber Cup (UA) (2x5 mins),Donatello x Terry14,Donatello,Australia,Terry14,Wales,31/08/2026,15:03:04,Total de Gols,Under,6.5,,,,,2.03,0-0,5-3,Red,-1.0,17552107
,CLA-UA World Cyber Cup (UA) (2x5 mins),Donatello x Terry14,Donatello,Australia,Terry14,Wales,31/08/2026,15:09:27,Total de Gols,Under,5.5,,,,,2.35,1-3,5-3,Red,-1.0,17552107
,CLA-UA World Cyber Cup (UA) (2x5 mins),Donatello x Jur_Kr,Donatello,Australia,Jur_Kr,Turkey,31/08/2026,15:13:24,Total de Gols,Under,9.5,,,,,1.75,0-0,6-2,Green,0.75,17551952
, CLA-UA Italy Cyber Cup (UA) (2x5 mins),Hetman x Jackson,Hetman,Juventus,Jackson,Fiorentina,31/08/2026,15:13:14,Total de Gols,Under,7.5,,,,,1.84,0-0,2-5,Green,0.84,17551981
, CLA-UA Italy Cyber Cup (UA) (2x5 mins),Hetman x Jackson,Hetman,Juventus,Jackson,Fiorentina,31/08/2026,15:15:03,Total de Gols,Under,8.5,,,,,1.73,0-0,2-5,Green,0.73,17551981
, CLA-UA Italy Cyber Cup (UA) (2x5 mins),Hetman x Jackson,Hetman,Juventus,Jackson,Fiorentina,31/08/2026,15:17:01,Total de Gols,Under,9.5,,,,,1.65,0-2,2-5,Green,0.65,17551981
,CLA-UA World Cyber Cup (UA) (2x5 mins),djamik x T3RZ,djamik,United States,T3RZ,Paraguay,31/08/2026,15:28:09,Total de Gols,Under,7.5,,,,,2.03,0-0,5-3,Red,-1.0,17551958
,CLA-UA World Cyber Cup (UA) (2x5 mins),djamik x T3RZ,djamik,United States,T3RZ,Paraguay,31/08/2026,15:29:56,Total de Gols,Under,6.5,,,,,2.11,0-0,5-3,Red,-1.0,17551958
,CLA-UA World Cyber Cup (UA) (2x5 mins),djamik x T3RZ,djamik,United States,T3RZ,Paraguay,31/08/2026,15:31:09,Total de Gols,Under,8.5,,,,,1.72,1-0,5-3,Green,0.72,17551958
, CLA-UA Italy Cyber Cup (UA) (2x5 mins),FanFan x mara,FanFan,Atalanta,mara,Napoli,31/08/2026,15:28:09,Total de Gols,Under,7.5,,,,,1.97,0-0,3-2,Green,0.97,17551983
, CLA-UA Italy Cyber Cup (UA) (2x5 mins),FanFan x mara,FanFan,Atalanta,mara,Napoli,31/08/2026,15:29:37,Total de Gols,Under,6.5,,,,,2.08,0-0,3-2,Green,1.08,17551983
, CLA-UA Italy Cyber Cup (UA) (2x5 mins),FanFan x mara,FanFan,Atalanta,mara,Napoli,31/08/2026,15:32:48,Total de Gols,Under,5.5,,,,,2.07,0-1,3-2,Green,1.07,17551983
, CLA-UA Italy Cyber Cup (UA) (2x5 mins),FanFan x mara,FanFan,Atalanta,mara,Napoli,31/08/2026,15:33:49,Total de Gols,Under,4.5,,,,,1.98,0-1,3-2,Red,-1.0,17551983
, CLA-UA Italy Cyber Cup (UA) (2x5 mins),FanFan x mara,FanFan,Atalanta,mara,Napoli,31/08/2026,15:36:18,Total de Gols,Under,3.5,,,,,2.31,1-1,3-2,Red,-1.0,17551983
, CLA-UA Italy Cyber Cup (UA) (2x5 mins),FanFan x mara,FanFan,Atalanta,mara,Napoli,31/08/2026,15:38:01,Total de Gols,Under,2.5,,,,,2.61,1-1,3-2,Red,-1.0,17551983
, CLA-UA Spain Cyber Cup (UA) (2x5 mins),vrud1 x Shot,vrud1,Levante,Shot,Athletic Club,31/08/2026,15:41:45,Total de Gols,Under,6.5,,,,,1.85,0-0,1-5,Green,0.85,17552010
, CLA-UA Spain Cyber Cup (UA) (2x5 mins),vrud1 x Shot,vrud1,Levante,Shot,Athletic Club,31/08/2026,15:43:08,Total de Gols,Under,7.5,,,,,1.62,0-0,1-5,Green,0.62,17552010
, CLA-UA Italy Cyber Cup (UA) (2x5 mins),mara x Hetman,mara,Napoli,Hetman,Juventus,31/08/2026,15:40:16,Total de Gols,Under,6.5,,,,,1.75,0-0,3-3,Green,0.75,17551987
, CLA-UA Italy Cyber Cup (UA) (2x5 mins),mara x Hetman,mara,Napoli,Hetman,Juventus,31/08/2026,15:42:50,Total de Gols,Under,5.5,,,,,2.11,0-0,3-3,Red,-1.0,17551987
, CLA-UA Italy Cyber Cup (UA) (2x5 mins),mara x Hetman,mara,Napoli,Hetman,Juventus,31/08/2026,15:44:27,Total de Gols,Under,7.5,,,,,1.59,1-0,3-3,Green,0.59,17551987
,CLA-UA World Cyber Cup (UA) (2x5 mins),T3RZ x Donatello,T3RZ,Paraguay,Donatello,Australia,31/08/2026,15:41:14,Total de Gols,Under,8.5,,,,,1.84,0-0,4-5,Red,-1.0,17551957
,CLA-UA World Cyber Cup (UA) (2x5 mins),T3RZ x Donatello,T3RZ,Paraguay,Donatello,Australia,31/08/2026,15:43:05,Total de Gols,Under,9.5,,,,,1.65,0-0,4-5,Green,0.65,17551957
,CLA-UA World Cyber Cup (UA) (2x5 mins),T3RZ x Donatello,T3RZ,Paraguay,Donatello,Australia,31/08/2026,15:44:18,Total de Gols,Under,7.5,,,,,2.07,1-0,4-5,Red,-1.0,17551957
,CLA-UA World Cyber Cup (UA) (2x5 mins),T3RZ x Donatello,T3RZ,Paraguay,Donatello,Australia,31/08/2026,15:47:21,Total de Gols,Under,10.5,,,,,1.81,2-3,4-5,Green,0.81,17551957
,CLA-UA World Cyber Cup (UA) (2x5 mins),T3RZ x Donatello,T3RZ,Paraguay,Donatello,Australia,31/08/2026,15:47:35,Total de Gols,Under,11.5,,,,,1.85,3-3,4-5,Green,0.85,17551957
,CLA-UA World Cyber Cup (UA) (2x5 mins),T3RZ x Donatello,T3RZ,Paraguay,Donatello,Australia,31/08/2026,15:48:09,Total de Gols,Under,12.5,,,,,1.69,3-4,4-5,Green,0.69,17551957
,CLA-UA World Cyber Cup (UA) (2x5 mins),T3RZ x Terry14,T3RZ,Paraguay,Terry14,Wales,31/08/2026,15:55:34,Total de Gols,Under,8.5,,,,,1.75,0-0,1-2,Green,0.75,17551959
,CLA-UA World Cyber Cup (UA) (2x5 mins),T3RZ x Terry14,T3RZ,Paraguay,Terry14,Wales,31/08/2026,15:56:47,Total de Gols,Under,7.5,,,,,2.07,0-0,1-2,Green,1.07,17551959
,CLA-UA World Cyber Cup (UA) (2x5 mins),T3RZ x Terry14,T3RZ,Paraguay,Terry14,Wales,31/08/2026,15:58:24,Total de Gols,Under,6.5,,,,,2.03,0-0,1-2,Green,1.03,17551959
,CLA-UA World Cyber Cup (UA) (2x5 mins),T3RZ x Terry14,T3RZ,Paraguay,Terry14,Wales,31/08/2026,16:02:44,Total de Gols,Under,5.5,,,,,2.17,1-1,1-2,Green,1.17,17551959
,CLA-UA World Cyber Cup (UA) (2x5 mins),T3RZ x Terry14,T3RZ,Paraguay,Terry14,Wales,31/08/2026,16:05:18,Total de Gols,Under,4.5,,,,,2.31,1-2,1-2,Green,1.31,17551959
,CLA-UA World Cyber Cup (UA) (2x5 mins),T3RZ x Terry14,T3RZ,Paraguay,Terry14,Wales,31/08/2026,16:06:25,Total de Gols,Under,3.5,,,,,2.46,1-2,1-2,Green,1.46,17551959
,CLA-UA World Cyber Cup (UA) (2x5 mins),Terry14 x Donatello,Terry14,Wales,Donatello,Australia,31/08/2026,16:10:18,Total de Gols,Under,7.5,,,,,1.88,0-0,2-1,Green,0.88,17551955
, CLA-UA Spain Cyber Cup (UA) (2x5 mins),zyX x Shot,zyX,Valencia,Shot,Athletic Club,31/08/2026,16:09:47,Total de Gols,Under,6.5,,,,,1.75,0-0,2-2,Green,0.75,17552013
, CLA-UA Spain Cyber Cup (UA) (2x5 mins),zyX x Shot,zyX,Valencia,Shot,Athletic Club,31/08/2026,16:11:09,Total de Gols,Under,5.5,,,,,2.12,0-0,2-2,Green,1.12,17552013
, CLA-UA Spain Cyber Cup (UA) (2x5 mins),zyX x Shot,zyX,Valencia,Shot,Athletic Club,31/08/2026,16:12:59,Total de Gols,Under,4.5,,,,,2.13,0-0,2-2,Green,1.13,17552013
, CLA-UA Spain Cyber Cup (UA) (2x5 mins),zyX x Shot,zyX,Valencia,Shot,Athletic Club,31/08/2026,16:14:36,Total de Gols,Under,3.5,,,,,2.17,0-0,2-2,Red,-1.0,17552013
, CLA-UA Spain Cyber Cup (UA) (2x5 mins),vrud1 x simaha,vrud1,Levante,simaha,Celta Vigo,31/08/2026,16:09:06,Total de Gols,Under,6.5,,,,,2.02,0-0,6-4,Red,-1.0,17552009
, CLA-UA Spain Cyber Cup (UA) (2x5 mins),vrud1 x simaha,vrud1,Levante,simaha,Celta Vigo,31/08/2026,16:10:37,Total de Gols,Under,7.5,,,,,1.88,0-0,6-4,Red,-1.0,17552009
, CLA-UA Spain Cyber Cup (UA) (2x5 mins),vrud1 x simaha,vrud1,Levante,simaha,Celta Vigo,31/08/2026,16:10:50,Total de Gols,Under,8.5,,,,,1.82,0-1,6-4,Red,-1.0,17552009
, CLA-UA Italy Cyber Cup (UA) (2x5 mins),Yeti x Hetman,Yeti,Udinese,Hetman,Juventus,31/08/2026,16:10:15,Total de Gols,Under,6.5,,,,,1.75,0-0,5-3,Red,-1.0,17552005
, CLA-UA Italy Cyber Cup (UA) (2x5 mins),Yeti x Hetman,Yeti,Udinese,Hetman,Juventus,31/08/2026,16:10:51,Total de Gols,Under,5.5,,,,,2.12,0-0,5-3,Red,-1.0,17552005
, CLA-UA Italy Cyber Cup (UA) (2x5 mins),Yeti x Hetman,Yeti,Udinese,Hetman,Juventus,31/08/2026,16:12:25,Total de Gols,Under,7.5,,,,,1.68,1-0,5-3,Red,-1.0,17552005
, CLA-UA Italy Cyber Cup (UA) (2x5 mins),Yeti x Hetman,Yeti,Udinese,Hetman,Juventus,31/08/2026,16:18:14,Total de Gols,Under,4.5,,,,,2.32,2-1,5-3,Red,-1.0,17552005
,CLA-UA World Cyber Cup (UA) (2x5 mins),T3RZ x Jur_Kr,T3RZ,Paraguay,Jur_Kr,Turkey,31/08/2026,16:10:14,Total de Gols,Under,8.5,,,,,1.84,0-0,8-2,Red,-1.0,17551956
,CLA-UA World Cyber Cup (UA) (2x5 mins),T3RZ x Jur_Kr,T3RZ,Paraguay,Jur_Kr,Turkey,31/08/2026,16:11:07,Total de Gols,Under,7.5,,,,,2.01,0-0,8-2,Red,-1.0,17551956
,CLA-UA World Cyber Cup (UA) (2x5 mins),T3RZ x Jur_Kr,T3RZ,Paraguay,Jur_Kr,Turkey,31/08/2026,16:11:40,Total de Gols,Under,9.5,,,,,1.77,1-0,8-2,Red,-1.0,17551956
,CLA-UA World Cyber Cup (UA) (2x5 mins),T3RZ x Jur_Kr,T3RZ,Paraguay,Jur_Kr,Turkey,31/08/2026,16:13:20,Total de Gols,Under,10.5,,,,,1.69,2-1,8-2,Green,0.69,17551956
,CLA-UA World Cyber Cup (UA) (2x5 mins),T3RZ x Jur_Kr,T3RZ,Paraguay,Jur_Kr,Turkey,31/08/2026,16:13:47,Total de Gols,Under,11.5,,,,,1.62,2-2,8-2,Green,0.62,17551956
,CLA-UA World Cyber Cup (UA) (2x5 mins),T3RZ x Jur_Kr,T3RZ,Paraguay,Jur_Kr,Turkey,31/08/2026,16:15:09,Total de Gols,Under,12.5,,,,,1.69,4-2,8-2,Green,0.69,17551956
, CLA-UA Italy Cyber Cup (UA) (2x5 mins),Jackson x Hetman,Jackson,Fiorentina,Hetman,Juventus,31/08/2026,16:21:52,Total de Gols,Under,7.5,,,,,1.84,0-0,6-4,Red,-1.0,17551989
, CLA-UA Italy Cyber Cup (UA) (2x5 mins),Jackson x Hetman,Jackson,Fiorentina,Hetman,Juventus,31/08/2026,16:25:00,Total de Gols,Under,6.5,,,,,2.12,0-0,6-4,Red,-1.0,17551989
, CLA-UA Italy Cyber Cup (UA) (2x5 mins),Jackson x Hetman,Jackson,Fiorentina,Hetman,Juventus,31/08/2026,16:29:15,Total de Gols,Under,8.5,,,,,1.76,2-1,6-4,Red,-1.0,17551989
, CLA-UA Italy Cyber Cup (UA) (2x5 mins),Jackson x Hetman,Jackson,Fiorentina,Hetman,Juventus,31/08/2026,16:31:08,Total de Gols,Under,9.5,,,,,1.73,4-1,6-4,Red,-1.0,17551989
, CLA-UA Italy Cyber Cup (UA) (2x5 mins),Jackson x Hetman,Jackson,Fiorentina,Hetman,Juventus,31/08/2026,16:34:15,Total de Gols,Under,10.5,,,,,1.52,5-3,6-4,Green,0.52,17551989
, CLA-UA Spain Cyber Cup (UA) (2x5 mins),vrud1 x shatik666,vrud1,Levante,shatik666,Real Sociedad,31/08/2026,16:37:53,Total de Gols,Under,8.5,,,,,1.98,0-0,5-5,Red,-1.0,17552003
, CLA-UA Spain Cyber Cup (UA) (2x5 mins),vrud1 x shatik666,vrud1,Levante,shatik666,Real Sociedad,31/08/2026,16:39:22,Total de Gols,Under,7.5,,,,,2.03,0-0,5-5,Red,-1.0,17552003
, CLA-UA Spain Cyber Cup (UA) (2x5 mins),vrud1 x shatik666,vrud1,Levante,shatik666,Real Sociedad,31/08/2026,16:40:59,Total de Gols,Under,9.5,,,,,1.98,1-1,5-5,Red,-1.0,17552003
, CLA-UA Spain Cyber Cup (UA) (2x5 mins),vrud1 x shatik666,vrud1,Levante,shatik666,Real Sociedad,31/08/2026,16:41:52,Total de Gols,Under,10.5,,,,,1.68,1-2,5-5,Green,0.68,17552003
, CLA-UA Spain Cyber Cup (UA) (2x5 mins),vrud1 x shatik666,vrud1,Levante,shatik666,Real Sociedad,31/08/2026,16:43:35,Total de Gols,Under,11.5,,,,,1.62,1-4,5-5,Green,0.62,17552003
, CLA-UA Italy Cyber Cup (UA) (2x5 mins),Hetman x mara,Hetman,Juventus,mara,Napoli,31/08/2026,16:50:27,Total de Gols,Under,6.5,,,,,1.75,0-0,5-5,Red,-1.0,17551992
, CLA-UA Italy Cyber Cup (UA) (2x5 mins),Hetman x mara,Hetman,Juventus,mara,Napoli,31/08/2026,16:53:20,Total de Gols,Under,5.5,,,,,2.06,0-0,5-5,Red,-1.0,17551992
, CLA-UA Italy Cyber Cup (UA) (2x5 mins),Hetman x mara,Hetman,Juventus,mara,Napoli,31/08/2026,16:54:40,Total de Gols,Under,7.5,,,,,1.63,1-0,5-5,Red,-1.0,17551992
, CLA-UA Italy Cyber Cup (UA) (2x5 mins),Hetman x mara,Hetman,Juventus,mara,Napoli,31/08/2026,16:58:53,Total de Gols,Under,8.5,,,,,1.62,3-1,5-5,Red,-1.0,17551992
, CLA-UA Italy Cyber Cup (UA) (2x5 mins),Hetman x mara,Hetman,Juventus,mara,Napoli,31/08/2026,17:00:25,Total de Gols,Under,9.5,,,,,1.59,4-2,5-5,Red,-1.0,17551992
, CLA-UA Spain Cyber Cup (UA) (2x5 mins),Shot x vrud1,Shot,Athletic Club,vrud1,Levante,31/08/2026,16:51:13,Total de Gols,Under,6.5,,,,,1.85,0-0,6-4,Red,-1.0,17552002
, CLA-UA Italy Cyber Cup (UA) (2x5 mins),Yeti x mara,Yeti,Udinese,mara,Napoli,31/08/2026,17:05:16,Total de Gols,Under,7.5,,,,,1.65,0-0,3-6,Red,-1.0,17551994
, CLA-UA Italy Cyber Cup (UA) (2x5 mins),Yeti x mara,Yeti,Udinese,mara,Napoli,31/08/2026,17:06:28,Total de Gols,Under,8.5,,,,,1.62,0-0,3-6,Red,-1.0,17551994
, CLA-UA Italy Cyber Cup (UA) (2x5 mins),Yeti x mara,Yeti,Udinese,mara,Napoli,31/08/2026,17:08:28,Total de Gols,Under,6.5,,,,,2.12,0-1,3-6,Red,-1.0,17551994
, CLA-UA Italy Cyber Cup (UA) (2x5 mins),Yeti x mara,Yeti,Udinese,mara,Napoli,31/08/2026,17:14:23,Total de Gols,Under,9.5,,,,,1.69,2-4,3-6,Green,0.69,17551994
, CLA-UA Spain Cyber Cup (UA) (2x5 mins),Shot x shatik666,Shot,Athletic Club,shatik666,Real Sociedad,31/08/2026,17:06:00,Total de Gols,Under,5.5,,,,,2.07,0-0,3-1,Green,1.07,17552016
, CLA-UA Spain Cyber Cup (UA) (2x5 mins),Shot x shatik666,Shot,Athletic Club,shatik666,Real Sociedad,31/08/2026,17:08:18,Total de Gols,Under,4.5,,,,,2.12,0-0,3-1,Green,1.12,17552016
, CLA-UA Spain Cyber Cup (UA) (2x5 mins),Shot x shatik666,Shot,Athletic Club,shatik666,Real Sociedad,31/08/2026,17:10:06,Total de Gols,Under,3.5,,,,,2.12,0-0,3-1,Red,-1.0,17552016
, CLA-UA Italy Cyber Cup (UA) (2x5 mins),Jur_Kr x T3RZ,Jur_Kr,Bologna FC,T3RZ,Milan,31/08/2026,17:30:20,Total de Gols,Under,8.5,,,,,1.84,0-0,1-5,Green,0.84,17552019
, CLA-UA Italy Cyber Cup (UA) (2x5 mins),Jur_Kr x T3RZ,Jur_Kr,Bologna FC,T3RZ,Milan,31/08/2026,17:31:10,Total de Gols,Under,7.5,,,,,2.07,0-0,1-5,Green,1.07,17552019
, CLA-UA Italy Cyber Cup (UA) (2x5 mins),Jur_Kr x T3RZ,Jur_Kr,Bologna FC,T3RZ,Milan,31/08/2026,17:32:33,Total de Gols,Under,9.5,,,,,1.62,0-1,1-5,Green,0.62,17552019
, CLA-UA Italy Cyber Cup (UA) (2x5 mins),Jur_Kr x T3RZ,Jur_Kr,Bologna FC,T3RZ,Milan,31/08/2026,17:40:27,Total de Gols,Under,6.5,,,,,2.71,1-5,1-5,Green,1.71,17552019
, CLA-UA Italy Cyber Cup (UA) (2x5 mins),Donatello x Terry14,Donatello,Fiorentina,Terry14,Lazio,31/08/2026,17:30:20,Total de Gols,Under,7.5,,,,,1.83,0-0,4-2,Green,0.83,17552018
, CLA-UA Italy Cyber Cup (UA) (2x5 mins),Donatello x Terry14,Donatello,Fiorentina,Terry14,Lazio,31/08/2026,17:31:08,Total de Gols,Under,6.5,,,,,2.12,0-0,4-2,Green,1.12,17552018
, CLA-UA Italy Cyber Cup (UA) (2x5 mins),Donatello x Terry14,Donatello,Fiorentina,Terry14,Lazio,31/08/2026,17:32:39,Total de Gols,Under,5.5,,,,,2.11,0-0,4-2,Red,-1.0,17552018
, CLA-UA Italy Cyber Cup (UA) (2x5 mins),Donatello x Terry14,Donatello,Fiorentina,Terry14,Lazio,31/08/2026,17:36:56,Total de Gols,Under,4.5,,,,,2.12,1-0,4-2,Red,-1.0,17552018
, CLA-UA Italy Cyber Cup (UA) (2x5 mins),Donatello x Terry14,Donatello,Fiorentina,Terry14,Lazio,31/08/2026,17:39:22,Total de Gols,Under,3.5,,,,,2.26,1-1,4-2,Red,-1.0,17552018
, CLA-UA Italy Cyber Cup (UA) (2x5 mins),djamik x Terry14,djamik,Atalanta,Terry14,Lazio,31/08/2026,17:44:12,Total de Gols,Under,6.5,,,,,1.95,0-0,4-1,Green,0.95,17552020
, CLA-UA Italy Cyber Cup (UA) (2x5 mins),djamik x Terry14,djamik,Atalanta,Terry14,Lazio,31/08/2026,17:44:57,Total de Gols,Under,7.5,,,,,1.71,0-0,4-1,Green,0.71,17552020
, CLA-UA Italy Cyber Cup (UA) (2x5 mins),djamik x Terry14,djamik,Atalanta,Terry14,Lazio,31/08/2026,17:47:15,Total de Gols,Under,5.5,,,,,2.12,1-0,4-1,Green,1.12,17552020
,CLA-UA World Cyber Cup (UA) (2x5 mins),Hetman x Jackson,Hetman,Argentina,Jackson,Austria,31/08/2026,17:44:02,Total de Gols,Under,7.5,,,,,1.84,0-0,2-4,Green,0.84,17552039
,CLA-UA World Cyber Cup (UA) (2x5 mins),Hetman x Jackson,Hetman,Argentina,Jackson,Austria,31/08/2026,17:45:37,Total de Gols,Under,6.5,,,,,2.12,0-0,2-4,Green,1.12,17552039
,CLA-UA World Cyber Cup (UA) (2x5 mins),Hetman x Jackson,Hetman,Argentina,Jackson,Austria,31/08/2026,17:48:58,Total de Gols,Under,5.5,,,,,2.13,0-1,2-4,Red,-1.0,17552039
,CLA-UA World Cyber Cup (UA) (2x5 mins),FanFan x mara,FanFan,Algeria,mara,Jordan,31/08/2026,17:58:39,Total de Gols,Under,7.5,,,,,2.03,0-0,6-3,Red,-1.0,17552040
,CLA-UA World Cyber Cup (UA) (2x5 mins),FanFan x mara,FanFan,Algeria,mara,Jordan,31/08/2026,17:59:45,Total de Gols,Under,6.5,,,,,2.03,0-0,6-3,Red,-1.0,17552040
,CLA-UA World Cyber Cup (UA) (2x5 mins),FanFan x mara,FanFan,Algeria,mara,Jordan,31/08/2026,18:03:46,Total de Gols,Under,5.5,,,,,2.17,1-1,6-3,Red,-1.0,17552040
,CLA-UA World Cyber Cup (UA) (2x5 mins),FanFan x mara,FanFan,Algeria,mara,Jordan,31/08/2026,18:07:06,Total de Gols,Under,8.5,,,,,1.47,3-2,6-3,Red,-1.0,17552040
,CLA-UA World Cyber Cup (UA) (2x5 mins),FanFan x mara,FanFan,Algeria,mara,Jordan,31/08/2026,18:08:17,Total de Gols,Under,9.5,,,,,1.46,5-2,6-3,Green,0.46,17552040
, CLA-UA Italy Cyber Cup (UA) (2x5 mins),djamik x T3RZ,djamik,Atalanta,T3RZ,Milan,31/08/2026,17:58:19,Total de Gols,Under,8.5,,,,,1.7,0-0,2-3,Green,0.7,17552023
, CLA-UA Italy Cyber Cup (UA) (2x5 mins),djamik x T3RZ,djamik,Atalanta,T3RZ,Milan,31/08/2026,17:58:39,Total de Gols,Under,9.5,,,,,1.63,0-0,2-3,Green,0.63,17552023
, CLA-UA Italy Cyber Cup (UA) (2x5 mins),djamik x T3RZ,djamik,Atalanta,T3RZ,Milan,31/08/2026,18:01:22,Total de Gols,Under,7.5,,,,,2.12,0-2,2-3,Green,1.12,17552023
, CLA-UA Italy Cyber Cup (UA) (2x5 mins),djamik x T3RZ,djamik,Atalanta,T3RZ,Milan,31/08/2026,18:02:47,Total de Gols,Under,6.5,,,,,2.17,0-2,2-3,Green,1.17,17552023
, CLA-UA Italy Cyber Cup (UA) (2x5 mins),djamik x T3RZ,djamik,Atalanta,T3RZ,Milan,31/08/2026,18:05:10,Total de Gols,Under,5.5,,,,,2.17,0-2,2-3,Green,1.17,17552023
, CLA-UA Italy Cyber Cup (UA) (2x5 mins),djamik x T3RZ,djamik,Atalanta,T3RZ,Milan,31/08/2026,18:08:22,Total de Gols,Under,4.5,,,,,2.91,2-2,2-3,Red,-1.0,17552023
, CLA-UA Italy Cyber Cup (UA) (2x5 mins),Terry14 x Jur_Kr,Terry14,Lazio,Jur_Kr,Bologna FC,31/08/2026,17:58:43,Total de Gols,Under,8.5,,,,,1.74,0-0,4-1,Green,0.74,17552022
, CLA-UA Italy Cyber Cup (UA) (2x5 mins),Terry14 x Jur_Kr,Terry14,Lazio,Jur_Kr,Bologna FC,31/08/2026,18:00:15,Total de Gols,Under,7.5,,,,,2.07,1-0,4-1,Green,1.07,17552022
, CLA-UA Italy Cyber Cup (UA) (2x5 mins),Terry14 x Jur_Kr,Terry14,Lazio,Jur_Kr,Bologna FC,31/08/2026,18:01:19,Total de Gols,Under,6.5,,,,,2.03,1-0,4-1,Green,1.03,17552022
, CLA-UA Italy Cyber Cup (UA) (2x5 mins),Terry14 x Jur_Kr,Terry14,Lazio,Jur_Kr,Bologna FC,31/08/2026,18:02:30,Total de Gols,Under,5.5,,,,,2.16,1-0,4-1,Green,1.16,17552022
, CLA-UA Italy Cyber Cup (UA) (2x5 mins),Terry14 x Jur_Kr,Terry14,Lazio,Jur_Kr,Bologna FC,31/08/2026,18:06:46,Total de Gols,Under,4.5,,,,,2.27,3-0,4-1,Red,-1.0,17552022
,CLA-UA World Cyber Cup (UA) (2x5 mins),FanFan x Jackson,FanFan,Algeria,Jackson,Austria,31/08/2026,18:12:37,Total de Gols,Under,6.5,,,,,2.02,0-0,3-0,Green,1.02,17552041
,CLA-UA World Cyber Cup (UA) (2x5 mins),FanFan x Jackson,FanFan,Algeria,Jackson,Austria,31/08/2026,18:12:53,Total de Gols,Under,7.5,,,,,1.88,0-0,3-0,Green,0.88,17552041
,CLA-UA World Cyber Cup (UA) (2x5 mins),FanFan x Jackson,FanFan,Algeria,Jackson,Austria,31/08/2026,18:15:40,Total de Gols,Under,5.5,,,,,2.08,1-0,3-0,Green,1.08,17552041
,CLA-UA World Cyber Cup (UA) (2x5 mins),FanFan x Jackson,FanFan,Algeria,Jackson,Austria,31/08/2026,18:17:10,Total de Gols,Under,4.5,,,,,2.17,1-0,3-0,Green,1.17,17552041
,CLA-UA World Cyber Cup (UA) (2x5 mins),FanFan x Jackson,FanFan,Algeria,Jackson,Austria,31/08/2026,18:18:38,Total de Gols,Under,3.5,,,,,2.26,1-0,3-0,Green,1.26,17552041
,CLA-UA World Cyber Cup (UA) (2x5 mins),mara x Hetman,mara,Jordan,Hetman,Argentina,31/08/2026,18:11:19,Total de Gols,Under,6.5,,,,,1.75,0-0,4-3,Red,-1.0,17552044
,CLA-UA World Cyber Cup (UA) (2x5 mins),mara x Hetman,mara,Jordan,Hetman,Argentina,31/08/2026,18:12:51,Total de Gols,Under,5.5,,,,,2.11,0-0,4-3,Red,-1.0,17552044
,CLA-UA World Cyber Cup (UA) (2x5 mins),mara x Hetman,mara,Jordan,Hetman,Argentina,31/08/2026,18:16:01,Total de Gols,Under,7.5,,,,,1.68,1-1,4-3,Green,0.68,17552044
, CLA-UA Italy Cyber Cup (UA) (2x5 mins),T3RZ x Donatello,T3RZ,Milan,Donatello,Fiorentina,31/08/2026,18:12:37,Total de Gols,Under,8.5,,,,,1.93,0-0,4-4,Green,0.93,17552024
, CLA-UA Italy Cyber Cup (UA) (2x5 mins),T3RZ x Donatello,T3RZ,Milan,Donatello,Fiorentina,31/08/2026,18:13:40,Total de Gols,Under,7.5,,,,,2.02,0-0,4-4,Red,-1.0,17552024
, CLA-UA Italy Cyber Cup (UA) (2x5 mins),T3RZ x Donatello,T3RZ,Milan,Donatello,Fiorentina,31/08/2026,18:14:20,Total de Gols,Under,9.5,,,,,1.73,1-0,4-4,Green,0.73,17552024
, CLA-UA Italy Cyber Cup (UA) (2x5 mins),T3RZ x Donatello,T3RZ,Milan,Donatello,Fiorentina,31/08/2026,18:18:28,Total de Gols,Under,6.5,,,,,2.21,3-0,4-4,Red,-1.0,17552024
, CLA-UA Italy Cyber Cup (UA) (2x5 mins),T3RZ x Terry14,T3RZ,Milan,Terry14,Lazio,31/08/2026,18:26:21,Total de Gols,Under,7.5,,,,,1.98,0-0,5-5,Red,-1.0,17552027
, CLA-UA Italy Cyber Cup (UA) (2x5 mins),T3RZ x Terry14,T3RZ,Milan,Terry14,Lazio,31/08/2026,18:26:37,Total de Gols,Under,8.5,,,,,1.96,0-0,5-5,Red,-1.0,17552027
, CLA-UA Italy Cyber Cup (UA) (2x5 mins),T3RZ x Terry14,T3RZ,Milan,Terry14,Lazio,31/08/2026,18:28:50,Total de Gols,Under,6.5,,,,,2.06,0-1,5-5,Red,-1.0,17552027
, CLA-UA Italy Cyber Cup (UA) (2x5 mins),T3RZ x Terry14,T3RZ,Milan,Terry14,Lazio,31/08/2026,18:33:52,Total de Gols,Under,9.5,,,,,1.97,3-3,5-5,Red,-1.0,17552027
, CLA-UA Italy Cyber Cup (UA) (2x5 mins),T3RZ x Terry14,T3RZ,Milan,Terry14,Lazio,31/08/2026,18:34:44,Total de Gols,Under,10.5,,,,,1.56,4-3,5-5,Green,0.56,17552027
, CLA-UA Italy Cyber Cup (UA) (2x5 mins),djamik x Donatello,djamik,Atalanta,Donatello,Fiorentina,31/08/2026,18:26:47,Total de Gols,Under,8.5,,,,,1.71,0-0,6-5,Red,-1.0,17552026
, CLA-UA Italy Cyber Cup (UA) (2x5 mins),djamik x Donatello,djamik,Atalanta,Donatello,Fiorentina,31/08/2026,18:27:13,Total de Gols,Under,7.5,,,,,1.98,0-0,6-5,Red,-1.0,17552026
, CLA-UA Italy Cyber Cup (UA) (2x5 mins),djamik x Donatello,djamik,Atalanta,Donatello,Fiorentina,31/08/2026,18:27:54,Total de Gols,Under,9.5,,,,,1.79,0-1,6-5,Red,-1.0,17552026
, CLA-UA Italy Cyber Cup (UA) (2x5 mins),djamik x Donatello,djamik,Atalanta,Donatello,Fiorentina,31/08/2026,18:28:20,Total de Gols,Under,10.5,,,,,1.62,0-2,6-5,Red,-1.0,17552026
, CLA-UA Italy Cyber Cup (UA) (2x5 mins),djamik x Donatello,djamik,Atalanta,Donatello,Fiorentina,31/08/2026,18:30:26,Total de Gols,Under,11.5,,,,,1.73,1-4,6-5,Green,0.73,17552026
,CLA-UA World Cyber Cup (UA) (2x5 mins),FanFan x Hetman,FanFan,Algeria,Hetman,Argentina,31/08/2026,18:26:17,Total de Gols,Under,7.5,,,,,1.7,0-0,5-3,Red,-1.0,17552042
,CLA-UA World Cyber Cup (UA) (2x5 mins),FanFan x Hetman,FanFan,Algeria,Hetman,Argentina,31/08/2026,18:26:51,Total de Gols,Under,6.5,,,,,2.07,0-0,5-3,Red,-1.0,17552042
,CLA-UA World Cyber Cup (UA) (2x5 mins),FanFan x Hetman,FanFan,Algeria,Hetman,Argentina,31/08/2026,18:31:19,Total de Gols,Under,8.5,,,,,1.76,3-0,5-3,Green,0.76,17552042
,CLA-UA World Cyber Cup (UA) (2x5 mins),mara x Jackson,mara,Jordan,Jackson,Austria,31/08/2026,18:38:46,Total de Gols,Under,7.5,,,,,1.65,0-0,1-2,Green,0.65,17552043
,CLA-UA World Cyber Cup (UA) (2x5 mins),mara x Jackson,mara,Jordan,Jackson,Austria,31/08/2026,18:40:35,Total de Gols,Under,6.5,,,,,2.07,0-0,1-2,Green,1.07,17552043
,CLA-UA World Cyber Cup (UA) (2x5 mins),mara x Jackson,mara,Jordan,Jackson,Austria,31/08/2026,18:42:06,Total de Gols,Under,5.5,,,,,2.12,0-0,1-2,Green,1.12,17552043
,CLA-UA World Cyber Cup (UA) (2x5 mins),mara x Jackson,mara,Jordan,Jackson,Austria,31/08/2026,18:43:45,Total de Gols,Under,4.5,,,,,2.08,0-0,1-2,Green,1.08,17552043
,CLA-UA World Cyber Cup (UA) (2x5 mins),mara x Jackson,mara,Jordan,Jackson,Austria,31/08/2026,18:50:08,Total de Gols,Under,3.5,,,,,2.62,1-2,1-2,Green,1.62,17552043
, CLA-UA Italy Cyber Cup (UA) (2x5 mins),T3RZ x Jur_Kr,T3RZ,Milan,Jur_Kr,Bologna FC,31/08/2026,18:40:22,Total de Gols,Under,8.5,,,,,1.84,0-0,1-4,Green,0.84,17552030
, CLA-UA Italy Cyber Cup (UA) (2x5 mins),T3RZ x Jur_Kr,T3RZ,Milan,Jur_Kr,Bologna FC,31/08/2026,18:41:12,Total de Gols,Under,7.5,,,,,2.07,0-0,1-4,Green,1.07,17552030
, CLA-UA Italy Cyber Cup (UA) (2x5 mins),T3RZ x Jur_Kr,T3RZ,Milan,Jur_Kr,Bologna FC,31/08/2026,18:42:33,Total de Gols,Under,6.5,,,,,2.03,0-0,1-4,Green,1.03,17552030
, CLA-UA Italy Cyber Cup (UA) (2x5 mins),T3RZ x Jur_Kr,T3RZ,Milan,Jur_Kr,Bologna FC,31/08/2026,18:46:13,Total de Gols,Under,5.5,,,,,2.12,1-1,1-4,Green,1.12,17552030
, CLA-UA Italy Cyber Cup (UA) (2x5 mins),T3RZ x Jur_Kr,T3RZ,Milan,Jur_Kr,Bologna FC,31/08/2026,18:49:08,Total de Gols,Under,4.5,,,,,2.23,1-2,1-4,Red,-1.0,17552030
, CLA-UA Italy Cyber Cup (UA) (2x5 mins),Jur_Kr x Terry14,Jur_Kr,Bologna FC,Terry14,Lazio,31/08/2026,19:08:18,Total de Gols,Under,8.5,,,,,1.79,0-0,4-1,Green,0.79,17552033
, CLA-UA Italy Cyber Cup (UA) (2x5 mins),Jur_Kr x Terry14,Jur_Kr,Bologna FC,Terry14,Lazio,31/08/2026,19:09:06,Total de Gols,Under,7.5,,,,,2.03,0-0,4-1,Green,1.03,17552033
, CLA-UA Italy Cyber Cup (UA) (2x5 mins),Jur_Kr x Terry14,Jur_Kr,Bologna FC,Terry14,Lazio,31/08/2026,19:10:42,Total de Gols,Under,9.5,,,,,1.79,1-1,4-1,Green,0.79,17552033
, CLA-UA Italy Cyber Cup (UA) (2x5 mins),Jur_Kr x Terry14,Jur_Kr,Bologna FC,Terry14,Lazio,31/08/2026,19:17:04,Total de Gols,Under,6.5,,,,,2.31,4-1,4-1,Green,1.31,17552033
, CLA-UA Italy Cyber Cup (UA) (2x5 mins),Jur_Kr x Terry14,Jur_Kr,Bologna FC,Terry14,Lazio,31/08/2026,19:18:36,Total de Gols,Under,5.5,,,,,2.47,4-1,4-1,Green,1.47,17552033
, CLA-UA Italy Cyber Cup (UA) (2x5 mins),T3RZ x djamik,T3RZ,Milan,djamik,Atalanta,31/08/2026,19:08:14,Total de Gols,Under,8.5,,,,,1.71,0-0,3-6,Red,-1.0,17552032
, CLA-UA Italy Cyber Cup (UA) (2x5 mins),T3RZ x djamik,T3RZ,Milan,djamik,Atalanta,31/08/2026,19:08:29,Total de Gols,Under,7.5,,,,,2.07,0-0,3-6,Red,-1.0,17552032
, CLA-UA Italy Cyber Cup (UA) (2x5 mins),T3RZ x djamik,T3RZ,Milan,djamik,Atalanta,31/08/2026,19:11:00,Total de Gols,Under,9.5,,,,,1.72,1-1,3-6,Green,0.72,17552032
, CLA-UA Italy Cyber Cup (UA) (2x5 mins),Jur_Kr x djamik,Jur_Kr,Bologna FC,djamik,Atalanta,31/08/2026,19:22:58,Total de Gols,Under,9.5,,,,,1.7,0-0,3-3,Green,0.7,17552034
, CLA-UA Italy Cyber Cup (UA) (2x5 mins),Jur_Kr x djamik,Jur_Kr,Bologna FC,djamik,Atalanta,31/08/2026,19:23:18,Total de Gols,Under,8.5,,,,,2.06,0-0,3-3,Green,1.06,17552034
, CLA-UA Italy Cyber Cup (UA) (2x5 mins),Jur_Kr x djamik,Jur_Kr,Bologna FC,djamik,Atalanta,31/08/2026,19:28:45,Total de Gols,Under,7.5,,,,,2.12,1-2,3-3,Green,1.12,17552034
, CLA-UA Italy Cyber Cup (UA) (2x5 mins),Jur_Kr x djamik,Jur_Kr,Bologna FC,djamik,Atalanta,31/08/2026,19:32:48,Total de Gols,Under,6.5,,,,,2.85,3-3,3-3,Green,1.85,17552034
,CLA-UA World Cyber Cup (UA) (2x5 mins),Jackson x FanFan,Jackson,Austria,FanFan,Algeria,31/08/2026,19:22:19,Total de Gols,Under,7.5,,,,,1.62,0-0,1-2,Green,0.62,17552046
,CLA-UA World Cyber Cup (UA) (2x5 mins),Jackson x FanFan,Jackson,Austria,FanFan,Algeria,31/08/2026,19:22:29,Total de Gols,Under,6.5,,,,,2.07,0-0,1-2,Green,1.07,17552046
,CLA-UA World Cyber Cup (UA) (2x5 mins),Jackson x FanFan,Jackson,Austria,FanFan,Algeria,31/08/2026,19:23:59,Total de Gols,Under,5.5,,,,,2.12,0-0,1-2,Green,1.12,17552046
,CLA-UA World Cyber Cup (UA) (2x5 mins),Jackson x FanFan,Jackson,Austria,FanFan,Algeria,31/08/2026,19:25:50,Total de Gols,Under,4.5,,,,,2.12,0-0,1-2,Green,1.12,17552046
,CLA-UA World Cyber Cup (UA) (2x5 mins),Jackson x FanFan,Jackson,Austria,FanFan,Algeria,31/08/2026,19:28:52,Total de Gols,Under,3.5,,,,,2.17,0-1,1-2,Green,1.17,17552046
,CLA-UA World Cyber Cup (UA) (2x5 mins),Jackson x FanFan,Jackson,Austria,FanFan,Algeria,31/08/2026,19:30:22,Total de Gols,Under,2.5,,,,,2.32,0-1,1-2,Red,-1.0,17552046
,CLA-UA World Cyber Cup (UA) (2x5 mins),Jackson x FanFan,Jackson,Austria,FanFan,Algeria,31/08/2026,19:31:42,Total de Gols,Under,1.5,,,,,2.66,0-1,1-2,Red,-1.0,17552046
,CLA-UA World Cyber Cup (UA) (2x5 mins),Yeti x mara,Yeti,Iceland,mara,Jordan,31/08/2026,19:34:26,Total de Gols,Under,7.5,,,,,1.65,0-0,4-1,Green,0.65,17552190
,CLA-UA World Cyber Cup (UA) (2x5 mins),Yeti x mara,Yeti,Iceland,mara,Jordan,31/08/2026,19:36:28,Total de Gols,Under,6.5,,,,,2.07,0-0,4-1,Green,1.07,17552190
,CLA-UA World Cyber Cup (UA) (2x5 mins),Yeti x mara,Yeti,Iceland,mara,Jordan,31/08/2026,19:39:45,Total de Gols,Under,5.5,,,,,2.12,1-0,4-1,Green,1.12,17552190
, CLA-UA Italy Cyber Cup (UA) (2x5 mins),Donatello x djamik,Donatello,Fiorentina,djamik,Atalanta,31/08/2026,19:36:13,Total de Gols,Under,8.5,,,,,1.71,0-0,5-4,Red,-1.0,17552036
, CLA-UA Italy Cyber Cup (UA) (2x5 mins),Donatello x djamik,Donatello,Fiorentina,djamik,Atalanta,31/08/2026,19:36:32,Total de Gols,Under,7.5,,,,,2.07,0-0,5-4,Red,-1.0,17552036
, CLA-UA Italy Cyber Cup (UA) (2x5 mins),Donatello x djamik,Donatello,Fiorentina,djamik,Atalanta,31/08/2026,19:41:25,Total de Gols,Under,9.5,,,,,1.66,2-2,5-4,Green,0.66,17552036
, CLA-UA Spain Cyber Cup (UA) (2x5 mins),FanFan x Galikooo,FanFan,Atletico Madrid,Galikooo,Valencia,31/08/2026,22:30:53,Total de Gols,Under,8.5,,,,,1.76,0-0,2-4,Green,0.76,17552112
, CLA-UA Spain Cyber Cup (UA) (2x5 mins),FanFan x Galikooo,FanFan,Atletico Madrid,Galikooo,Valencia,31/08/2026,22:32:17,Total de Gols,Under,9.5,,,,,1.8,0-1,2-4,Green,0.8,17552112
, CLA-UA Spain Cyber Cup (UA) (2x5 mins),FanFan x Galikooo,FanFan,Atletico Madrid,Galikooo,Valencia,31/08/2026,22:36:08,Total de Gols,Under,10.5,,,,,1.91,2-3,2-4,Green,0.91,17552112
, CLA-UA Spain Cyber Cup (UA) (2x5 mins),FanFan x Galikooo,FanFan,Atletico Madrid,Galikooo,Valencia,31/08/2026,22:40:11,Total de Gols,Under,7.5,,,,,2.36,2-4,2-4,Green,1.36,17552112
, CLA-UA Spain Cyber Cup (UA) (2x5 mins),FanFan x Galikooo,FanFan,Atletico Madrid,Galikooo,Valencia,31/08/2026,22:41:21,Total de Gols,Under,6.5,,,,,2.57,2-4,2-4,Green,1.57,17552112
, CLA-UA Spain Cyber Cup (UA) (2x5 mins),drksd3 x luxiqq,drksd3,Levante,luxiqq,Barcelona,31/08/2026,22:32:15,Total de Gols,Under,8.5,,,,,1.63,0-0,3-3,Green,0.63,17552202
, CLA-UA Spain Cyber Cup (UA) (2x5 mins),drksd3 x luxiqq,drksd3,Levante,luxiqq,Barcelona,31/08/2026,22:33:49,Total de Gols,Under,7.5,,,,,1.98,1-0,3-3,Green,0.98,17552202
, CLA-UA Spain Cyber Cup (UA) (2x5 mins),drksd3 x luxiqq,drksd3,Levante,luxiqq,Barcelona,31/08/2026,22:38:23,Total de Gols,Under,6.5,,,,,2.17,2-1,3-3,Green,1.17,17552202
, CLA-UA Spain Cyber Cup (UA) (2x5 mins),drksd3 x luxiqq,drksd3,Levante,luxiqq,Barcelona,31/08/2026,22:40:41,Total de Gols,Under,5.5,,,,,2.27,2-2,3-3,Red,-1.0,17552202
,CLA-UA World Cyber Cup (UA) (2x5 mins),_pihaaa_ x vrud1,_pihaaa_,Scotland,vrud1,Poland,31/08/2026,22:44:31,Total de Gols,Under,7.5,,,,,1.97,0-0,5-1,Green,0.97,17552131
,CLA-UA World Cyber Cup (UA) (2x5 mins),_pihaaa_ x vrud1,_pihaaa_,Scotland,vrud1,Poland,31/08/2026,22:45:40,Total de Gols,Under,8.5,,,,,1.65,0-0,5-1,Green,0.65,17552131
,CLA-UA World Cyber Cup (UA) (2x5 mins),_pihaaa_ x vrud1,_pihaaa_,Scotland,vrud1,Poland,31/08/2026,22:47:27,Total de Gols,Under,6.5,,,,,2.12,1-0,5-1,Green,1.12,17552131
,CLA-UA World Cyber Cup (UA) (2x5 mins),_pihaaa_ x vrud1,_pihaaa_,Scotland,vrud1,Poland,31/08/2026,22:48:37,Total de Gols,Under,5.5,,,,,2.12,1-0,5-1,Red,-1.0,17552131
,CLA-UA World Cyber Cup (UA) (2x5 mins),_pihaaa_ x vrud1,_pihaaa_,Scotland,vrud1,Poland,31/08/2026,22:49:27,Total de Gols,Under,4.5,,,,,2.17,1-0,5-1,Red,-1.0,17552131
,CLA-UA World Cyber Cup (UA) (2x5 mins),_pihaaa_ x vrud1,_pihaaa_,Scotland,vrud1,Poland,31/08/2026,22:52:45,Total de Gols,Under,3.5,,,,,2.17,1-1,5-1,Red,-1.0,17552131
,CLA-UA World Cyber Cup (UA) (2x5 mins),simaha x Bucha,simaha,Brazil,Bucha,Morocco,31/08/2026,23:11:45,Total de Gols,Under,7.5,,,,,1.74,0-0,0-7,Green,0.74,17552136
,CLA-UA World Cyber Cup (UA) (2x5 mins),simaha x Bucha,simaha,Brazil,Bucha,Morocco,31/08/2026,23:12:34,Total de Gols,Under,8.5,,,,,1.68,0-0,0-7,Green,0.68,17552136
,CLA-UA World Cyber Cup (UA) (2x5 mins),simaha x Bucha,simaha,Brazil,Bucha,Morocco,31/08/2026,23:14:37,Total de Gols,Under,9.5,,,,,1.65,0-2,0-7,Green,0.65,17552136
,CLA-UA World Cyber Cup (UA) (2x5 mins),simaha x Bucha,simaha,Brazil,Bucha,Morocco,31/08/2026,23:15:53,Total de Gols,Under,10.5,,,,,1.77,0-4,0-7,Green,0.77,17552136
, CLA-UA Spain Cyber Cup (UA) (2x5 mins),djamik x FanFan,djamik,Getafe,FanFan,Atletico Madrid,31/08/2026,23:12:15,Total de Gols,Under,7.5,,,,,1.7,0-0,4-3,Green,0.7,17552115
, CLA-UA Spain Cyber Cup (UA) (2x5 mins),djamik x FanFan,djamik,Getafe,FanFan,Atletico Madrid,31/08/2026,23:12:43,Total de Gols,Under,6.5,,,,,2.07,0-0,4-3,Red,-1.0,17552115
, CLA-UA Spain Cyber Cup (UA) (2x5 mins),djamik x FanFan,djamik,Getafe,FanFan,Atletico Madrid,31/08/2026,23:22:10,Total de Gols,Under,5.5,,,,,2.56,3-2,4-3,Red,-1.0,17552115
, CLA-UA Spain Cyber Cup (UA) (2x5 mins),Galikooo x drksd3,Galikooo,Valencia,drksd3,Levante,31/08/2026,23:12:23,Total de Gols,Under,8.5,,,,,1.97,0-0,6-6,Red,-1.0,17552116
, CLA-UA Spain Cyber Cup (UA) (2x5 mins),Galikooo x drksd3,Galikooo,Valencia,drksd3,Levante,31/08/2026,23:13:34,Total de Gols,Under,9.5,,,,,1.77,0-0,6-6,Red,-1.0,17552116
, CLA-UA Spain Cyber Cup (UA) (2x5 mins),Galikooo x drksd3,Galikooo,Valencia,drksd3,Levante,31/08/2026,23:13:48,Total de Gols,Under,10.5,,,,,1.68,1-0,6-6,Red,-1.0,17552116
, CLA-UA Spain Cyber Cup (UA) (2x5 mins),Galikooo x drksd3,Galikooo,Valencia,drksd3,Levante,31/08/2026,23:16:18,Total de Gols,Under,11.5,,,,,1.77,3-1,6-6,Red,-1.0,17552116
, CLA-UA Spain Cyber Cup (UA) (2x5 mins),Galikooo x drksd3,Galikooo,Valencia,drksd3,Levante,31/08/2026,23:17:36,Total de Gols,Under,12.5,,,,,1.78,3-3,6-6,Green,0.78,17552116
, CLA-UA Spain Cyber Cup (UA) (2x5 mins),Galikooo x FanFan,Galikooo,Valencia,FanFan,Atletico Madrid,31/08/2026,23:40:16,Total de Gols,Under,8.5,,,,,1.76,0-0,4-2,Green,0.76,17552120
, CLA-UA Spain Cyber Cup (UA) (2x5 mins),Galikooo x FanFan,Galikooo,Valencia,FanFan,Atletico Madrid,31/08/2026,23:40:52,Total de Gols,Under,7.5,,,,,2.07,0-0,4-2,Green,1.07,17552120
, CLA-UA Spain Cyber Cup (UA) (2x5 mins),Galikooo x FanFan,Galikooo,Valencia,FanFan,Atletico Madrid,31/08/2026,23:44:51,Total de Gols,Under,6.5,,,,,2.12,0-2,4-2,Green,1.12,17552120
, CLA-UA Spain Cyber Cup (UA) (2x5 mins),FanFan x drksd3,FanFan,Atletico Madrid,drksd3,Levante,31/08/2026,23:54:14,Total de Gols,Under,8.5,,,,,1.93,0-0,4-6,Red,-1.0,17552125
, CLA-UA Spain Cyber Cup (UA) (2x5 mins),FanFan x drksd3,FanFan,Atletico Madrid,drksd3,Levante,31/08/2026,23:54:53,Total de Gols,Under,9.5,,,,,1.78,0-0,4-6,Red,-1.0,17552125
, CLA-UA Spain Cyber Cup (UA) (2x5 mins),FanFan x drksd3,FanFan,Atletico Madrid,drksd3,Levante,31/08/2026,23:56:33,Total de Gols,Under,7.5,,,,,2.06,0-1,4-6,Red,-1.0,17552125
, CLA-UA Spain Cyber Cup (UA) (2x5 mins),FanFan x drksd3,FanFan,Atletico Madrid,drksd3,Levante,01/09/2026,00:01:48,Total de Gols,Under,10.5,,,,,1.68,3-3,4-6,Green,0.68,17552125
, CLA-UA Spain Cyber Cup (UA) (2x5 mins),luxiqq x djamik,luxiqq,Barcelona,djamik,Getafe,31/08/2026,23:54:24,Total de Gols,Under,7.5,,,,,1.65,0-0,1-7,Red,-1.0,17552121
, CLA-UA Spain Cyber Cup (UA) (2x5 mins),luxiqq x djamik,luxiqq,Barcelona,djamik,Getafe,31/08/2026,23:54:48,Total de Gols,Under,6.5,,,,,2.03,0-0,1-7,Red,-1.0,17552121
, CLA-UA Spain Cyber Cup (UA) (2x5 mins),luxiqq x djamik,luxiqq,Barcelona,djamik,Getafe,31/08/2026,23:55:57,Total de Gols,Under,8.5,,,,,1.69,0-1,1-7,Green,0.69,17552121
, CLA-UA Spain Cyber Cup (UA) (2x5 mins),luxiqq x djamik,luxiqq,Barcelona,djamik,Getafe,31/08/2026,23:56:20,Total de Gols,Under,9.5,,,,,1.59,0-2,1-7,Green,0.59,17552121
, CLA-UA Spain Cyber Cup (UA) (2x5 mins),luxiqq x djamik,luxiqq,Barcelona,djamik,Getafe,01/09/2026,00:01:19,Total de Gols,Under,10.5,,,,,1.54,0-6,1-7,Green,0.54,17552121
, CLA-UA Spain Cyber Cup (UA) (2x5 mins),Galikooo x djamik,Galikooo,Valencia,djamik,Getafe,01/09/2026,00:08:14,Total de Gols,Under,8.5,,,,,1.68,0-0,3-6,Red,-1.0,17552129
, CLA-UA Spain Cyber Cup (UA) (2x5 mins),Galikooo x djamik,Galikooo,Valencia,djamik,Getafe,01/09/2026,00:08:22,Total de Gols,Under,9.5,,,,,1.62,0-0,3-6,Green,0.62,17552129
, CLA-UA Spain Cyber Cup (UA) (2x5 mins),Galikooo x djamik,Galikooo,Valencia,djamik,Getafe,01/09/2026,00:11:01,Total de Gols,Under,7.5,,,,,2.07,0-2,3-6,Red,-1.0,17552129
, CLA-UA Spain Cyber Cup (UA) (2x5 mins),Galikooo x djamik,Galikooo,Valencia,djamik,Getafe,01/09/2026,00:13:38,Total de Gols,Under,10.5,,,,,1.72,2-3,3-6,Green,0.72,17552129
, CLA-UA Spain Cyber Cup (UA) (2x5 mins),Galikooo x djamik,Galikooo,Valencia,djamik,Getafe,01/09/2026,00:14:05,Total de Gols,Under,11.5,,,,,1.68,2-4,3-6,Green,0.68,17552129
,CLA-UA World Cyber Cup (UA) (2x5 mins),Bucha x simaha,Bucha,Morocco,simaha,Brazil,01/09/2026,00:21:37,Total de Gols,Under,8.5,,,,,1.76,0-0,5-4,Red,-1.0,17552152
,CLA-UA World Cyber Cup (UA) (2x5 mins),Bucha x simaha,Bucha,Morocco,simaha,Brazil,01/09/2026,00:22:53,Total de Gols,Under,7.5,,,,,1.98,0-0,5-4,Red,-1.0,17552152
,CLA-UA World Cyber Cup (UA) (2x5 mins),Bucha x simaha,Bucha,Morocco,simaha,Brazil,01/09/2026,00:23:39,Total de Gols,Under,9.5,,,,,1.62,0-0,5-4,Green,0.62,17552152
,CLA-UA World Cyber Cup (UA) (2x5 mins),Bucha x simaha,Bucha,Morocco,simaha,Brazil,01/09/2026,00:27:36,Total de Gols,Under,10.5,,,,,1.76,2-2,5-4,Green,0.76,17552152
,CLA-UA World Cyber Cup (UA) (2x5 mins),Bucha x simaha,Bucha,Morocco,simaha,Brazil,01/09/2026,00:28:57,Total de Gols,Under,11.5,,,,,2.02,3-3,5-4,Green,1.02,17552152
, CLA-UA Spain Cyber Cup (UA) (2x5 mins),FanFan x djamik,FanFan,Atletico Madrid,djamik,Getafe,01/09/2026,00:22:19,Total de Gols,Under,7.5,,,,,1.69,0-0,8-4,Red,-1.0,17552123
, CLA-UA Spain Cyber Cup (UA) (2x5 mins),FanFan x djamik,FanFan,Atletico Madrid,djamik,Getafe,01/09/2026,00:22:43,Total de Gols,Under,6.5,,,,,2.07,0-0,8-4,Red,-1.0,17552123
, CLA-UA Spain Cyber Cup (UA) (2x5 mins),FanFan x djamik,FanFan,Atletico Madrid,djamik,Getafe,01/09/2026,00:24:44,Total de Gols,Under,8.5,,,,,1.86,1-1,8-4,Red,-1.0,17552123
, CLA-UA Spain Cyber Cup (UA) (2x5 mins),FanFan x djamik,FanFan,Atletico Madrid,djamik,Getafe,01/09/2026,00:25:11,Total de Gols,Under,9.5,,,,,1.7,2-1,8-4,Red,-1.0,17552123
, CLA-UA Spain Cyber Cup (UA) (2x5 mins),FanFan x djamik,FanFan,Atletico Madrid,djamik,Getafe,01/09/2026,00:29:00,Total de Gols,Under,10.5,,,,,1.65,5-1,8-4,Red,-1.0,17552123
, CLA-UA Spain Cyber Cup (UA) (2x5 mins),FanFan x djamik,FanFan,Atletico Madrid,djamik,Getafe,01/09/2026,00:30:39,Total de Gols,Under,11.5,,,,,1.5,6-2,8-4,Red,-1.0,17552123
,CLA-UA World Cyber Cup (UA) (2x5 mins),Bucha x _pihaaa_,Bucha,Morocco,_pihaaa_,Scotland,01/09/2026,00:36:31,Total de Gols,Under,8.5,,,,,1.62,0-1,5-3,Green,0.62,17552143
,CLA-UA World Cyber Cup (UA) (2x5 mins),Bucha x _pihaaa_,Bucha,Morocco,_pihaaa_,Scotland,01/09/2026,00:37:02,Total de Gols,Under,9.5,,,,,1.66,0-1,5-3,Green,0.66,17552143
,CLA-UA World Cyber Cup (UA) (2x5 mins),Bucha x _pihaaa_,Bucha,Morocco,_pihaaa_,Scotland,01/09/2026,00:41:45,Total de Gols,Under,7.5,,,,,2.17,2-2,5-3,Red,-1.0,17552143
, CLA-UA Champions Cyber League (UA) (2x5 mins),zyX x Kairox,zyX,Feyenoord,Kairox,Celtic,01/09/2026,09:00:11,Total de Gols,Under,7.5,,,,,1.79,1-3,2-4,Green,0.79,17562387
, CLA-UA Champions Cyber League (UA) (2x5 mins),zyX x Kairox,zyX,Feyenoord,Kairox,Celtic,01/09/2026,09:00:51,Total de Gols,Under,6.5,,,,,2.21,1-3,2-4,Green,1.21,17562387
, CLA-UA Champions Cyber League (UA) (2x5 mins),zyX x Kairox,zyX,Feyenoord,Kairox,Celtic,01/09/2026,09:03:40,Total de Gols,Under,5.5,,,,,2.61,1-4,2-4,Red,-1.0,17562387
, CLA-UA Italy Cyber Cup (UA) (2x5 mins),Nlui_22 x zyX,Nlui_22,Napoli,zyX,Torino,01/09/2026,09:59:39,Total de Gols,Under,7.5,,,,,1.65,0-0,5-5,Red,-1.0,17562426
, CLA-UA Italy Cyber Cup (UA) (2x5 mins),Nlui_22 x zyX,Nlui_22,Napoli,zyX,Torino,01/09/2026,10:00:56,Total de Gols,Under,8.5,,,,,1.97,1-0,5-5,Red,-1.0,17562426
, CLA-UA Italy Cyber Cup (UA) (2x5 mins),Nlui_22 x zyX,Nlui_22,Napoli,zyX,Torino,01/09/2026,10:02:46,Total de Gols,Under,9.5,,,,,1.69,2-1,5-5,Red,-1.0,17562426
, CLA-UA Italy Cyber Cup (UA) (2x5 mins),Nlui_22 x zyX,Nlui_22,Napoli,zyX,Torino,01/09/2026,10:06:30,Total de Gols,Under,10.5,,,,,1.82,3-3,5-5,Green,0.82,17562426
, CLA-UA Italy Cyber Cup (UA) (2x5 mins),Nlui_22 x zyX,Nlui_22,Napoli,zyX,Torino,01/09/2026,10:09:58,Total de Gols,Under,11.5,,,,,1.36,4-5,5-5,Green,0.36,17562426
, CLA-UA Italy Cyber Cup (UA) (2x5 mins),shatik666 x Xellark,shatik666,Udinese,Xellark,Roma,01/09/2026,10:01:15,Total de Gols,Under,8.5,,,,,2.02,1-0,5-4,Red,-1.0,17562427
, CLA-UA Italy Cyber Cup (UA) (2x5 mins),shatik666 x Xellark,shatik666,Udinese,Xellark,Roma,01/09/2026,10:01:17,Total de Gols,Under,9.5,,,,,1.97,1-0,5-4,Green,0.97,17562427
, CLA-UA Italy Cyber Cup (UA) (2x5 mins),shatik666 x Xellark,shatik666,Udinese,Xellark,Roma,01/09/2026,10:02:24,Total de Gols,Under,10.5,,,,,1.62,2-0,5-4,Green,0.62,17562427
, CLA-UA Italy Cyber Cup (UA) (2x5 mins),shatik666 x Xellark,shatik666,Udinese,Xellark,Roma,01/09/2026,10:07:08,Total de Gols,Under,7.5,,,,,2.12,3-1,5-4,Red,-1.0,17562427
, CLA-UA Spain Cyber Cup (UA) (2x5 mins),Donatello x Terry14,Donatello,Celta Vigo,Terry14,Athletic Club,01/09/2026,10:28:16,Total de Gols,Under,7.5,,,,,1.73,0-0,5-6,Red,-1.0,17562400
, CLA-UA Spain Cyber Cup (UA) (2x5 mins),Donatello x Terry14,Donatello,Celta Vigo,Terry14,Athletic Club,01/09/2026,10:28:57,Total de Gols,Under,6.5,,,,,2.08,0-0,5-6,Red,-1.0,17562400
, CLA-UA Spain Cyber Cup (UA) (2x5 mins),Donatello x Terry14,Donatello,Celta Vigo,Terry14,Athletic Club,01/09/2026,10:31:58,Total de Gols,Under,8.5,,,,,1.65,2-0,5-6,Red,-1.0,17562400
, CLA-UA Spain Cyber Cup (UA) (2x5 mins),Donatello x Terry14,Donatello,Celta Vigo,Terry14,Athletic Club,01/09/2026,10:33:29,Total de Gols,Under,9.5,,,,,1.63,2-2,5-6,Red,-1.0,17562400
, CLA-UA Spain Cyber Cup (UA) (2x5 mins),Donatello x Terry14,Donatello,Celta Vigo,Terry14,Athletic Club,01/09/2026,10:34:53,Total de Gols,Under,10.5,,,,,1.77,4-2,5-6,Red,-1.0,17562400
, CLA-UA Spain Cyber Cup (UA) (2x5 mins),Donatello x Terry14,Donatello,Celta Vigo,Terry14,Athletic Club,01/09/2026,10:35:26,Total de Gols,Under,11.5,,,,,1.54,5-2,5-6,Green,0.54,17562400
, CLA-UA Italy Cyber Cup (UA) (2x5 mins),zyX x Nlui_22,zyX,Torino,Nlui_22,Napoli,01/09/2026,11:09:37,Total de Gols,Under,7.5,,,,,1.88,0-0,3-2,Green,0.88,17562437
, CLA-UA Italy Cyber Cup (UA) (2x5 mins),zyX x Nlui_22,zyX,Torino,Nlui_22,Napoli,01/09/2026,11:11:05,Total de Gols,Under,6.5,,,,,2.07,0-0,3-2,Green,1.07,17562437
, CLA-UA Italy Cyber Cup (UA) (2x5 mins),zyX x Nlui_22,zyX,Torino,Nlui_22,Napoli,01/09/2026,11:12:38,Total de Gols,Under,8.5,,,,,1.65,0-1,3-2,Green,0.65,17562437
, CLA-UA Italy Cyber Cup (UA) (2x5 mins),zyX x Nlui_22,zyX,Torino,Nlui_22,Napoli,01/09/2026,11:15:08,Total de Gols,Under,5.5,,,,,2.17,1-1,3-2,Green,1.17,17562437
, CLA-UA Spain Cyber Cup (UA) (2x5 mins),Terry14 x k0tik,Terry14,Athletic Club,k0tik,Villarreal,01/09/2026,11:09:06,Total de Gols,Under,7.5,,,,,1.78,0-0,3-7,Red,-1.0,17562406
, CLA-UA Spain Cyber Cup (UA) (2x5 mins),Terry14 x k0tik,Terry14,Athletic Club,k0tik,Villarreal,01/09/2026,11:10:23,Total de Gols,Under,8.5,,,,,1.78,0-0,3-7,Red,-1.0,17562406
, CLA-UA Spain Cyber Cup (UA) (2x5 mins),Terry14 x k0tik,Terry14,Athletic Club,k0tik,Villarreal,01/09/2026,11:12:52,Total de Gols,Under,6.5,,,,,2.07,0-1,3-7,Red,-1.0,17562406
, CLA-UA Spain Cyber Cup (UA) (2x5 mins),Terry14 x k0tik,Terry14,Athletic Club,k0tik,Villarreal,01/09/2026,11:17:02,Total de Gols,Under,9.5,,,,,1.59,0-5,3-7,Red,-1.0,17562406
, CLA-UA Spain Cyber Cup (UA) (2x5 mins),Terry14 x k0tik,Terry14,Athletic Club,k0tik,Villarreal,01/09/2026,11:20:13,Total de Gols,Under,10.5,,,,,1.41,3-5,3-7,Green,0.41,17562406
, CLA-UA Italy Cyber Cup (UA) (2x5 mins),shatik666 x Nlui_22,shatik666,Udinese,Nlui_22,Napoli,01/09/2026,11:24:23,Total de Gols,Under,8.5,,,,,1.98,0-0,6-1,Green,0.98,17562440
, CLA-UA Italy Cyber Cup (UA) (2x5 mins),shatik666 x Nlui_22,shatik666,Udinese,Nlui_22,Napoli,01/09/2026,11:26:19,Total de Gols,Under,7.5,,,,,2.03,0-0,6-1,Green,1.03,17562440
, CLA-UA Italy Cyber Cup (UA) (2x5 mins),shatik666 x Nlui_22,shatik666,Udinese,Nlui_22,Napoli,01/09/2026,11:27:10,Total de Gols,Under,9.5,,,,,1.72,0-1,6-1,Green,0.72,17562440
, CLA-UA Italy Cyber Cup (UA) (2x5 mins),shatik666 x Nlui_22,shatik666,Udinese,Nlui_22,Napoli,01/09/2026,11:27:28,Total de Gols,Under,10.5,,,,,1.74,1-1,6-1,Green,0.74,17562440
, CLA-UA Italy Cyber Cup (UA) (2x5 mins),shatik666 x Nlui_22,shatik666,Udinese,Nlui_22,Napoli,01/09/2026,11:34:09,Total de Gols,Under,6.5,,,,,2.31,4-1,6-1,Red,-1.0,17562440
, CLA-UA Italy Cyber Cup (UA) (2x5 mins),Nlui_22 x Kairox,Nlui_22,Napoli,Kairox,Inter,01/09/2026,12:05:44,Total de Gols,Under,6.5,,,,,2.07,0-0,5-4,Red,-1.0,17562445
, CLA-UA Italy Cyber Cup (UA) (2x5 mins),Nlui_22 x Kairox,Nlui_22,Napoli,Kairox,Inter,01/09/2026,12:07:12,Total de Gols,Under,7.5,,,,,1.78,0-0,5-4,Red,-1.0,17562445
, CLA-UA Italy Cyber Cup (UA) (2x5 mins),Nlui_22 x Kairox,Nlui_22,Napoli,Kairox,Inter,01/09/2026,12:10:47,Total de Gols,Under,5.5,,,,,2.21,2-0,5-4,Red,-1.0,17562445
, CLA-UA Italy Cyber Cup (UA) (2x5 mins),Nlui_22 x Kairox,Nlui_22,Napoli,Kairox,Inter,01/09/2026,12:16:15,Total de Gols,Under,8.5,,,,,1.51,4-2,5-4,Red,-1.0,17562445
, CLA-UA Spain Cyber Cup (UA) (2x5 mins),Gammi x Donatello,Gammi,Atletico Madrid,Donatello,Celta Vigo,01/09/2026,12:06:14,Total de Gols,Under,7.5,,,,,1.82,0-0,1-6,Green,0.82,17562413
, CLA-UA Spain Cyber Cup (UA) (2x5 mins),Gammi x Donatello,Gammi,Atletico Madrid,Donatello,Celta Vigo,01/09/2026,12:07:22,Total de Gols,Under,6.5,,,,,2.07,0-0,1-6,Red,-1.0,17562413
, CLA-UA Spain Cyber Cup (UA) (2x5 mins),Gammi x Donatello,Gammi,Atletico Madrid,Donatello,Celta Vigo,01/09/2026,12:08:41,Total de Gols,Under,8.5,,,,,1.66,0-1,1-6,Green,0.66,17562413
, CLA-UA Spain Cyber Cup (UA) (2x5 mins),four x Forzyar,four,Valencia,Forzyar,Espanyol,01/09/2026,15:00:12,Total de Gols,Under,6.5,,,,,2.02,0-0,2-2,Green,1.02,17562852
, CLA-UA Spain Cyber Cup (UA) (2x5 mins),four x Forzyar,four,Valencia,Forzyar,Espanyol,01/09/2026,15:02:01,Total de Gols,Under,5.5,,,,,2.07,0-0,2-2,Green,1.07,17562852
, CLA-UA Spain Cyber Cup (UA) (2x5 mins),four x Forzyar,four,Valencia,Forzyar,Espanyol,01/09/2026,15:04:12,Total de Gols,Under,4.5,,,,,2.07,0-0,2-2,Green,1.07,17562852
, CLA-UA Spain Cyber Cup (UA) (2x5 mins),four x Forzyar,four,Valencia,Forzyar,Espanyol,01/09/2026,15:05:30,Total de Gols,Under,3.5,,,,,2.17,0-0,2-2,Red,-1.0,17562852
, CLA-UA Spain Cyber Cup (UA) (2x5 mins),four x Forzyar,four,Valencia,Forzyar,Espanyol,01/09/2026,15:07:37,Total de Gols,Under,2.5,,,,,2.22,0-0,2-2,Red,-1.0,17562852
, CLA-UA Spain Cyber Cup (UA) (2x5 mins),_pihaaa_ x vrud1,_pihaaa_,Girona FC,vrud1,Celta Vigo,01/09/2026,15:14:15,Total de Gols,Under,6.5,,,,,1.75,0-0,8-5,Red,-1.0,17562726
, CLA-UA Spain Cyber Cup (UA) (2x5 mins),_pihaaa_ x vrud1,_pihaaa_,Girona FC,vrud1,Celta Vigo,01/09/2026,15:14:31,Total de Gols,Under,7.5,,,,,1.65,0-0,8-5,Red,-1.0,17562726
, CLA-UA Spain Cyber Cup (UA) (2x5 mins),_pihaaa_ x vrud1,_pihaaa_,Girona FC,vrud1,Celta Vigo,01/09/2026,15:16:27,Total de Gols,Under,8.5,,,,,1.87,1-1,8-5,Red,-1.0,17562726
, CLA-UA Spain Cyber Cup (UA) (2x5 mins),_pihaaa_ x vrud1,_pihaaa_,Girona FC,vrud1,Celta Vigo,01/09/2026,15:18:41,Total de Gols,Under,9.5,,,,,1.69,2-2,8-5,Red,-1.0,17562726
, CLA-UA Spain Cyber Cup (UA) (2x5 mins),_pihaaa_ x vrud1,_pihaaa_,Girona FC,vrud1,Celta Vigo,01/09/2026,15:21:08,Total de Gols,Under,10.5,,,,,1.59,3-3,8-5,Red,-1.0,17562726
, CLA-UA Spain Cyber Cup (UA) (2x5 mins),_pihaaa_ x vrud1,_pihaaa_,Girona FC,vrud1,Celta Vigo,01/09/2026,15:24:01,Total de Gols,Under,11.5,,,,,1.43,6-3,8-5,Red,-1.0,17562726
, CLA-UA Italy Cyber Cup (UA) (2x5 mins),FanFan x Shark,FanFan,Udinese,Shark,Fiorentina,01/09/2026,15:28:04,Total de Gols,Under,6.5,,,,,1.95,0-0,4-5,Red,-1.0,17562554
, CLA-UA Italy Cyber Cup (UA) (2x5 mins),FanFan x Shark,FanFan,Udinese,Shark,Fiorentina,01/09/2026,15:29:03,Total de Gols,Under,7.5,,,,,1.71,0-0,4-5,Red,-1.0,17562554
, CLA-UA Italy Cyber Cup (UA) (2x5 mins),FanFan x Shark,FanFan,Udinese,Shark,Fiorentina,01/09/2026,15:31:37,Total de Gols,Under,8.5,,,,,2.02,2-1,4-5,Red,-1.0,17562554
, CLA-UA Italy Cyber Cup (UA) (2x5 mins),FanFan x Shark,FanFan,Udinese,Shark,Fiorentina,01/09/2026,15:32:43,Total de Gols,Under,9.5,,,,,1.62,3-1,4-5,Green,0.62,17562554
, CLA-UA Italy Cyber Cup (UA) (2x5 mins),FanFan x Shark,FanFan,Udinese,Shark,Fiorentina,01/09/2026,15:35:55,Total de Gols,Under,10.5,,,,,1.48,3-4,4-5,Green,0.48,17562554
, CLA-UA Italy Cyber Cup (UA) (2x5 mins),Shot x luxiqq,Shot,Bologna FC,luxiqq,Inter,01/09/2026,15:28:04,Total de Gols,Under,7.5,,,,,1.74,0-0,2-3,Green,0.74,17562553
, CLA-UA Italy Cyber Cup (UA) (2x5 mins),Shot x luxiqq,Shot,Bologna FC,luxiqq,Inter,01/09/2026,15:28:50,Total de Gols,Under,6.5,,,,,2.07,0-0,2-3,Green,1.07,17562553
, CLA-UA Italy Cyber Cup (UA) (2x5 mins),Shot x luxiqq,Shot,Bologna FC,luxiqq,Inter,01/09/2026,15:30:20,Total de Gols,Under,5.5,,,,,2.07,0-0,2-3,Green,1.07,17562553
, CLA-UA Italy Cyber Cup (UA) (2x5 mins),Shot x luxiqq,Shot,Bologna FC,luxiqq,Inter,01/09/2026,15:31:48,Total de Gols,Under,4.5,,,,,2.12,0-0,2-3,Red,-1.0,17562553
, CLA-UA Italy Cyber Cup (UA) (2x5 mins),Shot x luxiqq,Shot,Bologna FC,luxiqq,Inter,01/09/2026,15:33:09,Total de Gols,Under,3.5,,,,,2.17,0-0,2-3,Red,-1.0,17562553
, CLA-UA Spain Cyber Cup (UA) (2x5 mins),vrud1 x four,vrud1,Celta Vigo,four,Valencia,01/09/2026,15:26:41,Total de Gols,Under,6.5,,,,,1.7,0-0,6-5,Red,-1.0,17562711
, CLA-UA Spain Cyber Cup (UA) (2x5 mins),vrud1 x four,vrud1,Celta Vigo,four,Valencia,01/09/2026,15:28:33,Total de Gols,Under,7.5,,,,,1.69,0-0,6-5,Red,-1.0,17562711
, CLA-UA Spain Cyber Cup (UA) (2x5 mins),vrud1 x four,vrud1,Celta Vigo,four,Valencia,01/09/2026,15:30:00,Total de Gols,Under,8.5,,,,,1.85,1-1,6-5,Red,-1.0,17562711
, CLA-UA Spain Cyber Cup (UA) (2x5 mins),vrud1 x four,vrud1,Celta Vigo,four,Valencia,01/09/2026,15:38:03,Total de Gols,Under,9.5,,,,,1.57,4-3,6-5,Red,-1.0,17562711
, CLA-UA Spain Cyber Cup (UA) (2x5 mins),vrud1 x four,vrud1,Celta Vigo,four,Valencia,01/09/2026,15:39:03,Total de Gols,Under,10.5,,,,,1.92,5-4,6-5,Red,-1.0,17562711
,CLA-UA World Cyber Cup (UA) (2x5 mins),djamik x Sxitted,djamik,Curacao,Sxitted,Germany,01/09/2026,15:28:14,Total de Gols,Under,7.5,,,,,1.65,0-0,5-2,Green,0.65,17562532
,CLA-UA World Cyber Cup (UA) (2x5 mins),djamik x Sxitted,djamik,Curacao,Sxitted,Germany,01/09/2026,15:29:44,Total de Gols,Under,6.5,,,,,2.08,0-0,5-2,Red,-1.0,17562532
,CLA-UA World Cyber Cup (UA) (2x5 mins),djamik x Sxitted,djamik,Curacao,Sxitted,Germany,01/09/2026,15:31:21,Total de Gols,Under,5.5,,,,,2.12,0-0,5-2,Red,-1.0,17562532
,CLA-UA World Cyber Cup (UA) (2x5 mins),djamik x Sxitted,djamik,Curacao,Sxitted,Germany,01/09/2026,15:33:51,Total de Gols,Under,4.5,,,,,2.08,1-0,5-2,Red,-1.0,17562532
,CLA-UA World Cyber Cup (UA) (2x5 mins),djamik x palkan,djamik,Curacao,palkan,Panama,01/09/2026,15:42:08,Total de Gols,Under,8.5,,,,,2.07,0-0,3-3,Green,1.07,17562534
,CLA-UA World Cyber Cup (UA) (2x5 mins),djamik x palkan,djamik,Curacao,palkan,Panama,01/09/2026,15:43:31,Total de Gols,Under,9.5,,,,,1.78,0-0,3-3,Green,0.78,17562534
,CLA-UA World Cyber Cup (UA) (2x5 mins),djamik x palkan,djamik,Curacao,palkan,Panama,01/09/2026,15:45:23,Total de Gols,Under,7.5,,,,,1.91,0-1,3-3,Green,0.91,17562534
,CLA-UA World Cyber Cup (UA) (2x5 mins),djamik x palkan,djamik,Curacao,palkan,Panama,01/09/2026,15:46:23,Total de Gols,Under,6.5,,,,,2.03,0-1,3-3,Green,1.03,17562534
,CLA-UA World Cyber Cup (UA) (2x5 mins),djamik x palkan,djamik,Curacao,palkan,Panama,01/09/2026,15:47:23,Total de Gols,Under,5.5,,,,,2.07,0-1,3-3,Red,-1.0,17562534
,CLA-UA World Cyber Cup (UA) (2x5 mins),Sxitted x Galikooo,Sxitted,Germany,Galikooo,Ivory Coast,01/09/2026,15:42:04,Total de Gols,Under,6.5,,,,,1.79,0-0,5-6,Red,-1.0,17562535
,CLA-UA World Cyber Cup (UA) (2x5 mins),Sxitted x Galikooo,Sxitted,Germany,Galikooo,Ivory Coast,01/09/2026,15:43:31,Total de Gols,Under,7.5,,,,,1.66,0-0,5-6,Red,-1.0,17562535
,CLA-UA World Cyber Cup (UA) (2x5 mins),Sxitted x Galikooo,Sxitted,Germany,Galikooo,Ivory Coast,01/09/2026,15:44:59,Total de Gols,Under,5.5,,,,,2.12,0-1,5-6,Red,-1.0,17562535
,CLA-UA World Cyber Cup (UA) (2x5 mins),Sxitted x Galikooo,Sxitted,Germany,Galikooo,Ivory Coast,01/09/2026,15:47:03,Total de Gols,Under,4.5,,,,,2.22,0-1,5-6,Red,-1.0,17562535
,CLA-UA World Cyber Cup (UA) (2x5 mins),Sxitted x Galikooo,Sxitted,Germany,Galikooo,Ivory Coast,01/09/2026,15:50:49,Total de Gols,Under,8.5,,,,,1.63,3-2,5-6,Red,-1.0,17562535
,CLA-UA World Cyber Cup (UA) (2x5 mins),Sxitted x Galikooo,Sxitted,Germany,Galikooo,Ivory Coast,01/09/2026,15:51:08,Total de Gols,Under,9.5,,,,,1.48,4-2,5-6,Red,-1.0,17562535
,CLA-UA World Cyber Cup (UA) (2x5 mins),Sxitted x Galikooo,Sxitted,Germany,Galikooo,Ivory Coast,01/09/2026,15:52:34,Total de Gols,Under,10.5,,,,,1.41,4-4,5-6,Red,-1.0,17562535
, CLA-UA Spain Cyber Cup (UA) (2x5 mins),Forzyar x vrud1,Forzyar,Espanyol,vrud1,Celta Vigo,01/09/2026,15:55:23,Total de Gols,Under,7.5,,,,,1.98,0-0,4-3,Green,0.98,17562834
, CLA-UA Spain Cyber Cup (UA) (2x5 mins),Forzyar x vrud1,Forzyar,Espanyol,vrud1,Celta Vigo,01/09/2026,15:57:34,Total de Gols,Under,6.5,,,,,2.03,0-0,4-3,Red,-1.0,17562834
, CLA-UA Spain Cyber Cup (UA) (2x5 mins),Forzyar x vrud1,Forzyar,Espanyol,vrud1,Celta Vigo,01/09/2026,15:58:45,Total de Gols,Under,8.5,,,,,1.63,1-0,4-3,Green,0.63,17562834
, CLA-UA Spain Cyber Cup (UA) (2x5 mins),Forzyar x vrud1,Forzyar,Espanyol,vrud1,Celta Vigo,01/09/2026,16:00:01,Total de Gols,Under,9.5,,,,,1.68,2-1,4-3,Green,0.68,17562834
, CLA-UA Spain Cyber Cup (UA) (2x5 mins),Forzyar x vrud1,Forzyar,Espanyol,vrud1,Celta Vigo,01/09/2026,16:01:33,Total de Gols,Under,10.5,,,,,1.69,3-2,4-3,Green,0.69,17562834
,CLA-UA World Cyber Cup (UA) (2x5 mins),djamik x Galikooo,djamik,Curacao,Galikooo,Ivory Coast,01/09/2026,15:56:19,Total de Gols,Under,8.5,,,,,1.82,0-0,4-4,Green,0.82,17562536
,CLA-UA World Cyber Cup (UA) (2x5 mins),djamik x Galikooo,djamik,Curacao,Galikooo,Ivory Coast,01/09/2026,15:57:13,Total de Gols,Under,9.5,,,,,1.69,0-0,4-4,Green,0.69,17562536
,CLA-UA World Cyber Cup (UA) (2x5 mins),djamik x Galikooo,djamik,Curacao,Galikooo,Ivory Coast,01/09/2026,16:06:52,Total de Gols,Under,7.5,,,,,2.47,3-4,4-4,Red,-1.0,17562536
, CLA-UA Italy Cyber Cup (UA) (2x5 mins),luxiqq x Jackson,luxiqq,Inter,Jackson,Torino,01/09/2026,16:24:06,Total de Gols,Under,6.5,,,,,2.02,0-0,4-2,Green,1.02,17562563
, CLA-UA Italy Cyber Cup (UA) (2x5 mins),luxiqq x Jackson,luxiqq,Inter,Jackson,Torino,01/09/2026,16:25:17,Total de Gols,Under,7.5,,,,,1.77,0-0,4-2,Green,0.77,17562563
, CLA-UA Italy Cyber Cup (UA) (2x5 mins),luxiqq x Jackson,luxiqq,Inter,Jackson,Torino,01/09/2026,16:29:14,Total de Gols,Under,5.5,,,,,2.12,1-1,4-2,Red,-1.0,17562563
, CLA-UA Spain Cyber Cup (UA) (2x5 mins),Forzyar x _pihaaa_,Forzyar,Espanyol,_pihaaa_,Girona FC,01/09/2026,16:37:30,Total de Gols,Under,6.5,,,,,1.62,0-0,6-2,Red,-1.0,17562836
, CLA-UA Spain Cyber Cup (UA) (2x5 mins),Forzyar x _pihaaa_,Forzyar,Espanyol,_pihaaa_,Girona FC,01/09/2026,16:38:24,Total de Gols,Under,5.5,,,,,2.08,0-0,6-2,Red,-1.0,17562836
, CLA-UA Spain Cyber Cup (UA) (2x5 mins),Forzyar x _pihaaa_,Forzyar,Espanyol,_pihaaa_,Girona FC,01/09/2026,16:39:25,Total de Gols,Under,7.5,,,,,1.77,1-0,6-2,Red,-1.0,17562836
, CLA-UA Spain Cyber Cup (UA) (2x5 mins),Forzyar x _pihaaa_,Forzyar,Espanyol,_pihaaa_,Girona FC,01/09/2026,16:40:23,Total de Gols,Under,8.5,,,,,1.6,1-1,6-2,Green,0.6,17562836
,CLA-UA World Cyber Cup (UA) (2x5 mins),Sxitted x djamik,Sxitted,Germany,djamik,Curacao,01/09/2026,16:38:16,Total de Gols,Under,7.5,,,,,1.65,0-0,3-3,Green,0.65,17562544
,CLA-UA World Cyber Cup (UA) (2x5 mins),Sxitted x djamik,Sxitted,Germany,djamik,Curacao,01/09/2026,16:39:08,Total de Gols,Under,6.5,,,,,2.07,0-0,3-3,Green,1.07,17562544
,CLA-UA World Cyber Cup (UA) (2x5 mins),Sxitted x djamik,Sxitted,Germany,djamik,Curacao,01/09/2026,16:41:53,Total de Gols,Under,8.5,,,,,1.8,1-1,3-3,Green,0.8,17562544
, CLA-UA Spain Cyber Cup (UA) (2x5 mins),four x _pihaaa_,four,Valencia,_pihaaa_,Girona FC,01/09/2026,16:51:56,Total de Gols,Under,6.5,,,,,1.75,0-0,2-5,Red,-1.0,17562719
, CLA-UA Spain Cyber Cup (UA) (2x5 mins),four x _pihaaa_,four,Valencia,_pihaaa_,Girona FC,01/09/2026,16:52:50,Total de Gols,Under,5.5,,,,,2.11,0-0,2-5,Red,-1.0,17562719
, CLA-UA Spain Cyber Cup (UA) (2x5 mins),four x _pihaaa_,four,Valencia,_pihaaa_,Girona FC,01/09/2026,16:54:41,Total de Gols,Under,4.5,,,,,2.12,0-0,2-5,Red,-1.0,17562719
, CLA-UA Spain Cyber Cup (UA) (2x5 mins),four x _pihaaa_,four,Valencia,_pihaaa_,Girona FC,01/09/2026,16:56:24,Total de Gols,Under,7.5,,,,,1.71,0-2,2-5,Green,0.71,17562719
, CLA-UA Italy Cyber Cup (UA) (2x5 mins),palkan x Sxitted,palkan,Atalanta,Sxitted,Fiorentina,01/09/2026,17:40:07,Total de Gols,Under,8.5,,,,,2.27,4-3,5-6,Red,-1.0,17562581
, CLA-UA Italy Cyber Cup (UA) (2x5 mins),palkan x Sxitted,palkan,Atalanta,Sxitted,Fiorentina,01/09/2026,17:40:23,Total de Gols,Under,9.5,,,,,1.52,4-3,5-6,Red,-1.0,17562581
, CLA-UA Italy Cyber Cup (UA) (2x5 mins),Galikooo x T3RZ,Galikooo,Roma,T3RZ,Udinese,01/09/2026,17:30:26,Total de Gols,Under,8.5,,,,,2.03,0-0,8-6,Red,-1.0,17562580
, CLA-UA Italy Cyber Cup (UA) (2x5 mins),Galikooo x T3RZ,Galikooo,Roma,T3RZ,Udinese,01/09/2026,17:30:54,Total de Gols,Under,9.5,,,,,1.82,0-0,8-6,Red,-1.0,17562580
, CLA-UA Italy Cyber Cup (UA) (2x5 mins),Galikooo x T3RZ,Galikooo,Roma,T3RZ,Udinese,01/09/2026,17:31:32,Total de Gols,Under,10.5,,,,,1.65,0-1,8-6,Red,-1.0,17562580
, CLA-UA Italy Cyber Cup (UA) (2x5 mins),Galikooo x T3RZ,Galikooo,Roma,T3RZ,Udinese,01/09/2026,17:34:09,Total de Gols,Under,11.5,,,,,1.59,2-2,8-6,Red,-1.0,17562580
, CLA-UA Italy Cyber Cup (UA) (2x5 mins),Galikooo x T3RZ,Galikooo,Roma,T3RZ,Udinese,01/09/2026,17:34:53,Total de Gols,Under,12.5,,,,,1.8,3-3,8-6,Red,-1.0,17562580
, CLA-UA Italy Cyber Cup (UA) (2x5 mins),Galikooo x T3RZ,Galikooo,Roma,T3RZ,Udinese,01/09/2026,17:39:01,Total de Gols,Under,13.5,,,,,1.97,5-5,8-6,Red,-1.0,17562580
, CLA-UA Italy Cyber Cup (UA) (2x5 mins),Galikooo x T3RZ,Galikooo,Roma,T3RZ,Udinese,01/09/2026,17:39:29,Total de Gols,Under,14.5,,,,,1.68,6-5,8-6,Green,0.68,17562580
, CLA-UA Italy Cyber Cup (UA) (2x5 mins),djamik x T3RZ,djamik,Lazio,T3RZ,Udinese,01/09/2026,17:44:44,Total de Gols,Under,8.5,,,,,1.73,0-0,6-1,Green,0.73,17562584
, CLA-UA Italy Cyber Cup (UA) (2x5 mins),djamik x T3RZ,djamik,Lazio,T3RZ,Udinese,01/09/2026,17:45:12,Total de Gols,Under,7.5,,,,,2.02,0-0,6-1,Green,1.02,17562584
, CLA-UA Italy Cyber Cup (UA) (2x5 mins),djamik x T3RZ,djamik,Lazio,T3RZ,Udinese,01/09/2026,17:49:18,Total de Gols,Under,9.5,,,,,1.65,2-1,6-1,Green,0.65,17562584
, CLA-UA Italy Cyber Cup (UA) (2x5 mins),djamik x T3RZ,djamik,Lazio,T3RZ,Udinese,01/09/2026,17:52:45,Total de Gols,Under,6.5,,,,,2.22,3-1,6-1,Red,-1.0,17562584
, CLA-UA Italy Cyber Cup (UA) (2x5 mins),djamik x Sxitted,djamik,Lazio,Sxitted,Fiorentina,01/09/2026,17:58:45,Total de Gols,Under,7.5,,,,,1.65,0-0,4-2,Green,0.65,17562585
, CLA-UA Italy Cyber Cup (UA) (2x5 mins),djamik x Sxitted,djamik,Lazio,Sxitted,Fiorentina,01/09/2026,17:59:03,Total de Gols,Under,6.5,,,,,2.11,0-0,4-2,Green,1.11,17562585
, CLA-UA Italy Cyber Cup (UA) (2x5 mins),djamik x Sxitted,djamik,Lazio,Sxitted,Fiorentina,01/09/2026,18:02:12,Total de Gols,Under,8.5,,,,,1.69,1-1,4-2,Green,0.69,17562585
, CLA-UA Italy Cyber Cup (UA) (2x5 mins),djamik x Sxitted,djamik,Lazio,Sxitted,Fiorentina,01/09/2026,18:08:35,Total de Gols,Under,5.5,,,,,2.31,3-2,4-2,Red,-1.0,17562585
,CLA-UA World Cyber Cup (UA) (2x5 mins),Shot x luxiqq,Shot,Portugal,luxiqq,Colombia,01/09/2026,17:58:14,Total de Gols,Under,7.5,,,,,1.7,0-0,0-5,Green,0.7,17562608
,CLA-UA World Cyber Cup (UA) (2x5 mins),Shot x luxiqq,Shot,Portugal,luxiqq,Colombia,01/09/2026,17:59:26,Total de Gols,Under,8.5,,,,,1.87,0-1,0-5,Green,0.87,17562608
,CLA-UA World Cyber Cup (UA) (2x5 mins),Shot x luxiqq,Shot,Portugal,luxiqq,Colombia,01/09/2026,18:04:42,Total de Gols,Under,6.5,,,,,2.17,0-4,0-5,Green,1.17,17562608
,CLA-UA World Cyber Cup (UA) (2x5 mins),Shot x luxiqq,Shot,Portugal,luxiqq,Colombia,01/09/2026,18:06:28,Total de Gols,Under,5.5,,,,,2.31,0-4,0-5,Green,1.31,17562608
,CLA-UA World Cyber Cup (UA) (2x5 mins),Shot x luxiqq,Shot,Portugal,luxiqq,Colombia,01/09/2026,18:07:53,Total de Gols,Under,4.5,,,,,2.51,0-4,0-5,Red,-1.0,17562608
,CLA-UA World Cyber Cup (UA) (2x5 mins),FanFan x Jackson,FanFan,Uzbekistan,Jackson,Finland,01/09/2026,18:26:01,Total de Gols,Under,6.5,,,,,1.89,0-0,4-4,Red,-1.0,17562611
,CLA-UA World Cyber Cup (UA) (2x5 mins),FanFan x Jackson,FanFan,Uzbekistan,Jackson,Finland,01/09/2026,18:26:30,Total de Gols,Under,7.5,,,,,1.79,0-0,4-4,Red,-1.0,17562611
,CLA-UA World Cyber Cup (UA) (2x5 mins),FanFan x Jackson,FanFan,Uzbekistan,Jackson,Finland,01/09/2026,18:26:48,Total de Gols,Under,8.5,,,,,1.72,0-1,4-4,Green,0.72,17562611
,CLA-UA World Cyber Cup (UA) (2x5 mins),Shot x Jackson,Shot,Portugal,Jackson,Finland,01/09/2026,18:39:46,Total de Gols,Under,6.5,,,,,1.95,0-0,1-4,Green,0.95,17562621
,CLA-UA World Cyber Cup (UA) (2x5 mins),Shot x Jackson,Shot,Portugal,Jackson,Finland,01/09/2026,18:41:22,Total de Gols,Under,7.5,,,,,1.68,0-0,1-4,Green,0.68,17562621
,CLA-UA World Cyber Cup (UA) (2x5 mins),Shot x Jackson,Shot,Portugal,Jackson,Finland,01/09/2026,18:44:34,Total de Gols,Under,5.5,,,,,2.21,1-1,1-4,Green,1.21,17562621
, CLA-UA Italy Cyber Cup (UA) (2x5 mins),Sxitted x palkan,Sxitted,Fiorentina,palkan,Atalanta,01/09/2026,18:40:18,Total de Gols,Under,8.5,,,,,1.86,0-0,4-6,Red,-1.0,17562594
, CLA-UA Italy Cyber Cup (UA) (2x5 mins),Sxitted x palkan,Sxitted,Fiorentina,palkan,Atalanta,01/09/2026,18:40:46,Total de Gols,Under,9.5,,,,,1.79,0-0,4-6,Red,-1.0,17562594
, CLA-UA Italy Cyber Cup (UA) (2x5 mins),Sxitted x palkan,Sxitted,Fiorentina,palkan,Atalanta,01/09/2026,18:44:06,Total de Gols,Under,10.5,,,,,1.69,1-2,4-6,Green,0.69,17562594
, CLA-UA Italy Cyber Cup (UA) (2x5 mins),Sxitted x palkan,Sxitted,Fiorentina,palkan,Atalanta,01/09/2026,18:45:37,Total de Gols,Under,11.5,,,,,1.97,2-4,4-6,Green,0.97,17562594
, CLA-UA Italy Cyber Cup (UA) (2x5 mins),T3RZ x Galikooo,T3RZ,Udinese,Galikooo,Roma,01/09/2026,18:40:22,Total de Gols,Under,8.5,,,,,2.03,0-0,6-5,Red,-1.0,17562592
, CLA-UA Italy Cyber Cup (UA) (2x5 mins),T3RZ x Galikooo,T3RZ,Udinese,Galikooo,Roma,01/09/2026,18:41:47,Total de Gols,Under,7.5,,,,,2.02,0-0,6-5,Red,-1.0,17562592
, CLA-UA Italy Cyber Cup (UA) (2x5 mins),T3RZ x Galikooo,T3RZ,Udinese,Galikooo,Roma,01/09/2026,18:42:18,Total de Gols,Under,9.5,,,,,1.83,1-0,6-5,Red,-1.0,17562592
, CLA-UA Italy Cyber Cup (UA) (2x5 mins),palkan x Galikooo,palkan,Atalanta,Galikooo,Roma,01/09/2026,18:54:04,Total de Gols,Under,8.5,,,,,1.92,0-0,5-4,Red,-1.0,17562597
, CLA-UA Italy Cyber Cup (UA) (2x5 mins),palkan x Galikooo,palkan,Atalanta,Galikooo,Roma,01/09/2026,18:55:09,Total de Gols,Under,9.5,,,,,1.7,0-0,5-4,Green,0.7,17562597
, CLA-UA Italy Cyber Cup (UA) (2x5 mins),palkan x Galikooo,palkan,Atalanta,Galikooo,Roma,01/09/2026,18:56:22,Total de Gols,Under,7.5,,,,,2.07,0-1,5-4,Red,-1.0,17562597
, CLA-UA Italy Cyber Cup (UA) (2x5 mins),palkan x Galikooo,palkan,Atalanta,Galikooo,Roma,01/09/2026,18:57:17,Total de Gols,Under,6.5,,,,,2.12,0-1,5-4,Red,-1.0,17562597
,CLA-UA World Cyber Cup (UA) (2x5 mins),Shark x FanFan,Shark,Congo DR,FanFan,Uzbekistan,01/09/2026,19:08:03,Total de Gols,Under,6.5,,,,,1.95,0-0,5-4,Red,-1.0,17562623
,CLA-UA World Cyber Cup (UA) (2x5 mins),Shark x FanFan,Shark,Congo DR,FanFan,Uzbekistan,01/09/2026,19:09:04,Total de Gols,Under,7.5,,,,,1.69,0-0,5-4,Red,-1.0,17562623
,CLA-UA World Cyber Cup (UA) (2x5 mins),Shark x FanFan,Shark,Congo DR,FanFan,Uzbekistan,01/09/2026,19:13:49,Total de Gols,Under,8.5,,,,,1.68,3-1,5-4,Red,-1.0,17562623
, CLA-UA Italy Cyber Cup (UA) (2x5 mins),palkan x T3RZ,palkan,Atalanta,T3RZ,Udinese,01/09/2026,19:07:56,Total de Gols,Under,8.5,,,,,1.92,0-0,4-7,Red,-1.0,17562599
, CLA-UA Italy Cyber Cup (UA) (2x5 mins),palkan x T3RZ,palkan,Atalanta,T3RZ,Udinese,01/09/2026,19:09:26,Total de Gols,Under,7.5,,,,,2.03,0-0,4-7,Red,-1.0,17562599
, CLA-UA Italy Cyber Cup (UA) (2x5 mins),palkan x T3RZ,palkan,Atalanta,T3RZ,Udinese,01/09/2026,19:12:18,Total de Gols,Under,9.5,,,,,1.84,1-2,4-7,Red,-1.0,17562599
, CLA-UA Italy Cyber Cup (UA) (2x5 mins),palkan x T3RZ,palkan,Atalanta,T3RZ,Udinese,01/09/2026,19:15:11,Total de Gols,Under,10.5,,,,,1.59,2-4,4-7,Red,-1.0,17562599
,CLA-UA World Cyber Cup (UA) (2x5 mins),luxiqq x FanFan,luxiqq,Colombia,FanFan,Uzbekistan,01/09/2026,19:22:03,Total de Gols,Under,7.5,,,,,1.78,0-0,2-5,Green,0.78,17562620
,CLA-UA World Cyber Cup (UA) (2x5 mins),luxiqq x FanFan,luxiqq,Colombia,FanFan,Uzbekistan,01/09/2026,19:22:51,Total de Gols,Under,6.5,,,,,2.06,0-0,2-5,Red,-1.0,17562620
,CLA-UA World Cyber Cup (UA) (2x5 mins),luxiqq x FanFan,luxiqq,Colombia,FanFan,Uzbekistan,01/09/2026,19:23:30,Total de Gols,Under,5.5,,,,,2.03,0-0,2-5,Red,-1.0,17562620
,CLA-UA World Cyber Cup (UA) (2x5 mins),luxiqq x FanFan,luxiqq,Colombia,FanFan,Uzbekistan,01/09/2026,19:25:48,Total de Gols,Under,8.5,,,,,1.63,0-3,2-5,Green,0.63,17562620
,CLA-UA World Cyber Cup (UA) (2x5 mins),luxiqq x FanFan,luxiqq,Colombia,FanFan,Uzbekistan,01/09/2026,19:26:29,Total de Gols,Under,9.5,,,,,1.84,0-5,2-5,Green,0.84,17562620
, CLA-UA Italy Cyber Cup (UA) (2x5 mins),Galikooo x Sxitted,Galikooo,Roma,Sxitted,Fiorentina,01/09/2026,19:21:50,Total de Gols,Under,6.5,,,,,2.07,0-0,3-3,Green,1.07,17562601
, CLA-UA Italy Cyber Cup (UA) (2x5 mins),Galikooo x Sxitted,Galikooo,Roma,Sxitted,Fiorentina,01/09/2026,19:24:32,Total de Gols,Under,5.5,,,,,2.07,0-0,3-3,Red,-1.0,17562601
, CLA-UA Italy Cyber Cup (UA) (2x5 mins),Galikooo x Sxitted,Galikooo,Roma,Sxitted,Fiorentina,01/09/2026,19:29:35,Total de Gols,Under,4.5,,,,,2.27,2-0,3-3,Red,-1.0,17562601
,CLA-UA World Cyber Cup (UA) (2x5 mins),Jackson x Shark,Jackson,Finland,Shark,Congo DR,01/09/2026,19:22:06,Total de Gols,Under,6.5,,,,,1.91,0-0,4-5,Red,-1.0,17562622
,CLA-UA World Cyber Cup (UA) (2x5 mins),Jackson x Shark,Jackson,Finland,Shark,Congo DR,01/09/2026,19:23:06,Total de Gols,Under,7.5,,,,,1.65,0-0,4-5,Red,-1.0,17562622
,CLA-UA World Cyber Cup (UA) (2x5 mins),Jackson x Shark,Jackson,Finland,Shark,Congo DR,01/09/2026,19:28:55,Total de Gols,Under,8.5,,,,,1.65,2-2,4-5,Red,-1.0,17562622
, CLA-UA Italy Cyber Cup (UA) (2x5 mins),Galikooo x djamik,Galikooo,Roma,djamik,Lazio,01/09/2026,19:36:15,Total de Gols,Under,8.5,,,,,1.8,0-0,3-3,Green,0.8,17562602
, CLA-UA Italy Cyber Cup (UA) (2x5 mins),Galikooo x djamik,Galikooo,Roma,djamik,Lazio,01/09/2026,19:39:13,Total de Gols,Under,7.5,,,,,2.03,1-0,3-3,Green,1.03,17562602
, CLA-UA Italy Cyber Cup (UA) (2x5 mins),Galikooo x djamik,Galikooo,Roma,djamik,Lazio,01/09/2026,19:41:56,Total de Gols,Under,6.5,,,,,2.16,2-0,3-3,Green,1.16,17562602
, CLA-UA Italy Cyber Cup (UA) (2x5 mins),Galikooo x djamik,Galikooo,Roma,djamik,Lazio,01/09/2026,19:45:38,Total de Gols,Under,5.5,,,,,2.17,2-2,3-3,Red,-1.0,17562602
, CLA-UA Spain Cyber Cup (UA) (2x5 mins),drksd3 x luxiqq,drksd3,Girona FC,luxiqq,Espanyol,01/09/2026,22:45:04,Total de Gols,Under,7.5,,,,,2.03,0-0,3-2,Green,1.03,17562668
, CLA-UA Spain Cyber Cup (UA) (2x5 mins),drksd3 x luxiqq,drksd3,Girona FC,luxiqq,Espanyol,01/09/2026,22:46:28,Total de Gols,Under,6.5,,,,,2.03,0-0,3-2,Green,1.03,17562668
, CLA-UA Spain Cyber Cup (UA) (2x5 mins),drksd3 x luxiqq,drksd3,Girona FC,luxiqq,Espanyol,01/09/2026,22:47:31,Total de Gols,Under,8.5,,,,,1.79,0-1,3-2,Green,0.79,17562668
, CLA-UA Spain Cyber Cup (UA) (2x5 mins),drksd3 x luxiqq,drksd3,Girona FC,luxiqq,Espanyol,01/09/2026,22:53:34,Total de Gols,Under,5.5,,,,,2.23,2-2,3-2,Green,1.23,17562668
, CLA-UA Spain Cyber Cup (UA) (2x5 mins),drksd3 x luxiqq,drksd3,Girona FC,luxiqq,Espanyol,01/09/2026,22:54:55,Total de Gols,Under,4.5,,,,,2.62,2-2,3-2,Red,-1.0,17562668
, CLA-UA Spain Cyber Cup (UA) (2x5 mins),luxiqq x femzzi,luxiqq,Espanyol,femzzi,Mallorca,01/09/2026,22:57:45,Total de Gols,Under,7.5,,,,,1.98,0-0,5-6,Red,-1.0,17562671
, CLA-UA Spain Cyber Cup (UA) (2x5 mins),luxiqq x femzzi,luxiqq,Espanyol,femzzi,Mallorca,01/09/2026,22:58:28,Total de Gols,Under,8.5,,,,,1.98,0-0,5-6,Red,-1.0,17562671
, CLA-UA Spain Cyber Cup (UA) (2x5 mins),luxiqq x femzzi,luxiqq,Espanyol,femzzi,Mallorca,01/09/2026,22:59:03,Total de Gols,Under,9.5,,,,,1.81,1-0,5-6,Red,-1.0,17562671
, CLA-UA Spain Cyber Cup (UA) (2x5 mins),luxiqq x femzzi,luxiqq,Espanyol,femzzi,Mallorca,01/09/2026,23:07:24,Total de Gols,Under,10.5,,,,,1.69,5-3,5-6,Red,-1.0,17562671
, CLA-UA Spain Cyber Cup (UA) (2x5 mins),luxiqq x femzzi,luxiqq,Espanyol,femzzi,Mallorca,01/09/2026,23:07:57,Total de Gols,Under,11.5,,,,,1.37,5-5,5-6,Green,0.37,17562671
, CLA-UA Spain Cyber Cup (UA) (2x5 mins),Galikooo x FanFan,Galikooo,Villarreal,FanFan,Athletic Club,01/09/2026,23:11:56,Total de Gols,Under,8.5,,,,,1.75,0-0,4-2,Green,0.75,17562673
, CLA-UA Spain Cyber Cup (UA) (2x5 mins),Galikooo x FanFan,Galikooo,Villarreal,FanFan,Athletic Club,01/09/2026,23:12:38,Total de Gols,Under,7.5,,,,,2.07,0-0,4-2,Green,1.07,17562673
, CLA-UA Spain Cyber Cup (UA) (2x5 mins),Galikooo x FanFan,Galikooo,Villarreal,FanFan,Athletic Club,01/09/2026,23:16:47,Total de Gols,Under,6.5,,,,,2.17,1-1,4-2,Green,1.17,17562673
, CLA-UA Spain Cyber Cup (UA) (2x5 mins),Galikooo x FanFan,Galikooo,Villarreal,FanFan,Athletic Club,01/09/2026,23:19:06,Total de Gols,Under,5.5,,,,,2.27,2-1,4-2,Red,-1.0,17562673
, CLA-UA Spain Cyber Cup (UA) (2x5 mins),femzzi x luxiqq,femzzi,Mallorca,luxiqq,Espanyol,02/09/2026,00:08:00,Total de Gols,Under,8.5,,,,,1.76,0-0,3-0,Green,0.76,17562684
, CLA-UA Spain Cyber Cup (UA) (2x5 mins),femzzi x luxiqq,femzzi,Mallorca,luxiqq,Espanyol,02/09/2026,00:09:01,Total de Gols,Under,7.5,,,,,2.07,0-0,3-0,Green,1.07,17562684
, CLA-UA Spain Cyber Cup (UA) (2x5 mins),femzzi x luxiqq,femzzi,Mallorca,luxiqq,Espanyol,02/09/2026,00:13:10,Total de Gols,Under,6.5,,,,,1.97,2-0,3-0,Green,0.97,17562684
, CLA-UA Spain Cyber Cup (UA) (2x5 mins),femzzi x luxiqq,femzzi,Mallorca,luxiqq,Espanyol,02/09/2026,00:13:40,Total de Gols,Under,5.5,,,,,2.12,2-0,3-0,Green,1.12,17562684
, CLA-UA Spain Cyber Cup (UA) (2x5 mins),femzzi x luxiqq,femzzi,Mallorca,luxiqq,Espanyol,02/09/2026,00:15:11,Total de Gols,Under,4.5,,,,,2.17,2-0,3-0,Green,1.17,17562684
, CLA-UA Spain Cyber Cup (UA) (2x5 mins),femzzi x luxiqq,femzzi,Mallorca,luxiqq,Espanyol,02/09/2026,00:17:58,Total de Gols,Under,3.5,,,,,2.69,3-0,3-0,Green,1.69,17562684
, CLA-UA Champions Cyber League (UA) (2x5 mins),zyX x four,zyX,Manchester City,four,Borussia Dortmund,02/09/2026,09:00:11,Total de Gols,Under,8.5,,,,,1.89,1-4,1-5,Green,0.89,17572503
, CLA-UA Champions Cyber League (UA) (2x5 mins),zyX x four,zyX,Manchester City,four,Borussia Dortmund,02/09/2026,09:01:06,Total de Gols,Under,7.5,,,,,2.13,1-4,1-5,Green,1.13,17572503
, CLA-UA Champions Cyber League (UA) (2x5 mins),zyX x four,zyX,Manchester City,four,Borussia Dortmund,02/09/2026,09:03:39,Total de Gols,Under,6.5,,,,,2.71,1-5,1-5,Green,1.71,17572503
, CLA-UA Champions Cyber League (UA) (2x5 mins),Shot x shatik666,Shot,Liverpool,shatik666,Chelsea,02/09/2026,09:00:11,Total de Gols,Under,4.5,,,,,2.12,1-1,3-4,Red,-1.0,17572508
, CLA-UA Champions Cyber League (UA) (2x5 mins),Shot x shatik666,Shot,Liverpool,shatik666,Chelsea,02/09/2026,09:00:22,Total de Gols,Under,5.5,,,,,1.85,1-1,3-4,Red,-1.0,17572508
, CLA-UA Champions Cyber League (UA) (2x5 mins),Shot x shatik666,Shot,Liverpool,shatik666,Chelsea,02/09/2026,09:02:36,Total de Gols,Under,6.5,,,,,1.8,3-1,3-4,Red,-1.0,17572508
, CLA-UA Champions Cyber League (UA) (2x5 mins),Shot x shatik666,Shot,Liverpool,shatik666,Chelsea,02/09/2026,09:04:23,Total de Gols,Under,7.5,,,,,1.72,3-3,3-4,Green,0.72,17572508
,CLA-UA Argentina Cyber Cup (UA) (2x5 mins),Yeti x aloha,Yeti,Racing Club,aloha,Boca Juniors,02/09/2026,09:07:31,Total de Gols,Under,7.5,,,,,1.74,0-0,0-0,Green,0.74,17572489
,CLA-UA Argentina Cyber Cup (UA) (2x5 mins),Sxitted x Yoru,Sxitted,River Plate,Yoru,Estudiantes L.P.,02/09/2026,09:08:07,Total de Gols,Under,8.5,,,,,1.65,0-0,0-0,Green,0.65,17572482
, CLA-UA Spain Cyber Cup (UA) (2x5 mins),Donatello x Voron,Donatello,Celta Vigo,Voron,Rayo Vallecano,02/09/2026,10:00:48,Total de Gols,Under,8.5,,,,,1.75,0-0,7-5,Red,-1.0,17572507
, CLA-UA Spain Cyber Cup (UA) (2x5 mins),Donatello x Voron,Donatello,Celta Vigo,Voron,Rayo Vallecano,02/09/2026,10:01:18,Total de Gols,Under,7.5,,,,,2.03,0-0,7-5,Red,-1.0,17572507
, CLA-UA Spain Cyber Cup (UA) (2x5 mins),Donatello x Voron,Donatello,Celta Vigo,Voron,Rayo Vallecano,02/09/2026,10:02:45,Total de Gols,Under,9.5,,,,,1.65,0-1,7-5,Red,-1.0,17572507
, CLA-UA Spain Cyber Cup (UA) (2x5 mins),Donatello x Voron,Donatello,Celta Vigo,Voron,Rayo Vallecano,02/09/2026,10:06:52,Total de Gols,Under,10.5,,,,,1.73,3-2,7-5,Red,-1.0,17572507
, CLA-UA Spain Cyber Cup (UA) (2x5 mins),Donatello x Voron,Donatello,Celta Vigo,Voron,Rayo Vallecano,02/09/2026,10:08:19,Total de Gols,Under,11.5,,,,,1.59,4-3,7-5,Red,-1.0,17572507
, CLA-UA Spain Cyber Cup (UA) (2x5 mins),Donatello x Voron,Donatello,Celta Vigo,Voron,Rayo Vallecano,02/09/2026,10:10:07,Total de Gols,Under,12.5,,,,,1.72,6-4,7-5,Green,0.72,17572507
, CLA-UA Italy Cyber Cup (UA) (2x5 mins),four x zyX,four,Milan,zyX,Atalanta,02/09/2026,10:14:28,Total de Gols,Under,7.5,,,,,1.61,0-0,4-1,Green,0.61,17572551
, CLA-UA Italy Cyber Cup (UA) (2x5 mins),four x zyX,four,Milan,zyX,Atalanta,02/09/2026,10:14:37,Total de Gols,Under,6.5,,,,,2.07,0-0,4-1,Green,1.07,17572551
, CLA-UA Italy Cyber Cup (UA) (2x5 mins),four x zyX,four,Milan,zyX,Atalanta,02/09/2026,10:16:22,Total de Gols,Under,5.5,,,,,2.07,0-0,4-1,Green,1.07,17572551
, CLA-UA Spain Cyber Cup (UA) (2x5 mins),Donatello x palkan,Donatello,Celta Vigo,palkan,Mallorca,02/09/2026,10:13:52,Total de Gols,Under,8.5,,,,,1.97,0-0,5-4,Red,-1.0,17572513
, CLA-UA Spain Cyber Cup (UA) (2x5 mins),Donatello x palkan,Donatello,Celta Vigo,palkan,Mallorca,02/09/2026,10:16:22,Total de Gols,Under,7.5,,,,,2.03,0-0,5-4,Red,-1.0,17572513
, CLA-UA Spain Cyber Cup (UA) (2x5 mins),Donatello x palkan,Donatello,Celta Vigo,palkan,Mallorca,02/09/2026,10:18:30,Total de Gols,Under,9.5,,,,,1.68,0-2,5-4,Green,0.68,17572513
, CLA-UA Italy Cyber Cup (UA) (2x5 mins),four x Xellark,four,Milan,Xellark,Lecce,02/09/2026,10:28:08,Total de Gols,Under,6.5,,,,,2.02,0-0,1-1,Green,1.02,17572554
, CLA-UA Italy Cyber Cup (UA) (2x5 mins),four x Xellark,four,Milan,Xellark,Lecce,02/09/2026,10:29:43,Total de Gols,Under,5.5,,,,,2.08,0-0,1-1,Green,1.08,17572554
, CLA-UA Italy Cyber Cup (UA) (2x5 mins),four x Xellark,four,Milan,Xellark,Lecce,02/09/2026,10:32:38,Total de Gols,Under,4.5,,,,,2.16,1-0,1-1,Green,1.16,17572554
, CLA-UA Italy Cyber Cup (UA) (2x5 mins),four x Xellark,four,Milan,Xellark,Lecce,02/09/2026,10:34:13,Total de Gols,Under,3.5,,,,,2.07,1-0,1-1,Green,1.07,17572554
, CLA-UA Italy Cyber Cup (UA) (2x5 mins),four x Xellark,four,Milan,Xellark,Lecce,02/09/2026,10:35:30,Total de Gols,Under,2.5,,,,,2.32,1-0,1-1,Green,1.32,17572554
, CLA-UA Italy Cyber Cup (UA) (2x5 mins),four x Xellark,four,Milan,Xellark,Lecce,02/09/2026,10:37:10,Total de Gols,Under,1.5,,,,,2.61,1-0,1-1,Red,-1.0,17572554
, CLA-UA Spain Cyber Cup (UA) (2x5 mins),Terry14 x Donatello,Terry14,Espanyol,Donatello,Celta Vigo,02/09/2026,10:42:07,Total de Gols,Under,7.5,,,,,1.74,0-0,5-4,Red,-1.0,17572517
, CLA-UA Spain Cyber Cup (UA) (2x5 mins),Terry14 x Donatello,Terry14,Espanyol,Donatello,Celta Vigo,02/09/2026,10:43:37,Total de Gols,Under,6.5,,,,,2.08,0-0,5-4,Red,-1.0,17572517
, CLA-UA Spain Cyber Cup (UA) (2x5 mins),Terry14 x Donatello,Terry14,Espanyol,Donatello,Celta Vigo,02/09/2026,10:46:44,Total de Gols,Under,8.5,,,,,1.61,1-1,5-4,Red,-1.0,17572517
, CLA-UA Spain Cyber Cup (UA) (2x5 mins),Terry14 x Donatello,Terry14,Espanyol,Donatello,Celta Vigo,02/09/2026,10:48:21,Total de Gols,Under,9.5,,,,,1.95,3-2,5-4,Green,0.95,17572517
, CLA-UA Spain Cyber Cup (UA) (2x5 mins),djamik x palkan,djamik,Sevilla,palkan,Mallorca,02/09/2026,10:42:31,Total de Gols,Under,8.5,,,,,1.96,0-0,4-6,Red,-1.0,17572516
, CLA-UA Spain Cyber Cup (UA) (2x5 mins),djamik x palkan,djamik,Sevilla,palkan,Mallorca,02/09/2026,10:43:38,Total de Gols,Under,7.5,,,,,1.98,0-0,4-6,Red,-1.0,17572516
, CLA-UA Spain Cyber Cup (UA) (2x5 mins),djamik x palkan,djamik,Sevilla,palkan,Mallorca,02/09/2026,10:46:00,Total de Gols,Under,9.5,,,,,1.72,1-1,4-6,Red,-1.0,17572516
, CLA-UA Spain Cyber Cup (UA) (2x5 mins),djamik x palkan,djamik,Sevilla,palkan,Mallorca,02/09/2026,10:51:32,Total de Gols,Under,10.5,,,,,2.03,2-6,4-6,Green,1.03,17572516
, CLA-UA Italy Cyber Cup (UA) (2x5 mins),four x shatik666,four,Milan,shatik666,Fiorentina,02/09/2026,10:56:29,Total de Gols,Under,8.5,,,,,1.74,0-0,5-1,Green,0.74,17572555
, CLA-UA Italy Cyber Cup (UA) (2x5 mins),four x shatik666,four,Milan,shatik666,Fiorentina,02/09/2026,10:56:52,Total de Gols,Under,7.5,,,,,2.03,0-0,5-1,Green,1.03,17572555
, CLA-UA Italy Cyber Cup (UA) (2x5 mins),four x shatik666,four,Milan,shatik666,Fiorentina,02/09/2026,10:57:28,Total de Gols,Under,9.5,,,,,1.85,0-1,5-1,Green,0.85,17572555
, CLA-UA Italy Cyber Cup (UA) (2x5 mins),four x shatik666,four,Milan,shatik666,Fiorentina,02/09/2026,11:01:00,Total de Gols,Under,6.5,,,,,2.17,2-1,5-1,Green,1.17,17572555
, CLA-UA Italy Cyber Cup (UA) (2x5 mins),Xellark x zyX,Xellark,Lecce,zyX,Atalanta,02/09/2026,10:56:29,Total de Gols,Under,7.5,,,,,1.87,0-0,5-5,Red,-1.0,17572557
, CLA-UA Italy Cyber Cup (UA) (2x5 mins),Xellark x zyX,Xellark,Lecce,zyX,Atalanta,02/09/2026,10:56:44,Total de Gols,Under,6.5,,,,,2.07,0-0,5-5,Red,-1.0,17572557
, CLA-UA Italy Cyber Cup (UA) (2x5 mins),Xellark x zyX,Xellark,Lecce,zyX,Atalanta,02/09/2026,10:59:33,Total de Gols,Under,8.5,,,,,1.85,1-2,5-5,Red,-1.0,17572557
, CLA-UA Italy Cyber Cup (UA) (2x5 mins),Xellark x zyX,Xellark,Lecce,zyX,Atalanta,02/09/2026,11:00:19,Total de Gols,Under,9.5,,,,,1.6,1-3,5-5,Red,-1.0,17572557
, CLA-UA Italy Cyber Cup (UA) (2x5 mins),zyX x shatik666,zyX,Atalanta,shatik666,Fiorentina,02/09/2026,11:10:10,Total de Gols,Under,7.5,,,,,1.74,0-0,7-3,Red,-1.0,17572559
, CLA-UA Italy Cyber Cup (UA) (2x5 mins),zyX x shatik666,zyX,Atalanta,shatik666,Fiorentina,02/09/2026,11:10:49,Total de Gols,Under,8.5,,,,,1.69,0-0,7-3,Red,-1.0,17572559
, CLA-UA Spain Cyber Cup (UA) (2x5 mins),Terry14 x palkan,Terry14,Espanyol,palkan,Mallorca,02/09/2026,11:10:03,Total de Gols,Under,7.5,,,,,1.98,0-0,3-1,Green,0.98,17572521
, CLA-UA Spain Cyber Cup (UA) (2x5 mins),Terry14 x palkan,Terry14,Espanyol,palkan,Mallorca,02/09/2026,11:11:58,Total de Gols,Under,6.5,,,,,2.03,0-0,3-1,Green,1.03,17572521
, CLA-UA Spain Cyber Cup (UA) (2x5 mins),Terry14 x palkan,Terry14,Espanyol,palkan,Mallorca,02/09/2026,11:14:39,Total de Gols,Under,5.5,,,,,2.17,1-0,3-1,Green,1.17,17572521
, CLA-UA Spain Cyber Cup (UA) (2x5 mins),Terry14 x palkan,Terry14,Espanyol,palkan,Mallorca,02/09/2026,11:17:20,Total de Gols,Under,4.5,,,,,2.17,1-1,3-1,Green,1.17,17572521
, CLA-UA Spain Cyber Cup (UA) (2x5 mins),Terry14 x palkan,Terry14,Espanyol,palkan,Mallorca,02/09/2026,11:20:00,Total de Gols,Under,3.5,,,,,2.71,2-1,3-1,Red,-1.0,17572521
, CLA-UA Spain Cyber Cup (UA) (2x5 mins),Voron x djamik,Voron,Rayo Vallecano,djamik,Sevilla,02/09/2026,11:24:28,Total de Gols,Under,7.5,,,,,1.98,0-0,3-6,Red,-1.0,17572522
, CLA-UA Spain Cyber Cup (UA) (2x5 mins),Voron x djamik,Voron,Rayo Vallecano,djamik,Sevilla,02/09/2026,11:25:15,Total de Gols,Under,8.5,,,,,1.8,0-0,3-6,Red,-1.0,17572522
, CLA-UA Spain Cyber Cup (UA) (2x5 mins),Voron x djamik,Voron,Rayo Vallecano,djamik,Sevilla,02/09/2026,11:31:55,Total de Gols,Under,6.5,,,,,2.26,1-3,3-6,Red,-1.0,17572522
, CLA-UA Spain Cyber Cup (UA) (2x5 mins),Voron x djamik,Voron,Rayo Vallecano,djamik,Sevilla,02/09/2026,11:33:59,Total de Gols,Under,9.5,,,,,1.52,2-5,3-6,Green,0.52,17572522
, CLA-UA Spain Cyber Cup (UA) (2x5 mins),Voron x djamik,Voron,Rayo Vallecano,djamik,Sevilla,02/09/2026,11:34:22,Total de Gols,Under,10.5,,,,,1.37,2-6,3-6,Green,0.37,17572522
, CLA-UA Italy Cyber Cup (UA) (2x5 mins),zyX x four,zyX,Atalanta,four,Milan,02/09/2026,11:24:11,Total de Gols,Under,7.5,,,,,1.65,0-0,2-3,Green,0.65,17572560
, CLA-UA Italy Cyber Cup (UA) (2x5 mins),zyX x four,zyX,Atalanta,four,Milan,02/09/2026,11:24:31,Total de Gols,Under,6.5,,,,,2.07,0-0,2-3,Green,1.07,17572560
, CLA-UA Italy Cyber Cup (UA) (2x5 mins),zyX x four,zyX,Atalanta,four,Milan,02/09/2026,11:27:51,Total de Gols,Under,5.5,,,,,2.07,0-1,2-3,Green,1.07,17572560
, CLA-UA Italy Cyber Cup (UA) (2x5 mins),zyX x four,zyX,Atalanta,four,Milan,02/09/2026,11:30:04,Total de Gols,Under,4.5,,,,,2.23,0-2,2-3,Red,-1.0,17572560
, CLA-UA Italy Cyber Cup (UA) (2x5 mins),Shot x four,Shot,Roma,four,Milan,02/09/2026,11:52:17,Total de Gols,Under,6.5,,,,,1.84,0-0,4-3,Red,-1.0,17572566
, CLA-UA Italy Cyber Cup (UA) (2x5 mins),Shot x four,Shot,Roma,four,Milan,02/09/2026,11:53:23,Total de Gols,Under,5.5,,,,,2.07,0-0,4-3,Red,-1.0,17572566
, CLA-UA Italy Cyber Cup (UA) (2x5 mins),Shot x four,Shot,Roma,four,Milan,02/09/2026,11:56:32,Total de Gols,Under,4.5,,,,,2.17,1-0,4-3,Red,-1.0,17572566
, CLA-UA Italy Cyber Cup (UA) (2x5 mins),shatik666 x Xellark,shatik666,Fiorentina,Xellark,Lecce,02/09/2026,11:59:45,Total de Gols,Under,13.5,,,,,1.89,4-7,5-8,Green,0.89,17572564
, CLA-UA Italy Cyber Cup (UA) (2x5 mins),shatik666 x Xellark,shatik666,Fiorentina,Xellark,Lecce,02/09/2026,12:00:05,Total de Gols,Under,14.5,,,,,1.76,4-7,5-8,Green,0.76,17572564
, CLA-UA Italy Cyber Cup (UA) (2x5 mins),shatik666 x Xellark,shatik666,Fiorentina,Xellark,Lecce,02/09/2026,12:02:32,Total de Gols,Under,12.5,,,,,2.52,4-8,5-8,Red,-1.0,17572564
, CLA-UA Spain Cyber Cup (UA) (2x5 mins),Donatello x Terry14,Donatello,Celta Vigo,Terry14,Espanyol,02/09/2026,11:51:57,Total de Gols,Under,7.5,,,,,1.74,0-0,4-2,Green,0.74,17572528
, CLA-UA Spain Cyber Cup (UA) (2x5 mins),Donatello x Terry14,Donatello,Celta Vigo,Terry14,Espanyol,02/09/2026,11:53:54,Total de Gols,Under,6.5,,,,,2.03,0-0,4-2,Green,1.03,17572528
, CLA-UA Spain Cyber Cup (UA) (2x5 mins),Donatello x Terry14,Donatello,Celta Vigo,Terry14,Espanyol,02/09/2026,11:55:23,Total de Gols,Under,5.5,,,,,2.07,0-0,4-2,Red,-1.0,17572528
, CLA-UA Spain Cyber Cup (UA) (2x5 mins),Donatello x Terry14,Donatello,Celta Vigo,Terry14,Espanyol,02/09/2026,12:00:57,Total de Gols,Under,4.5,,,,,2.4,2-1,4-2,Red,-1.0,17572528
, CLA-UA Spain Cyber Cup (UA) (2x5 mins),palkan x djamik,palkan,Mallorca,djamik,Sevilla,02/09/2026,11:52:20,Total de Gols,Under,8.5,,,,,1.98,0-0,6-6,Red,-1.0,17572527
, CLA-UA Spain Cyber Cup (UA) (2x5 mins),palkan x djamik,palkan,Mallorca,djamik,Sevilla,02/09/2026,11:54:49,Total de Gols,Under,7.5,,,,,2.06,1-0,6-6,Red,-1.0,17572527
, CLA-UA Spain Cyber Cup (UA) (2x5 mins),palkan x djamik,palkan,Mallorca,djamik,Sevilla,02/09/2026,11:58:28,Total de Gols,Under,9.5,,,,,1.54,2-2,6-6,Red,-1.0,17572527
, CLA-UA Spain Cyber Cup (UA) (2x5 mins),palkan x djamik,palkan,Mallorca,djamik,Sevilla,02/09/2026,12:02:13,Total de Gols,Under,10.5,,,,,1.37,6-3,6-6,Red,-1.0,17572527
, CLA-UA Spain Cyber Cup (UA) (2x5 mins),Donatello x djamik,Donatello,Celta Vigo,djamik,Sevilla,02/09/2026,12:06:40,Total de Gols,Under,8.5,,,,,1.98,0-0,6-2,Green,0.98,17572529
, CLA-UA Spain Cyber Cup (UA) (2x5 mins),Donatello x djamik,Donatello,Celta Vigo,djamik,Sevilla,02/09/2026,12:08:48,Total de Gols,Under,9.5,,,,,1.7,1-0,6-2,Green,0.7,17572529
, CLA-UA Spain Cyber Cup (UA) (2x5 mins),Donatello x djamik,Donatello,Celta Vigo,djamik,Sevilla,02/09/2026,12:09:40,Total de Gols,Under,10.5,,,,,1.84,3-0,6-2,Green,0.84,17572529
, CLA-UA Spain Cyber Cup (UA) (2x5 mins),Donatello x djamik,Donatello,Celta Vigo,djamik,Sevilla,02/09/2026,12:10:07,Total de Gols,Under,11.5,,,,,1.69,3-1,6-2,Green,0.69,17572529
, CLA-UA Spain Cyber Cup (UA) (2x5 mins),Voron x Terry14,Voron,Rayo Vallecano,Terry14,Espanyol,02/09/2026,12:05:00,Total de Gols,Under,7.5,,,,,1.74,0-0,3-7,Red,-1.0,17572530
, CLA-UA Spain Cyber Cup (UA) (2x5 mins),Voron x Terry14,Voron,Rayo Vallecano,Terry14,Espanyol,02/09/2026,12:07:04,Total de Gols,Under,6.5,,,,,2.08,0-0,3-7,Red,-1.0,17572530
, CLA-UA Spain Cyber Cup (UA) (2x5 mins),Voron x Terry14,Voron,Rayo Vallecano,Terry14,Espanyol,02/09/2026,12:07:31,Total de Gols,Under,8.5,,,,,1.93,0-1,3-7,Red,-1.0,17572530
, CLA-UA Spain Cyber Cup (UA) (2x5 mins),Voron x Terry14,Voron,Rayo Vallecano,Terry14,Espanyol,02/09/2026,12:08:21,Total de Gols,Under,9.5,,,,,1.65,1-1,3-7,Red,-1.0,17572530
, CLA-UA Spain Cyber Cup (UA) (2x5 mins),Voron x Terry14,Voron,Rayo Vallecano,Terry14,Espanyol,02/09/2026,12:09:05,Total de Gols,Under,10.5,,,,,1.97,2-2,3-7,Green,0.97,17572530
, CLA-UA Spain Cyber Cup (UA) (2x5 mins),Voron x Terry14,Voron,Rayo Vallecano,Terry14,Espanyol,02/09/2026,12:09:36,Total de Gols,Under,11.5,,,,,1.78,2-3,3-7,Green,0.78,17572530
, CLA-UA Spain Cyber Cup (UA) (2x5 mins),Voron x Terry14,Voron,Rayo Vallecano,Terry14,Espanyol,02/09/2026,12:10:05,Total de Gols,Under,12.5,,,,,1.61,2-4,3-7,Green,0.61,17572530
, CLA-UA Italy Cyber Cup (UA) (2x5 mins),zyX x Xellark,zyX,Atalanta,Xellark,Lecce,02/09/2026,12:06:12,Total de Gols,Under,8.5,,,,,1.76,0-0,6-2,Green,0.76,17572567
, CLA-UA Italy Cyber Cup (UA) (2x5 mins),zyX x Xellark,zyX,Atalanta,Xellark,Lecce,02/09/2026,12:07:04,Total de Gols,Under,7.5,,,,,2.03,0-0,6-2,Red,-1.0,17572567
, CLA-UA Italy Cyber Cup (UA) (2x5 mins),zyX x Xellark,zyX,Atalanta,Xellark,Lecce,02/09/2026,12:08:02,Total de Gols,Under,9.5,,,,,1.74,1-0,6-2,Green,0.74,17572567
, CLA-UA Italy Cyber Cup (UA) (2x5 mins),zyX x Xellark,zyX,Atalanta,Xellark,Lecce,02/09/2026,12:08:24,Total de Gols,Under,10.5,,,,,1.65,2-0,6-2,Green,0.65,17572567
, CLA-UA Spain Cyber Cup (UA) (2x5 mins),four x vrud1,four,Real Sociedad,vrud1,Real Betis,02/09/2026,14:59:41,Total de Gols,Under,6.5,,,,,1.91,0-0,6-7,Red,-1.0,17572642
, CLA-UA Spain Cyber Cup (UA) (2x5 mins),four x vrud1,four,Real Sociedad,vrud1,Real Betis,02/09/2026,15:01:06,Total de Gols,Under,7.5,,,,,1.65,0-0,6-7,Red,-1.0,17572642
, CLA-UA Spain Cyber Cup (UA) (2x5 mins),four x vrud1,four,Real Sociedad,vrud1,Real Betis,02/09/2026,15:02:52,Total de Gols,Under,8.5,,,,,1.71,1-1,6-7,Red,-1.0,17572642
, CLA-UA Spain Cyber Cup (UA) (2x5 mins),four x vrud1,four,Real Sociedad,vrud1,Real Betis,02/09/2026,15:04:18,Total de Gols,Under,9.5,,,,,1.57,2-2,6-7,Red,-1.0,17572642
, CLA-UA Spain Cyber Cup (UA) (2x5 mins),four x vrud1,four,Real Sociedad,vrud1,Real Betis,02/09/2026,15:07:32,Total de Gols,Under,10.5,,,,,1.59,4-3,6-7,Red,-1.0,17572642
, CLA-UA Spain Cyber Cup (UA) (2x5 mins),four x vrud1,four,Real Sociedad,vrud1,Real Betis,02/09/2026,15:07:57,Total de Gols,Under,11.5,,,,,1.48,4-4,6-7,Red,-1.0,17572642
, CLA-UA Spain Cyber Cup (UA) (2x5 mins),four x vrud1,four,Real Sociedad,vrud1,Real Betis,02/09/2026,15:09:45,Total de Gols,Under,12.5,,,,,1.43,6-4,6-7,Red,-1.0,17572642
,CLA-UA World Cyber Cup (UA) (2x5 mins),Int1liGenT x luxiqq,Int1liGenT,Tunisia,luxiqq,Hungary,02/09/2026,15:00:08,Total de Gols,Under,7.5,,,,,1.92,0-0,2-4,Green,0.92,17572744
,CLA-UA World Cyber Cup (UA) (2x5 mins),Int1liGenT x luxiqq,Int1liGenT,Tunisia,luxiqq,Hungary,02/09/2026,15:02:36,Total de Gols,Under,6.5,,,,,2.03,0-0,2-4,Green,1.03,17572744
,CLA-UA World Cyber Cup (UA) (2x5 mins),Int1liGenT x luxiqq,Int1liGenT,Tunisia,luxiqq,Hungary,02/09/2026,15:04:12,Total de Gols,Under,5.5,,,,,2.07,0-0,2-4,Red,-1.0,17572744
,CLA-UA World Cyber Cup (UA) (2x5 mins),Int1liGenT x luxiqq,Int1liGenT,Tunisia,luxiqq,Hungary,02/09/2026,15:10:10,Total de Gols,Under,4.5,,,,,2.36,2-1,2-4,Red,-1.0,17572744
, CLA-UA Italy Cyber Cup (UA) (2x5 mins),Hetman x Jackson,Hetman,Roma,Jackson,Juventus,02/09/2026,15:14:10,Total de Gols,Under,6.5,,,,,1.91,0-0,3-6,Red,-1.0,17572635
, CLA-UA Italy Cyber Cup (UA) (2x5 mins),Hetman x Jackson,Hetman,Roma,Jackson,Juventus,02/09/2026,15:15:32,Total de Gols,Under,7.5,,,,,1.69,0-0,3-6,Red,-1.0,17572635
, CLA-UA Italy Cyber Cup (UA) (2x5 mins),Hetman x Jackson,Hetman,Roma,Jackson,Juventus,02/09/2026,15:17:42,Total de Gols,Under,8.5,,,,,1.66,2-0,3-6,Red,-1.0,17572635
, CLA-UA Italy Cyber Cup (UA) (2x5 mins),Hetman x Jackson,Hetman,Roma,Jackson,Juventus,02/09/2026,15:19:08,Total de Gols,Under,9.5,,,,,1.72,3-1,3-6,Green,0.72,17572635
, CLA-UA Italy Cyber Cup (UA) (2x5 mins),Hetman x Jackson,Hetman,Roma,Jackson,Juventus,02/09/2026,15:23:35,Total de Gols,Under,10.5,,,,,1.79,3-5,3-6,Green,0.79,17572635
,CLA-UA World Cyber Cup (UA) (2x5 mins),djamik x Shark,djamik,Japan,Shark,Netherlands,02/09/2026,15:14:24,Total de Gols,Under,6.5,,,,,2.07,0-0,7-1,Red,-1.0,17572746
,CLA-UA World Cyber Cup (UA) (2x5 mins),djamik x Shark,djamik,Japan,Shark,Netherlands,02/09/2026,15:16:18,Total de Gols,Under,5.5,,,,,2.08,0-0,7-1,Red,-1.0,17572746
,CLA-UA World Cyber Cup (UA) (2x5 mins),djamik x Shark,djamik,Japan,Shark,Netherlands,02/09/2026,15:19:18,Total de Gols,Under,7.5,,,,,1.72,2-0,7-1,Red,-1.0,17572746
,CLA-UA World Cyber Cup (UA) (2x5 mins),djamik x Shark,djamik,Japan,Shark,Netherlands,02/09/2026,15:21:10,Total de Gols,Under,8.5,,,,,1.71,4-0,7-1,Green,0.71,17572746
, CLA-UA Italy Cyber Cup (UA) (2x5 mins),Bucha x Shot,Bucha,Torino,Shot,Lazio,02/09/2026,15:14:21,Total de Gols,Under,6.5,,,,,1.75,0-0,5-3,Red,-1.0,17572638
, CLA-UA Italy Cyber Cup (UA) (2x5 mins),Bucha x Shot,Bucha,Torino,Shot,Lazio,02/09/2026,15:14:59,Total de Gols,Under,5.5,,,,,2.11,0-0,5-3,Red,-1.0,17572638
, CLA-UA Italy Cyber Cup (UA) (2x5 mins),Bucha x Shot,Bucha,Torino,Shot,Lazio,02/09/2026,15:18:30,Total de Gols,Under,7.5,,,,,1.57,1-1,5-3,Red,-1.0,17572638
, CLA-UA Spain Cyber Cup (UA) (2x5 mins),vrud1 x shatik666,vrud1,Real Betis,shatik666,Sevilla,02/09/2026,15:28:17,Total de Gols,Under,9.5,,,,,1.71,0-0,6-8,Red,-1.0,17572656
, CLA-UA Spain Cyber Cup (UA) (2x5 mins),vrud1 x shatik666,vrud1,Real Betis,shatik666,Sevilla,02/09/2026,15:28:44,Total de Gols,Under,8.5,,,,,1.98,0-0,6-8,Red,-1.0,17572656
, CLA-UA Spain Cyber Cup (UA) (2x5 mins),vrud1 x shatik666,vrud1,Real Betis,shatik666,Sevilla,02/09/2026,15:29:35,Total de Gols,Under,10.5,,,,,1.7,0-1,6-8,Red,-1.0,17572656
, CLA-UA Spain Cyber Cup (UA) (2x5 mins),vrud1 x shatik666,vrud1,Real Betis,shatik666,Sevilla,02/09/2026,15:30:33,Total de Gols,Under,11.5,,,,,1.77,1-2,6-8,Red,-1.0,17572656
, CLA-UA Spain Cyber Cup (UA) (2x5 mins),vrud1 x shatik666,vrud1,Real Betis,shatik666,Sevilla,02/09/2026,15:35:18,Total de Gols,Under,12.5,,,,,1.65,3-4,6-8,Red,-1.0,17572656
, CLA-UA Spain Cyber Cup (UA) (2x5 mins),vrud1 x shatik666,vrud1,Real Betis,shatik666,Sevilla,02/09/2026,15:36:20,Total de Gols,Under,13.5,,,,,1.69,4-5,6-8,Red,-1.0,17572656
, CLA-UA Spain Cyber Cup (UA) (2x5 mins),vrud1 x shatik666,vrud1,Real Betis,shatik666,Sevilla,02/09/2026,15:38:19,Total de Gols,Under,14.5,,,,,1.46,5-7,6-8,Green,0.46,17572656
, CLA-UA Spain Cyber Cup (UA) (2x5 mins),Stafford x four,Stafford,Valencia,four,Real Sociedad,02/09/2026,15:42:00,Total de Gols,Under,6.5,,,,,1.85,0-0,2-4,Green,0.85,17572657
, CLA-UA Spain Cyber Cup (UA) (2x5 mins),Stafford x four,Stafford,Valencia,four,Real Sociedad,02/09/2026,15:43:16,Total de Gols,Under,5.5,,,,,2.07,0-0,2-4,Red,-1.0,17572657
, CLA-UA Spain Cyber Cup (UA) (2x5 mins),Stafford x four,Stafford,Valencia,four,Real Sociedad,02/09/2026,15:44:36,Total de Gols,Under,7.5,,,,,1.62,1-0,2-4,Green,0.62,17572657
, CLA-UA Spain Cyber Cup (UA) (2x5 mins),Stafford x four,Stafford,Valencia,four,Real Sociedad,02/09/2026,15:48:48,Total de Gols,Under,4.5,,,,,2.31,1-1,2-4,Red,-1.0,17572657
, CLA-UA Spain Cyber Cup (UA) (2x5 mins),d1z x four,d1z,Getafe,four,Real Sociedad,02/09/2026,15:55:24,Total de Gols,Under,5.5,,,,,2.02,0-0,5-2,Red,-1.0,17572800
, CLA-UA Spain Cyber Cup (UA) (2x5 mins),d1z x four,d1z,Getafe,four,Real Sociedad,02/09/2026,15:57:31,Total de Gols,Under,6.5,,,,,1.68,0-0,5-2,Red,-1.0,17572800
, CLA-UA Spain Cyber Cup (UA) (2x5 mins),d1z x four,d1z,Getafe,four,Real Sociedad,02/09/2026,15:59:07,Total de Gols,Under,7.5,,,,,1.77,2-0,5-2,Green,0.77,17572800
,CLA-UA World Cyber Cup (UA) (2x5 mins),luxiqq x Shark,luxiqq,Hungary,Shark,Netherlands,02/09/2026,15:56:30,Total de Gols,Under,7.5,,,,,1.86,0-0,6-4,Red,-1.0,17572629
,CLA-UA World Cyber Cup (UA) (2x5 mins),luxiqq x Shark,luxiqq,Hungary,Shark,Netherlands,02/09/2026,15:56:49,Total de Gols,Under,8.5,,,,,1.82,0-0,6-4,Red,-1.0,17572629
,CLA-UA World Cyber Cup (UA) (2x5 mins),luxiqq x Shark,luxiqq,Hungary,Shark,Netherlands,02/09/2026,15:58:29,Total de Gols,Under,9.5,,,,,1.76,1-1,6-4,Red,-1.0,17572629
,CLA-UA World Cyber Cup (UA) (2x5 mins),luxiqq x Shark,luxiqq,Hungary,Shark,Netherlands,02/09/2026,16:00:38,Total de Gols,Under,10.5,,,,,1.59,3-1,6-4,Green,0.59,17572629
, CLA-UA Spain Cyber Cup (UA) (2x5 mins),Stafford x vrud1,Stafford,Valencia,vrud1,Real Betis,02/09/2026,15:54:54,Total de Gols,Under,7.5,,,,,1.98,0-0,7-5,Red,-1.0,17572658
, CLA-UA Spain Cyber Cup (UA) (2x5 mins),Stafford x vrud1,Stafford,Valencia,vrud1,Real Betis,02/09/2026,15:57:14,Total de Gols,Under,8.5,,,,,1.69,0-0,7-5,Red,-1.0,17572658
, CLA-UA Spain Cyber Cup (UA) (2x5 mins),Stafford x vrud1,Stafford,Valencia,vrud1,Real Betis,02/09/2026,15:59:06,Total de Gols,Under,6.5,,,,,2.12,0-1,7-5,Red,-1.0,17572658
, CLA-UA Spain Cyber Cup (UA) (2x5 mins),Stafford x vrud1,Stafford,Valencia,vrud1,Real Betis,02/09/2026,16:02:26,Total de Gols,Under,9.5,,,,,1.63,2-2,7-5,Red,-1.0,17572658
, CLA-UA Spain Cyber Cup (UA) (2x5 mins),vrud1 x four,vrud1,Real Betis,four,Real Sociedad,02/09/2026,16:08:18,Total de Gols,Under,6.5,,,,,1.91,0-0,0-5,Green,0.91,17572659
, CLA-UA Spain Cyber Cup (UA) (2x5 mins),vrud1 x four,vrud1,Real Betis,four,Real Sociedad,02/09/2026,16:10:47,Total de Gols,Under,7.5,,,,,1.73,0-0,0-5,Green,0.73,17572659
, CLA-UA Spain Cyber Cup (UA) (2x5 mins),vrud1 x four,vrud1,Real Betis,four,Real Sociedad,02/09/2026,16:17:20,Total de Gols,Under,5.5,,,,,2.22,0-3,0-5,Green,1.22,17572659
, CLA-UA Italy Cyber Cup (UA) (2x5 mins),mara x Jackson,mara,Atalanta,Jackson,Juventus,02/09/2026,16:10:07,Total de Gols,Under,6.5,,,,,2.07,0-0,4-5,Red,-1.0,17572641
, CLA-UA Italy Cyber Cup (UA) (2x5 mins),mara x Jackson,mara,Atalanta,Jackson,Juventus,02/09/2026,16:11:20,Total de Gols,Under,7.5,,,,,1.8,0-0,4-5,Red,-1.0,17572641
, CLA-UA Italy Cyber Cup (UA) (2x5 mins),mara x Jackson,mara,Atalanta,Jackson,Juventus,02/09/2026,16:11:45,Total de Gols,Under,8.5,,,,,1.63,1-0,4-5,Red,-1.0,17572641
, CLA-UA Italy Cyber Cup (UA) (2x5 mins),mara x Jackson,mara,Atalanta,Jackson,Juventus,02/09/2026,16:14:54,Total de Gols,Under,9.5,,,,,1.77,2-2,4-5,Green,0.77,17572641
, CLA-UA Italy Cyber Cup (UA) (2x5 mins),mara x Jackson,mara,Atalanta,Jackson,Juventus,02/09/2026,16:17:01,Total de Gols,Under,10.5,,,,,1.65,4-2,4-5,Green,0.65,17572641
,CLA-UA World Cyber Cup (UA) (2x5 mins),luxiqq x Int1liGenT,luxiqq,Hungary,Int1liGenT,Tunisia,02/09/2026,16:10:14,Total de Gols,Under,7.5,,,,,2.03,0-0,2-5,Green,1.03,17572766
,CLA-UA World Cyber Cup (UA) (2x5 mins),luxiqq x Int1liGenT,luxiqq,Hungary,Int1liGenT,Tunisia,02/09/2026,16:11:40,Total de Gols,Under,6.5,,,,,2.03,0-0,2-5,Red,-1.0,17572766
,CLA-UA World Cyber Cup (UA) (2x5 mins),luxiqq x Int1liGenT,luxiqq,Hungary,Int1liGenT,Tunisia,02/09/2026,16:13:45,Total de Gols,Under,8.5,,,,,2.06,1-1,2-5,Green,1.06,17572766
,CLA-UA World Cyber Cup (UA) (2x5 mins),luxiqq x Int1liGenT,luxiqq,Hungary,Int1liGenT,Tunisia,02/09/2026,16:18:18,Total de Gols,Under,5.5,,,,,2.27,2-2,2-5,Red,-1.0,17572766
, CLA-UA Spain Cyber Cup (UA) (2x5 mins),Stafford x shatik666,Stafford,Valencia,shatik666,Sevilla,02/09/2026,16:10:07,Total de Gols,Under,7.5,,,,,1.88,0-0,3-6,Red,-1.0,17572660
, CLA-UA Spain Cyber Cup (UA) (2x5 mins),Stafford x shatik666,Stafford,Valencia,shatik666,Sevilla,02/09/2026,16:10:58,Total de Gols,Under,8.5,,,,,1.71,0-0,3-6,Red,-1.0,17572660
, CLA-UA Spain Cyber Cup (UA) (2x5 mins),Stafford x shatik666,Stafford,Valencia,shatik666,Sevilla,02/09/2026,16:12:08,Total de Gols,Under,9.5,,,,,1.86,1-1,3-6,Green,0.86,17572660
, CLA-UA Spain Cyber Cup (UA) (2x5 mins),Stafford x shatik666,Stafford,Valencia,shatik666,Sevilla,02/09/2026,16:12:28,Total de Gols,Under,10.5,,,,,1.66,2-1,3-6,Green,0.66,17572660
, CLA-UA Italy Cyber Cup (UA) (2x5 mins),Jackson x Hetman,Jackson,Juventus,Hetman,Roma,02/09/2026,16:24:04,Total de Gols,Under,7.5,,,,,1.79,0-0,5-1,Green,0.79,17572646
, CLA-UA Italy Cyber Cup (UA) (2x5 mins),Jackson x Hetman,Jackson,Juventus,Hetman,Roma,02/09/2026,16:25:01,Total de Gols,Under,6.5,,,,,2.11,0-0,5-1,Green,1.11,17572646
, CLA-UA Italy Cyber Cup (UA) (2x5 mins),Jackson x Hetman,Jackson,Juventus,Hetman,Roma,02/09/2026,16:26:28,Total de Gols,Under,5.5,,,,,2.12,0-0,5-1,Red,-1.0,17572646
, CLA-UA Italy Cyber Cup (UA) (2x5 mins),mara x Bucha,mara,Atalanta,Bucha,Torino,02/09/2026,16:38:28,Total de Gols,Under,7.5,,,,,1.74,0-0,5-3,Red,-1.0,17572651
, CLA-UA Italy Cyber Cup (UA) (2x5 mins),mara x Bucha,mara,Atalanta,Bucha,Torino,02/09/2026,16:39:13,Total de Gols,Under,6.5,,,,,2.07,0-0,5-3,Red,-1.0,17572651
, CLA-UA Italy Cyber Cup (UA) (2x5 mins),mara x Bucha,mara,Atalanta,Bucha,Torino,02/09/2026,16:40:44,Total de Gols,Under,5.5,,,,,2.11,0-0,5-3,Red,-1.0,17572651
, CLA-UA Italy Cyber Cup (UA) (2x5 mins),mara x Bucha,mara,Atalanta,Bucha,Torino,02/09/2026,16:48:38,Total de Gols,Under,8.5,,,,,1.87,4-3,5-3,Green,0.87,17572651
, CLA-UA Spain Cyber Cup (UA) (2x5 mins),shatik666 x vrud1,shatik666,Sevilla,vrud1,Real Betis,02/09/2026,16:38:28,Total de Gols,Under,9.5,,,,,1.69,0-0,6-4,Red,-1.0,17572662
, CLA-UA Spain Cyber Cup (UA) (2x5 mins),shatik666 x vrud1,shatik666,Sevilla,vrud1,Real Betis,02/09/2026,16:38:52,Total de Gols,Under,8.5,,,,,2.07,0-0,6-4,Red,-1.0,17572662
, CLA-UA Spain Cyber Cup (UA) (2x5 mins),shatik666 x vrud1,shatik666,Sevilla,vrud1,Real Betis,02/09/2026,16:40:48,Total de Gols,Under,10.5,,,,,1.98,1-1,6-4,Green,0.98,17572662
, CLA-UA Spain Cyber Cup (UA) (2x5 mins),shatik666 x vrud1,shatik666,Sevilla,vrud1,Real Betis,02/09/2026,16:41:08,Total de Gols,Under,10.5,,,,,1.84,2-1,6-4,Green,0.84,17572662
, CLA-UA Spain Cyber Cup (UA) (2x5 mins),shatik666 x vrud1,shatik666,Sevilla,vrud1,Real Betis,02/09/2026,16:41:13,Total de Gols,Under,11.5,,,,,1.82,2-1,6-4,Green,0.82,17572662
, CLA-UA Spain Cyber Cup (UA) (2x5 mins),four x Stafford,four,Real Sociedad,Stafford,Valencia,02/09/2026,16:52:22,Total de Gols,Under,6.5,,,,,1.79,0-0,5-2,Red,-1.0,17572663
, CLA-UA Spain Cyber Cup (UA) (2x5 mins),four x Stafford,four,Real Sociedad,Stafford,Valencia,02/09/2026,16:53:20,Total de Gols,Under,5.5,,,,,2.07,0-0,5-2,Red,-1.0,17572663
, CLA-UA Spain Cyber Cup (UA) (2x5 mins),four x Stafford,four,Real Sociedad,Stafford,Valencia,02/09/2026,16:54:53,Total de Gols,Under,7.5,,,,,1.65,1-0,5-2,Green,0.65,17572663
, CLA-UA Italy Cyber Cup (UA) (2x5 mins),Jackson x Bucha,Jackson,Juventus,Bucha,Torino,02/09/2026,16:52:15,Total de Gols,Under,7.5,,,,,1.74,0-0,3-1,Green,0.74,17572648
, CLA-UA Italy Cyber Cup (UA) (2x5 mins),Jackson x Bucha,Jackson,Juventus,Bucha,Torino,02/09/2026,16:52:58,Total de Gols,Under,6.5,,,,,2.07,0-0,3-1,Green,1.07,17572648
, CLA-UA Italy Cyber Cup (UA) (2x5 mins),Jackson x Bucha,Jackson,Juventus,Bucha,Torino,02/09/2026,16:57:33,Total de Gols,Under,5.5,,,,,2.06,2-0,3-1,Green,1.06,17572648
, CLA-UA Italy Cyber Cup (UA) (2x5 mins),Jackson x Bucha,Jackson,Juventus,Bucha,Torino,02/09/2026,16:58:12,Total de Gols,Under,4.5,,,,,2.07,2-0,3-1,Green,1.07,17572648
,CLA-UA World Cyber Cup (UA) (2x5 mins),Int1liGenT x djamik,Int1liGenT,Tunisia,djamik,Japan,02/09/2026,16:51:10,Total de Gols,Under,7.5,,,,,1.74,0-0,4-2,Green,0.74,17572776
,CLA-UA World Cyber Cup (UA) (2x5 mins),Int1liGenT x djamik,Int1liGenT,Tunisia,djamik,Japan,02/09/2026,16:53:11,Total de Gols,Under,8.5,,,,,1.78,0-0,4-2,Green,0.78,17572776
,CLA-UA World Cyber Cup (UA) (2x5 mins),Int1liGenT x djamik,Int1liGenT,Tunisia,djamik,Japan,02/09/2026,16:55:18,Total de Gols,Under,6.5,,,,,2.12,1-0,4-2,Green,1.12,17572776
,CLA-UA World Cyber Cup (UA) (2x5 mins),Int1liGenT x djamik,Int1liGenT,Tunisia,djamik,Japan,02/09/2026,16:57:58,Total de Gols,Under,5.5,,,,,1.98,1-1,4-2,Red,-1.0,17572776
, CLA-UA Italy Cyber Cup (UA) (2x5 mins),Hetman x Bucha,Hetman,Roma,Bucha,Torino,02/09/2026,17:06:13,Total de Gols,Under,7.5,,,,,1.74,0-0,1-3,Green,0.74,17572644
, CLA-UA Italy Cyber Cup (UA) (2x5 mins),Hetman x Bucha,Hetman,Roma,Bucha,Torino,02/09/2026,17:06:49,Total de Gols,Under,6.5,,,,,2.07,0-0,1-3,Green,1.07,17572644
, CLA-UA Italy Cyber Cup (UA) (2x5 mins),Hetman x Bucha,Hetman,Roma,Bucha,Torino,02/09/2026,17:08:13,Total de Gols,Under,8.5,,,,,1.61,0-1,1-3,Green,0.61,17572644
, CLA-UA Italy Cyber Cup (UA) (2x5 mins),Hetman x Bucha,Hetman,Roma,Bucha,Torino,02/09/2026,17:08:27,Total de Gols,Under,9.5,,,,,1.62,1-1,1-3,Green,0.62,17572644
, CLA-UA Italy Cyber Cup (UA) (2x5 mins),Hetman x Bucha,Hetman,Roma,Bucha,Torino,02/09/2026,17:12:18,Total de Gols,Under,5.5,,,,,2.22,1-2,1-3,Green,1.22,17572644
, CLA-UA Italy Cyber Cup (UA) (2x5 mins),Hetman x Bucha,Hetman,Roma,Bucha,Torino,02/09/2026,17:14:08,Total de Gols,Under,4.5,,,,,2.36,1-2,1-3,Green,1.36,17572644
, CLA-UA Italy Cyber Cup (UA) (2x5 mins),Hetman x Bucha,Hetman,Roma,Bucha,Torino,02/09/2026,17:15:39,Total de Gols,Under,3.5,,,,,2.56,1-2,1-3,Red,-1.0,17572644
, CLA-UA Spain Cyber Cup (UA) (2x5 mins),four x d1z,four,Real Sociedad,d1z,Getafe,02/09/2026,17:06:08,Total de Gols,Under,5.5,,,,,2.02,0-0,1-2,Green,1.02,17572804
, CLA-UA Spain Cyber Cup (UA) (2x5 mins),four x d1z,four,Real Sociedad,d1z,Getafe,02/09/2026,17:07:51,Total de Gols,Under,4.5,,,,,2.17,0-0,1-2,Green,1.17,17572804
, CLA-UA Spain Cyber Cup (UA) (2x5 mins),four x d1z,four,Real Sociedad,d1z,Getafe,02/09/2026,17:12:28,Total de Gols,Under,3.5,,,,,2.17,0-1,1-2,Green,1.17,17572804
, CLA-UA Spain Cyber Cup (UA) (2x5 mins),four x d1z,four,Real Sociedad,d1z,Getafe,02/09/2026,17:14:07,Total de Gols,Under,2.5,,,,,2.27,0-1,1-2,Red,-1.0,17572804
,CLA-UA World Cyber Cup (UA) (2x5 mins),Donatello x djamik,Donatello,Sweden,djamik,Japan,02/09/2026,17:06:08,Total de Gols,Under,8.5,,,,,1.98,0-0,5-3,Green,0.98,17572779
,CLA-UA World Cyber Cup (UA) (2x5 mins),Donatello x djamik,Donatello,Sweden,djamik,Japan,02/09/2026,17:07:24,Total de Gols,Under,9.5,,,,,1.74,0-0,5-3,Green,0.74,17572779
,CLA-UA World Cyber Cup (UA) (2x5 mins),Donatello x djamik,Donatello,Sweden,djamik,Japan,02/09/2026,17:07:42,Total de Gols,Under,10.5,,,,,1.68,1-0,5-3,Green,0.68,17572779
,CLA-UA World Cyber Cup (UA) (2x5 mins),Hetman x Shot,Hetman,England,Shot,Indonesia,02/09/2026,17:30:39,Total de Gols,Under,6.5,,,,,1.98,0-0,5-1,Green,0.98,17572666
,CLA-UA World Cyber Cup (UA) (2x5 mins),Hetman x Shot,Hetman,England,Shot,Indonesia,02/09/2026,17:31:02,Total de Gols,Under,7.5,,,,,1.82,1-0,5-1,Green,0.82,17572666
,CLA-UA World Cyber Cup (UA) (2x5 mins),Hetman x Shot,Hetman,England,Shot,Indonesia,02/09/2026,17:31:34,Total de Gols,Under,8.5,,,,,1.69,1-0,5-1,Green,0.69,17572666
,CLA-UA World Cyber Cup (UA) (2x5 mins),Hetman x Shot,Hetman,England,Shot,Indonesia,02/09/2026,17:34:15,Total de Gols,Under,9.5,,,,,1.77,4-0,5-1,Green,0.77,17572666
,CLA-UA World Cyber Cup (UA) (2x5 mins),Hetman x Shot,Hetman,England,Shot,Indonesia,02/09/2026,17:35:05,Total de Gols,Under,10.5,,,,,1.59,4-1,5-1,Green,0.59,17572666
,CLA-UA World Cyber Cup (UA) (2x5 mins),Jackson x mara,Jackson,Ghana,mara,Panama,02/09/2026,17:30:06,Total de Gols,Under,6.5,,,,,2.07,0-0,4-3,Red,-1.0,17572665
,CLA-UA World Cyber Cup (UA) (2x5 mins),Jackson x mara,Jackson,Ghana,mara,Panama,02/09/2026,17:32:37,Total de Gols,Under,5.5,,,,,2.07,0-0,4-3,Red,-1.0,17572665
,CLA-UA World Cyber Cup (UA) (2x5 mins),Jackson x mara,Jackson,Ghana,mara,Panama,02/09/2026,17:35:21,Total de Gols,Under,7.5,,,,,1.8,1-1,4-3,Green,0.8,17572665
, CLA-UA Italy Cyber Cup (UA) (2x5 mins),djamik x Shark,djamik,Torino,Shark,Udinese,02/09/2026,17:43:37,Total de Gols,Under,6.5,,,,,2.02,0-0,6-2,Red,-1.0,17572688
, CLA-UA Italy Cyber Cup (UA) (2x5 mins),djamik x Shark,djamik,Torino,Shark,Udinese,02/09/2026,17:45:23,Total de Gols,Under,7.5,,,,,1.66,0-0,6-2,Red,-1.0,17572688
, CLA-UA Italy Cyber Cup (UA) (2x5 mins),djamik x Shark,djamik,Torino,Shark,Udinese,02/09/2026,17:47:01,Total de Gols,Under,5.5,,,,,2.12,1-0,6-2,Red,-1.0,17572688
, CLA-UA Italy Cyber Cup (UA) (2x5 mins),djamik x Shark,djamik,Torino,Shark,Udinese,02/09/2026,17:50:53,Total de Gols,Under,8.5,,,,,1.59,4-0,6-2,Green,0.59,17572688
,CLA-UA World Cyber Cup (UA) (2x5 mins),Bucha x Shot,Bucha,Croatia,Shot,Indonesia,02/09/2026,17:44:14,Total de Gols,Under,6.5,,,,,2.02,0-0,5-6,Red,-1.0,17572667
,CLA-UA World Cyber Cup (UA) (2x5 mins),Bucha x Shot,Bucha,Croatia,Shot,Indonesia,02/09/2026,17:44:39,Total de Gols,Under,7.5,,,,,1.92,0-0,5-6,Red,-1.0,17572667
,CLA-UA World Cyber Cup (UA) (2x5 mins),Bucha x Shot,Bucha,Croatia,Shot,Indonesia,02/09/2026,17:44:53,Total de Gols,Under,8.5,,,,,1.88,0-1,5-6,Red,-1.0,17572667
,CLA-UA World Cyber Cup (UA) (2x5 mins),Bucha x Shot,Bucha,Croatia,Shot,Indonesia,02/09/2026,17:48:43,Total de Gols,Under,9.5,,,,,1.75,2-2,5-6,Red,-1.0,17572667
,CLA-UA World Cyber Cup (UA) (2x5 mins),Bucha x Shot,Bucha,Croatia,Shot,Indonesia,02/09/2026,17:53:41,Total de Gols,Under,10.5,,,,,1.83,3-5,5-6,Red,-1.0,17572667
,CLA-UA World Cyber Cup (UA) (2x5 mins),Bucha x mara,Bucha,Croatia,mara,Panama,02/09/2026,17:58:20,Total de Gols,Under,7.5,,,,,1.98,0-0,6-6,Red,-1.0,17572670
,CLA-UA World Cyber Cup (UA) (2x5 mins),Bucha x mara,Bucha,Croatia,mara,Panama,02/09/2026,17:58:57,Total de Gols,Under,8.5,,,,,1.92,0-0,6-6,Red,-1.0,17572670
,CLA-UA World Cyber Cup (UA) (2x5 mins),Bucha x mara,Bucha,Croatia,mara,Panama,02/09/2026,18:00:54,Total de Gols,Under,9.5,,,,,1.72,1-1,6-6,Red,-1.0,17572670
,CLA-UA World Cyber Cup (UA) (2x5 mins),Bucha x mara,Bucha,Croatia,mara,Panama,02/09/2026,18:06:02,Total de Gols,Under,10.5,,,,,1.74,4-4,6-6,Red,-1.0,17572670
,CLA-UA World Cyber Cup (UA) (2x5 mins),Bucha x mara,Bucha,Croatia,mara,Panama,02/09/2026,18:06:25,Total de Gols,Under,11.5,,,,,1.48,4-4,6-6,Red,-1.0,17572670
,CLA-UA World Cyber Cup (UA) (2x5 mins),mara x Hetman,mara,Panama,Hetman,England,02/09/2026,18:12:05,Total de Gols,Under,6.5,,,,,1.97,0-0,4-5,Red,-1.0,17572672
,CLA-UA World Cyber Cup (UA) (2x5 mins),mara x Hetman,mara,Panama,Hetman,England,02/09/2026,18:13:03,Total de Gols,Under,7.5,,,,,1.76,0-0,4-5,Red,-1.0,17572672
,CLA-UA World Cyber Cup (UA) (2x5 mins),mara x Hetman,mara,Panama,Hetman,England,02/09/2026,18:14:58,Total de Gols,Under,8.5,,,,,1.69,0-2,4-5,Red,-1.0,17572672
,CLA-UA World Cyber Cup (UA) (2x5 mins),mara x Hetman,mara,Panama,Hetman,England,02/09/2026,18:18:10,Total de Gols,Under,9.5,,,,,1.93,2-3,4-5,Green,0.93,17572672
,CLA-UA World Cyber Cup (UA) (2x5 mins),mara x Hetman,mara,Panama,Hetman,England,02/09/2026,18:20:58,Total de Gols,Under,10.5,,,,,1.48,3-4,4-5,Green,0.48,17572672
, CLA-UA Italy Cyber Cup (UA) (2x5 mins),luxiqq x Shark,luxiqq,Bologna FC,Shark,Udinese,02/09/2026,18:26:10,Total de Gols,Under,8.5,,,,,1.71,0-0,2-5,Green,0.71,17572695
, CLA-UA Italy Cyber Cup (UA) (2x5 mins),luxiqq x Shark,luxiqq,Bologna FC,Shark,Udinese,02/09/2026,18:26:35,Total de Gols,Under,7.5,,,,,2.07,0-0,2-5,Green,1.07,17572695
, CLA-UA Italy Cyber Cup (UA) (2x5 mins),luxiqq x Shark,luxiqq,Bologna FC,Shark,Udinese,02/09/2026,18:28:01,Total de Gols,Under,6.5,,,,,2.08,0-0,2-5,Red,-1.0,17572695
, CLA-UA Italy Cyber Cup (UA) (2x5 mins),djamik x Donatello,djamik,Torino,Donatello,Lecce,02/09/2026,18:25:18,Total de Gols,Under,8.5,,,,,1.76,0-0,1-5,Green,0.76,17572694
, CLA-UA Italy Cyber Cup (UA) (2x5 mins),djamik x Donatello,djamik,Torino,Donatello,Lecce,02/09/2026,18:27:06,Total de Gols,Under,7.5,,,,,2.03,0-0,1-5,Green,1.03,17572694
, CLA-UA Italy Cyber Cup (UA) (2x5 mins),djamik x Donatello,djamik,Torino,Donatello,Lecce,02/09/2026,18:30:14,Total de Gols,Under,9.5,,,,,1.79,0-3,1-5,Green,0.79,17572694
, CLA-UA Italy Cyber Cup (UA) (2x5 mins),djamik x Donatello,djamik,Torino,Donatello,Lecce,02/09/2026,18:36:34,Total de Gols,Under,6.5,,,,,2.69,1-5,1-5,Green,1.69,17572694
,CLA-UA World Cyber Cup (UA) (2x5 mins),Bucha x Hetman,Bucha,Croatia,Hetman,England,02/09/2026,18:26:19,Total de Gols,Under,7.5,,,,,1.95,0-0,8-5,Red,-1.0,17572674
,CLA-UA World Cyber Cup (UA) (2x5 mins),Bucha x Hetman,Bucha,Croatia,Hetman,England,02/09/2026,18:27:22,Total de Gols,Under,8.5,,,,,1.63,1-0,8-5,Red,-1.0,17572674
,CLA-UA World Cyber Cup (UA) (2x5 mins),Bucha x Hetman,Bucha,Croatia,Hetman,England,02/09/2026,18:31:48,Total de Gols,Under,9.5,,,,,1.97,4-1,8-5,Red,-1.0,17572674
,CLA-UA World Cyber Cup (UA) (2x5 mins),Bucha x Hetman,Bucha,Croatia,Hetman,England,02/09/2026,18:33:52,Total de Gols,Under,10.5,,,,,1.85,4-3,8-5,Red,-1.0,17572674
,CLA-UA World Cyber Cup (UA) (2x5 mins),Bucha x Hetman,Bucha,Croatia,Hetman,England,02/09/2026,18:36:03,Total de Gols,Under,11.5,,,,,1.44,6-3,8-5,Red,-1.0,17572674
,CLA-UA World Cyber Cup (UA) (2x5 mins),Bucha x Hetman,Bucha,Croatia,Hetman,England,02/09/2026,18:36:54,Total de Gols,Under,12.5,,,,,1.69,6-5,8-5,Red,-1.0,17572674
,CLA-UA World Cyber Cup (UA) (2x5 mins),Shot x Hetman,Shot,Indonesia,Hetman,England,02/09/2026,18:40:16,Total de Gols,Under,6.5,,,,,2.01,0-0,2-3,Green,1.01,17572675
,CLA-UA World Cyber Cup (UA) (2x5 mins),Shot x Hetman,Shot,Indonesia,Hetman,England,02/09/2026,18:41:41,Total de Gols,Under,7.5,,,,,1.65,0-0,2-3,Green,0.65,17572675
,CLA-UA World Cyber Cup (UA) (2x5 mins),Shot x Hetman,Shot,Indonesia,Hetman,England,02/09/2026,18:43:39,Total de Gols,Under,5.5,,,,,2.12,0-1,2-3,Green,1.12,17572675
,CLA-UA World Cyber Cup (UA) (2x5 mins),Shot x Hetman,Shot,Indonesia,Hetman,England,02/09/2026,18:46:31,Total de Gols,Under,4.5,,,,,2.27,0-2,2-3,Red,-1.0,17572675
, CLA-UA Italy Cyber Cup (UA) (2x5 mins),luxiqq x Int1liGenT,luxiqq,Bologna FC,Int1liGenT,Lazio,02/09/2026,18:40:03,Total de Gols,Under,7.5,,,,,1.92,0-0,6-4,Red,-1.0,17572697
, CLA-UA Italy Cyber Cup (UA) (2x5 mins),luxiqq x Int1liGenT,luxiqq,Bologna FC,Int1liGenT,Lazio,02/09/2026,18:41:17,Total de Gols,Under,6.5,,,,,2.12,0-0,6-4,Red,-1.0,17572697
, CLA-UA Italy Cyber Cup (UA) (2x5 mins),luxiqq x Int1liGenT,luxiqq,Bologna FC,Int1liGenT,Lazio,02/09/2026,18:43:06,Total de Gols,Under,8.5,,,,,1.95,1-1,6-4,Red,-1.0,17572697
, CLA-UA Italy Cyber Cup (UA) (2x5 mins),luxiqq x Int1liGenT,luxiqq,Bologna FC,Int1liGenT,Lazio,02/09/2026,18:44:12,Total de Gols,Under,9.5,,,,,1.62,2-1,6-4,Red,-1.0,17572697
, CLA-UA Italy Cyber Cup (UA) (2x5 mins),luxiqq x Int1liGenT,luxiqq,Bologna FC,Int1liGenT,Lazio,02/09/2026,18:49:42,Total de Gols,Under,10.5,,,,,1.54,5-3,6-4,Green,0.54,17572697
,CLA-UA World Cyber Cup (UA) (2x5 mins),Shot x Bucha,Shot,Indonesia,Bucha,Croatia,02/09/2026,18:54:27,Total de Gols,Under,7.5,,,,,1.69,0-0,2-2,Green,0.69,17572678
,CLA-UA World Cyber Cup (UA) (2x5 mins),Shot x Bucha,Shot,Indonesia,Bucha,Croatia,02/09/2026,18:54:44,Total de Gols,Under,6.5,,,,,2.12,0-0,2-2,Green,1.12,17572678
,CLA-UA World Cyber Cup (UA) (2x5 mins),Shot x Bucha,Shot,Indonesia,Bucha,Croatia,02/09/2026,18:56:24,Total de Gols,Under,5.5,,,,,2.03,0-0,2-2,Green,1.03,17572678
,CLA-UA World Cyber Cup (UA) (2x5 mins),Shot x Bucha,Shot,Indonesia,Bucha,Croatia,02/09/2026,18:58:32,Total de Gols,Under,4.5,,,,,2.12,0-1,2-2,Green,1.12,17572678
,CLA-UA World Cyber Cup (UA) (2x5 mins),Shot x Bucha,Shot,Indonesia,Bucha,Croatia,02/09/2026,18:59:30,Total de Gols,Under,3.5,,,,,2.17,0-1,2-2,Red,-1.0,17572678
,CLA-UA World Cyber Cup (UA) (2x5 mins),Shot x Bucha,Shot,Indonesia,Bucha,Croatia,02/09/2026,19:01:54,Total de Gols,Under,2.5,,,,,2.37,0-1,2-2,Red,-1.0,17572678
, CLA-UA Italy Cyber Cup (UA) (2x5 mins),Int1liGenT x Donatello,Int1liGenT,Lazio,Donatello,Lecce,02/09/2026,18:54:14,Total de Gols,Under,7.5,,,,,2.03,0-0,4-5,Red,-1.0,17572699
, CLA-UA Italy Cyber Cup (UA) (2x5 mins),Int1liGenT x Donatello,Int1liGenT,Lazio,Donatello,Lecce,02/09/2026,18:55:41,Total de Gols,Under,8.5,,,,,1.82,0-0,4-5,Red,-1.0,17572699
, CLA-UA Italy Cyber Cup (UA) (2x5 mins),Int1liGenT x Donatello,Int1liGenT,Lazio,Donatello,Lecce,02/09/2026,18:58:03,Total de Gols,Under,9.5,,,,,1.82,0-3,4-5,Green,0.82,17572699
, CLA-UA Italy Cyber Cup (UA) (2x5 mins),Int1liGenT x Donatello,Int1liGenT,Lazio,Donatello,Lecce,02/09/2026,19:01:59,Total de Gols,Under,6.5,,,,,2.31,1-3,4-5,Red,-1.0,17572699
, CLA-UA Italy Cyber Cup (UA) (2x5 mins),luxiqq x djamik,luxiqq,Bologna FC,djamik,Torino,02/09/2026,19:07:51,Total de Gols,Under,7.5,,,,,1.98,0-0,2-4,Green,0.98,17572700
, CLA-UA Italy Cyber Cup (UA) (2x5 mins),luxiqq x djamik,luxiqq,Bologna FC,djamik,Torino,02/09/2026,19:10:10,Total de Gols,Under,6.5,,,,,2.07,0-0,2-4,Green,1.07,17572700
, CLA-UA Italy Cyber Cup (UA) (2x5 mins),luxiqq x djamik,luxiqq,Bologna FC,djamik,Torino,02/09/2026,19:11:40,Total de Gols,Under,8.5,,,,,1.97,1-2,2-4,Green,0.97,17572700
, CLA-UA Italy Cyber Cup (UA) (2x5 mins),luxiqq x djamik,luxiqq,Bologna FC,djamik,Torino,02/09/2026,19:14:28,Total de Gols,Under,9.5,,,,,1.56,2-2,2-4,Green,0.56,17572700
,CLA-UA World Cyber Cup (UA) (2x5 mins),mara x Bucha,mara,Panama,Bucha,Croatia,02/09/2026,19:08:24,Total de Gols,Under,8.5,,,,,1.76,0-0,2-4,Green,0.76,17572680
,CLA-UA World Cyber Cup (UA) (2x5 mins),mara x Bucha,mara,Panama,Bucha,Croatia,02/09/2026,19:08:42,Total de Gols,Under,7.5,,,,,2.07,0-0,2-4,Green,1.07,17572680
,CLA-UA World Cyber Cup (UA) (2x5 mins),mara x Bucha,mara,Panama,Bucha,Croatia,02/09/2026,19:10:38,Total de Gols,Under,6.5,,,,,2.03,0-1,2-4,Green,1.03,17572680
,CLA-UA World Cyber Cup (UA) (2x5 mins),mara x Bucha,mara,Panama,Bucha,Croatia,02/09/2026,19:16:50,Total de Gols,Under,5.5,,,,,2.36,0-4,2-4,Red,-1.0,17572680
,CLA-UA World Cyber Cup (UA) (2x5 mins),mara x Bucha,mara,Panama,Bucha,Croatia,02/09/2026,19:18:14,Total de Gols,Under,4.5,,,,,2.51,0-4,2-4,Red,-1.0,17572680
, CLA-UA Italy Cyber Cup (UA) (2x5 mins),Donatello x djamik,Donatello,Lecce,djamik,Torino,02/09/2026,19:35:49,Total de Gols,Under,7.5,,,,,1.98,0-0,6-2,Red,-1.0,17572704
, CLA-UA Italy Cyber Cup (UA) (2x5 mins),Donatello x djamik,Donatello,Lecce,djamik,Torino,02/09/2026,19:37:19,Total de Gols,Under,8.5,,,,,1.75,0-0,6-2,Green,0.75,17572704
, CLA-UA Italy Cyber Cup (UA) (2x5 mins),Donatello x djamik,Donatello,Lecce,djamik,Torino,02/09/2026,19:39:20,Total de Gols,Under,6.5,,,,,1.91,1-0,6-2,Red,-1.0,17572704
, CLA-UA Italy Cyber Cup (UA) (2x5 mins),Donatello x djamik,Donatello,Lecce,djamik,Torino,02/09/2026,19:40:19,Total de Gols,Under,5.5,,,,,2.12,1-0,6-2,Red,-1.0,17572704
, CLA-UA Italy Cyber Cup (UA) (2x5 mins),Donatello x djamik,Donatello,Lecce,djamik,Torino,02/09/2026,19:42:54,Total de Gols,Under,9.5,,,,,1.77,5-0,6-2,Green,0.77,17572704
, CLA-UA Spain Cyber Cup (UA) (2x5 mins),luxiqq x femzzi,luxiqq,Villarreal,femzzi,Barcelona,02/09/2026,22:57:38,Total de Gols,Under,7.5,,,,,1.98,0-0,4-9,Red,-1.0,17572742
, CLA-UA Spain Cyber Cup (UA) (2x5 mins),luxiqq x femzzi,luxiqq,Villarreal,femzzi,Barcelona,02/09/2026,22:59:56,Total de Gols,Under,6.5,,,,,2.07,0-0,4-9,Red,-1.0,17572742
, CLA-UA Spain Cyber Cup (UA) (2x5 mins),luxiqq x femzzi,luxiqq,Villarreal,femzzi,Barcelona,02/09/2026,23:00:51,Total de Gols,Under,8.5,,,,,1.8,0-1,4-9,Red,-1.0,17572742
, CLA-UA Spain Cyber Cup (UA) (2x5 mins),luxiqq x femzzi,luxiqq,Villarreal,femzzi,Barcelona,02/09/2026,23:01:34,Total de Gols,Under,9.5,,,,,1.59,0-2,4-9,Red,-1.0,17572742
, CLA-UA Spain Cyber Cup (UA) (2x5 mins),luxiqq x femzzi,luxiqq,Villarreal,femzzi,Barcelona,02/09/2026,23:06:36,Total de Gols,Under,10.5,,,,,1.61,1-6,4-9,Red,-1.0,17572742
, CLA-UA Spain Cyber Cup (UA) (2x5 mins),luxiqq x femzzi,luxiqq,Villarreal,femzzi,Barcelona,02/09/2026,23:08:52,Total de Gols,Under,11.5,,,,,2.12,2-8,4-9,Red,-1.0,17572742
, CLA-UA Spain Cyber Cup (UA) (2x5 mins),luxiqq x femzzi,luxiqq,Villarreal,femzzi,Barcelona,02/09/2026,23:09:05,Total de Gols,Under,12.5,,,,,2.17,3-8,4-9,Red,-1.0,17572742
, CLA-UA Spain Cyber Cup (UA) (2x5 mins),Galikooo x abr4m_5,Galikooo,Athletic Club,abr4m_5,Atletico Madrid,03/09/2026,00:06:40,Total de Gols,Under,8.5,,,,,1.76,0-0,3-2,Green,0.76,17572758
, CLA-UA Spain Cyber Cup (UA) (2x5 mins),Galikooo x abr4m_5,Galikooo,Athletic Club,abr4m_5,Atletico Madrid,03/09/2026,00:08:38,Total de Gols,Under,7.5,,,,,2.07,0-0,3-2,Green,1.07,17572758
, CLA-UA Spain Cyber Cup (UA) (2x5 mins),Galikooo x abr4m_5,Galikooo,Athletic Club,abr4m_5,Atletico Madrid,03/09/2026,00:10:00,Total de Gols,Under,6.5,,,,,2.12,0-0,3-2,Green,1.12,17572758
, CLA-UA Spain Cyber Cup (UA) (2x5 mins),Galikooo x abr4m_5,Galikooo,Athletic Club,abr4m_5,Atletico Madrid,03/09/2026,00:13:12,Total de Gols,Under,5.5,,,,,2.17,1-1,3-2,Green,1.17,17572758
, CLA-UA Spain Cyber Cup (UA) (2x5 mins),femzzi x luxiqq,femzzi,Barcelona,luxiqq,Villarreal,03/09/2026,00:07:52,Total de Gols,Under,7.5,,,,,1.98,0-0,3-1,Green,0.98,17572759
, CLA-UA Spain Cyber Cup (UA) (2x5 mins),femzzi x luxiqq,femzzi,Barcelona,luxiqq,Villarreal,03/09/2026,00:10:02,Total de Gols,Under,6.5,,,,,2.03,0-0,3-1,Green,1.03,17572759
, CLA-UA Spain Cyber Cup (UA) (2x5 mins),femzzi x luxiqq,femzzi,Barcelona,luxiqq,Villarreal,03/09/2026,00:11:08,Total de Gols,Under,8.5,,,,,1.78,1-0,3-1,Green,0.78,17572759
, CLA-UA Spain Cyber Cup (UA) (2x5 mins),femzzi x luxiqq,femzzi,Barcelona,luxiqq,Villarreal,03/09/2026,00:14:20,Total de Gols,Under,5.5,,,,,2.17,2-0,3-1,Green,1.17,17572759
, CLA-UA Spain Cyber Cup (UA) (2x5 mins),femzzi x luxiqq,femzzi,Barcelona,luxiqq,Villarreal,03/09/2026,00:18:47,Total de Gols,Under,4.5,,,,,2.51,3-1,3-1,Green,1.51,17572759
, CLA-UA Spain Cyber Cup (UA) (2x5 mins),drksd3 x Galikooo,drksd3,Sevilla,Galikooo,Athletic Club,03/09/2026,00:21:35,Total de Gols,Under,8.5,,,,,1.76,0-0,1-1,Green,0.76,17572761
, CLA-UA Spain Cyber Cup (UA) (2x5 mins),drksd3 x Galikooo,drksd3,Sevilla,Galikooo,Athletic Club,03/09/2026,00:23:13,Total de Gols,Under,7.5,,,,,2.07,0-0,1-1,Green,1.07,17572761
, CLA-UA Spain Cyber Cup (UA) (2x5 mins),drksd3 x Galikooo,drksd3,Sevilla,Galikooo,Athletic Club,03/09/2026,00:24:32,Total de Gols,Under,6.5,,,,,2.12,0-0,1-1,Green,1.12,17572761
, CLA-UA Spain Cyber Cup (UA) (2x5 mins),drksd3 x Galikooo,drksd3,Sevilla,Galikooo,Athletic Club,03/09/2026,00:25:55,Total de Gols,Under,5.5,,,,,2.07,0-0,1-1,Green,1.07,17572761
, CLA-UA Spain Cyber Cup (UA) (2x5 mins),drksd3 x Galikooo,drksd3,Sevilla,Galikooo,Athletic Club,03/09/2026,00:27:05,Total de Gols,Under,4.5,,,,,1.97,0-0,1-1,Green,0.97,17572761
, CLA-UA Spain Cyber Cup (UA) (2x5 mins),drksd3 x Galikooo,drksd3,Sevilla,Galikooo,Athletic Club,03/09/2026,00:28:05,Total de Gols,Under,3.5,,,,,2.17,0-0,1-1,Green,1.17,17572761
, CLA-UA Spain Cyber Cup (UA) (2x5 mins),drksd3 x Galikooo,drksd3,Sevilla,Galikooo,Athletic Club,03/09/2026,00:29:48,Total de Gols,Under,2.5,,,,,2.21,0-0,1-1,Green,1.21,17572761
, CLA-UA Spain Cyber Cup (UA) (2x5 mins),drksd3 x Galikooo,drksd3,Sevilla,Galikooo,Athletic Club,03/09/2026,00:32:27,Total de Gols,Under,1.5,,,,,2.52,0-1,1-1,Red,-1.0,17572761
, CLA-UA Spain Cyber Cup (UA) (2x5 mins),drksd3 x abr4m_5,drksd3,Sevilla,abr4m_5,Atletico Madrid,03/09/2026,00:35:35,Total de Gols,Under,8.5,,,,,1.98,0-0,4-7,Red,-1.0,17572763
, CLA-UA Spain Cyber Cup (UA) (2x5 mins),drksd3 x abr4m_5,drksd3,Sevilla,abr4m_5,Atletico Madrid,03/09/2026,00:37:01,Total de Gols,Under,9.5,,,,,1.77,0-0,4-7,Red,-1.0,17572763
, CLA-UA Spain Cyber Cup (UA) (2x5 mins),drksd3 x abr4m_5,drksd3,Sevilla,abr4m_5,Atletico Madrid,03/09/2026,00:39:30,Total de Gols,Under,7.5,,,,,1.96,0-2,4-7,Red,-1.0,17572763
, CLA-UA Spain Cyber Cup (UA) (2x5 mins),drksd3 x abr4m_5,drksd3,Sevilla,abr4m_5,Atletico Madrid,03/09/2026,00:42:06,Total de Gols,Under,10.5,,,,,1.59,2-3,4-7,Red,-1.0,17572763
, CLA-UA Champions Cyber League (UA) (2x5 mins),Nona x bod1a,Nona,Newcastle United,bod1a,Tottenham,03/09/2026,09:00:11,Total de Gols,Under,6.5,,,,,1.66,0-3,1-6,Red,-1.0,17582917
, CLA-UA Champions Cyber League (UA) (2x5 mins),Nona x bod1a,Nona,Newcastle United,bod1a,Tottenham,03/09/2026,09:00:38,Total de Gols,Under,5.5,,,,,2.22,0-3,1-6,Red,-1.0,17582917
, CLA-UA Champions Cyber League (UA) (2x5 mins),Nona x bod1a,Nona,Newcastle United,bod1a,Tottenham,03/09/2026,09:01:12,Total de Gols,Under,7.5,,,,,1.91,1-3,1-6,Green,0.91,17582917
,CLA-UA Argentina Cyber Cup (UA) (2x5 mins),Yoru x kozak,Yoru,River Plate,kozak,Racing Club,03/09/2026,09:00:11,Total de Gols,Under,7.5,,,,,1.65,1-2,5-6,Red,-1.0,17582743
,CLA-UA Argentina Cyber Cup (UA) (2x5 mins),Yoru x kozak,Yoru,River Plate,kozak,Racing Club,03/09/2026,09:00:22,Total de Gols,Under,6.5,,,,,2.17,1-2,5-6,Red,-1.0,17582743
,CLA-UA Argentina Cyber Cup (UA) (2x5 mins),Yoru x kozak,Yoru,River Plate,kozak,Racing Club,03/09/2026,09:02:28,Total de Gols,Under,8.5,,,,,1.62,1-4,5-6,Red,-1.0,17582743
,CLA-UA Argentina Cyber Cup (UA) (2x5 mins),Yoru x kozak,Yoru,River Plate,kozak,Racing Club,03/09/2026,09:04:15,Total de Gols,Under,9.5,,,,,1.42,2-5,5-6,Red,-1.0,17582743
, CLA-UA Italy Cyber Cup (UA) (2x5 mins),d1z x Nona,d1z,Fiorentina,Nona,Udinese,03/09/2026,10:00:28,Total de Gols,Under,7.5,,,,,1.68,0-0,4-2,Green,0.68,17582775
, CLA-UA Italy Cyber Cup (UA) (2x5 mins),d1z x Nona,d1z,Fiorentina,Nona,Udinese,03/09/2026,10:00:49,Total de Gols,Under,6.5,,,,,2.08,0-0,4-2,Green,1.08,17582775
, CLA-UA Italy Cyber Cup (UA) (2x5 mins),d1z x Nona,d1z,Fiorentina,Nona,Udinese,03/09/2026,10:02:18,Total de Gols,Under,5.5,,,,,2.12,0-0,4-2,Red,-1.0,17582775
, CLA-UA Italy Cyber Cup (UA) (2x5 mins),d1z x Nona,d1z,Fiorentina,Nona,Udinese,03/09/2026,10:03:29,Total de Gols,Under,4.5,,,,,2.03,0-0,4-2,Red,-1.0,17582775
, CLA-UA Italy Cyber Cup (UA) (2x5 mins),d1z x Nona,d1z,Fiorentina,Nona,Udinese,03/09/2026,10:04:42,Total de Gols,Under,3.5,,,,,2.12,0-0,4-2,Red,-1.0,17582775
, CLA-UA Italy Cyber Cup (UA) (2x5 mins),d1z x Nona,d1z,Fiorentina,Nona,Udinese,03/09/2026,10:06:27,Total de Gols,Under,2.5,,,,,2.22,0-0,4-2,Red,-1.0,17582775
, CLA-UA Italy Cyber Cup (UA) (2x5 mins),d1z x four,d1z,Fiorentina,four,Napoli,03/09/2026,10:14:17,Total de Gols,Under,5.5,,,,,1.89,0-0,5-1,Red,-1.0,17582778
, CLA-UA Italy Cyber Cup (UA) (2x5 mins),d1z x four,d1z,Fiorentina,four,Napoli,03/09/2026,10:14:42,Total de Gols,Under,6.5,,,,,1.79,0-0,5-1,Green,0.79,17582778
, CLA-UA Italy Cyber Cup (UA) (2x5 mins),d1z x four,d1z,Fiorentina,four,Napoli,03/09/2026,10:15:38,Total de Gols,Under,7.5,,,,,1.65,1-0,5-1,Green,0.65,17582778
, CLA-UA Spain Cyber Cup (UA) (2x5 mins),Donatello x TOMMY,Donatello,Girona FC,TOMMY,Rayo Vallecano,03/09/2026,10:13:44,Total de Gols,Under,8.5,,,,,1.89,0-0,7-3,Red,-1.0,17585536
, CLA-UA Spain Cyber Cup (UA) (2x5 mins),Donatello x TOMMY,Donatello,Girona FC,TOMMY,Rayo Vallecano,03/09/2026,10:14:56,Total de Gols,Under,9.5,,,,,1.66,0-0,7-3,Red,-1.0,17585536
, CLA-UA Spain Cyber Cup (UA) (2x5 mins),Donatello x TOMMY,Donatello,Girona FC,TOMMY,Rayo Vallecano,03/09/2026,10:17:08,Total de Gols,Under,10.5,,,,,1.61,2-0,7-3,Green,0.61,17585536
, CLA-UA Spain Cyber Cup (UA) (2x5 mins),Donatello x TOMMY,Donatello,Girona FC,TOMMY,Rayo Vallecano,03/09/2026,10:19:35,Total de Gols,Under,11.5,,,,,1.61,3-2,7-3,Green,0.61,17585536
, CLA-UA Spain Cyber Cup (UA) (2x5 mins),Gammi x k0tik,Gammi,Valencia,k0tik,Getafe,03/09/2026,10:14:07,Total de Gols,Under,7.5,,,,,1.92,0-0,4-4,Red,-1.0,17582757
, CLA-UA Spain Cyber Cup (UA) (2x5 mins),Gammi x k0tik,Gammi,Valencia,k0tik,Getafe,03/09/2026,10:14:35,Total de Gols,Under,8.5,,,,,1.8,0-0,4-4,Green,0.8,17582757
, CLA-UA Spain Cyber Cup (UA) (2x5 mins),Gammi x k0tik,Gammi,Valencia,k0tik,Getafe,03/09/2026,10:16:00,Total de Gols,Under,9.5,,,,,1.84,0-2,4-4,Green,0.84,17582757
, CLA-UA Spain Cyber Cup (UA) (2x5 mins),Gammi x k0tik,Gammi,Valencia,k0tik,Getafe,03/09/2026,10:22:46,Total de Gols,Under,6.5,,,,,2.31,3-2,4-4,Red,-1.0,17582757
, CLA-UA Spain Cyber Cup (UA) (2x5 mins),palkan x Gammi,palkan,Celta Vigo,Gammi,Valencia,03/09/2026,10:42:10,Total de Gols,Under,7.5,,,,,2.07,0-0,7-2,Red,-1.0,17582760
, CLA-UA Spain Cyber Cup (UA) (2x5 mins),palkan x Gammi,palkan,Celta Vigo,Gammi,Valencia,03/09/2026,10:42:40,Total de Gols,Under,8.5,,,,,1.95,0-0,7-2,Red,-1.0,17582760
, CLA-UA Spain Cyber Cup (UA) (2x5 mins),palkan x Gammi,palkan,Celta Vigo,Gammi,Valencia,03/09/2026,10:43:32,Total de Gols,Under,9.5,,,,,1.7,0-1,7-2,Green,0.7,17582760
, CLA-UA Spain Cyber Cup (UA) (2x5 mins),palkan x Gammi,palkan,Celta Vigo,Gammi,Valencia,03/09/2026,10:48:17,Total de Gols,Under,6.5,,,,,2.16,1-2,7-2,Red,-1.0,17582760
, CLA-UA Spain Cyber Cup (UA) (2x5 mins),palkan x Gammi,palkan,Celta Vigo,Gammi,Valencia,03/09/2026,10:51:46,Total de Gols,Under,10.5,,,,,1.38,6-2,7-2,Green,0.38,17582760
, CLA-UA Spain Cyber Cup (UA) (2x5 mins),Donatello x Gammi,Donatello,Girona FC,Gammi,Valencia,03/09/2026,10:55:58,Total de Gols,Under,7.5,,,,,1.74,0-0,7-3,Red,-1.0,17582761
, CLA-UA Spain Cyber Cup (UA) (2x5 mins),Donatello x Gammi,Donatello,Girona FC,Gammi,Valencia,03/09/2026,10:56:33,Total de Gols,Under,8.5,,,,,1.62,0-0,7-3,Red,-1.0,17582761
, CLA-UA Spain Cyber Cup (UA) (2x5 mins),Donatello x Gammi,Donatello,Girona FC,Gammi,Valencia,03/09/2026,10:59:27,Total de Gols,Under,9.5,,,,,1.73,1-2,7-3,Red,-1.0,17582761
, CLA-UA Spain Cyber Cup (UA) (2x5 mins),Donatello x Gammi,Donatello,Girona FC,Gammi,Valencia,03/09/2026,11:02:31,Total de Gols,Under,10.5,,,,,2.07,3-3,7-3,Green,1.07,17582761
, CLA-UA Spain Cyber Cup (UA) (2x5 mins),Donatello x Gammi,Donatello,Girona FC,Gammi,Valencia,03/09/2026,11:04:30,Total de Gols,Under,11.5,,,,,1.59,5-3,7-3,Green,0.59,17582761
, CLA-UA Spain Cyber Cup (UA) (2x5 mins),Donatello x Gammi,Donatello,Girona FC,Gammi,Valencia,03/09/2026,11:04:44,Total de Gols,Under,12.5,,,,,1.49,6-3,7-3,Green,0.49,17582761
, CLA-UA Spain Cyber Cup (UA) (2x5 mins),TOMMY x Gammi,TOMMY,Rayo Vallecano,Gammi,Valencia,03/09/2026,11:10:00,Total de Gols,Under,6.5,,,,,2.07,0-0,1-4,Green,1.07,17585538
, CLA-UA Spain Cyber Cup (UA) (2x5 mins),TOMMY x Gammi,TOMMY,Rayo Vallecano,Gammi,Valencia,03/09/2026,11:10:26,Total de Gols,Under,7.5,,,,,1.97,0-0,1-4,Green,0.97,17585538
, CLA-UA Spain Cyber Cup (UA) (2x5 mins),TOMMY x Gammi,TOMMY,Rayo Vallecano,Gammi,Valencia,03/09/2026,11:12:00,Total de Gols,Under,8.5,,,,,1.63,0-1,1-4,Green,0.63,17585538
, CLA-UA Spain Cyber Cup (UA) (2x5 mins),TOMMY x Gammi,TOMMY,Rayo Vallecano,Gammi,Valencia,03/09/2026,11:18:53,Total de Gols,Under,5.5,,,,,2.32,1-3,1-4,Green,1.32,17585538
, CLA-UA Spain Cyber Cup (UA) (2x5 mins),TOMMY x Donatello,TOMMY,Rayo Vallecano,Donatello,Girona FC,03/09/2026,11:24:34,Total de Gols,Under,8.5,,,,,1.88,0-0,5-4,Red,-1.0,17585541
, CLA-UA Spain Cyber Cup (UA) (2x5 mins),TOMMY x Donatello,TOMMY,Rayo Vallecano,Donatello,Girona FC,03/09/2026,11:25:34,Total de Gols,Under,7.5,,,,,1.98,0-0,5-4,Red,-1.0,17585541
, CLA-UA Spain Cyber Cup (UA) (2x5 mins),TOMMY x Donatello,TOMMY,Rayo Vallecano,Donatello,Girona FC,03/09/2026,11:26:41,Total de Gols,Under,9.5,,,,,1.72,1-0,5-4,Green,0.72,17585541
, CLA-UA Spain Cyber Cup (UA) (2x5 mins),TOMMY x Donatello,TOMMY,Rayo Vallecano,Donatello,Girona FC,03/09/2026,11:27:53,Total de Gols,Under,10.5,,,,,1.81,3-0,5-4,Green,0.81,17585541
, CLA-UA Italy Cyber Cup (UA) (2x5 mins),four x Nona,four,Napoli,Nona,Udinese,03/09/2026,11:38:14,Total de Gols,Under,7.5,,,,,1.84,0-0,3-3,Green,0.84,17582823
, CLA-UA Italy Cyber Cup (UA) (2x5 mins),four x Nona,four,Napoli,Nona,Udinese,03/09/2026,11:39:04,Total de Gols,Under,6.5,,,,,2.12,0-0,3-3,Green,1.12,17582823
, CLA-UA Italy Cyber Cup (UA) (2x5 mins),four x Nona,four,Napoli,Nona,Udinese,03/09/2026,11:40:35,Total de Gols,Under,5.5,,,,,2.11,0-0,3-3,Red,-1.0,17582823
, CLA-UA Italy Cyber Cup (UA) (2x5 mins),four x Nona,four,Napoli,Nona,Udinese,03/09/2026,11:42:06,Total de Gols,Under,4.5,,,,,2.12,0-0,3-3,Red,-1.0,17582823
, CLA-UA Italy Cyber Cup (UA) (2x5 mins),four x Nona,four,Napoli,Nona,Udinese,03/09/2026,11:43:26,Total de Gols,Under,3.5,,,,,2.16,0-0,3-3,Red,-1.0,17582823
, CLA-UA Italy Cyber Cup (UA) (2x5 mins),four x Nona,four,Napoli,Nona,Udinese,03/09/2026,11:45:19,Total de Gols,Under,8.5,,,,,1.59,0-0,3-3,Green,0.59,17582823
, CLA-UA Spain Cyber Cup (UA) (2x5 mins),k0tik x Donatello,k0tik,Getafe,Donatello,Girona FC,03/09/2026,11:52:25,Total de Gols,Under,8.5,,,,,1.63,0-0,6-3,Red,-1.0,17582765
, CLA-UA Spain Cyber Cup (UA) (2x5 mins),k0tik x Donatello,k0tik,Getafe,Donatello,Girona FC,03/09/2026,11:52:30,Total de Gols,Under,7.5,,,,,2.06,0-0,6-3,Red,-1.0,17582765
, CLA-UA Spain Cyber Cup (UA) (2x5 mins),k0tik x Donatello,k0tik,Getafe,Donatello,Girona FC,03/09/2026,11:53:11,Total de Gols,Under,9.5,,,,,1.79,1-0,6-3,Green,0.79,17582765
, CLA-UA Spain Cyber Cup (UA) (2x5 mins),k0tik x Donatello,k0tik,Getafe,Donatello,Girona FC,03/09/2026,11:59:02,Total de Gols,Under,6.5,,,,,2.12,2-1,6-3,Red,-1.0,17582765
, CLA-UA Spain Cyber Cup (UA) (2x5 mins),Gammi x palkan,Gammi,Valencia,palkan,Celta Vigo,03/09/2026,11:52:15,Total de Gols,Under,8.5,,,,,1.65,0-0,2-4,Green,0.65,17582766
, CLA-UA Spain Cyber Cup (UA) (2x5 mins),Gammi x palkan,Gammi,Valencia,palkan,Celta Vigo,03/09/2026,11:52:30,Total de Gols,Under,7.5,,,,,2.07,0-0,2-4,Green,1.07,17582766
, CLA-UA Spain Cyber Cup (UA) (2x5 mins),Gammi x palkan,Gammi,Valencia,palkan,Celta Vigo,03/09/2026,11:53:36,Total de Gols,Under,9.5,,,,,1.71,0-1,2-4,Green,0.71,17582766
, CLA-UA Spain Cyber Cup (UA) (2x5 mins),Gammi x palkan,Gammi,Valencia,palkan,Celta Vigo,03/09/2026,11:53:57,Total de Gols,Under,10.5,,,,,1.65,0-2,2-4,Green,0.65,17582766
, CLA-UA Spain Cyber Cup (UA) (2x5 mins),Gammi x palkan,Gammi,Valencia,palkan,Celta Vigo,03/09/2026,12:01:06,Total de Gols,Under,6.5,,,,,2.28,1-4,2-4,Green,1.28,17582766
, CLA-UA Spain Cyber Cup (UA) (2x5 mins),Gammi x palkan,Gammi,Valencia,palkan,Celta Vigo,03/09/2026,12:02:28,Total de Gols,Under,5.5,,,,,2.71,1-4,2-4,Red,-1.0,17582766
, CLA-UA Spain Cyber Cup (UA) (2x5 mins),Gammi x Donatello,Gammi,Valencia,Donatello,Girona FC,03/09/2026,12:06:16,Total de Gols,Under,7.5,,,,,1.69,0-0,2-4,Green,0.69,17582767
, CLA-UA Spain Cyber Cup (UA) (2x5 mins),Gammi x Donatello,Gammi,Valencia,Donatello,Girona FC,03/09/2026,12:06:44,Total de Gols,Under,6.5,,,,,2.03,0-0,2-4,Green,1.03,17582767
, CLA-UA Spain Cyber Cup (UA) (2x5 mins),Gammi x Donatello,Gammi,Valencia,Donatello,Girona FC,03/09/2026,12:08:03,Total de Gols,Under,8.5,,,,,1.65,1-0,2-4,Green,0.65,17582767
, CLA-UA Spain Cyber Cup (UA) (2x5 mins),Gammi x Donatello,Gammi,Valencia,Donatello,Girona FC,03/09/2026,12:08:18,Total de Gols,Under,9.5,,,,,1.65,1-1,2-4,Green,0.65,17582767
, CLA-UA Spain Cyber Cup (UA) (2x5 mins),shatik666 x Zero,shatik666,Getafe,Zero,Valencia,03/09/2026,14:59:54,Total de Gols,Under,6.5,,,,,2.07,0-0,6-5,Red,-1.0,17583080
, CLA-UA Spain Cyber Cup (UA) (2x5 mins),shatik666 x Zero,shatik666,Getafe,Zero,Valencia,03/09/2026,15:01:08,Total de Gols,Under,7.5,,,,,2.02,0-0,6-5,Red,-1.0,17583080
, CLA-UA Spain Cyber Cup (UA) (2x5 mins),shatik666 x Zero,shatik666,Getafe,Zero,Valencia,03/09/2026,15:02:13,Total de Gols,Under,8.5,,,,,1.59,0-1,6-5,Red,-1.0,17583080
, CLA-UA Spain Cyber Cup (UA) (2x5 mins),shatik666 x Zero,shatik666,Getafe,Zero,Valencia,03/09/2026,15:03:07,Total de Gols,Under,9.5,,,,,1.78,2-1,6-5,Red,-1.0,17583080
, CLA-UA Spain Cyber Cup (UA) (2x5 mins),shatik666 x Zero,shatik666,Getafe,Zero,Valencia,03/09/2026,15:07:49,Total de Gols,Under,10.5,,,,,1.73,2-4,6-5,Red,-1.0,17583080
, CLA-UA Spain Cyber Cup (UA) (2x5 mins),shatik666 x Zero,shatik666,Getafe,Zero,Valencia,03/09/2026,15:09:10,Total de Gols,Under,11.5,,,,,1.57,4-4,6-5,Green,0.57,17583080
,CLA-UA World Cyber Cup (UA) (2x5 mins),Donatello x Int1liGenT,Donatello,New Zealand,Int1liGenT,Ireland,03/09/2026,15:00:41,Total de Gols,Under,7.5,,,,,1.91,0-0,7-6,Red,-1.0,17583062
,CLA-UA World Cyber Cup (UA) (2x5 mins),Donatello x Int1liGenT,Donatello,New Zealand,Int1liGenT,Ireland,03/09/2026,15:01:23,Total de Gols,Under,8.5,,,,,1.78,0-0,7-6,Red,-1.0,17583062
,CLA-UA World Cyber Cup (UA) (2x5 mins),Donatello x Int1liGenT,Donatello,New Zealand,Int1liGenT,Ireland,03/09/2026,15:02:54,Total de Gols,Under,6.5,,,,,2.12,1-0,7-6,Red,-1.0,17583062
,CLA-UA World Cyber Cup (UA) (2x5 mins),Donatello x Int1liGenT,Donatello,New Zealand,Int1liGenT,Ireland,03/09/2026,15:05:34,Total de Gols,Under,9.5,,,,,1.69,2-2,7-6,Red,-1.0,17583062
,CLA-UA World Cyber Cup (UA) (2x5 mins),Donatello x Int1liGenT,Donatello,New Zealand,Int1liGenT,Ireland,03/09/2026,15:07:59,Total de Gols,Under,10.5,,,,,1.63,4-3,7-6,Red,-1.0,17583062
,CLA-UA World Cyber Cup (UA) (2x5 mins),Donatello x Int1liGenT,Donatello,New Zealand,Int1liGenT,Ireland,03/09/2026,15:09:13,Total de Gols,Under,11.5,,,,,1.95,5-4,7-6,Red,-1.0,17583062
,CLA-UA World Cyber Cup (UA) (2x5 mins),Donatello x Int1liGenT,Donatello,New Zealand,Int1liGenT,Ireland,03/09/2026,15:10:20,Total de Gols,Under,12.5,,,,,1.4,6-5,7-6,Red,-1.0,17583062
, CLA-UA Italy Cyber Cup (UA) (2x5 mins),Shark x Shot,Shark,Torino,Shot,Juventus,03/09/2026,15:14:05,Total de Gols,Under,6.5,,,,,1.62,0-0,5-2,Red,-1.0,17582899
, CLA-UA Italy Cyber Cup (UA) (2x5 mins),Shark x Shot,Shark,Torino,Shot,Juventus,03/09/2026,15:14:28,Total de Gols,Under,5.5,,,,,2.08,0-0,5-2,Red,-1.0,17582899
, CLA-UA Italy Cyber Cup (UA) (2x5 mins),Shark x Shot,Shark,Torino,Shot,Juventus,03/09/2026,15:19:24,Total de Gols,Under,7.5,,,,,1.84,2-1,5-2,Green,0.84,17582899
, CLA-UA Italy Cyber Cup (UA) (2x5 mins),Shark x Shot,Shark,Torino,Shot,Juventus,03/09/2026,15:22:58,Total de Gols,Under,8.5,,,,,1.5,5-1,5-2,Green,0.5,17582899
, CLA-UA Spain Cyber Cup (UA) (2x5 mins),Hetman x Zero,Hetman,Celta Vigo,Zero,Valencia,03/09/2026,15:13:27,Total de Gols,Under,6.5,,,,,1.75,0-0,5-0,Green,0.75,17583081
, CLA-UA Spain Cyber Cup (UA) (2x5 mins),Hetman x Zero,Hetman,Celta Vigo,Zero,Valencia,03/09/2026,15:14:51,Total de Gols,Under,5.5,,,,,2.11,0-0,5-0,Green,1.11,17583081
, CLA-UA Spain Cyber Cup (UA) (2x5 mins),Hetman x Zero,Hetman,Celta Vigo,Zero,Valencia,03/09/2026,15:16:42,Total de Gols,Under,4.5,,,,,2.12,0-0,5-0,Red,-1.0,17583081
,CLA-UA World Cyber Cup (UA) (2x5 mins),BiBiB x T3RZ,BiBiB,Belgium,T3RZ,Iran,03/09/2026,15:14:19,Total de Gols,Under,7.5,,,,,1.71,0-0,5-6,Red,-1.0,17583065
,CLA-UA World Cyber Cup (UA) (2x5 mins),BiBiB x T3RZ,BiBiB,Belgium,T3RZ,Iran,03/09/2026,15:14:41,Total de Gols,Under,8.5,,,,,1.61,0-0,5-6,Red,-1.0,17583065
,CLA-UA World Cyber Cup (UA) (2x5 mins),BiBiB x T3RZ,BiBiB,Belgium,T3RZ,Iran,03/09/2026,15:16:01,Total de Gols,Under,9.5,,,,,1.69,1-1,5-6,Red,-1.0,17583065
,CLA-UA World Cyber Cup (UA) (2x5 mins),BiBiB x T3RZ,BiBiB,Belgium,T3RZ,Iran,03/09/2026,15:18:31,Total de Gols,Under,10.5,,,,,1.98,2-3,5-6,Red,-1.0,17583065
,CLA-UA World Cyber Cup (UA) (2x5 mins),BiBiB x T3RZ,BiBiB,Belgium,T3RZ,Iran,03/09/2026,15:23:26,Total de Gols,Under,11.5,,,,,1.88,4-5,5-6,Green,0.88,17583065
,CLA-UA World Cyber Cup (UA) (2x5 mins),T3RZ x Donatello,T3RZ,Iran,Donatello,New Zealand,03/09/2026,15:28:09,Total de Gols,Under,8.5,,,,,1.68,0-0,1-5,Green,0.68,17583068
,CLA-UA World Cyber Cup (UA) (2x5 mins),T3RZ x Donatello,T3RZ,Iran,Donatello,New Zealand,03/09/2026,15:28:39,Total de Gols,Under,7.5,,,,,2.02,0-0,1-5,Green,1.02,17583068
,CLA-UA World Cyber Cup (UA) (2x5 mins),T3RZ x Donatello,T3RZ,Iran,Donatello,New Zealand,03/09/2026,15:32:01,Total de Gols,Under,6.5,,,,,2.12,1-1,1-5,Green,1.12,17583068
,CLA-UA World Cyber Cup (UA) (2x5 mins),T3RZ x Donatello,T3RZ,Iran,Donatello,New Zealand,03/09/2026,15:33:43,Total de Gols,Under,9.5,,,,,1.59,1-3,1-5,Green,0.59,17583068
, CLA-UA Italy Cyber Cup (UA) (2x5 mins),Xellark x Shot,Xellark,Roma,Shot,Juventus,03/09/2026,15:28:09,Total de Gols,Under,6.5,,,,,1.65,0-0,3-4,Red,-1.0,17582902
, CLA-UA Italy Cyber Cup (UA) (2x5 mins),Xellark x Shot,Xellark,Roma,Shot,Juventus,03/09/2026,15:28:32,Total de Gols,Under,5.5,,,,,2.08,0-0,3-4,Red,-1.0,17582902
, CLA-UA Italy Cyber Cup (UA) (2x5 mins),Xellark x Shot,Xellark,Roma,Shot,Juventus,03/09/2026,15:33:53,Total de Gols,Under,4.5,,,,,2.27,1-1,3-4,Red,-1.0,17582902
,CLA-UA World Cyber Cup (UA) (2x5 mins),BiBiB x Int1liGenT,BiBiB,Belgium,Int1liGenT,Ireland,03/09/2026,15:28:16,Total de Gols,Under,7.5,,,,,1.69,0-0,1-5,Green,0.69,17582886
,CLA-UA World Cyber Cup (UA) (2x5 mins),BiBiB x Int1liGenT,BiBiB,Belgium,Int1liGenT,Ireland,03/09/2026,15:28:35,Total de Gols,Under,6.5,,,,,2.12,0-0,1-5,Green,1.12,17582886
,CLA-UA World Cyber Cup (UA) (2x5 mins),BiBiB x Int1liGenT,BiBiB,Belgium,Int1liGenT,Ireland,03/09/2026,15:30:16,Total de Gols,Under,5.5,,,,,2.07,0-0,1-5,Red,-1.0,17582886
, CLA-UA Spain Cyber Cup (UA) (2x5 mins),Hetman x Stafford,Hetman,Celta Vigo,Stafford,Girona FC,03/09/2026,15:41:37,Total de Gols,Under,7.5,,,,,1.98,0-0,6-4,Red,-1.0,17582933
, CLA-UA Spain Cyber Cup (UA) (2x5 mins),Hetman x Stafford,Hetman,Celta Vigo,Stafford,Girona FC,03/09/2026,15:42:39,Total de Gols,Under,8.5,,,,,1.83,0-0,6-4,Red,-1.0,17582933
, CLA-UA Spain Cyber Cup (UA) (2x5 mins),Hetman x Stafford,Hetman,Celta Vigo,Stafford,Girona FC,03/09/2026,15:46:01,Total de Gols,Under,9.5,,,,,1.86,2-1,6-4,Red,-1.0,17582933
, CLA-UA Spain Cyber Cup (UA) (2x5 mins),Hetman x Stafford,Hetman,Celta Vigo,Stafford,Girona FC,03/09/2026,15:46:32,Total de Gols,Under,10.5,,,,,1.69,3-1,6-4,Green,0.69,17582933
,CLA-UA World Cyber Cup (UA) (2x5 mins),T3RZ x djamik,T3RZ,Iran,djamik,Egypt,03/09/2026,16:10:07,Total de Gols,Under,8.5,,,,,1.68,0-0,4-4,Green,0.68,17583074
,CLA-UA World Cyber Cup (UA) (2x5 mins),T3RZ x djamik,T3RZ,Iran,djamik,Egypt,03/09/2026,16:10:55,Total de Gols,Under,7.5,,,,,2.06,0-0,4-4,Red,-1.0,17583074
,CLA-UA World Cyber Cup (UA) (2x5 mins),T3RZ x djamik,T3RZ,Iran,djamik,Egypt,03/09/2026,16:17:57,Total de Gols,Under,9.5,,,,,1.54,1-4,4-4,Green,0.54,17583074
, CLA-UA Spain Cyber Cup (UA) (2x5 mins),Stafford x Zero,Stafford,Girona FC,Zero,Valencia,03/09/2026,16:38:00,Total de Gols,Under,6.5,,,,,2.07,0-0,7-5,Red,-1.0,17582941
, CLA-UA Spain Cyber Cup (UA) (2x5 mins),Stafford x Zero,Stafford,Girona FC,Zero,Valencia,03/09/2026,16:39:06,Total de Gols,Under,7.5,,,,,1.89,0-0,7-5,Red,-1.0,17582941
, CLA-UA Spain Cyber Cup (UA) (2x5 mins),Stafford x Zero,Stafford,Girona FC,Zero,Valencia,03/09/2026,16:39:49,Total de Gols,Under,8.5,,,,,1.69,1-0,7-5,Red,-1.0,17582941
, CLA-UA Spain Cyber Cup (UA) (2x5 mins),Stafford x Zero,Stafford,Girona FC,Zero,Valencia,03/09/2026,16:43:03,Total de Gols,Under,9.5,,,,,1.66,2-2,7-5,Red,-1.0,17582941
, CLA-UA Spain Cyber Cup (UA) (2x5 mins),Stafford x Zero,Stafford,Girona FC,Zero,Valencia,03/09/2026,16:44:16,Total de Gols,Under,10.5,,,,,1.92,3-3,7-5,Red,-1.0,17582941
, CLA-UA Spain Cyber Cup (UA) (2x5 mins),Stafford x Zero,Stafford,Girona FC,Zero,Valencia,03/09/2026,16:45:13,Total de Gols,Under,11.5,,,,,1.54,4-3,7-5,Red,-1.0,17582941
,CLA-UA World Cyber Cup (UA) (2x5 mins),Int1liGenT x BiBiB,Int1liGenT,Ireland,BiBiB,Belgium,03/09/2026,16:38:24,Total de Gols,Under,7.5,,,,,1.74,0-0,4-3,Green,0.74,17582892
,CLA-UA World Cyber Cup (UA) (2x5 mins),Int1liGenT x BiBiB,Int1liGenT,Ireland,BiBiB,Belgium,03/09/2026,16:39:51,Total de Gols,Under,8.5,,,,,1.65,0-0,4-3,Green,0.65,17582892
,CLA-UA World Cyber Cup (UA) (2x5 mins),Int1liGenT x BiBiB,Int1liGenT,Ireland,BiBiB,Belgium,03/09/2026,16:40:40,Total de Gols,Under,9.5,,,,,1.92,1-1,4-3,Green,0.92,17582892
,CLA-UA World Cyber Cup (UA) (2x5 mins),Int1liGenT x BiBiB,Int1liGenT,Ireland,BiBiB,Belgium,03/09/2026,16:48:49,Total de Gols,Under,6.5,,,,,2.65,3-3,4-3,Red,-1.0,17582892
, CLA-UA Italy Cyber Cup (UA) (2x5 mins),Shark x Nlui_22,Shark,Torino,Nlui_22,Atalanta,03/09/2026,16:52:09,Total de Gols,Under,6.5,,,,,1.97,0-0,4-2,Green,0.97,17583497
, CLA-UA Italy Cyber Cup (UA) (2x5 mins),Shark x Nlui_22,Shark,Torino,Nlui_22,Atalanta,03/09/2026,16:52:24,Total de Gols,Under,7.5,,,,,1.88,0-0,4-2,Green,0.88,17583497
, CLA-UA Italy Cyber Cup (UA) (2x5 mins),Shark x Nlui_22,Shark,Torino,Nlui_22,Atalanta,03/09/2026,16:55:14,Total de Gols,Under,8.5,,,,,1.59,1-1,4-2,Green,0.59,17583497
, CLA-UA Italy Cyber Cup (UA) (2x5 mins),Shark x Nlui_22,Shark,Torino,Nlui_22,Atalanta,03/09/2026,16:56:32,Total de Gols,Under,9.5,,,,,1.65,3-1,4-2,Green,0.65,17583497
, CLA-UA Italy Cyber Cup (UA) (2x5 mins),Shot x Jackson,Shot,Juventus,Jackson,Bologna FC,03/09/2026,16:52:26,Total de Gols,Under,6.5,,,,,1.97,0-0,4-4,Red,-1.0,17582920
, CLA-UA Italy Cyber Cup (UA) (2x5 mins),Shot x Jackson,Shot,Juventus,Jackson,Bologna FC,03/09/2026,16:52:42,Total de Gols,Under,7.5,,,,,1.84,0-0,4-4,Red,-1.0,17582920
, CLA-UA Italy Cyber Cup (UA) (2x5 mins),Shot x Jackson,Shot,Juventus,Jackson,Bologna FC,03/09/2026,16:55:10,Total de Gols,Under,5.5,,,,,2.07,0-1,4-4,Red,-1.0,17582920
,CLA-UA World Cyber Cup (UA) (2x5 mins),Donatello x BiBiB,Donatello,New Zealand,BiBiB,Belgium,03/09/2026,16:52:09,Total de Gols,Under,7.5,,,,,1.74,0-0,5-2,Green,0.74,17582894
,CLA-UA World Cyber Cup (UA) (2x5 mins),Donatello x BiBiB,Donatello,New Zealand,BiBiB,Belgium,03/09/2026,16:54:05,Total de Gols,Under,8.5,,,,,1.78,1-0,5-2,Green,0.78,17582894
,CLA-UA World Cyber Cup (UA) (2x5 mins),Donatello x BiBiB,Donatello,New Zealand,BiBiB,Belgium,03/09/2026,16:56:26,Total de Gols,Under,6.5,,,,,2.12,2-0,5-2,Red,-1.0,17582894
,CLA-UA World Cyber Cup (UA) (2x5 mins),Donatello x BiBiB,Donatello,New Zealand,BiBiB,Belgium,03/09/2026,17:02:39,Total de Gols,Under,5.5,,,,,2.66,3-2,5-2,Red,-1.0,17582894
, CLA-UA Spain Cyber Cup (UA) (2x5 mins),shatik666 x Hetman,shatik666,Getafe,Hetman,Celta Vigo,03/09/2026,17:06:28,Total de Gols,Under,7.5,,,,,1.83,0-0,4-4,Red,-1.0,17583089
, CLA-UA Spain Cyber Cup (UA) (2x5 mins),shatik666 x Hetman,shatik666,Getafe,Hetman,Celta Vigo,03/09/2026,17:07:22,Total de Gols,Under,8.5,,,,,1.62,0-0,4-4,Green,0.62,17583089
, CLA-UA Spain Cyber Cup (UA) (2x5 mins),shatik666 x Hetman,shatik666,Getafe,Hetman,Celta Vigo,03/09/2026,17:09:20,Total de Gols,Under,6.5,,,,,2.08,0-1,4-4,Red,-1.0,17583089
, CLA-UA Spain Cyber Cup (UA) (2x5 mins),shatik666 x Hetman,shatik666,Getafe,Hetman,Celta Vigo,03/09/2026,17:10:52,Total de Gols,Under,5.5,,,,,2.08,0-1,4-4,Red,-1.0,17583089
, CLA-UA Spain Cyber Cup (UA) (2x5 mins),shatik666 x Hetman,shatik666,Getafe,Hetman,Celta Vigo,03/09/2026,17:12:06,Total de Gols,Under,4.5,,,,,2.17,0-1,4-4,Red,-1.0,17583089
,CLA-UA World Cyber Cup (UA) (2x5 mins),djamik x BiBiB,djamik,Egypt,BiBiB,Belgium,03/09/2026,17:06:05,Total de Gols,Under,7.5,,,,,2.03,0-0,4-3,Green,1.03,17582895
,CLA-UA World Cyber Cup (UA) (2x5 mins),djamik x BiBiB,djamik,Egypt,BiBiB,Belgium,03/09/2026,17:07:17,Total de Gols,Under,8.5,,,,,1.85,0-0,4-3,Green,0.85,17582895
,CLA-UA World Cyber Cup (UA) (2x5 mins),djamik x BiBiB,djamik,Egypt,BiBiB,Belgium,03/09/2026,17:09:25,Total de Gols,Under,9.5,,,,,1.66,2-0,4-3,Green,0.66,17582895
,CLA-UA World Cyber Cup (UA) (2x5 mins),djamik x BiBiB,djamik,Egypt,BiBiB,Belgium,03/09/2026,17:13:42,Total de Gols,Under,6.5,,,,,2.2,2-2,4-3,Red,-1.0,17582895
,CLA-UA World Cyber Cup (UA) (2x5 mins),djamik x BiBiB,djamik,Egypt,BiBiB,Belgium,03/09/2026,17:15:00,Total de Gols,Under,5.5,,,,,2.31,2-2,4-3,Red,-1.0,17582895
,CLA-UA World Cyber Cup (UA) (2x5 mins),Shark x Xellark,Shark,Mexico,Xellark,Hungary,03/09/2026,17:30:15,Total de Gols,Under,6.5,,,,,1.75,0-0,3-2,Green,0.75,17582974
,CLA-UA World Cyber Cup (UA) (2x5 mins),Shark x Xellark,Shark,Mexico,Xellark,Hungary,03/09/2026,17:31:17,Total de Gols,Under,5.5,,,,,1.76,0-0,3-2,Green,0.76,17582974
,CLA-UA World Cyber Cup (UA) (2x5 mins),Shark x Xellark,Shark,Mexico,Xellark,Hungary,03/09/2026,17:32:01,Total de Gols,Under,4.5,,,,,2.16,0-0,3-2,Red,-1.0,17582974
, CLA-UA Italy Cyber Cup (UA) (2x5 mins),Donatello x Int1liGenT,Donatello,Udinese,Int1liGenT,Atalanta,03/09/2026,17:30:05,Total de Gols,Under,7.5,,,,,1.86,0-0,4-5,Red,-1.0,17582949
, CLA-UA Italy Cyber Cup (UA) (2x5 mins),Donatello x Int1liGenT,Donatello,Udinese,Int1liGenT,Atalanta,03/09/2026,17:31:48,Total de Gols,Under,6.5,,,,,2.07,0-0,4-5,Red,-1.0,17582949
, CLA-UA Italy Cyber Cup (UA) (2x5 mins),Donatello x Int1liGenT,Donatello,Udinese,Int1liGenT,Atalanta,03/09/2026,17:35:15,Total de Gols,Under,8.5,,,,,1.77,2-1,4-5,Red,-1.0,17582949
, CLA-UA Italy Cyber Cup (UA) (2x5 mins),Donatello x Int1liGenT,Donatello,Udinese,Int1liGenT,Atalanta,03/09/2026,17:40:03,Total de Gols,Under,9.5,,,,,1.65,3-4,4-5,Green,0.65,17582949
,CLA-UA World Cyber Cup (UA) (2x5 mins),Shark x Shot,Shark,Mexico,Shot,Denmark,03/09/2026,17:44:17,Total de Gols,Under,6.5,,,,,1.79,0-0,2-3,Green,0.79,17582977
,CLA-UA World Cyber Cup (UA) (2x5 mins),Shark x Shot,Shark,Mexico,Shot,Denmark,03/09/2026,17:45:16,Total de Gols,Under,5.5,,,,,2.11,0-0,2-3,Green,1.11,17582977
,CLA-UA World Cyber Cup (UA) (2x5 mins),Shark x Shot,Shark,Mexico,Shot,Denmark,03/09/2026,17:48:18,Total de Gols,Under,7.5,,,,,1.84,1-1,2-3,Green,0.84,17582977
, CLA-UA Italy Cyber Cup (UA) (2x5 mins),BiBiB x T3RZ,BiBiB,Lecce,T3RZ,Napoli,03/09/2026,17:44:03,Total de Gols,Under,7.5,,,,,1.7,0-0,3-5,Red,-1.0,17582950
, CLA-UA Italy Cyber Cup (UA) (2x5 mins),BiBiB x T3RZ,BiBiB,Lecce,T3RZ,Napoli,03/09/2026,17:44:45,Total de Gols,Under,8.5,,,,,1.68,0-0,3-5,Green,0.68,17582950
, CLA-UA Italy Cyber Cup (UA) (2x5 mins),BiBiB x T3RZ,BiBiB,Lecce,T3RZ,Napoli,03/09/2026,17:47:56,Total de Gols,Under,6.5,,,,,2.12,1-1,3-5,Red,-1.0,17582950
, CLA-UA Italy Cyber Cup (UA) (2x5 mins),BiBiB x Int1liGenT,BiBiB,Lecce,Int1liGenT,Atalanta,03/09/2026,17:58:02,Total de Gols,Under,7.5,,,,,1.65,0-0,2-5,Green,0.65,17582955
, CLA-UA Italy Cyber Cup (UA) (2x5 mins),BiBiB x Int1liGenT,BiBiB,Lecce,Int1liGenT,Atalanta,03/09/2026,17:58:59,Total de Gols,Under,6.5,,,,,2.11,0-0,2-5,Red,-1.0,17582955
, CLA-UA Italy Cyber Cup (UA) (2x5 mins),BiBiB x Int1liGenT,BiBiB,Lecce,Int1liGenT,Atalanta,03/09/2026,18:00:43,Total de Gols,Under,5.5,,,,,2.07,0-0,2-5,Red,-1.0,17582955
, CLA-UA Italy Cyber Cup (UA) (2x5 mins),BiBiB x Int1liGenT,BiBiB,Lecce,Int1liGenT,Atalanta,03/09/2026,18:07:42,Total de Gols,Under,8.5,,,,,1.61,1-5,2-5,Green,0.61,17582955
,CLA-UA World Cyber Cup (UA) (2x5 mins),Xellark x Shot,Xellark,Hungary,Shot,Denmark,03/09/2026,17:58:05,Total de Gols,Under,6.5,,,,,1.7,0-0,4-6,Red,-1.0,17582979
,CLA-UA World Cyber Cup (UA) (2x5 mins),Xellark x Shot,Xellark,Hungary,Shot,Denmark,03/09/2026,17:58:41,Total de Gols,Under,5.5,,,,,2.11,0-0,4-6,Red,-1.0,17582979
,CLA-UA World Cyber Cup (UA) (2x5 mins),Xellark x Shot,Xellark,Hungary,Shot,Denmark,03/09/2026,17:58:42,Total de Gols,Under,7.5,,,,,1.59,0-0,4-6,Red,-1.0,17582979
,CLA-UA World Cyber Cup (UA) (2x5 mins),Xellark x Shot,Xellark,Hungary,Shot,Denmark,03/09/2026,17:59:44,Total de Gols,Under,8.5,,,,,1.81,1-1,4-6,Red,-1.0,17582979
,CLA-UA World Cyber Cup (UA) (2x5 mins),Xellark x Shot,Xellark,Hungary,Shot,Denmark,03/09/2026,17:59:55,Total de Gols,Under,9.5,,,,,1.69,2-1,4-6,Red,-1.0,17582979
,CLA-UA World Cyber Cup (UA) (2x5 mins),Xellark x Shot,Xellark,Hungary,Shot,Denmark,03/09/2026,18:07:39,Total de Gols,Under,10.5,,,,,1.73,3-5,4-6,Green,0.73,17582979
,CLA-UA World Cyber Cup (UA) (2x5 mins),Nlui_22 x Shark,Nlui_22,South Korea,Shark,Mexico,03/09/2026,18:12:08,Total de Gols,Under,6.5,,,,,1.91,0-0,2-4,Green,0.91,17583533
,CLA-UA World Cyber Cup (UA) (2x5 mins),Nlui_22 x Shark,Nlui_22,South Korea,Shark,Mexico,03/09/2026,18:13:22,Total de Gols,Under,5.5,,,,,2.07,0-0,2-4,Red,-1.0,17583533
,CLA-UA World Cyber Cup (UA) (2x5 mins),Nlui_22 x Shark,Nlui_22,South Korea,Shark,Mexico,03/09/2026,18:14:38,Total de Gols,Under,7.5,,,,,1.65,1-0,2-4,Green,0.65,17583533
,CLA-UA World Cyber Cup (UA) (2x5 mins),Nlui_22 x Shark,Nlui_22,South Korea,Shark,Mexico,03/09/2026,18:15:10,Total de Gols,Under,8.5,,,,,1.59,1-1,2-4,Green,0.59,17583533
, CLA-UA Italy Cyber Cup (UA) (2x5 mins),Int1liGenT x djamik,Int1liGenT,Atalanta,djamik,Bologna FC,03/09/2026,18:12:23,Total de Gols,Under,6.5,,,,,2.07,0-0,4-4,Red,-1.0,17582961
, CLA-UA Italy Cyber Cup (UA) (2x5 mins),Int1liGenT x djamik,Int1liGenT,Atalanta,djamik,Bologna FC,03/09/2026,18:14:11,Total de Gols,Under,7.5,,,,,1.59,0-0,4-4,Red,-1.0,17582961
, CLA-UA Italy Cyber Cup (UA) (2x5 mins),Int1liGenT x djamik,Int1liGenT,Atalanta,djamik,Bologna FC,03/09/2026,18:16:08,Total de Gols,Under,8.5,,,,,1.91,1-2,4-4,Green,0.91,17582961
, CLA-UA Italy Cyber Cup (UA) (2x5 mins),BiBiB x Donatello,BiBiB,Lecce,Donatello,Udinese,03/09/2026,18:12:04,Total de Gols,Under,7.5,,,,,1.7,0-0,5-5,Red,-1.0,17582959
, CLA-UA Italy Cyber Cup (UA) (2x5 mins),BiBiB x Donatello,BiBiB,Lecce,Donatello,Udinese,03/09/2026,18:13:04,Total de Gols,Under,8.5,,,,,1.62,0-0,5-5,Red,-1.0,17582959
, CLA-UA Italy Cyber Cup (UA) (2x5 mins),BiBiB x Donatello,BiBiB,Lecce,Donatello,Udinese,03/09/2026,18:14:12,Total de Gols,Under,9.5,,,,,1.65,1-1,5-5,Red,-1.0,17582959
, CLA-UA Italy Cyber Cup (UA) (2x5 mins),BiBiB x Donatello,BiBiB,Lecce,Donatello,Udinese,03/09/2026,18:19:14,Total de Gols,Under,10.5,,,,,1.77,3-3,5-5,Green,0.77,17582959
, CLA-UA Italy Cyber Cup (UA) (2x5 mins),BiBiB x Donatello,BiBiB,Lecce,Donatello,Udinese,03/09/2026,18:21:08,Total de Gols,Under,11.5,,,,,1.62,4-4,5-5,Green,0.62,17582959
, CLA-UA Italy Cyber Cup (UA) (2x5 mins),BiBiB x djamik,BiBiB,Lecce,djamik,Bologna FC,03/09/2026,18:26:07,Total de Gols,Under,7.5,,,,,1.94,0-0,2-5,Green,0.94,17582962
, CLA-UA Italy Cyber Cup (UA) (2x5 mins),BiBiB x djamik,BiBiB,Lecce,djamik,Bologna FC,03/09/2026,18:27:40,Total de Gols,Under,6.5,,,,,2.03,0-0,2-5,Red,-1.0,17582962
, CLA-UA Italy Cyber Cup (UA) (2x5 mins),BiBiB x djamik,BiBiB,Lecce,djamik,Bologna FC,03/09/2026,18:34:39,Total de Gols,Under,5.5,,,,,2.36,1-3,2-5,Red,-1.0,17582962
, CLA-UA Italy Cyber Cup (UA) (2x5 mins),Int1liGenT x Donatello,Int1liGenT,Atalanta,Donatello,Udinese,03/09/2026,18:40:05,Total de Gols,Under,8.5,,,,,1.65,0-0,7-3,Red,-1.0,17582965
, CLA-UA Italy Cyber Cup (UA) (2x5 mins),Int1liGenT x Donatello,Int1liGenT,Atalanta,Donatello,Udinese,03/09/2026,18:40:21,Total de Gols,Under,7.5,,,,,2.03,0-0,7-3,Red,-1.0,17582965
, CLA-UA Italy Cyber Cup (UA) (2x5 mins),Int1liGenT x Donatello,Int1liGenT,Atalanta,Donatello,Udinese,03/09/2026,18:41:44,Total de Gols,Under,9.5,,,,,1.62,1-0,7-3,Red,-1.0,17582965
, CLA-UA Italy Cyber Cup (UA) (2x5 mins),Int1liGenT x Donatello,Int1liGenT,Atalanta,Donatello,Udinese,03/09/2026,18:43:57,Total de Gols,Under,10.5,,,,,1.62,2-2,7-3,Green,0.62,17582965
, CLA-UA Italy Cyber Cup (UA) (2x5 mins),Int1liGenT x Donatello,Int1liGenT,Atalanta,Donatello,Udinese,03/09/2026,18:45:01,Total de Gols,Under,11.5,,,,,1.8,4-2,7-3,Green,0.8,17582965
, CLA-UA Italy Cyber Cup (UA) (2x5 mins),T3RZ x djamik,T3RZ,Napoli,djamik,Bologna FC,03/09/2026,18:40:12,Total de Gols,Under,7.5,,,,,1.88,0-0,8-4,Red,-1.0,17582964
, CLA-UA Italy Cyber Cup (UA) (2x5 mins),T3RZ x djamik,T3RZ,Napoli,djamik,Bologna FC,03/09/2026,18:40:36,Total de Gols,Under,8.5,,,,,1.78,0-0,8-4,Red,-1.0,17582964
, CLA-UA Italy Cyber Cup (UA) (2x5 mins),T3RZ x djamik,T3RZ,Napoli,djamik,Bologna FC,03/09/2026,18:41:01,Total de Gols,Under,9.5,,,,,1.65,1-0,8-4,Red,-1.0,17582964
, CLA-UA Italy Cyber Cup (UA) (2x5 mins),T3RZ x djamik,T3RZ,Napoli,djamik,Bologna FC,03/09/2026,18:42:13,Total de Gols,Under,10.5,,,,,1.74,2-1,8-4,Red,-1.0,17582964
, CLA-UA Italy Cyber Cup (UA) (2x5 mins),T3RZ x djamik,T3RZ,Napoli,djamik,Bologna FC,03/09/2026,18:44:44,Total de Gols,Under,11.5,,,,,1.65,4-2,8-4,Red,-1.0,17582964
, CLA-UA Italy Cyber Cup (UA) (2x5 mins),T3RZ x djamik,T3RZ,Napoli,djamik,Bologna FC,03/09/2026,18:45:11,Total de Gols,Under,12.5,,,,,1.65,5-2,8-4,Green,0.65,17582964
, CLA-UA Italy Cyber Cup (UA) (2x5 mins),T3RZ x djamik,T3RZ,Napoli,djamik,Bologna FC,03/09/2026,18:49:00,Total de Gols,Under,13.5,,,,,1.51,7-3,8-4,Green,0.51,17582964
,CLA-UA World Cyber Cup (UA) (2x5 mins),Xellark x Jackson,Xellark,Hungary,Jackson,Czechia,03/09/2026,18:54:16,Total de Gols,Under,7.5,,,,,1.97,0-0,2-3,Green,0.97,17582997
,CLA-UA World Cyber Cup (UA) (2x5 mins),Xellark x Jackson,Xellark,Hungary,Jackson,Czechia,03/09/2026,18:54:51,Total de Gols,Under,8.5,,,,,1.85,0-0,2-3,Green,0.85,17582997
,CLA-UA World Cyber Cup (UA) (2x5 mins),Xellark x Jackson,Xellark,Hungary,Jackson,Czechia,03/09/2026,18:55:19,Total de Gols,Under,9.5,,,,,1.65,1-0,2-3,Green,0.65,17582997
,CLA-UA World Cyber Cup (UA) (2x5 mins),Xellark x Jackson,Xellark,Hungary,Jackson,Czechia,03/09/2026,18:59:30,Total de Gols,Under,6.5,,,,,2.17,1-2,2-3,Green,1.17,17582997
,CLA-UA World Cyber Cup (UA) (2x5 mins),Xellark x Jackson,Xellark,Hungary,Jackson,Czechia,03/09/2026,19:04:03,Total de Gols,Under,5.5,,,,,2.56,2-3,2-3,Green,1.56,17582997
, CLA-UA Italy Cyber Cup (UA) (2x5 mins),Donatello x djamik,Donatello,Udinese,djamik,Bologna FC,03/09/2026,18:53:53,Total de Gols,Under,8.5,,,,,1.71,0-0,2-4,Green,0.71,17582967
, CLA-UA Italy Cyber Cup (UA) (2x5 mins),Donatello x djamik,Donatello,Udinese,djamik,Bologna FC,03/09/2026,18:55:09,Total de Gols,Under,7.5,,,,,2.01,None-None,2-4,Green,1.01,17582967
, CLA-UA Italy Cyber Cup (UA) (2x5 mins),Donatello x djamik,Donatello,Udinese,djamik,Bologna FC,03/09/2026,18:58:03,Total de Gols,Under,6.5,,,,,1.94,0-1,2-4,Green,0.94,17582967
, CLA-UA Italy Cyber Cup (UA) (2x5 mins),Donatello x djamik,Donatello,Udinese,djamik,Bologna FC,03/09/2026,18:59:01,Total de Gols,Under,5.5,,,,,2.16,0-1,2-4,Red,-1.0,17582967
, CLA-UA Spain Cyber Cup (UA) (2x5 mins),Int1liGenT x luxiqq,Int1liGenT,Mallorca,luxiqq,Real Madrid,03/09/2026,22:29:51,Total de Gols,Under,7.5,,,,,1.98,0-0,9-2,Red,-1.0,17583039
, CLA-UA Spain Cyber Cup (UA) (2x5 mins),Int1liGenT x luxiqq,Int1liGenT,Mallorca,luxiqq,Real Madrid,03/09/2026,22:32:26,Total de Gols,Under,8.5,,,,,1.71,0-0,9-2,Red,-1.0,17583039
, CLA-UA Spain Cyber Cup (UA) (2x5 mins),Int1liGenT x luxiqq,Int1liGenT,Mallorca,luxiqq,Real Madrid,03/09/2026,22:35:17,Total de Gols,Under,9.5,,,,,1.66,3-0,9-2,Red,-1.0,17583039
, CLA-UA Spain Cyber Cup (UA) (2x5 mins),Int1liGenT x luxiqq,Int1liGenT,Mallorca,luxiqq,Real Madrid,03/09/2026,22:35:31,Total de Gols,Under,10.5,,,,,1.61,3-1,9-2,Red,-1.0,17583039
, CLA-UA Spain Cyber Cup (UA) (2x5 mins),Voron x Int1liGenT,Voron,Rayo Vallecano,Int1liGenT,Mallorca,03/09/2026,22:57:40,Total de Gols,Under,6.5,,,,,2.02,0-0,2-4,Green,1.02,17583043
, CLA-UA Spain Cyber Cup (UA) (2x5 mins),Voron x Int1liGenT,Voron,Rayo Vallecano,Int1liGenT,Mallorca,03/09/2026,22:59:41,Total de Gols,Under,7.5,,,,,1.66,0-0,2-4,Green,0.66,17583043
, CLA-UA Spain Cyber Cup (UA) (2x5 mins),Voron x Int1liGenT,Voron,Rayo Vallecano,Int1liGenT,Mallorca,03/09/2026,23:01:40,Total de Gols,Under,8.5,,,,,1.59,2-0,2-4,Green,0.59,17583043
, CLA-UA Spain Cyber Cup (UA) (2x5 mins),Voron x Int1liGenT,Voron,Rayo Vallecano,Int1liGenT,Mallorca,03/09/2026,23:06:02,Total de Gols,Under,5.5,,,,,2.36,2-2,2-4,Red,-1.0,17583043
, CLA-UA Spain Cyber Cup (UA) (2x5 mins),femzzi x luxiqq,femzzi,Athletic Club,luxiqq,Real Madrid,03/09/2026,22:58:06,Total de Gols,Under,8.5,,,,,1.63,0-0,7-2,Red,-1.0,17583042
, CLA-UA Spain Cyber Cup (UA) (2x5 mins),femzzi x luxiqq,femzzi,Athletic Club,luxiqq,Real Madrid,03/09/2026,22:58:34,Total de Gols,Under,7.5,,,,,2.03,0-0,7-2,Red,-1.0,17583042
, CLA-UA Spain Cyber Cup (UA) (2x5 mins),femzzi x luxiqq,femzzi,Athletic Club,luxiqq,Real Madrid,03/09/2026,23:04:13,Total de Gols,Under,9.5,,,,,1.65,4-0,7-2,Green,0.65,17583042
, CLA-UA Spain Cyber Cup (UA) (2x5 mins),femzzi x luxiqq,femzzi,Athletic Club,luxiqq,Real Madrid,03/09/2026,23:05:44,Total de Gols,Under,10.5,,,,,1.62,6-0,7-2,Green,0.62,17583042
, CLA-UA Spain Cyber Cup (UA) (2x5 mins),luxiqq x Galikooo,luxiqq,Real Madrid,Galikooo,Girona FC,03/09/2026,23:11:10,Total de Gols,Under,7.5,,,,,1.98,0-0,2-7,Red,-1.0,17583045
, CLA-UA Spain Cyber Cup (UA) (2x5 mins),luxiqq x Galikooo,luxiqq,Real Madrid,Galikooo,Girona FC,03/09/2026,23:12:58,Total de Gols,Under,8.5,,,,,1.75,0-0,2-7,Red,-1.0,17583045
, CLA-UA Spain Cyber Cup (UA) (2x5 mins),luxiqq x Galikooo,luxiqq,Real Madrid,Galikooo,Girona FC,03/09/2026,23:13:13,Total de Gols,Under,9.5,,,,,1.68,0-1,2-7,Green,0.68,17583045
, CLA-UA Spain Cyber Cup (UA) (2x5 mins),luxiqq x Galikooo,luxiqq,Real Madrid,Galikooo,Girona FC,03/09/2026,23:14:45,Total de Gols,Under,10.5,,,,,1.73,1-2,2-7,Green,0.73,17583045
, CLA-UA Spain Cyber Cup (UA) (2x5 mins),luxiqq x Galikooo,luxiqq,Real Madrid,Galikooo,Girona FC,03/09/2026,23:15:05,Total de Gols,Under,11.5,,,,,1.65,1-3,2-7,Green,0.65,17583045
, CLA-UA Spain Cyber Cup (UA) (2x5 mins),luxiqq x Galikooo,luxiqq,Real Madrid,Galikooo,Girona FC,03/09/2026,23:16:13,Total de Gols,Under,12.5,,,,,1.76,2-4,2-7,Green,0.76,17583045
, CLA-UA Spain Cyber Cup (UA) (2x5 mins),Int1liGenT x Galikooo,Int1liGenT,Mallorca,Galikooo,Girona FC,03/09/2026,23:53:38,Total de Gols,Under,7.5,,,,,1.74,0-0,5-2,Green,0.74,17583051
, CLA-UA Spain Cyber Cup (UA) (2x5 mins),Int1liGenT x Galikooo,Int1liGenT,Mallorca,Galikooo,Girona FC,03/09/2026,23:55:24,Total de Gols,Under,6.5,,,,,2.07,0-0,5-2,Red,-1.0,17583051
, CLA-UA Spain Cyber Cup (UA) (2x5 mins),Int1liGenT x Galikooo,Int1liGenT,Mallorca,Galikooo,Girona FC,03/09/2026,23:56:55,Total de Gols,Under,5.5,,,,,2.07,0-0,5-2,Red,-1.0,17583051
, CLA-UA Spain Cyber Cup (UA) (2x5 mins),luxiqq x femzzi,luxiqq,Real Madrid,femzzi,Athletic Club,04/09/2026,00:08:02,Total de Gols,Under,8.5,,,,,1.63,0-0,4-5,Red,-1.0,17583052
, CLA-UA Spain Cyber Cup (UA) (2x5 mins),luxiqq x femzzi,luxiqq,Real Madrid,femzzi,Athletic Club,04/09/2026,00:08:43,Total de Gols,Under,7.5,,,,,2.03,0-0,4-5,Red,-1.0,17583052
, CLA-UA Spain Cyber Cup (UA) (2x5 mins),luxiqq x femzzi,luxiqq,Real Madrid,femzzi,Athletic Club,04/09/2026,00:10:16,Total de Gols,Under,6.5,,,,,2.03,0-0,4-5,Red,-1.0,17583052
, CLA-UA Spain Cyber Cup (UA) (2x5 mins),luxiqq x femzzi,luxiqq,Real Madrid,femzzi,Athletic Club,04/09/2026,00:16:35,Total de Gols,Under,9.5,,,,,2.12,3-3,4-5,Green,1.12,17583052
, CLA-UA Spain Cyber Cup (UA) (2x5 mins),Voron x luxiqq,Voron,Rayo Vallecano,luxiqq,Real Madrid,04/09/2026,00:35:51,Total de Gols,Under,7.5,,,,,1.74,0-0,3-4,Green,0.74,17583057
, CLA-UA Spain Cyber Cup (UA) (2x5 mins),Voron x luxiqq,Voron,Rayo Vallecano,luxiqq,Real Madrid,04/09/2026,00:36:45,Total de Gols,Under,8.5,,,,,1.65,0-0,3-4,Green,0.65,17583057
, CLA-UA Spain Cyber Cup (UA) (2x5 mins),Voron x luxiqq,Voron,Rayo Vallecano,luxiqq,Real Madrid,04/09/2026,00:37:58,Total de Gols,Under,6.5,,,,,2.07,0-1,3-4,Red,-1.0,17583057
, CLA-UA Spain Cyber Cup (UA) (2x5 mins),Voron x luxiqq,Voron,Rayo Vallecano,luxiqq,Real Madrid,04/09/2026,00:39:36,Total de Gols,Under,5.5,,,,,2.12,0-1,3-4,Red,-1.0,17583057
, CLA-UA Champions Cyber League (UA) (2x5 mins),Voron x luxiqq,Voron,Lille,luxiqq,Galatasaray,04/09/2026,03:05:46,Total de Gols,Under,7.5,,,,,1.74,0-0,6-0,Green,0.74,17583073
, CLA-UA Champions Cyber League (UA) (2x5 mins),Voron x luxiqq,Voron,Lille,luxiqq,Galatasaray,04/09/2026,03:06:42,Total de Gols,Under,8.5,,,,,1.62,0-0,6-0,Green,0.62,17583073
, CLA-UA Champions Cyber League (UA) (2x5 mins),Voron x luxiqq,Voron,Lille,luxiqq,Galatasaray,04/09/2026,03:11:14,Total de Gols,Under,6.5,,,,,2.07,3-0,6-0,Green,1.07,17583073
,CLA-UA World Cyber Cup (UA) (2x5 mins),Shot x zyX,Shot,South Korea,zyX,Hungary,04/09/2026,05:01:42,Total de Gols,Under,6.5,,,,,1.66,0-0,5-3,Red,-1.0,17592489
,CLA-UA World Cyber Cup (UA) (2x5 mins),Shot x zyX,Shot,South Korea,zyX,Hungary,04/09/2026,05:02:01,Total de Gols,Under,5.5,,,,,2.08,0-0,5-3,Red,-1.0,17592489
,CLA-UA World Cyber Cup (UA) (2x5 mins),Shot x zyX,Shot,South Korea,zyX,Hungary,04/09/2026,05:05:00,Total de Gols,Under,7.5,,,,,1.69,1-1,5-3,Red,-1.0,17592489
,CLA-UA World Cyber Cup (UA) (2x5 mins),Shot x zyX,Shot,South Korea,zyX,Hungary,04/09/2026,05:06:23,Total de Gols,Under,8.5,,,,,1.78,3-1,5-3,Green,0.78,17592489
,CLA-UA World Cyber Cup (UA) (2x5 mins),Shot x zyX,Shot,South Korea,zyX,Hungary,04/09/2026,05:06:52,Total de Gols,Under,9.5,,,,,1.56,4-1,5-3,Green,0.56,17592489
, CLA-UA Italy Cyber Cup (UA) (2x5 mins),palkan x TOMMY,palkan,Lecce,TOMMY,Udinese,04/09/2026,05:00:08,Total de Gols,Under,9.5,,,,,1.75,0-0,6-4,Red,-1.0,17592451
, CLA-UA Italy Cyber Cup (UA) (2x5 mins),palkan x TOMMY,palkan,Lecce,TOMMY,Udinese,04/09/2026,05:02:00,Total de Gols,Under,8.5,,,,,2.02,0-0,6-4,Red,-1.0,17592451
, CLA-UA Italy Cyber Cup (UA) (2x5 mins),palkan x TOMMY,palkan,Lecce,TOMMY,Udinese,04/09/2026,05:02:21,Total de Gols,Under,10.5,,,,,1.81,1-0,6-4,Green,0.81,17592451
, CLA-UA Italy Cyber Cup (UA) (2x5 mins),palkan x TOMMY,palkan,Lecce,TOMMY,Udinese,04/09/2026,05:03:31,Total de Gols,Under,11.5,,,,,1.79,2-1,6-4,Green,0.79,17592451
, CLA-UA Italy Cyber Cup (UA) (2x5 mins),palkan x TOMMY,palkan,Lecce,TOMMY,Udinese,04/09/2026,05:03:57,Total de Gols,Under,12.5,,,,,1.62,3-1,6-4,Green,0.62,17592451
, CLA-UA Spain Cyber Cup (UA) (2x5 mins),Bucha x Yoru,Bucha,Villarreal,Yoru,Celta Vigo,04/09/2026,05:15:42,Total de Gols,Under,8.5,,,,,1.78,0-0,3-1,Green,0.78,17592473
, CLA-UA Spain Cyber Cup (UA) (2x5 mins),Bucha x Yoru,Bucha,Villarreal,Yoru,Celta Vigo,04/09/2026,05:16:14,Total de Gols,Under,7.5,,,,,2.07,0-0,3-1,Green,1.07,17592473
, CLA-UA Spain Cyber Cup (UA) (2x5 mins),Bucha x Yoru,Bucha,Villarreal,Yoru,Celta Vigo,04/09/2026,05:17:36,Total de Gols,Under,6.5,,,,,2.11,0-0,3-1,Green,1.11,17592473
, CLA-UA Spain Cyber Cup (UA) (2x5 mins),Bucha x Yoru,Bucha,Villarreal,Yoru,Celta Vigo,04/09/2026,05:21:28,Total de Gols,Under,5.5,,,,,2.21,1-1,3-1,Green,1.21,17592473
, CLA-UA Spain Cyber Cup (UA) (2x5 mins),Bucha x Yoru,Bucha,Villarreal,Yoru,Celta Vigo,04/09/2026,05:25:20,Total de Gols,Under,4.5,,,,,2.41,3-1,3-1,Green,1.41,17592473
, CLA-UA Spain Cyber Cup (UA) (2x5 mins),Bucha x Yeti,Bucha,Villarreal,Yeti,Athletic Club,04/09/2026,05:28:18,Total de Gols,Under,7.5,,,,,1.66,0-0,2-5,Green,0.66,17592476
, CLA-UA Spain Cyber Cup (UA) (2x5 mins),Bucha x Yeti,Bucha,Villarreal,Yeti,Athletic Club,04/09/2026,05:28:37,Total de Gols,Under,6.5,,,,,2.07,0-0,2-5,Red,-1.0,17592476
, CLA-UA Spain Cyber Cup (UA) (2x5 mins),Bucha x Yeti,Bucha,Villarreal,Yeti,Athletic Club,04/09/2026,05:35:48,Total de Gols,Under,5.5,,,,,2.4,0-4,2-5,Red,-1.0,17592476
,CLA-UA World Cyber Cup (UA) (2x5 mins),zyX x Nona,zyX,Hungary,Nona,Mexico,04/09/2026,05:28:15,Total de Gols,Under,9.5,,,,,1.75,0-0,5-4,Green,0.75,17592493
, CLA-UA Italy Cyber Cup (UA) (2x5 mins),TOMMY x Sxitted,TOMMY,Udinese,Sxitted,Atalanta,04/09/2026,05:28:15,Total de Gols,Under,8.5,,,,,1.79,0-0,3-2,Green,0.79,17592456
,CLA-UA World Cyber Cup (UA) (2x5 mins),zyX x Nona,zyX,Hungary,Nona,Mexico,04/09/2026,05:28:45,Total de Gols,Under,8.5,,,,,2.02,0-0,5-4,Red,-1.0,17592493
, CLA-UA Italy Cyber Cup (UA) (2x5 mins),TOMMY x Sxitted,TOMMY,Udinese,Sxitted,Atalanta,04/09/2026,05:28:52,Total de Gols,Under,7.5,,,,,2.07,0-0,3-2,Green,1.07,17592456
, CLA-UA Italy Cyber Cup (UA) (2x5 mins),TOMMY x Sxitted,TOMMY,Udinese,Sxitted,Atalanta,04/09/2026,05:29:51,Total de Gols,Under,6.5,,,,,2.06,0-0,3-2,Green,1.06,17592456
,CLA-UA World Cyber Cup (UA) (2x5 mins),zyX x Nona,zyX,Hungary,Nona,Mexico,04/09/2026,05:29:55,Total de Gols,Under,7.5,,,,,2.03,0-0,5-4,Red,-1.0,17592493
,CLA-UA World Cyber Cup (UA) (2x5 mins),zyX x Nona,zyX,Hungary,Nona,Mexico,04/09/2026,05:35:58,Total de Gols,Under,10.5,,,,,1.96,3-3,5-4,Green,0.96,17592493
, CLA-UA Italy Cyber Cup (UA) (2x5 mins),TOMMY x Sxitted,TOMMY,Udinese,Sxitted,Atalanta,04/09/2026,05:36:49,Total de Gols,Under,5.5,,,,,2.31,3-1,3-2,Green,1.31,17592456
, CLA-UA Spain Cyber Cup (UA) (2x5 mins),Yoru x Shark,Yoru,Celta Vigo,Shark,Real Sociedad,04/09/2026,05:28:15,Total de Gols,Under,7.5,,,,,1.69,0-0,3-3,Green,0.69,17592472
, CLA-UA Spain Cyber Cup (UA) (2x5 mins),Yoru x Shark,Yoru,Celta Vigo,Shark,Real Sociedad,04/09/2026,05:28:32,Total de Gols,Under,6.5,,,,,2.08,0-0,3-3,Green,1.08,17592472
, CLA-UA Spain Cyber Cup (UA) (2x5 mins),Yoru x Shark,Yoru,Celta Vigo,Shark,Real Sociedad,04/09/2026,05:33:11,Total de Gols,Under,5.5,,,,,2.17,2-0,3-3,Red,-1.0,17592472
, CLA-UA Spain Cyber Cup (UA) (2x5 mins),Yoru x Shark,Yoru,Celta Vigo,Shark,Real Sociedad,04/09/2026,05:35:16,Total de Gols,Under,4.5,,,,,2.17,2-0,3-3,Red,-1.0,17592472
, CLA-UA Spain Cyber Cup (UA) (2x5 mins),Bucha x Shark,Bucha,Villarreal,Shark,Real Sociedad,04/09/2026,05:42:19,Total de Gols,Under,7.5,,,,,1.73,0-0,0-2,Green,0.73,17592474
, CLA-UA Spain Cyber Cup (UA) (2x5 mins),Bucha x Shark,Bucha,Villarreal,Shark,Real Sociedad,04/09/2026,05:42:29,Total de Gols,Under,8.5,,,,,1.68,0-0,0-2,Green,0.68,17592474
, CLA-UA Spain Cyber Cup (UA) (2x5 mins),Bucha x Shark,Bucha,Villarreal,Shark,Real Sociedad,04/09/2026,05:44:21,Total de Gols,Under,6.5,,,,,2.12,0-1,0-2,Green,1.12,17592474
, CLA-UA Spain Cyber Cup (UA) (2x5 mins),Bucha x Shark,Bucha,Villarreal,Shark,Real Sociedad,04/09/2026,05:45:49,Total de Gols,Under,5.5,,,,,2.11,0-1,0-2,Green,1.11,17592474
, CLA-UA Spain Cyber Cup (UA) (2x5 mins),Bucha x Shark,Bucha,Villarreal,Shark,Real Sociedad,04/09/2026,05:46:51,Total de Gols,Under,4.5,,,,,2.16,0-1,0-2,Green,1.16,17592474
, CLA-UA Spain Cyber Cup (UA) (2x5 mins),Bucha x Shark,Bucha,Villarreal,Shark,Real Sociedad,04/09/2026,05:48:27,Total de Gols,Under,3.5,,,,,2.23,0-1,0-2,Green,1.23,17592474
, CLA-UA Spain Cyber Cup (UA) (2x5 mins),Bucha x Shark,Bucha,Villarreal,Shark,Real Sociedad,04/09/2026,05:50:05,Total de Gols,Under,2.5,,,,,2.41,0-1,0-2,Green,1.41,17592474
, CLA-UA Spain Cyber Cup (UA) (2x5 mins),Bucha x Shark,Bucha,Villarreal,Shark,Real Sociedad,04/09/2026,05:51:37,Total de Gols,Under,1.5,,,,,2.56,0-1,0-2,Red,-1.0,17592474
,CLA-UA World Cyber Cup (UA) (2x5 mins),shatik666 x Nona,shatik666,Denmark,Nona,Mexico,04/09/2026,05:42:12,Total de Gols,Under,8.5,,,,,1.94,0-0,6-3,Red,-1.0,17592494
,CLA-UA World Cyber Cup (UA) (2x5 mins),shatik666 x Nona,shatik666,Denmark,Nona,Mexico,04/09/2026,05:43:17,Total de Gols,Under,7.5,,,,,2.01,0-0,6-3,Red,-1.0,17592494
,CLA-UA World Cyber Cup (UA) (2x5 mins),shatik666 x Nona,shatik666,Denmark,Nona,Mexico,04/09/2026,05:47:32,Total de Gols,Under,9.5,,,,,1.87,4-0,6-3,Green,0.87,17592494
,CLA-UA World Cyber Cup (UA) (2x5 mins),shatik666 x Nona,shatik666,Denmark,Nona,Mexico,04/09/2026,05:49:11,Total de Gols,Under,10.5,,,,,1.78,5-1,6-3,Green,0.78,17592494
, CLA-UA Italy Cyber Cup (UA) (2x5 mins),Donatello x Sxitted,Donatello,Fiorentina,Sxitted,Atalanta,04/09/2026,05:42:12,Total de Gols,Under,6.5,,,,,2.08,0-0,5-1,Green,1.08,17592457
, CLA-UA Italy Cyber Cup (UA) (2x5 mins),Donatello x Sxitted,Donatello,Fiorentina,Sxitted,Atalanta,04/09/2026,05:43:56,Total de Gols,Under,7.5,,,,,1.8,0-0,5-1,Green,0.8,17592457
, CLA-UA Italy Cyber Cup (UA) (2x5 mins),Donatello x Sxitted,Donatello,Fiorentina,Sxitted,Atalanta,04/09/2026,05:45:45,Total de Gols,Under,8.5,,,,,1.79,0-1,5-1,Green,0.79,17592457
,CLA-UA World Cyber Cup (UA) (2x5 mins),vrud1 x zyX,vrud1,Czechia,zyX,Hungary,04/09/2026,05:56:12,Total de Gols,Under,8.5,,,,,1.98,0-0,4-5,Red,-1.0,17592589
,CLA-UA World Cyber Cup (UA) (2x5 mins),vrud1 x zyX,vrud1,Czechia,zyX,Hungary,04/09/2026,05:57:05,Total de Gols,Under,7.5,,,,,2.01,0-0,4-5,Red,-1.0,17592589
,CLA-UA World Cyber Cup (UA) (2x5 mins),vrud1 x zyX,vrud1,Czechia,zyX,Hungary,04/09/2026,05:57:07,Total de Gols,Under,9.5,,,,,1.65,0-0,4-5,Green,0.65,17592589
,CLA-UA World Cyber Cup (UA) (2x5 mins),vrud1 x zyX,vrud1,Czechia,zyX,Hungary,04/09/2026,06:01:39,Total de Gols,Under,10.5,,,,,1.65,2-2,4-5,Green,0.65,17592589
, CLA-UA Italy Cyber Cup (UA) (2x5 mins),T3RZ x TOMMY,T3RZ,Bologna FC,TOMMY,Udinese,04/09/2026,05:56:18,Total de Gols,Under,8.5,,,,,1.84,0-0,6-3,Red,-1.0,17592460
, CLA-UA Italy Cyber Cup (UA) (2x5 mins),T3RZ x TOMMY,T3RZ,Bologna FC,TOMMY,Udinese,04/09/2026,05:56:56,Total de Gols,Under,9.5,,,,,1.69,0-0,6-3,Green,0.69,17592460
, CLA-UA Italy Cyber Cup (UA) (2x5 mins),T3RZ x TOMMY,T3RZ,Bologna FC,TOMMY,Udinese,04/09/2026,05:58:45,Total de Gols,Under,7.5,,,,,2.07,0-1,6-3,Red,-1.0,17592460
, CLA-UA Spain Cyber Cup (UA) (2x5 mins),Bucha x mara,Bucha,Villarreal,mara,Mallorca,04/09/2026,05:56:22,Total de Gols,Under,7.5,,,,,1.95,0-0,5-4,Red,-1.0,17592478
, CLA-UA Spain Cyber Cup (UA) (2x5 mins),Bucha x mara,Bucha,Villarreal,mara,Mallorca,04/09/2026,05:57:40,Total de Gols,Under,6.5,,,,,2.07,0-0,5-4,Red,-1.0,17592478
, CLA-UA Spain Cyber Cup (UA) (2x5 mins),Bucha x mara,Bucha,Villarreal,mara,Mallorca,04/09/2026,06:04:39,Total de Gols,Under,5.5,,,,,2.26,3-1,5-4,Red,-1.0,17592478
, CLA-UA Italy Cyber Cup (UA) (2x5 mins),TOMMY x palkan,TOMMY,Udinese,palkan,Lecce,04/09/2026,06:10:09,Total de Gols,Under,9.5,,,,,1.71,0-0,2-5,Green,0.71,17592461
, CLA-UA Italy Cyber Cup (UA) (2x5 mins),TOMMY x palkan,TOMMY,Udinese,palkan,Lecce,04/09/2026,06:10:32,Total de Gols,Under,8.5,,,,,2.03,0-0,2-5,Green,1.03,17592461
, CLA-UA Italy Cyber Cup (UA) (2x5 mins),TOMMY x palkan,TOMMY,Udinese,palkan,Lecce,04/09/2026,06:19:05,Total de Gols,Under,7.5,,,,,2.36,1-5,2-5,Green,1.36,17592461
, CLA-UA Spain Cyber Cup (UA) (2x5 mins),Yoru x mara,Yoru,Celta Vigo,mara,Mallorca,04/09/2026,06:10:24,Total de Gols,Under,8.5,,,,,1.65,0-0,4-3,Green,0.65,17592480
, CLA-UA Spain Cyber Cup (UA) (2x5 mins),Yoru x mara,Yoru,Celta Vigo,mara,Mallorca,04/09/2026,06:10:33,Total de Gols,Under,7.5,,,,,2.03,0-0,4-3,Green,1.03,17592480
, CLA-UA Spain Cyber Cup (UA) (2x5 mins),Yoru x mara,Yoru,Celta Vigo,mara,Mallorca,04/09/2026,06:13:04,Total de Gols,Under,9.5,,,,,1.69,1-1,4-3,Green,0.69,17592480
, CLA-UA Spain Cyber Cup (UA) (2x5 mins),Yoru x mara,Yoru,Celta Vigo,mara,Mallorca,04/09/2026,06:18:32,Total de Gols,Under,6.5,,,,,2.31,3-2,4-3,Red,-1.0,17592480
, CLA-UA Spain Cyber Cup (UA) (2x5 mins),Yeti x Shark,Yeti,Athletic Club,Shark,Real Sociedad,04/09/2026,06:10:06,Total de Gols,Under,6.5,,,,,1.59,0-0,5-3,Red,-1.0,17592481
, CLA-UA Spain Cyber Cup (UA) (2x5 mins),Yeti x Shark,Yeti,Athletic Club,Shark,Real Sociedad,04/09/2026,06:10:22,Total de Gols,Under,5.5,,,,,2.07,0-0,5-3,Red,-1.0,17592481
, CLA-UA Spain Cyber Cup (UA) (2x5 mins),Yeti x Shark,Yeti,Athletic Club,Shark,Real Sociedad,04/09/2026,06:13:35,Total de Gols,Under,7.5,,,,,1.74,2-0,5-3,Red,-1.0,17592481
, CLA-UA Spain Cyber Cup (UA) (2x5 mins),Yeti x Shark,Yeti,Athletic Club,Shark,Real Sociedad,04/09/2026,06:18:02,Total de Gols,Under,8.5,,,,,1.54,4-1,5-3,Green,0.54,17592481
, CLA-UA Italy Cyber Cup (UA) (2x5 mins),T3RZ x Sxitted,T3RZ,Bologna FC,Sxitted,Atalanta,04/09/2026,06:10:21,Total de Gols,Under,8.5,,,,,1.63,0-0,5-5,Red,-1.0,17592462
, CLA-UA Italy Cyber Cup (UA) (2x5 mins),T3RZ x Sxitted,T3RZ,Bologna FC,Sxitted,Atalanta,04/09/2026,06:10:37,Total de Gols,Under,7.5,,,,,2.03,0-0,5-5,Red,-1.0,17592462
, CLA-UA Italy Cyber Cup (UA) (2x5 mins),T3RZ x Sxitted,T3RZ,Bologna FC,Sxitted,Atalanta,04/09/2026,06:10:58,Total de Gols,Under,9.5,,,,,1.92,1-0,5-5,Red,-1.0,17592462
, CLA-UA Italy Cyber Cup (UA) (2x5 mins),T3RZ x Sxitted,T3RZ,Bologna FC,Sxitted,Atalanta,04/09/2026,06:11:18,Total de Gols,Under,10.5,,,,,1.8,1-1,5-5,Green,0.8,17592462
, CLA-UA Italy Cyber Cup (UA) (2x5 mins),T3RZ x Sxitted,T3RZ,Bologna FC,Sxitted,Atalanta,04/09/2026,06:11:36,Total de Gols,Under,11.5,,,,,1.7,2-1,5-5,Green,0.7,17592462
,CLA-UA World Cyber Cup (UA) (2x5 mins),Nona x Shot,Nona,Mexico,Shot,South Korea,04/09/2026,06:24:16,Total de Gols,Under,6.5,,,,,1.8,0-0,1-6,Red,-1.0,17592500
,CLA-UA World Cyber Cup (UA) (2x5 mins),Nona x Shot,Nona,Mexico,Shot,South Korea,04/09/2026,06:25:06,Total de Gols,Under,5.5,,,,,2.08,0-0,1-6,Red,-1.0,17592500
,CLA-UA World Cyber Cup (UA) (2x5 mins),Nona x Shot,Nona,Mexico,Shot,South Korea,04/09/2026,06:26:12,Total de Gols,Under,7.5,,,,,1.73,1-0,1-6,Green,0.73,17592500
,CLA-UA World Cyber Cup (UA) (2x5 mins),Nona x Shot,Nona,Mexico,Shot,South Korea,04/09/2026,06:26:44,Total de Gols,Under,8.5,,,,,1.65,1-1,1-6,Green,0.65,17592500
,CLA-UA World Cyber Cup (UA) (2x5 mins),Nona x Shot,Nona,Mexico,Shot,South Korea,04/09/2026,06:28:52,Total de Gols,Under,9.5,,,,,1.59,1-3,1-6,Green,0.59,17592500
, CLA-UA Spain Cyber Cup (UA) (2x5 mins),Shark x mara,Shark,Real Sociedad,mara,Mallorca,04/09/2026,06:24:16,Total de Gols,Under,6.5,,,,,1.93,0-0,6-3,Red,-1.0,17592483
, CLA-UA Spain Cyber Cup (UA) (2x5 mins),Shark x mara,Shark,Real Sociedad,mara,Mallorca,04/09/2026,06:24:40,Total de Gols,Under,7.5,,,,,1.85,0-0,6-3,Red,-1.0,17592483
, CLA-UA Spain Cyber Cup (UA) (2x5 mins),Shark x mara,Shark,Real Sociedad,mara,Mallorca,04/09/2026,06:25:03,Total de Gols,Under,8.5,,,,,1.72,0-1,6-3,Red,-1.0,17592483
, CLA-UA Spain Cyber Cup (UA) (2x5 mins),Shark x mara,Shark,Real Sociedad,mara,Mallorca,04/09/2026,06:25:19,Total de Gols,Under,9.5,,,,,1.69,1-1,6-3,Green,0.69,17592483
, CLA-UA Spain Cyber Cup (UA) (2x5 mins),Shark x mara,Shark,Real Sociedad,mara,Mallorca,04/09/2026,06:28:59,Total de Gols,Under,10.5,,,,,1.65,3-2,6-3,Green,0.65,17592483
, CLA-UA Spain Cyber Cup (UA) (2x5 mins),Yoru x Bucha,Yoru,Celta Vigo,Bucha,Villarreal,04/09/2026,06:24:26,Total de Gols,Under,8.5,,,,,1.76,0-0,8-6,Red,-1.0,17592482
, CLA-UA Spain Cyber Cup (UA) (2x5 mins),Yoru x Bucha,Yoru,Celta Vigo,Bucha,Villarreal,04/09/2026,06:24:38,Total de Gols,Under,9.5,,,,,1.68,0-0,8-6,Red,-1.0,17592482
, CLA-UA Spain Cyber Cup (UA) (2x5 mins),Yoru x Bucha,Yoru,Celta Vigo,Bucha,Villarreal,04/09/2026,06:26:03,Total de Gols,Under,10.5,,,,,1.66,1-1,8-6,Red,-1.0,17592482
, CLA-UA Spain Cyber Cup (UA) (2x5 mins),Yoru x Bucha,Yoru,Celta Vigo,Bucha,Villarreal,04/09/2026,06:27:31,Total de Gols,Under,11.5,,,,,1.66,3-1,8-6,Red,-1.0,17592482
, CLA-UA Spain Cyber Cup (UA) (2x5 mins),Yoru x Bucha,Yoru,Celta Vigo,Bucha,Villarreal,04/09/2026,06:28:55,Total de Gols,Under,12.5,,,,,1.83,4-3,8-6,Red,-1.0,17592482
, CLA-UA Spain Cyber Cup (UA) (2x5 mins),Yoru x Bucha,Yoru,Celta Vigo,Bucha,Villarreal,04/09/2026,06:32:52,Total de Gols,Under,13.5,,,,,1.94,6-5,8-6,Red,-1.0,17592482
, CLA-UA Italy Cyber Cup (UA) (2x5 mins),Sxitted x palkan,Sxitted,Atalanta,palkan,Lecce,04/09/2026,06:24:29,Total de Gols,Under,8.5,,,,,1.84,0-0,3-2,Green,0.84,17592465
, CLA-UA Italy Cyber Cup (UA) (2x5 mins),Sxitted x palkan,Sxitted,Atalanta,palkan,Lecce,04/09/2026,06:25:26,Total de Gols,Under,9.5,,,,,1.74,0-0,3-2,Green,0.74,17592465
, CLA-UA Italy Cyber Cup (UA) (2x5 mins),Sxitted x palkan,Sxitted,Atalanta,palkan,Lecce,04/09/2026,06:26:57,Total de Gols,Under,7.5,,,,,2.03,1-0,3-2,Green,1.03,17592465
, CLA-UA Italy Cyber Cup (UA) (2x5 mins),Sxitted x palkan,Sxitted,Atalanta,palkan,Lecce,04/09/2026,06:29:35,Total de Gols,Under,6.5,,,,,2.12,2-0,3-2,Green,1.12,17592465
, CLA-UA Italy Cyber Cup (UA) (2x5 mins),Sxitted x palkan,Sxitted,Atalanta,palkan,Lecce,04/09/2026,06:30:40,Total de Gols,Under,5.5,,,,,2.16,2-0,3-2,Green,1.16,17592465
, CLA-UA Italy Cyber Cup (UA) (2x5 mins),Sxitted x palkan,Sxitted,Atalanta,palkan,Lecce,04/09/2026,06:32:30,Total de Gols,Under,4.5,,,,,2.28,2-0,3-2,Red,-1.0,17592465
,CLA-UA World Cyber Cup (UA) (2x5 mins),Nona x zyX,Nona,Mexico,zyX,Hungary,04/09/2026,06:38:12,Total de Gols,Under,8.5,,,,,1.98,0-0,2-2,Green,0.98,17592501
,CLA-UA World Cyber Cup (UA) (2x5 mins),Nona x zyX,Nona,Mexico,zyX,Hungary,04/09/2026,06:39:25,Total de Gols,Under,7.5,,,,,2.03,0-0,2-2,Green,1.03,17592501
,CLA-UA World Cyber Cup (UA) (2x5 mins),Nona x zyX,Nona,Mexico,zyX,Hungary,04/09/2026,06:41:20,Total de Gols,Under,6.5,,,,,2.12,1-0,2-2,Green,1.12,17592501
,CLA-UA World Cyber Cup (UA) (2x5 mins),Nona x zyX,Nona,Mexico,zyX,Hungary,04/09/2026,06:43:20,Total de Gols,Under,5.5,,,,,2.17,1-1,2-2,Green,1.17,17592501
,CLA-UA World Cyber Cup (UA) (2x5 mins),Nona x zyX,Nona,Mexico,zyX,Hungary,04/09/2026,06:48:03,Total de Gols,Under,4.5,,,,,2.61,2-2,2-2,Green,1.61,17592501
, CLA-UA Spain Cyber Cup (UA) (2x5 mins),Shark x Bucha,Shark,Real Sociedad,Bucha,Villarreal,04/09/2026,06:52:15,Total de Gols,Under,6.5,,,,,2.06,0-0,2-1,Green,1.06,17592486
, CLA-UA Spain Cyber Cup (UA) (2x5 mins),Shark x Bucha,Shark,Real Sociedad,Bucha,Villarreal,04/09/2026,06:53:45,Total de Gols,Under,5.5,,,,,2.12,0-0,2-1,Green,1.12,17592486
, CLA-UA Spain Cyber Cup (UA) (2x5 mins),Shark x Bucha,Shark,Real Sociedad,Bucha,Villarreal,04/09/2026,06:55:04,Total de Gols,Under,4.5,,,,,2.17,0-0,2-1,Green,1.17,17592486
, CLA-UA Spain Cyber Cup (UA) (2x5 mins),Shark x Bucha,Shark,Real Sociedad,Bucha,Villarreal,04/09/2026,07:00:21,Total de Gols,Under,3.5,,,,,2.26,1-1,2-1,Green,1.26,17592486
, CLA-UA Spain Cyber Cup (UA) (2x5 mins),Shark x Bucha,Shark,Real Sociedad,Bucha,Villarreal,04/09/2026,07:01:35,Total de Gols,Under,2.5,,,,,2.9,1-1,2-1,Red,-1.0,17592486
,CLA-UA World Cyber Cup (UA) (2x5 mins),Nona x shatik666,Nona,Mexico,shatik666,Denmark,04/09/2026,06:52:25,Total de Gols,Under,8.5,,,,,1.88,0-0,4-5,Red,-1.0,17592499
,CLA-UA World Cyber Cup (UA) (2x5 mins),Nona x shatik666,Nona,Mexico,shatik666,Denmark,04/09/2026,06:52:47,Total de Gols,Under,9.5,,,,,1.77,0-0,4-5,Green,0.77,17592499
,CLA-UA World Cyber Cup (UA) (2x5 mins),Nona x shatik666,Nona,Mexico,shatik666,Denmark,04/09/2026,06:54:40,Total de Gols,Under,7.5,,,,,2.03,1-0,4-5,Red,-1.0,17592499
,CLA-UA World Cyber Cup (UA) (2x5 mins),zyX x vrud1,zyX,Hungary,vrud1,Czechia,04/09/2026,07:06:42,Total de Gols,Under,8.5,,,,,1.82,0-0,6-2,Green,0.82,17592604
,CLA-UA World Cyber Cup (UA) (2x5 mins),zyX x vrud1,zyX,Hungary,vrud1,Czechia,04/09/2026,07:07:11,Total de Gols,Under,7.5,,,,,2.07,0-0,6-2,Red,-1.0,17592604
,CLA-UA World Cyber Cup (UA) (2x5 mins),zyX x vrud1,zyX,Hungary,vrud1,Czechia,04/09/2026,07:08:30,Total de Gols,Under,6.5,,,,,2.08,0-0,6-2,Red,-1.0,17592604
,CLA-UA World Cyber Cup (UA) (2x5 mins),zyX x vrud1,zyX,Hungary,vrud1,Czechia,04/09/2026,07:12:42,Total de Gols,Under,5.5,,,,,2.17,1-1,6-2,Red,-1.0,17592604
, CLA-UA France Cyber Cup (UA) (2x5 mins),palkan x TOMMY,palkan,AJ Auxerre,TOMMY,Toulouse FC,04/09/2026,07:30:09,Total de Gols,Under,8.5,,,,,2.03,0-0,4-3,Green,1.03,17592605
, CLA-UA France Cyber Cup (UA) (2x5 mins),palkan x TOMMY,palkan,AJ Auxerre,TOMMY,Toulouse FC,04/09/2026,07:30:33,Total de Gols,Under,9.5,,,,,1.97,0-0,4-3,Green,0.97,17592605
, CLA-UA France Cyber Cup (UA) (2x5 mins),palkan x TOMMY,palkan,AJ Auxerre,TOMMY,Toulouse FC,04/09/2026,07:31:11,Total de Gols,Under,10.5,,,,,1.73,1-0,4-3,Green,0.73,17592605
, CLA-UA France Cyber Cup (UA) (2x5 mins),palkan x TOMMY,palkan,AJ Auxerre,TOMMY,Toulouse FC,04/09/2026,07:33:42,Total de Gols,Under,11.5,,,,,1.69,3-1,4-3,Green,0.69,17592605
, CLA-UA France Cyber Cup (UA) (2x5 mins),palkan x TOMMY,palkan,AJ Auxerre,TOMMY,Toulouse FC,04/09/2026,07:38:11,Total de Gols,Under,7.5,,,,,2.26,3-2,4-3,Green,1.26,17592605
, CLA-UA France Cyber Cup (UA) (2x5 mins),palkan x TOMMY,palkan,AJ Auxerre,TOMMY,Toulouse FC,04/09/2026,07:39:16,Total de Gols,Under,6.5,,,,,2.37,3-2,4-3,Red,-1.0,17592605
, CLA-UA Champions Cyber League (UA) (2x5 mins),Shot x zyX,Shot,RB Leipzig,zyX,Newcastle United,04/09/2026,07:30:16,Total de Gols,Under,6.5,,,,,1.7,0-0,3-3,Green,0.7,17592527
, CLA-UA Champions Cyber League (UA) (2x5 mins),Shot x zyX,Shot,RB Leipzig,zyX,Newcastle United,04/09/2026,07:30:43,Total de Gols,Under,5.5,,,,,2.11,0-0,3-3,Red,-1.0,17592527
, CLA-UA Champions Cyber League (UA) (2x5 mins),Shot x zyX,Shot,RB Leipzig,zyX,Newcastle United,04/09/2026,07:34:17,Total de Gols,Under,4.5,,,,,2.17,1-0,3-3,Red,-1.0,17592527
, CLA-UA Champions Cyber League (UA) (2x5 mins),Shot x Nona,Shot,RB Leipzig,Nona,Borussia Dortmund,04/09/2026,07:44:26,Total de Gols,Under,6.5,,,,,1.75,0-0,4-4,Red,-1.0,17592652
, CLA-UA Champions Cyber League (UA) (2x5 mins),Shot x Nona,Shot,RB Leipzig,Nona,Borussia Dortmund,04/09/2026,07:44:37,Total de Gols,Under,7.5,,,,,1.68,0-0,4-4,Red,-1.0,17592652
, CLA-UA Champions Cyber League (UA) (2x5 mins),Shot x Nona,Shot,RB Leipzig,Nona,Borussia Dortmund,04/09/2026,07:48:49,Total de Gols,Under,8.5,,,,,1.57,2-1,4-4,Green,0.57,17592652
, CLA-UA Champions Cyber League (UA) (2x5 mins),Shot x Nona,Shot,RB Leipzig,Nona,Borussia Dortmund,04/09/2026,07:49:20,Total de Gols,Under,9.5,,,,,1.61,2-2,4-4,Green,0.61,17592652
, CLA-UA France Cyber Cup (UA) (2x5 mins),Donatello x TOMMY,Donatello,Strasbourg,TOMMY,Toulouse FC,04/09/2026,07:44:10,Total de Gols,Under,7.5,,,,,1.88,0-0,6-3,Red,-1.0,17592606
, CLA-UA Champions Cyber League (UA) (2x5 mins),shatik666 x zyX,shatik666,PSV,zyX,Newcastle United,04/09/2026,07:44:26,Total de Gols,Under,5.5,,,,,2.02,0-0,7-4,Red,-1.0,17592861
, CLA-UA Champions Cyber League (UA) (2x5 mins),shatik666 x zyX,shatik666,PSV,zyX,Newcastle United,04/09/2026,07:44:41,Total de Gols,Under,6.5,,,,,1.96,0-0,7-4,Red,-1.0,17592861
, CLA-UA France Cyber Cup (UA) (2x5 mins),Donatello x TOMMY,Donatello,Strasbourg,TOMMY,Toulouse FC,04/09/2026,07:44:57,Total de Gols,Under,8.5,,,,,1.68,0-0,6-3,Red,-1.0,17592606
, CLA-UA Champions Cyber League (UA) (2x5 mins),shatik666 x zyX,shatik666,PSV,zyX,Newcastle United,04/09/2026,07:45:44,Total de Gols,Under,7.5,,,,,1.6,1-0,7-4,Red,-1.0,17592861
, CLA-UA France Cyber Cup (UA) (2x5 mins),Donatello x TOMMY,Donatello,Strasbourg,TOMMY,Toulouse FC,04/09/2026,07:45:50,Total de Gols,Under,9.5,,,,,1.91,1-1,6-3,Green,0.91,17592606
, CLA-UA Champions Cyber League (UA) (2x5 mins),shatik666 x zyX,shatik666,PSV,zyX,Newcastle United,04/09/2026,07:46:40,Total de Gols,Under,8.5,,,,,1.69,2-1,7-4,Red,-1.0,17592861
, CLA-UA Champions Cyber League (UA) (2x5 mins),shatik666 x zyX,shatik666,PSV,zyX,Newcastle United,04/09/2026,07:49:35,Total de Gols,Under,9.5,,,,,1.9,5-1,7-4,Red,-1.0,17592861
, CLA-UA Champions Cyber League (UA) (2x5 mins),shatik666 x zyX,shatik666,PSV,zyX,Newcastle United,04/09/2026,07:49:53,Total de Gols,Under,10.5,,,,,1.89,6-1,7-4,Red,-1.0,17592861
, CLA-UA Champions Cyber League (UA) (2x5 mins),shatik666 x zyX,shatik666,PSV,zyX,Newcastle United,04/09/2026,07:50:23,Total de Gols,Under,11.5,,,,,1.78,6-2,7-4,Green,0.78,17592861
,CLA-UA Argentina Cyber Cup (UA) (2x5 mins),mara x Shark,mara,Independiente,Shark,Boca Juniors,04/09/2026,07:44:26,Total de Gols,Under,6.5,,,,,1.87,0-0,2-4,Green,0.87,17592634
,CLA-UA Argentina Cyber Cup (UA) (2x5 mins),mara x Shark,mara,Independiente,Shark,Boca Juniors,04/09/2026,07:46:28,Total de Gols,Under,5.5,,,,,2.07,0-0,2-4,Red,-1.0,17592634
,CLA-UA Argentina Cyber Cup (UA) (2x5 mins),mara x Shark,mara,Independiente,Shark,Boca Juniors,04/09/2026,07:47:53,Total de Gols,Under,4.5,,,,,2.12,0-0,2-4,Red,-1.0,17592634
,CLA-UA Argentina Cyber Cup (UA) (2x5 mins),Yoru x Shark,Yoru,Racing Club,Shark,Boca Juniors,04/09/2026,07:58:10,Total de Gols,Under,6.5,,,,,1.93,0-0,3-2,Green,0.93,17592518
,CLA-UA Argentina Cyber Cup (UA) (2x5 mins),Yoru x Shark,Yoru,Racing Club,Shark,Boca Juniors,04/09/2026,07:58:27,Total de Gols,Under,7.5,,,,,1.84,0-0,3-2,Green,0.84,17592518
,CLA-UA Argentina Cyber Cup (UA) (2x5 mins),Yoru x Shark,Yoru,Racing Club,Shark,Boca Juniors,04/09/2026,08:04:23,Total de Gols,Under,8.5,,,,,1.63,2-2,3-2,Green,0.63,17592518
,CLA-UA Argentina Cyber Cup (UA) (2x5 mins),Yoru x Shark,Yoru,Racing Club,Shark,Boca Juniors,04/09/2026,08:07:28,Total de Gols,Under,5.5,,,,,2.56,3-2,3-2,Green,1.56,17592518
,CLA-UA Argentina Cyber Cup (UA) (2x5 mins),Bucha x Yeti,Bucha,Estudiantes L.P.,Yeti,River Plate,04/09/2026,07:58:20,Total de Gols,Under,7.5,,,,,1.97,0-0,4-3,Green,0.97,17592517
,CLA-UA Argentina Cyber Cup (UA) (2x5 mins),Bucha x Yeti,Bucha,Estudiantes L.P.,Yeti,River Plate,04/09/2026,07:59:31,Total de Gols,Under,8.5,,,,,1.62,0-0,4-3,Green,0.62,17592517
,CLA-UA Argentina Cyber Cup (UA) (2x5 mins),Bucha x Yeti,Bucha,Estudiantes L.P.,Yeti,River Plate,04/09/2026,08:01:00,Total de Gols,Under,6.5,,,,,2.11,1-0,4-3,Red,-1.0,17592517
,CLA-UA Argentina Cyber Cup (UA) (2x5 mins),Bucha x Yeti,Bucha,Estudiantes L.P.,Yeti,River Plate,04/09/2026,08:01:50,Total de Gols,Under,5.5,,,,,2.12,1-0,4-3,Red,-1.0,17592517
,CLA-UA Argentina Cyber Cup (UA) (2x5 mins),Bucha x Yeti,Bucha,Estudiantes L.P.,Yeti,River Plate,04/09/2026,08:06:17,Total de Gols,Under,4.5,,,,,2.31,3-0,4-3,Red,-1.0,17592517
, CLA-UA Champions Cyber League (UA) (2x5 mins),shatik666 x Nona,shatik666,PSV,Nona,Borussia Dortmund,04/09/2026,08:12:14,Total de Gols,Under,8.5,,,,,2.03,0-0,5-1,Green,1.03,17592664
, CLA-UA Champions Cyber League (UA) (2x5 mins),shatik666 x Nona,shatik666,PSV,Nona,Borussia Dortmund,04/09/2026,08:12:18,Total de Gols,Under,9.5,,,,,1.97,0-0,5-1,Green,0.97,17592664
, CLA-UA Champions Cyber League (UA) (2x5 mins),shatik666 x Nona,shatik666,PSV,Nona,Borussia Dortmund,04/09/2026,08:16:23,Total de Gols,Under,7.5,,,,,2.07,2-0,5-1,Green,1.07,17592664
, CLA-UA Champions Cyber League (UA) (2x5 mins),shatik666 x Nona,shatik666,PSV,Nona,Borussia Dortmund,04/09/2026,08:22:42,Total de Gols,Under,6.5,,,,,2.61,5-1,5-1,Green,1.61,17592664
,CLA-UA Argentina Cyber Cup (UA) (2x5 mins),Bucha x Shark,Bucha,Estudiantes L.P.,Shark,Boca Juniors,04/09/2026,08:12:14,Total de Gols,Under,6.5,,,,,1.65,0-0,4-5,Red,-1.0,17592519
,CLA-UA Argentina Cyber Cup (UA) (2x5 mins),Bucha x Shark,Bucha,Estudiantes L.P.,Shark,Boca Juniors,04/09/2026,08:12:42,Total de Gols,Under,5.5,,,,,2.07,0-0,4-5,Red,-1.0,17592519
,CLA-UA Argentina Cyber Cup (UA) (2x5 mins),Bucha x Shark,Bucha,Estudiantes L.P.,Shark,Boca Juniors,04/09/2026,08:20:44,Total de Gols,Under,7.5,,,,,1.76,3-2,4-5,Red,-1.0,17592519
,CLA-UA Argentina Cyber Cup (UA) (2x5 mins),Bucha x Shark,Bucha,Estudiantes L.P.,Shark,Boca Juniors,04/09/2026,08:22:18,Total de Gols,Under,8.5,,,,,1.69,3-4,4-5,Red,-1.0,17592519
, CLA-UA France Cyber Cup (UA) (2x5 mins),T3RZ x palkan,T3RZ,Lyon,palkan,AJ Auxerre,04/09/2026,08:12:24,Total de Gols,Under,8.5,,,,,2.03,0-0,5-6,Red,-1.0,17592507
, CLA-UA France Cyber Cup (UA) (2x5 mins),T3RZ x palkan,T3RZ,Lyon,palkan,AJ Auxerre,04/09/2026,08:12:53,Total de Gols,Under,9.5,,,,,1.92,0-0,5-6,Red,-1.0,17592507
, CLA-UA France Cyber Cup (UA) (2x5 mins),T3RZ x palkan,T3RZ,Lyon,palkan,AJ Auxerre,04/09/2026,08:20:41,Total de Gols,Under,7.5,,,,,2.16,2-3,5-6,Red,-1.0,17592507
, CLA-UA France Cyber Cup (UA) (2x5 mins),T3RZ x palkan,T3RZ,Lyon,palkan,AJ Auxerre,04/09/2026,08:22:59,Total de Gols,Under,10.5,,,,,1.44,3-5,5-6,Red,-1.0,17592507
,CLA-UA Argentina Cyber Cup (UA) (2x5 mins),Bucha x mara,Bucha,Estudiantes L.P.,mara,Independiente,04/09/2026,08:26:21,Total de Gols,Under,7.5,,,,,2.02,0-0,2-3,Green,1.02,17592637
,CLA-UA Argentina Cyber Cup (UA) (2x5 mins),Bucha x mara,Bucha,Estudiantes L.P.,mara,Independiente,04/09/2026,08:26:34,Total de Gols,Under,8.5,,,,,1.95,0-0,2-3,Green,0.95,17592637
,CLA-UA Argentina Cyber Cup (UA) (2x5 mins),Bucha x mara,Bucha,Estudiantes L.P.,mara,Independiente,04/09/2026,08:33:34,Total de Gols,Under,6.5,,,,,2.23,2-2,2-3,Green,1.23,17592637
,CLA-UA Argentina Cyber Cup (UA) (2x5 mins),Bucha x mara,Bucha,Estudiantes L.P.,mara,Independiente,04/09/2026,08:34:53,Total de Gols,Under,5.5,,,,,2.36,2-2,2-3,Green,1.36,17592637
,CLA-UA Argentina Cyber Cup (UA) (2x5 mins),Bucha x mara,Bucha,Estudiantes L.P.,mara,Independiente,04/09/2026,08:36:05,Total de Gols,Under,4.5,,,,,2.62,2-2,2-3,Red,-1.0,17592637
, CLA-UA Champions Cyber League (UA) (2x5 mins),shatik666 x Shot,shatik666,PSV,Shot,RB Leipzig,04/09/2026,08:26:21,Total de Gols,Under,7.5,,,,,1.65,0-0,4-3,Green,0.65,17592667
, CLA-UA Champions Cyber League (UA) (2x5 mins),shatik666 x Shot,shatik666,PSV,Shot,RB Leipzig,04/09/2026,08:26:45,Total de Gols,Under,6.5,,,,,2.07,0-0,4-3,Red,-1.0,17592667
, CLA-UA Champions Cyber League (UA) (2x5 mins),shatik666 x Shot,shatik666,PSV,Shot,RB Leipzig,04/09/2026,08:28:15,Total de Gols,Under,5.5,,,,,2.12,0-0,4-3,Red,-1.0,17592667
,CLA-UA Argentina Cyber Cup (UA) (2x5 mins),Shark x mara,Shark,Boca Juniors,mara,Independiente,04/09/2026,08:54:12,Total de Gols,Under,6.5,,,,,1.93,0-0,5-3,Red,-1.0,17592644
,CLA-UA Argentina Cyber Cup (UA) (2x5 mins),Shark x mara,Shark,Boca Juniors,mara,Independiente,04/09/2026,08:55:01,Total de Gols,Under,7.5,,,,,1.75,0-0,5-3,Red,-1.0,17592644
,CLA-UA Argentina Cyber Cup (UA) (2x5 mins),Shark x mara,Shark,Boca Juniors,mara,Independiente,04/09/2026,08:58:01,Total de Gols,Under,8.5,,,,,1.73,1-2,5-3,Green,0.73,17592644
,CLA-UA Argentina Cyber Cup (UA) (2x5 mins),Shark x mara,Shark,Boca Juniors,mara,Independiente,04/09/2026,08:58:42,Total de Gols,Under,9.5,,,,,1.62,2-2,5-3,Green,0.62,17592644
,CLA-UA Argentina Cyber Cup (UA) (2x5 mins),Yoru x Bucha,Yoru,Racing Club,Bucha,Estudiantes L.P.,04/09/2026,08:54:15,Total de Gols,Under,8.5,,,,,1.79,0-0,7-5,Red,-1.0,17592522
,CLA-UA Argentina Cyber Cup (UA) (2x5 mins),Yoru x Bucha,Yoru,Racing Club,Bucha,Estudiantes L.P.,04/09/2026,08:54:56,Total de Gols,Under,7.5,,,,,2.03,0-0,7-5,Red,-1.0,17592522
,CLA-UA Argentina Cyber Cup (UA) (2x5 mins),Yoru x Bucha,Yoru,Racing Club,Bucha,Estudiantes L.P.,04/09/2026,08:56:15,Total de Gols,Under,6.5,,,,,2.07,0-0,7-5,Red,-1.0,17592522
,CLA-UA Argentina Cyber Cup (UA) (2x5 mins),Yoru x Bucha,Yoru,Racing Club,Bucha,Estudiantes L.P.,04/09/2026,09:01:12,Total de Gols,Under,9.5,,,,,1.59,3-2,7-5,Red,-1.0,17592522
,CLA-UA Argentina Cyber Cup (UA) (2x5 mins),Yoru x Bucha,Yoru,Racing Club,Bucha,Estudiantes L.P.,04/09/2026,09:01:25,Total de Gols,Under,10.5,,,,,1.59,3-3,7-5,Red,-1.0,17592522
, CLA-UA France Cyber Cup (UA) (2x5 mins),Sxitted x palkan,Sxitted,Nice,palkan,AJ Auxerre,04/09/2026,08:54:36,Total de Gols,Under,8.5,,,,,1.71,0-0,4-5,Red,-1.0,17592511
, CLA-UA France Cyber Cup (UA) (2x5 mins),Sxitted x palkan,Sxitted,Nice,palkan,AJ Auxerre,04/09/2026,08:55:22,Total de Gols,Under,7.5,,,,,2.07,0-0,4-5,Red,-1.0,17592511
, CLA-UA France Cyber Cup (UA) (2x5 mins),Sxitted x palkan,Sxitted,Nice,palkan,AJ Auxerre,04/09/2026,08:56:33,Total de Gols,Under,6.5,,,,,2.07,0-0,4-5,Red,-1.0,17592511
, CLA-UA France Cyber Cup (UA) (2x5 mins),Sxitted x palkan,Sxitted,Nice,palkan,AJ Auxerre,04/09/2026,08:58:54,Total de Gols,Under,5.5,,,,,2.16,0-1,4-5,Red,-1.0,17592511
, CLA-UA France Cyber Cup (UA) (2x5 mins),Sxitted x palkan,Sxitted,Nice,palkan,AJ Auxerre,04/09/2026,09:00:28,Total de Gols,Under,9.5,,,,,1.59,1-3,4-5,Green,0.59,17592511
, CLA-UA France Cyber Cup (UA) (2x5 mins),Sxitted x palkan,Sxitted,Nice,palkan,AJ Auxerre,04/09/2026,09:01:13,Total de Gols,Under,10.5,,,,,1.56,2-3,4-5,Green,0.56,17592511
, CLA-UA Champions Cyber League (UA) (2x5 mins),Nona x zyX,Nona,Borussia Dortmund,zyX,Newcastle United,04/09/2026,09:08:17,Total de Gols,Under,8.5,,,,,2.03,0-0,0-2,Green,1.03,17592676
, CLA-UA Champions Cyber League (UA) (2x5 mins),Nona x zyX,Nona,Borussia Dortmund,zyX,Newcastle United,04/09/2026,09:08:57,Total de Gols,Under,9.5,,,,,1.78,0-0,0-2,Green,0.78,17592676
, CLA-UA Champions Cyber League (UA) (2x5 mins),Nona x zyX,Nona,Borussia Dortmund,zyX,Newcastle United,04/09/2026,09:09:18,Total de Gols,Under,10.5,,,,,1.7,0-1,0-2,Green,0.7,17592676
, CLA-UA France Cyber Cup (UA) (2x5 mins),T3RZ x Donatello,T3RZ,Lyon,Donatello,Strasbourg,04/09/2026,09:08:09,Total de Gols,Under,8.5,,,,,1.68,0-0,0-1,Green,0.68,17592510
, CLA-UA France Cyber Cup (UA) (2x5 mins),T3RZ x Donatello,T3RZ,Lyon,Donatello,Strasbourg,04/09/2026,09:08:40,Total de Gols,Under,7.5,,,,,2.02,0-0,0-1,Green,1.02,17592510
,CLA-UA Argentina Cyber Cup (UA) (2x5 mins),Yeti x Bucha,Yeti,River Plate,Bucha,Estudiantes L.P.,04/09/2026,09:08:35,Total de Gols,Under,8.5,,,,,1.69,0-0,1-1,Green,0.69,17592523
,CLA-UA Argentina Cyber Cup (UA) (2x5 mins),Yeti x Bucha,Yeti,River Plate,Bucha,Estudiantes L.P.,04/09/2026,09:08:50,Total de Gols,Under,9.5,,,,,1.62,0-0,1-1,Green,0.62,17592523
, CLA-UA Spain Cyber Cup (UA) (2x5 mins),palkan x TOMMY,palkan,Athletic Club,TOMMY,Levante,04/09/2026,10:00:07,Total de Gols,Under,8.5,,,,,2.03,0-0,3-5,Green,1.03,17592687
, CLA-UA Spain Cyber Cup (UA) (2x5 mins),palkan x TOMMY,palkan,Athletic Club,TOMMY,Levante,04/09/2026,10:01:37,Total de Gols,Under,9.5,,,,,1.91,0-0,3-5,Green,0.91,17592687
, CLA-UA Spain Cyber Cup (UA) (2x5 mins),palkan x TOMMY,palkan,Athletic Club,TOMMY,Levante,04/09/2026,10:05:27,Total de Gols,Under,7.5,,,,,2.08,0-2,3-5,Red,-1.0,17592687
, CLA-UA Spain Cyber Cup (UA) (2x5 mins),palkan x TOMMY,palkan,Athletic Club,TOMMY,Levante,04/09/2026,10:06:33,Total de Gols,Under,6.5,,,,,2.12,0-2,3-5,Red,-1.0,17592687
, CLA-UA Italy Cyber Cup (UA) (2x5 mins),zyX x Nona,zyX,Roma,Nona,Milan,04/09/2026,10:28:15,Total de Gols,Under,8.5,,,,,2.03,0-0,6-2,Green,1.03,17592559
, CLA-UA Italy Cyber Cup (UA) (2x5 mins),zyX x Nona,zyX,Roma,Nona,Milan,04/09/2026,10:28:42,Total de Gols,Under,9.5,,,,,1.93,0-0,6-2,Green,0.93,17592559
, CLA-UA Italy Cyber Cup (UA) (2x5 mins),zyX x Nona,zyX,Roma,Nona,Milan,04/09/2026,10:35:18,Total de Gols,Under,7.5,,,,,2.12,3-1,6-2,Red,-1.0,17592559
, CLA-UA Italy Cyber Cup (UA) (2x5 mins),zyX x Nona,zyX,Roma,Nona,Milan,04/09/2026,10:36:05,Total de Gols,Under,6.5,,,,,2.22,3-1,6-2,Red,-1.0,17592559
, CLA-UA Italy Cyber Cup (UA) (2x5 mins),shatik666 x Nona,shatik666,Inter,Nona,Milan,04/09/2026,10:42:37,Total de Gols,Under,8.5,,,,,1.86,0-0,5-6,Red,-1.0,17592558
, CLA-UA Italy Cyber Cup (UA) (2x5 mins),shatik666 x Nona,shatik666,Inter,Nona,Milan,04/09/2026,10:42:44,Total de Gols,Under,9.5,,,,,1.85,0-0,5-6,Red,-1.0,17592558
, CLA-UA Italy Cyber Cup (UA) (2x5 mins),shatik666 x Nona,shatik666,Inter,Nona,Milan,04/09/2026,10:42:58,Total de Gols,Under,10.5,,,,,1.77,0-1,5-6,Red,-1.0,17592558
, CLA-UA Italy Cyber Cup (UA) (2x5 mins),shatik666 x Nona,shatik666,Inter,Nona,Milan,04/09/2026,10:48:42,Total de Gols,Under,7.5,,,,,2.12,1-2,5-6,Red,-1.0,17592558
, CLA-UA Italy Cyber Cup (UA) (2x5 mins),shatik666 x Nona,shatik666,Inter,Nona,Milan,04/09/2026,10:49:52,Total de Gols,Under,11.5,,,,,1.57,3-3,5-6,Green,0.57,17592558
, CLA-UA Italy Cyber Cup (UA) (2x5 mins),vrud1 x Shot,vrud1,Napoli,Shot,Juventus,04/09/2026,10:42:37,Total de Gols,Under,6.5,,,,,2.07,0-0,7-3,Red,-1.0,17592560
, CLA-UA Italy Cyber Cup (UA) (2x5 mins),vrud1 x Shot,vrud1,Napoli,Shot,Juventus,04/09/2026,10:42:47,Total de Gols,Under,7.5,,,,,1.6,0-0,7-3,Red,-1.0,17592560
, CLA-UA Italy Cyber Cup (UA) (2x5 mins),vrud1 x Shot,vrud1,Napoli,Shot,Juventus,04/09/2026,10:44:22,Total de Gols,Under,5.5,,,,,2.11,0-0,7-3,Red,-1.0,17592560
, CLA-UA Italy Cyber Cup (UA) (2x5 mins),vrud1 x Shot,vrud1,Napoli,Shot,Juventus,04/09/2026,10:45:57,Total de Gols,Under,8.5,,,,,1.69,2-0,7-3,Red,-1.0,17592560
, CLA-UA Italy Cyber Cup (UA) (2x5 mins),vrud1 x Shot,vrud1,Napoli,Shot,Juventus,04/09/2026,10:48:55,Total de Gols,Under,9.5,,,,,1.69,2-3,7-3,Red,-1.0,17592560
, CLA-UA Italy Cyber Cup (UA) (2x5 mins),vrud1 x Shot,vrud1,Napoli,Shot,Juventus,04/09/2026,10:50:59,Total de Gols,Under,10.5,,,,,1.57,4-3,7-3,Green,0.57,17592560
, CLA-UA Italy Cyber Cup (UA) (2x5 mins),vrud1 x zyX,vrud1,Napoli,zyX,Roma,04/09/2026,10:56:20,Total de Gols,Under,8.5,,,,,1.94,0-0,3-4,Green,0.94,17592562
, CLA-UA Italy Cyber Cup (UA) (2x5 mins),vrud1 x zyX,vrud1,Napoli,zyX,Roma,04/09/2026,10:57:18,Total de Gols,Under,7.5,,,,,2.07,0-0,3-4,Green,1.07,17592562
, CLA-UA Italy Cyber Cup (UA) (2x5 mins),vrud1 x zyX,vrud1,Napoli,zyX,Roma,04/09/2026,10:58:05,Total de Gols,Under,9.5,,,,,1.82,0-1,3-4,Green,0.82,17592562
, CLA-UA Italy Cyber Cup (UA) (2x5 mins),vrud1 x zyX,vrud1,Napoli,zyX,Roma,04/09/2026,11:02:47,Total de Gols,Under,6.5,,,,,2.17,1-2,3-4,Red,-1.0,17592562
, CLA-UA Italy Cyber Cup (UA) (2x5 mins),shatik666 x Shot,shatik666,Inter,Shot,Juventus,04/09/2026,10:56:23,Total de Gols,Under,6.5,,,,,1.98,0-0,5-4,Red,-1.0,17592561
, CLA-UA Italy Cyber Cup (UA) (2x5 mins),shatik666 x Shot,shatik666,Inter,Shot,Juventus,04/09/2026,10:57:29,Total de Gols,Under,7.5,,,,,1.65,0-0,5-4,Red,-1.0,17592561
, CLA-UA Italy Cyber Cup (UA) (2x5 mins),shatik666 x Shot,shatik666,Inter,Shot,Juventus,04/09/2026,11:01:49,Total de Gols,Under,8.5,,,,,2.02,2-2,5-4,Red,-1.0,17592561
, CLA-UA Spain Cyber Cup (UA) (2x5 mins),T3RZ x Sxitted,T3RZ,Girona FC,Sxitted,Real Sociedad,04/09/2026,11:10:49,Total de Gols,Under,7.5,,,,,2.07,0-0,5-2,Green,1.07,17592535
, CLA-UA Spain Cyber Cup (UA) (2x5 mins),T3RZ x Sxitted,T3RZ,Girona FC,Sxitted,Real Sociedad,04/09/2026,11:11:57,Total de Gols,Under,8.5,,,,,1.7,0-0,5-2,Green,0.7,17592535
, CLA-UA Spain Cyber Cup (UA) (2x5 mins),T3RZ x Sxitted,T3RZ,Girona FC,Sxitted,Real Sociedad,04/09/2026,11:14:38,Total de Gols,Under,6.5,,,,,2.12,2-0,5-2,Red,-1.0,17592535
, CLA-UA Spain Cyber Cup (UA) (2x5 mins),T3RZ x Sxitted,T3RZ,Girona FC,Sxitted,Real Sociedad,04/09/2026,11:15:29,Total de Gols,Under,5.5,,,,,2.17,2-0,5-2,Red,-1.0,17592535
, CLA-UA Spain Cyber Cup (UA) (2x5 mins),TOMMY x Donatello,TOMMY,Levante,Donatello,Valencia,04/09/2026,11:24:11,Total de Gols,Under,8.5,,,,,1.75,0-0,5-4,Red,-1.0,17592703
, CLA-UA Spain Cyber Cup (UA) (2x5 mins),TOMMY x Donatello,TOMMY,Levante,Donatello,Valencia,04/09/2026,11:24:40,Total de Gols,Under,7.5,,,,,2.03,0-0,5-4,Red,-1.0,17592703
, CLA-UA Spain Cyber Cup (UA) (2x5 mins),TOMMY x Donatello,TOMMY,Levante,Donatello,Valencia,04/09/2026,11:25:55,Total de Gols,Under,6.5,,,,,2.03,0-0,5-4,Red,-1.0,17592703
, CLA-UA Spain Cyber Cup (UA) (2x5 mins),TOMMY x Donatello,TOMMY,Levante,Donatello,Valencia,04/09/2026,11:30:27,Total de Gols,Under,9.5,,,,,1.74,3-1,5-4,Green,0.74,17592703
, CLA-UA Italy Cyber Cup (UA) (2x5 mins),vrud1 x shatik666,vrud1,Napoli,shatik666,Inter,04/09/2026,11:38:27,Total de Gols,Under,8.5,,,,,1.94,0-0,3-2,Green,0.94,17592568
, CLA-UA Italy Cyber Cup (UA) (2x5 mins),vrud1 x shatik666,vrud1,Napoli,shatik666,Inter,04/09/2026,11:38:47,Total de Gols,Under,9.5,,,,,1.8,0-0,3-2,Green,0.8,17592568
, CLA-UA Italy Cyber Cup (UA) (2x5 mins),vrud1 x shatik666,vrud1,Napoli,shatik666,Inter,04/09/2026,11:40:40,Total de Gols,Under,10.5,,,,,1.72,0-2,3-2,Green,0.72,17592568
, CLA-UA Italy Cyber Cup (UA) (2x5 mins),vrud1 x shatik666,vrud1,Napoli,shatik666,Inter,04/09/2026,11:44:39,Total de Gols,Under,7.5,,,,,2.12,1-2,3-2,Green,1.12,17592568
, CLA-UA Italy Cyber Cup (UA) (2x5 mins),vrud1 x shatik666,vrud1,Napoli,shatik666,Inter,04/09/2026,11:45:41,Total de Gols,Under,6.5,,,,,2.21,1-2,3-2,Green,1.21,17592568
, CLA-UA Italy Cyber Cup (UA) (2x5 mins),vrud1 x shatik666,vrud1,Napoli,shatik666,Inter,04/09/2026,11:48:56,Total de Gols,Under,5.5,,,,,2.51,3-2,3-2,Green,1.51,17592568
, CLA-UA Italy Cyber Cup (UA) (2x5 mins),Nona x zyX,Nona,Milan,zyX,Roma,04/09/2026,11:38:13,Total de Gols,Under,9.5,,,,,1.65,0-0,5-6,Red,-1.0,17592569
, CLA-UA Italy Cyber Cup (UA) (2x5 mins),Nona x zyX,Nona,Milan,zyX,Roma,04/09/2026,11:38:24,Total de Gols,Under,8.5,,,,,2.02,0-0,5-6,Red,-1.0,17592569
, CLA-UA Italy Cyber Cup (UA) (2x5 mins),Nona x zyX,Nona,Milan,zyX,Roma,04/09/2026,11:42:48,Total de Gols,Under,10.5,,,,,1.94,2-2,5-6,Red,-1.0,17592569
, CLA-UA Spain Cyber Cup (UA) (2x5 mins),Sxitted x Donatello,Sxitted,Real Sociedad,Donatello,Valencia,04/09/2026,11:52:15,Total de Gols,Under,7.5,,,,,1.74,0-0,2-5,Green,0.74,17592538
, CLA-UA Spain Cyber Cup (UA) (2x5 mins),Sxitted x Donatello,Sxitted,Real Sociedad,Donatello,Valencia,04/09/2026,11:53:19,Total de Gols,Under,8.5,,,,,1.65,0-0,2-5,Green,0.65,17592538
, CLA-UA Spain Cyber Cup (UA) (2x5 mins),Sxitted x Donatello,Sxitted,Real Sociedad,Donatello,Valencia,04/09/2026,11:54:59,Total de Gols,Under,9.5,,,,,1.65,0-2,2-5,Green,0.65,17592538
, CLA-UA Spain Cyber Cup (UA) (2x5 mins),palkan x Donatello,palkan,Athletic Club,Donatello,Valencia,04/09/2026,12:06:09,Total de Gols,Under,9.5,,,,,1.68,0-0,5-6,Red,-1.0,17592540
, CLA-UA Spain Cyber Cup (UA) (2x5 mins),palkan x Donatello,palkan,Athletic Club,Donatello,Valencia,04/09/2026,12:06:21,Total de Gols,Under,8.5,,,,,2.07,0-0,5-6,Red,-1.0,17592540
, CLA-UA Spain Cyber Cup (UA) (2x5 mins),palkan x Donatello,palkan,Athletic Club,Donatello,Valencia,04/09/2026,12:08:08,Total de Gols,Under,10.5,,,,,1.87,1-1,5-6,Red,-1.0,17592540
, CLA-UA Spain Cyber Cup (UA) (2x5 mins),palkan x Donatello,palkan,Athletic Club,Donatello,Valencia,04/09/2026,12:08:27,Total de Gols,Under,11.5,,,,,1.76,1-2,5-6,Green,0.76,17592540
, CLA-UA Spain Cyber Cup (UA) (2x5 mins),palkan x Donatello,palkan,Athletic Club,Donatello,Valencia,04/09/2026,12:09:31,Total de Gols,Under,12.5,,,,,1.89,1-4,5-6,Green,0.89,17592540
, CLA-UA Italy Cyber Cup (UA) (2x5 mins),zyX x vrud1,zyX,Roma,vrud1,Napoli,04/09/2026,12:06:16,Total de Gols,Under,8.5,,,,,1.94,0-0,7-3,Red,-1.0,17592573
, CLA-UA Italy Cyber Cup (UA) (2x5 mins),zyX x vrud1,zyX,Roma,vrud1,Napoli,04/09/2026,12:07:15,Total de Gols,Under,7.5,,,,,2.07,0-0,7-3,Red,-1.0,17592573
, CLA-UA Italy Cyber Cup (UA) (2x5 mins),zyX x vrud1,zyX,Roma,vrud1,Napoli,04/09/2026,12:10:08,Total de Gols,Under,9.5,,,,,1.68,2-0,7-3,Red,-1.0,17592573
, CLA-UA Italy Cyber Cup (UA) (2x5 mins),zyX x vrud1,zyX,Roma,vrud1,Napoli,04/09/2026,12:11:57,Total de Gols,Under,10.5,,,,,2.12,3-2,7-3,Green,1.12,17592573
, CLA-UA Italy Cyber Cup (UA) (2x5 mins),zyX x vrud1,zyX,Roma,vrud1,Napoli,04/09/2026,12:12:51,Total de Gols,Under,11.5,,,,,1.82,4-2,7-3,Green,0.82,17592573
, CLA-UA Italy Cyber Cup (UA) (2x5 mins),Shot x Sxitted,Shot,Atalanta,Sxitted,Lazio,04/09/2026,15:00:15,Total de Gols,Under,6.5,,,,,1.91,0-0,2-4,Green,0.91,17592654
, CLA-UA Italy Cyber Cup (UA) (2x5 mins),Shot x Sxitted,Shot,Atalanta,Sxitted,Lazio,04/09/2026,15:01:45,Total de Gols,Under,5.5,,,,,2.12,0-0,2-4,Red,-1.0,17592654
, CLA-UA Italy Cyber Cup (UA) (2x5 mins),Shot x Sxitted,Shot,Atalanta,Sxitted,Lazio,04/09/2026,15:03:30,Total de Gols,Under,4.5,,,,,2.12,0-0,2-4,Red,-1.0,17592654
, CLA-UA Spain Cyber Cup (UA) (2x5 mins),four x zyX,four,Athletic Club,zyX,Real Sociedad,04/09/2026,15:12:57,Total de Gols,Under,6.5,,,,,2.02,0-0,5-3,Red,-1.0,17592693
, CLA-UA Spain Cyber Cup (UA) (2x5 mins),four x zyX,four,Athletic Club,zyX,Real Sociedad,04/09/2026,15:15:48,Total de Gols,Under,5.5,,,,,2.07,0-0,5-3,Red,-1.0,17592693
, CLA-UA Spain Cyber Cup (UA) (2x5 mins),four x zyX,four,Athletic Club,zyX,Real Sociedad,04/09/2026,15:17:22,Total de Gols,Under,4.5,,,,,2.11,0-0,5-3,Red,-1.0,17592693
, CLA-UA Spain Cyber Cup (UA) (2x5 mins),four x zyX,four,Athletic Club,zyX,Real Sociedad,04/09/2026,15:19:06,Total de Gols,Under,3.5,,,,,2.17,0-0,5-3,Red,-1.0,17592693
, CLA-UA Spain Cyber Cup (UA) (2x5 mins),four x zyX,four,Athletic Club,zyX,Real Sociedad,04/09/2026,15:23:46,Total de Gols,Under,7.5,,,,,1.37,3-2,5-3,Red,-1.0,17592693
,CLA-UA World Cyber Cup (UA) (2x5 mins),djamik x palkan,djamik,Cabo Verde,palkan,Romania,04/09/2026,15:28:15,Total de Gols,Under,9.5,,,,,1.7,0-0,8-4,Red,-1.0,17592638
,CLA-UA World Cyber Cup (UA) (2x5 mins),djamik x palkan,djamik,Cabo Verde,palkan,Romania,04/09/2026,15:28:33,Total de Gols,Under,8.5,,,,,2.03,0-0,8-4,Red,-1.0,17592638
,CLA-UA World Cyber Cup (UA) (2x5 mins),djamik x palkan,djamik,Cabo Verde,palkan,Romania,04/09/2026,15:30:30,Total de Gols,Under,10.5,,,,,1.73,2-0,8-4,Red,-1.0,17592638
,CLA-UA World Cyber Cup (UA) (2x5 mins),djamik x palkan,djamik,Cabo Verde,palkan,Romania,04/09/2026,15:31:41,Total de Gols,Under,11.5,,,,,1.73,3-1,8-4,Red,-1.0,17592638
,CLA-UA World Cyber Cup (UA) (2x5 mins),djamik x palkan,djamik,Cabo Verde,palkan,Romania,04/09/2026,15:33:03,Total de Gols,Under,12.5,,,,,1.75,5-2,8-4,Green,0.75,17592638
,CLA-UA World Cyber Cup (UA) (2x5 mins),djamik x palkan,djamik,Cabo Verde,palkan,Romania,04/09/2026,15:33:20,Total de Gols,Under,13.5,,,,,1.62,5-2,8-4,Green,0.62,17592638
,CLA-UA World Cyber Cup (UA) (2x5 mins),djamik x palkan,djamik,Cabo Verde,palkan,Romania,04/09/2026,15:34:34,Total de Gols,Under,14.5,,,,,1.66,7-2,8-4,Green,0.66,17592638
,CLA-UA World Cyber Cup (UA) (2x5 mins),T3RZ x Int1liGenT,T3RZ,Spain,Int1liGenT,Uruguay,04/09/2026,15:28:15,Total de Gols,Under,7.5,,,,,1.98,0-0,6-0,Green,0.98,17592838
,CLA-UA World Cyber Cup (UA) (2x5 mins),T3RZ x Int1liGenT,T3RZ,Spain,Int1liGenT,Uruguay,04/09/2026,15:29:20,Total de Gols,Under,8.5,,,,,1.77,0-0,6-0,Green,0.77,17592838
,CLA-UA World Cyber Cup (UA) (2x5 mins),T3RZ x Int1liGenT,T3RZ,Spain,Int1liGenT,Uruguay,04/09/2026,15:29:22,Total de Gols,Under,9.5,,,,,1.69,0-0,6-0,Green,0.69,17592838
,CLA-UA World Cyber Cup (UA) (2x5 mins),T3RZ x Int1liGenT,T3RZ,Spain,Int1liGenT,Uruguay,04/09/2026,15:29:54,Total de Gols,Under,10.5,,,,,1.66,2-0,6-0,Green,0.66,17592838
,CLA-UA World Cyber Cup (UA) (2x5 mins),T3RZ x Int1liGenT,T3RZ,Spain,Int1liGenT,Uruguay,04/09/2026,15:37:59,Total de Gols,Under,6.5,,,,,2.69,6-0,6-0,Green,1.69,17592838
, CLA-UA Spain Cyber Cup (UA) (2x5 mins),zyX x Stafford,zyX,Real Sociedad,Stafford,Real Betis,04/09/2026,15:28:10,Total de Gols,Under,8.5,,,,,1.98,0-0,5-3,Green,0.98,17592696
, CLA-UA Spain Cyber Cup (UA) (2x5 mins),zyX x Stafford,zyX,Real Sociedad,Stafford,Real Betis,04/09/2026,15:29:26,Total de Gols,Under,7.5,,,,,2.07,0-0,5-3,Red,-1.0,17592696
, CLA-UA Spain Cyber Cup (UA) (2x5 mins),zyX x Stafford,zyX,Real Sociedad,Stafford,Real Betis,04/09/2026,15:30:55,Total de Gols,Under,6.5,,,,,1.91,0-1,5-3,Red,-1.0,17592696
, CLA-UA Spain Cyber Cup (UA) (2x5 mins),zyX x Stafford,zyX,Real Sociedad,Stafford,Real Betis,04/09/2026,15:33:26,Total de Gols,Under,9.5,,,,,1.68,2-3,5-3,Green,0.68,17592696
, CLA-UA Spain Cyber Cup (UA) (2x5 mins),vrud1 x simaha,vrud1,Levante,simaha,Girona FC,04/09/2026,15:42:07,Total de Gols,Under,6.5,,,,,2.02,0-0,5-4,Red,-1.0,17592700
, CLA-UA Spain Cyber Cup (UA) (2x5 mins),vrud1 x simaha,vrud1,Levante,simaha,Girona FC,04/09/2026,15:43:04,Total de Gols,Under,7.5,,,,,1.78,0-0,5-4,Red,-1.0,17592700
, CLA-UA Spain Cyber Cup (UA) (2x5 mins),vrud1 x simaha,vrud1,Levante,simaha,Girona FC,04/09/2026,15:44:51,Total de Gols,Under,8.5,,,,,1.82,1-1,5-4,Red,-1.0,17592700
, CLA-UA Spain Cyber Cup (UA) (2x5 mins),vrud1 x simaha,vrud1,Levante,simaha,Girona FC,04/09/2026,15:45:21,Total de Gols,Under,9.5,,,,,1.59,2-1,5-4,Green,0.59,17592700
, CLA-UA Spain Cyber Cup (UA) (2x5 mins),vrud1 x simaha,vrud1,Levante,simaha,Girona FC,04/09/2026,15:49:10,Total de Gols,Under,10.5,,,,,1.7,4-2,5-4,Green,0.7,17592700
, CLA-UA Italy Cyber Cup (UA) (2x5 mins),Jackson x Shot,Jackson,Udinese,Shot,Atalanta,04/09/2026,15:42:23,Total de Gols,Under,6.5,,,,,2.07,0-0,3-2,Green,1.07,17592660
, CLA-UA Italy Cyber Cup (UA) (2x5 mins),Jackson x Shot,Jackson,Udinese,Shot,Atalanta,04/09/2026,15:43:27,Total de Gols,Under,7.5,,,,,1.77,0-0,3-2,Green,0.77,17592660
, CLA-UA Italy Cyber Cup (UA) (2x5 mins),Jackson x Shot,Jackson,Udinese,Shot,Atalanta,04/09/2026,15:45:46,Total de Gols,Under,5.5,,,,,2.13,1-0,3-2,Green,1.13,17592660
, CLA-UA Italy Cyber Cup (UA) (2x5 mins),Jackson x Shot,Jackson,Udinese,Shot,Atalanta,04/09/2026,15:47:03,Total de Gols,Under,4.5,,,,,2.16,1-0,3-2,Red,-1.0,17592660
, CLA-UA Italy Cyber Cup (UA) (2x5 mins),Jackson x Shot,Jackson,Udinese,Shot,Atalanta,04/09/2026,15:48:17,Total de Gols,Under,3.5,,,,,2.22,1-0,3-2,Red,-1.0,17592660
, CLA-UA Spain Cyber Cup (UA) (2x5 mins),four x Stafford,four,Athletic Club,Stafford,Real Betis,04/09/2026,15:41:30,Total de Gols,Under,6.5,,,,,1.8,0-0,2-2,Green,0.8,17592699
, CLA-UA Spain Cyber Cup (UA) (2x5 mins),four x Stafford,four,Athletic Club,Stafford,Real Betis,04/09/2026,15:43:10,Total de Gols,Under,5.5,,,,,2.12,0-0,2-2,Green,1.12,17592699
, CLA-UA Spain Cyber Cup (UA) (2x5 mins),four x Stafford,four,Athletic Club,Stafford,Real Betis,04/09/2026,15:45:05,Total de Gols,Under,4.5,,,,,2.16,0-0,2-2,Green,1.16,17592699
, CLA-UA Spain Cyber Cup (UA) (2x5 mins),four x Stafford,four,Athletic Club,Stafford,Real Betis,04/09/2026,15:50:00,Total de Gols,Under,3.5,,,,,2.26,0-1,2-2,Red,-1.0,17592699
, CLA-UA Spain Cyber Cup (UA) (2x5 mins),four x Stafford,four,Athletic Club,Stafford,Real Betis,04/09/2026,15:51:13,Total de Gols,Under,2.5,,,,,2.47,0-1,2-2,Red,-1.0,17592699
, CLA-UA Italy Cyber Cup (UA) (2x5 mins),Sxitted x mara,Sxitted,Lazio,mara,Bologna FC,04/09/2026,15:40:06,Total de Gols,Under,7.5,,,,,1.62,0-0,4-5,Red,-1.0,17592659
, CLA-UA Italy Cyber Cup (UA) (2x5 mins),Sxitted x mara,Sxitted,Lazio,mara,Bologna FC,04/09/2026,15:42:53,Total de Gols,Under,8.5,,,,,1.98,1-0,4-5,Red,-1.0,17592659
, CLA-UA Italy Cyber Cup (UA) (2x5 mins),Sxitted x mara,Sxitted,Lazio,mara,Bologna FC,04/09/2026,15:44:13,Total de Gols,Under,9.5,,,,,1.62,1-1,4-5,Green,0.62,17592659
, CLA-UA Italy Cyber Cup (UA) (2x5 mins),Sxitted x mara,Sxitted,Lazio,mara,Bologna FC,04/09/2026,15:49:20,Total de Gols,Under,6.5,,,,,2.31,2-2,4-5,Red,-1.0,17592659
, CLA-UA Spain Cyber Cup (UA) (2x5 mins),vrud1 x zyX,vrud1,Levante,zyX,Real Sociedad,04/09/2026,15:56:17,Total de Gols,Under,9.5,,,,,1.74,0-0,2-4,Green,0.74,17592702
, CLA-UA Spain Cyber Cup (UA) (2x5 mins),vrud1 x zyX,vrud1,Levante,zyX,Real Sociedad,04/09/2026,15:57:02,Total de Gols,Under,8.5,,,,,2.02,0-0,2-4,Green,1.02,17592702
, CLA-UA Spain Cyber Cup (UA) (2x5 mins),vrud1 x zyX,vrud1,Levante,zyX,Real Sociedad,04/09/2026,15:57:53,Total de Gols,Under,10.5,,,,,1.78,0-1,2-4,Green,0.78,17592702
,CLA-UA World Cyber Cup (UA) (2x5 mins),palkan x T3RZ,palkan,Romania,T3RZ,Spain,04/09/2026,15:56:14,Total de Gols,Under,9.5,,,,,1.97,0-0,5-7,Red,-1.0,17592642
,CLA-UA World Cyber Cup (UA) (2x5 mins),palkan x T3RZ,palkan,Romania,T3RZ,Spain,04/09/2026,15:56:54,Total de Gols,Under,10.5,,,,,1.79,0-0,5-7,Red,-1.0,17592642
,CLA-UA World Cyber Cup (UA) (2x5 mins),palkan x T3RZ,palkan,Romania,T3RZ,Spain,04/09/2026,15:59:11,Total de Gols,Under,11.5,,,,,1.84,1-2,5-7,Red,-1.0,17592642
,CLA-UA World Cyber Cup (UA) (2x5 mins),palkan x T3RZ,palkan,Romania,T3RZ,Spain,04/09/2026,15:59:20,Total de Gols,Under,12.5,,,,,1.79,1-3,5-7,Green,0.79,17592642
,CLA-UA World Cyber Cup (UA) (2x5 mins),palkan x T3RZ,palkan,Romania,T3RZ,Spain,04/09/2026,16:00:36,Total de Gols,Under,13.5,,,,,1.73,2-4,5-7,Green,0.73,17592642
,CLA-UA World Cyber Cup (UA) (2x5 mins),palkan x T3RZ,palkan,Romania,T3RZ,Spain,04/09/2026,16:01:41,Total de Gols,Under,14.5,,,,,1.75,3-5,5-7,Green,0.75,17592642
,CLA-UA World Cyber Cup (UA) (2x5 mins),palkan x T3RZ,palkan,Romania,T3RZ,Spain,04/09/2026,16:02:23,Total de Gols,Under,15.5,,,,,1.62,4-5,5-7,Green,0.62,17592642
, CLA-UA Italy Cyber Cup (UA) (2x5 mins),Jackson x mara,Jackson,Udinese,mara,Bologna FC,04/09/2026,15:56:23,Total de Gols,Under,6.5,,,,,2.07,0-0,3-2,Green,1.07,17592661
, CLA-UA Italy Cyber Cup (UA) (2x5 mins),Jackson x mara,Jackson,Udinese,mara,Bologna FC,04/09/2026,15:58:05,Total de Gols,Under,5.5,,,,,2.07,0-0,3-2,Green,1.07,17592661
, CLA-UA Italy Cyber Cup (UA) (2x5 mins),Jackson x mara,Jackson,Udinese,mara,Bologna FC,04/09/2026,15:59:39,Total de Gols,Under,4.5,,,,,2.12,0-0,3-2,Red,-1.0,17592661
, CLA-UA Italy Cyber Cup (UA) (2x5 mins),Jackson x mara,Jackson,Udinese,mara,Bologna FC,04/09/2026,16:06:17,Total de Gols,Under,3.5,,,,,2.62,2-1,3-2,Red,-1.0,17592661
, CLA-UA Italy Cyber Cup (UA) (2x5 mins),Xellark x mara,Xellark,Torino,mara,Bologna FC,04/09/2026,16:10:19,Total de Gols,Under,6.5,,,,,1.72,0-0,2-4,Green,0.72,17592666
, CLA-UA Italy Cyber Cup (UA) (2x5 mins),Xellark x mara,Xellark,Torino,mara,Bologna FC,04/09/2026,16:10:56,Total de Gols,Under,5.5,,,,,2.07,0-0,2-4,Red,-1.0,17592666
, CLA-UA Italy Cyber Cup (UA) (2x5 mins),Xellark x mara,Xellark,Torino,mara,Bologna FC,04/09/2026,16:18:31,Total de Gols,Under,7.5,,,,,2.03,2-4,2-4,Green,1.03,17592666
,CLA-UA World Cyber Cup (UA) (2x5 mins),T3RZ x Galikooo,T3RZ,Spain,Galikooo,Saudi Arabia,04/09/2026,16:10:01,Total de Gols,Under,8.5,,,,,1.98,0-0,5-5,Red,-1.0,17592643
,CLA-UA World Cyber Cup (UA) (2x5 mins),T3RZ x Galikooo,T3RZ,Spain,Galikooo,Saudi Arabia,04/09/2026,16:10:32,Total de Gols,Under,9.5,,,,,1.91,0-0,5-5,Red,-1.0,17592643
,CLA-UA World Cyber Cup (UA) (2x5 mins),T3RZ x Galikooo,T3RZ,Spain,Galikooo,Saudi Arabia,04/09/2026,16:15:55,Total de Gols,Under,10.5,,,,,1.62,2-2,5-5,Green,0.62,17592643
,CLA-UA World Cyber Cup (UA) (2x5 mins),T3RZ x Galikooo,T3RZ,Spain,Galikooo,Saudi Arabia,04/09/2026,16:19:21,Total de Gols,Under,11.5,,,,,1.78,4-4,5-5,Green,0.78,17592643
, CLA-UA Spain Cyber Cup (UA) (2x5 mins),zyX x four,zyX,Real Sociedad,four,Athletic Club,04/09/2026,16:24:03,Total de Gols,Under,6.5,,,,,2.02,0-0,0-3,Green,1.02,17592706
, CLA-UA Spain Cyber Cup (UA) (2x5 mins),zyX x four,zyX,Real Sociedad,four,Athletic Club,04/09/2026,16:25:20,Total de Gols,Under,7.5,,,,,1.7,0-0,0-3,Green,0.7,17592706
, CLA-UA Spain Cyber Cup (UA) (2x5 mins),zyX x four,zyX,Real Sociedad,four,Athletic Club,04/09/2026,16:27:32,Total de Gols,Under,5.5,,,,,1.91,0-1,0-3,Green,0.91,17592706
, CLA-UA Spain Cyber Cup (UA) (2x5 mins),zyX x four,zyX,Real Sociedad,four,Athletic Club,04/09/2026,16:28:48,Total de Gols,Under,4.5,,,,,2.21,0-1,0-3,Green,1.21,17592706
, CLA-UA Spain Cyber Cup (UA) (2x5 mins),zyX x four,zyX,Real Sociedad,four,Athletic Club,04/09/2026,16:33:36,Total de Gols,Under,3.5,,,,,2.71,0-3,0-3,Green,1.71,17592706
, CLA-UA Italy Cyber Cup (UA) (2x5 mins),Shot x Xellark,Shot,Atalanta,Xellark,Torino,04/09/2026,16:37:23,Total de Gols,Under,5.5,,,,,2.02,0-0,4-0,Green,1.02,17592681
, CLA-UA Italy Cyber Cup (UA) (2x5 mins),Shot x Xellark,Shot,Atalanta,Xellark,Torino,04/09/2026,16:39:20,Total de Gols,Under,6.5,,,,,1.91,0-0,4-0,Green,0.91,17592681
, CLA-UA Italy Cyber Cup (UA) (2x5 mins),Shot x Xellark,Shot,Atalanta,Xellark,Torino,04/09/2026,16:40:32,Total de Gols,Under,7.5,,,,,1.59,1-0,4-0,Green,0.59,17592681
, CLA-UA Italy Cyber Cup (UA) (2x5 mins),Shot x Xellark,Shot,Atalanta,Xellark,Torino,04/09/2026,16:47:37,Total de Gols,Under,4.5,,,,,2.47,4-0,4-0,Green,1.47,17592681
,CLA-UA World Cyber Cup (UA) (2x5 mins),Int1liGenT x T3RZ,Int1liGenT,Uruguay,T3RZ,Spain,04/09/2026,16:38:21,Total de Gols,Under,7.5,,,,,1.69,0-0,4-4,Red,-1.0,17592853
,CLA-UA World Cyber Cup (UA) (2x5 mins),Int1liGenT x T3RZ,Int1liGenT,Uruguay,T3RZ,Spain,04/09/2026,16:39:28,Total de Gols,Under,6.5,,,,,2.12,0-1,4-4,Red,-1.0,17592853
,CLA-UA World Cyber Cup (UA) (2x5 mins),Int1liGenT x T3RZ,Int1liGenT,Uruguay,T3RZ,Spain,04/09/2026,16:42:52,Total de Gols,Under,8.5,,,,,1.61,2-1,4-4,Green,0.61,17592853
,CLA-UA World Cyber Cup (UA) (2x5 mins),Int1liGenT x T3RZ,Int1liGenT,Uruguay,T3RZ,Spain,04/09/2026,16:43:59,Total de Gols,Under,9.5,,,,,1.72,3-2,4-4,Green,0.72,17592853
,CLA-UA World Cyber Cup (UA) (2x5 mins),Int1liGenT x T3RZ,Int1liGenT,Uruguay,T3RZ,Spain,04/09/2026,16:44:36,Total de Gols,Under,10.5,,,,,1.59,3-3,4-4,Green,0.59,17592853
, CLA-UA Italy Cyber Cup (UA) (2x5 mins),Sxitted x Jackson,Sxitted,Lazio,Jackson,Udinese,04/09/2026,16:38:21,Total de Gols,Under,7.5,,,,,1.74,0-0,5-2,Green,0.74,17592678
, CLA-UA Italy Cyber Cup (UA) (2x5 mins),Sxitted x Jackson,Sxitted,Lazio,Jackson,Udinese,04/09/2026,16:38:44,Total de Gols,Under,8.5,,,,,1.65,0-0,5-2,Green,0.65,17592678
, CLA-UA Italy Cyber Cup (UA) (2x5 mins),Sxitted x Jackson,Sxitted,Lazio,Jackson,Udinese,04/09/2026,16:40:27,Total de Gols,Under,6.5,,,,,2.12,1-0,5-2,Red,-1.0,17592678
, CLA-UA Italy Cyber Cup (UA) (2x5 mins),Sxitted x Jackson,Sxitted,Lazio,Jackson,Udinese,04/09/2026,16:43:04,Total de Gols,Under,5.5,,,,,1.84,2-0,5-2,Red,-1.0,17592678
, CLA-UA Spain Cyber Cup (UA) (2x5 mins),Stafford x zyX,Stafford,Real Betis,zyX,Real Sociedad,04/09/2026,16:38:17,Total de Gols,Under,9.5,,,,,1.75,0-0,3-5,Green,0.75,17592711
, CLA-UA Spain Cyber Cup (UA) (2x5 mins),Stafford x zyX,Stafford,Real Betis,zyX,Real Sociedad,04/09/2026,16:38:43,Total de Gols,Under,8.5,,,,,2.03,0-0,3-5,Green,1.03,17592711
, CLA-UA Spain Cyber Cup (UA) (2x5 mins),Stafford x zyX,Stafford,Real Betis,zyX,Real Sociedad,04/09/2026,16:40:56,Total de Gols,Under,7.5,,,,,2.07,0-1,3-5,Red,-1.0,17592711
, CLA-UA Spain Cyber Cup (UA) (2x5 mins),Stafford x zyX,Stafford,Real Betis,zyX,Real Sociedad,04/09/2026,16:42:49,Total de Gols,Under,6.5,,,,,1.91,0-2,3-5,Red,-1.0,17592711
, CLA-UA Spain Cyber Cup (UA) (2x5 mins),Stafford x zyX,Stafford,Real Betis,zyX,Real Sociedad,04/09/2026,16:43:34,Total de Gols,Under,5.5,,,,,2.03,0-2,3-5,Red,-1.0,17592711
, CLA-UA Spain Cyber Cup (UA) (2x5 mins),simaha x vrud1,simaha,Girona FC,vrud1,Levante,04/09/2026,16:52:23,Total de Gols,Under,7.5,,,,,1.69,0-0,3-5,Red,-1.0,17592713
, CLA-UA Spain Cyber Cup (UA) (2x5 mins),simaha x vrud1,simaha,Girona FC,vrud1,Levante,04/09/2026,16:52:54,Total de Gols,Under,6.5,,,,,2.06,0-0,3-5,Red,-1.0,17592713
, CLA-UA Spain Cyber Cup (UA) (2x5 mins),simaha x vrud1,simaha,Girona FC,vrud1,Levante,04/09/2026,16:58:23,Total de Gols,Under,9.5,,,,,1.65,2-2,3-5,Green,0.65,17592713
, CLA-UA Spain Cyber Cup (UA) (2x5 mins),simaha x vrud1,simaha,Girona FC,vrud1,Levante,04/09/2026,16:58:33,Total de Gols,Under,8.5,,,,,2.21,3-2,3-5,Green,1.21,17592713
, CLA-UA Italy Cyber Cup (UA) (2x5 mins),Shot x Jackson,Shot,Atalanta,Jackson,Udinese,04/09/2026,16:52:23,Total de Gols,Under,6.5,,,,,1.96,0-0,3-5,Red,-1.0,17592684
, CLA-UA Italy Cyber Cup (UA) (2x5 mins),Shot x Jackson,Shot,Atalanta,Jackson,Udinese,04/09/2026,16:53:43,Total de Gols,Under,5.5,,,,,2.07,0-0,3-5,Red,-1.0,17592684
, CLA-UA Italy Cyber Cup (UA) (2x5 mins),Shot x Jackson,Shot,Atalanta,Jackson,Udinese,04/09/2026,16:54:28,Total de Gols,Under,7.5,,,,,1.81,0-1,3-5,Red,-1.0,17592684
, CLA-UA Italy Cyber Cup (UA) (2x5 mins),Shot x Jackson,Shot,Atalanta,Jackson,Udinese,04/09/2026,16:55:26,Total de Gols,Under,8.5,,,,,1.65,1-1,3-5,Green,0.65,17592684
, CLA-UA Italy Cyber Cup (UA) (2x5 mins),Xellark x Sxitted,Xellark,Torino,Sxitted,Lazio,04/09/2026,17:04:59,Total de Gols,Under,7.5,,,,,1.98,0-0,2-8,Red,-1.0,17592688
, CLA-UA Italy Cyber Cup (UA) (2x5 mins),Xellark x Sxitted,Xellark,Torino,Sxitted,Lazio,04/09/2026,17:06:37,Total de Gols,Under,8.5,,,,,1.85,0-0,2-8,Red,-1.0,17592688
, CLA-UA Italy Cyber Cup (UA) (2x5 mins),Xellark x Sxitted,Xellark,Torino,Sxitted,Lazio,04/09/2026,17:06:54,Total de Gols,Under,9.5,,,,,1.75,0-1,2-8,Red,-1.0,17592688
, CLA-UA Italy Cyber Cup (UA) (2x5 mins),Xellark x Sxitted,Xellark,Torino,Sxitted,Lazio,04/09/2026,17:08:04,Total de Gols,Under,10.5,,,,,1.94,0-3,2-8,Green,0.94,17592688
, CLA-UA Italy Cyber Cup (UA) (2x5 mins),Xellark x Sxitted,Xellark,Torino,Sxitted,Lazio,04/09/2026,17:10:36,Total de Gols,Under,11.5,,,,,1.59,1-4,2-8,Green,0.59,17592688
, CLA-UA Italy Cyber Cup (UA) (2x5 mins),Xellark x Sxitted,Xellark,Torino,Sxitted,Lazio,04/09/2026,17:15:10,Total de Gols,Under,12.5,,,,,1.52,2-7,2-8,Green,0.52,17592688
, CLA-UA Italy Cyber Cup (UA) (2x5 mins),mara x Jackson,mara,Bologna FC,Jackson,Udinese,04/09/2026,17:06:14,Total de Gols,Under,6.5,,,,,2.02,0-0,5-5,Red,-1.0,17592685
, CLA-UA Italy Cyber Cup (UA) (2x5 mins),mara x Jackson,mara,Bologna FC,Jackson,Udinese,04/09/2026,17:06:49,Total de Gols,Under,7.5,,,,,1.88,0-0,5-5,Red,-1.0,17592685
, CLA-UA Italy Cyber Cup (UA) (2x5 mins),mara x Jackson,mara,Bologna FC,Jackson,Udinese,04/09/2026,17:09:16,Total de Gols,Under,8.5,,,,,1.65,2-0,5-5,Red,-1.0,17592685
, CLA-UA Italy Cyber Cup (UA) (2x5 mins),mara x Jackson,mara,Bologna FC,Jackson,Udinese,04/09/2026,17:10:42,Total de Gols,Under,9.5,,,,,1.69,4-0,5-5,Red,-1.0,17592685
, CLA-UA Italy Cyber Cup (UA) (2x5 mins),mara x Jackson,mara,Bologna FC,Jackson,Udinese,04/09/2026,17:14:18,Total de Gols,Under,10.5,,,,,1.54,5-2,5-5,Green,0.54,17592685
,CLA-UA World Cyber Cup (UA) (2x5 mins),mara x Xellark,mara,Qatar,Xellark,Ukraine,04/09/2026,17:30:42,Total de Gols,Under,6.5,,,,,1.7,0-0,4-3,Red,-1.0,17592764
,CLA-UA World Cyber Cup (UA) (2x5 mins),mara x Xellark,mara,Qatar,Xellark,Ukraine,04/09/2026,17:31:14,Total de Gols,Under,5.5,,,,,2.11,0-0,4-3,Red,-1.0,17592764
,CLA-UA World Cyber Cup (UA) (2x5 mins),mara x Xellark,mara,Qatar,Xellark,Ukraine,04/09/2026,17:31:51,Total de Gols,Under,8.5,,,,,1.83,1-0,4-3,Green,0.83,17592764
,CLA-UA World Cyber Cup (UA) (2x5 mins),mara x Xellark,mara,Qatar,Xellark,Ukraine,04/09/2026,17:32:38,Total de Gols,Under,7.5,,,,,2.12,1-1,4-3,Green,1.12,17592764
,CLA-UA World Cyber Cup (UA) (2x5 mins),mara x Xellark,mara,Qatar,Xellark,Ukraine,04/09/2026,17:33:58,Total de Gols,Under,9.5,,,,,1.65,2-1,4-3,Green,0.65,17592764
,CLA-UA World Cyber Cup (UA) (2x5 mins),mara x Xellark,mara,Qatar,Xellark,Ukraine,04/09/2026,17:35:00,Total de Gols,Under,10.5,,,,,1.66,3-2,4-3,Green,0.66,17592764
,CLA-UA World Cyber Cup (UA) (2x5 mins),mara x Shot,mara,Qatar,Shot,Switzerland,04/09/2026,17:43:57,Total de Gols,Under,6.5,,,,,1.91,0-0,3-2,Green,0.91,17592761
,CLA-UA World Cyber Cup (UA) (2x5 mins),mara x Shot,mara,Qatar,Shot,Switzerland,04/09/2026,17:45:38,Total de Gols,Under,5.5,,,,,2.08,0-0,3-2,Green,1.08,17592761
,CLA-UA World Cyber Cup (UA) (2x5 mins),mara x Shot,mara,Qatar,Shot,Switzerland,04/09/2026,17:47:17,Total de Gols,Under,4.5,,,,,2.13,0-0,3-2,Red,-1.0,17592761
,CLA-UA World Cyber Cup (UA) (2x5 mins),mara x Shot,mara,Qatar,Shot,Switzerland,04/09/2026,17:48:41,Total de Gols,Under,7.5,,,,,1.73,2-0,3-2,Green,0.73,17592761
,CLA-UA World Cyber Cup (UA) (2x5 mins),mara x Shot,mara,Qatar,Shot,Switzerland,04/09/2026,17:49:06,Total de Gols,Under,8.5,,,,,1.65,2-1,3-2,Green,0.65,17592761
, CLA-UA Italy Cyber Cup (UA) (2x5 mins),Galikooo x Int1liGenT,Galikooo,Fiorentina,Int1liGenT,Bologna FC,04/09/2026,17:44:03,Total de Gols,Under,7.5,,,,,1.78,0-0,1-3,Green,0.78,17592721
, CLA-UA Italy Cyber Cup (UA) (2x5 mins),Galikooo x Int1liGenT,Galikooo,Fiorentina,Int1liGenT,Bologna FC,04/09/2026,17:45:06,Total de Gols,Under,6.5,,,,,2.03,0-0,1-3,Green,1.03,17592721
, CLA-UA Italy Cyber Cup (UA) (2x5 mins),Galikooo x Int1liGenT,Galikooo,Fiorentina,Int1liGenT,Bologna FC,04/09/2026,17:49:22,Total de Gols,Under,8.5,,,,,1.61,0-3,1-3,Green,0.61,17592721
, CLA-UA Italy Cyber Cup (UA) (2x5 mins),Galikooo x Int1liGenT,Galikooo,Fiorentina,Int1liGenT,Bologna FC,04/09/2026,17:52:39,Total de Gols,Under,5.5,,,,,2.35,1-3,1-3,Green,1.35,17592721
, CLA-UA Italy Cyber Cup (UA) (2x5 mins),Galikooo x Int1liGenT,Galikooo,Fiorentina,Int1liGenT,Bologna FC,04/09/2026,17:54:03,Total de Gols,Under,4.5,,,,,2.51,1-3,1-3,Green,1.51,17592721
,CLA-UA World Cyber Cup (UA) (2x5 mins),Jackson x Sxitted,Jackson,Canada,Sxitted,Bosnia and Herzegovina,04/09/2026,17:58:19,Total de Gols,Under,7.5,,,,,1.94,0-0,4-3,Green,0.94,17592755
,CLA-UA World Cyber Cup (UA) (2x5 mins),Jackson x Sxitted,Jackson,Canada,Sxitted,Bosnia and Herzegovina,04/09/2026,17:59:25,Total de Gols,Under,6.5,,,,,2.12,0-0,4-3,Red,-1.0,17592755
,CLA-UA World Cyber Cup (UA) (2x5 mins),Jackson x Sxitted,Jackson,Canada,Sxitted,Bosnia and Herzegovina,04/09/2026,18:01:46,Total de Gols,Under,8.5,,,,,1.71,2-0,4-3,Green,0.71,17592755
,CLA-UA World Cyber Cup (UA) (2x5 mins),Jackson x Sxitted,Jackson,Canada,Sxitted,Bosnia and Herzegovina,04/09/2026,18:04:32,Total de Gols,Under,5.5,,,,,2.26,2-1,4-3,Red,-1.0,17592755
,CLA-UA World Cyber Cup (UA) (2x5 mins),Xellark x Shot,Xellark,Ukraine,Shot,Switzerland,04/09/2026,17:56:10,Total de Gols,Under,5.5,,,,,2.02,0-0,5-6,Red,-1.0,17592754
,CLA-UA World Cyber Cup (UA) (2x5 mins),Xellark x Shot,Xellark,Ukraine,Shot,Switzerland,04/09/2026,17:59:18,Total de Gols,Under,6.5,,,,,1.97,0-0,5-6,Red,-1.0,17592754
,CLA-UA World Cyber Cup (UA) (2x5 mins),Xellark x Shot,Xellark,Ukraine,Shot,Switzerland,04/09/2026,17:59:48,Total de Gols,Under,7.5,,,,,1.78,1-0,5-6,Red,-1.0,17592754
,CLA-UA World Cyber Cup (UA) (2x5 mins),Xellark x Shot,Xellark,Ukraine,Shot,Switzerland,04/09/2026,18:00:12,Total de Gols,Under,8.5,,,,,1.69,1-1,5-6,Red,-1.0,17592754
,CLA-UA World Cyber Cup (UA) (2x5 mins),Xellark x Shot,Xellark,Ukraine,Shot,Switzerland,04/09/2026,18:01:02,Total de Gols,Under,9.5,,,,,1.98,1-3,5-6,Red,-1.0,17592754
,CLA-UA World Cyber Cup (UA) (2x5 mins),Xellark x Shot,Xellark,Ukraine,Shot,Switzerland,04/09/2026,18:01:42,Total de Gols,Under,10.5,,,,,1.75,2-3,5-6,Red,-1.0,17592754
,CLA-UA World Cyber Cup (UA) (2x5 mins),Xellark x Shot,Xellark,Ukraine,Shot,Switzerland,04/09/2026,18:04:04,Total de Gols,Under,11.5,,,,,1.72,3-4,5-6,Green,0.72,17592754
, CLA-UA Italy Cyber Cup (UA) (2x5 mins),T3RZ x Int1liGenT,T3RZ,Lecce,Int1liGenT,Bologna FC,04/09/2026,17:57:53,Total de Gols,Under,7.5,,,,,1.74,0-0,4-4,Red,-1.0,17592725
, CLA-UA Italy Cyber Cup (UA) (2x5 mins),T3RZ x Int1liGenT,T3RZ,Lecce,Int1liGenT,Bologna FC,04/09/2026,17:58:53,Total de Gols,Under,6.5,,,,,2.06,0-0,4-4,Red,-1.0,17592725
, CLA-UA Italy Cyber Cup (UA) (2x5 mins),T3RZ x Int1liGenT,T3RZ,Lecce,Int1liGenT,Bologna FC,04/09/2026,18:01:44,Total de Gols,Under,8.5,,,,,1.62,2-0,4-4,Green,0.62,17592725
, CLA-UA Italy Cyber Cup (UA) (2x5 mins),T3RZ x Int1liGenT,T3RZ,Lecce,Int1liGenT,Bologna FC,04/09/2026,18:06:16,Total de Gols,Under,5.5,,,,,2.28,3-1,4-4,Red,-1.0,17592725
,CLA-UA World Cyber Cup (UA) (2x5 mins),Sxitted x mara,Sxitted,Bosnia and Herzegovina,mara,Qatar,04/09/2026,18:10:26,Total de Gols,Under,7.5,,,,,1.62,0-0,5-3,Red,-1.0,17592756
,CLA-UA World Cyber Cup (UA) (2x5 mins),Sxitted x mara,Sxitted,Bosnia and Herzegovina,mara,Qatar,04/09/2026,18:12:38,Total de Gols,Under,6.5,,,,,2.07,0-0,5-3,Red,-1.0,17592756
,CLA-UA World Cyber Cup (UA) (2x5 mins),Sxitted x mara,Sxitted,Bosnia and Herzegovina,mara,Qatar,04/09/2026,18:17:05,Total de Gols,Under,5.5,,,,,2.17,2-0,5-3,Red,-1.0,17592756
,CLA-UA World Cyber Cup (UA) (2x5 mins),Sxitted x mara,Sxitted,Bosnia and Herzegovina,mara,Qatar,04/09/2026,18:18:50,Total de Gols,Under,8.5,,,,,1.82,3-1,5-3,Green,0.82,17592756
,CLA-UA World Cyber Cup (UA) (2x5 mins),Sxitted x Xellark,Sxitted,Bosnia and Herzegovina,Xellark,Ukraine,04/09/2026,18:24:58,Total de Gols,Under,7.5,,,,,1.98,0-0,4-3,Green,0.98,17592753
,CLA-UA World Cyber Cup (UA) (2x5 mins),Sxitted x Xellark,Sxitted,Bosnia and Herzegovina,Xellark,Ukraine,04/09/2026,18:27:26,Total de Gols,Under,8.5,,,,,1.97,0-0,4-3,Green,0.97,17592753
,CLA-UA World Cyber Cup (UA) (2x5 mins),Sxitted x Xellark,Sxitted,Bosnia and Herzegovina,Xellark,Ukraine,04/09/2026,18:27:46,Total de Gols,Under,9.5,,,,,1.62,1-0,4-3,Green,0.62,17592753
, CLA-UA Italy Cyber Cup (UA) (2x5 mins),djamik x Galikooo,djamik,Udinese,Galikooo,Fiorentina,04/09/2026,18:25:57,Total de Gols,Under,8.5,,,,,1.76,0-0,1-6,Green,0.76,17592728
, CLA-UA Italy Cyber Cup (UA) (2x5 mins),djamik x Galikooo,djamik,Udinese,Galikooo,Fiorentina,04/09/2026,18:27:07,Total de Gols,Under,7.5,,,,,2.06,0-0,1-6,Green,1.06,17592728
, CLA-UA Italy Cyber Cup (UA) (2x5 mins),djamik x Galikooo,djamik,Udinese,Galikooo,Fiorentina,04/09/2026,18:28:37,Total de Gols,Under,9.5,,,,,1.61,0-1,1-6,Green,0.61,17592728
, CLA-UA Italy Cyber Cup (UA) (2x5 mins),djamik x Galikooo,djamik,Udinese,Galikooo,Fiorentina,04/09/2026,18:30:13,Total de Gols,Under,10.5,,,,,1.82,1-3,1-6,Green,0.82,17592728
, CLA-UA Italy Cyber Cup (UA) (2x5 mins),djamik x Galikooo,djamik,Udinese,Galikooo,Fiorentina,04/09/2026,18:34:50,Total de Gols,Under,6.5,,,,,2.35,1-4,1-6,Red,-1.0,17592728
, CLA-UA Italy Cyber Cup (UA) (2x5 mins),palkan x T3RZ,palkan,Atalanta,T3RZ,Lecce,04/09/2026,18:26:24,Total de Gols,Under,8.5,,,,,2.03,0-0,2-3,Green,1.03,17592729
, CLA-UA Italy Cyber Cup (UA) (2x5 mins),palkan x T3RZ,palkan,Atalanta,T3RZ,Lecce,04/09/2026,18:26:51,Total de Gols,Under,9.5,,,,,1.91,0-0,2-3,Green,0.91,17592729
, CLA-UA Italy Cyber Cup (UA) (2x5 mins),palkan x T3RZ,palkan,Atalanta,T3RZ,Lecce,04/09/2026,18:28:25,Total de Gols,Under,7.5,,,,,2.02,1-0,2-3,Green,1.02,17592729
, CLA-UA Italy Cyber Cup (UA) (2x5 mins),palkan x T3RZ,palkan,Atalanta,T3RZ,Lecce,04/09/2026,18:29:36,Total de Gols,Under,6.5,,,,,2.12,1-0,2-3,Green,1.12,17592729
, CLA-UA Italy Cyber Cup (UA) (2x5 mins),palkan x T3RZ,palkan,Atalanta,T3RZ,Lecce,04/09/2026,18:36:36,Total de Gols,Under,5.5,,,,,2.41,2-3,2-3,Green,1.41,17592729
,CLA-UA World Cyber Cup (UA) (2x5 mins),Jackson x mara,Jackson,Canada,mara,Qatar,04/09/2026,18:26:20,Total de Gols,Under,7.5,,,,,1.74,0-0,5-1,Green,0.74,17592765
,CLA-UA World Cyber Cup (UA) (2x5 mins),Jackson x mara,Jackson,Canada,mara,Qatar,04/09/2026,18:27:03,Total de Gols,Under,6.5,,,,,2.07,0-0,5-1,Green,1.07,17592765
,CLA-UA World Cyber Cup (UA) (2x5 mins),Jackson x mara,Jackson,Canada,mara,Qatar,04/09/2026,18:28:05,Total de Gols,Under,8.5,,,,,1.62,1-0,5-1,Green,0.62,17592765
,CLA-UA World Cyber Cup (UA) (2x5 mins),Jackson x mara,Jackson,Canada,mara,Qatar,04/09/2026,18:32:55,Total de Gols,Under,5.5,,,,,2.21,3-0,5-1,Red,-1.0,17592765
,CLA-UA World Cyber Cup (UA) (2x5 mins),Shot x mara,Shot,Switzerland,mara,Qatar,04/09/2026,18:54:26,Total de Gols,Under,6.5,,,,,2.02,0-0,4-7,Red,-1.0,17592757
,CLA-UA World Cyber Cup (UA) (2x5 mins),Shot x mara,Shot,Switzerland,mara,Qatar,04/09/2026,18:55:27,Total de Gols,Under,7.5,,,,,1.69,0-0,4-7,Red,-1.0,17592757
,CLA-UA World Cyber Cup (UA) (2x5 mins),Shot x mara,Shot,Switzerland,mara,Qatar,04/09/2026,18:56:55,Total de Gols,Under,8.5,,,,,1.82,1-1,4-7,Red,-1.0,17592757
,CLA-UA World Cyber Cup (UA) (2x5 mins),Shot x mara,Shot,Switzerland,mara,Qatar,04/09/2026,18:57:23,Total de Gols,Under,9.5,,,,,1.69,1-2,4-7,Red,-1.0,17592757
,CLA-UA World Cyber Cup (UA) (2x5 mins),Shot x mara,Shot,Switzerland,mara,Qatar,04/09/2026,18:59:13,Total de Gols,Under,10.5,,,,,1.57,2-3,4-7,Red,-1.0,17592757
,CLA-UA World Cyber Cup (UA) (2x5 mins),Shot x mara,Shot,Switzerland,mara,Qatar,04/09/2026,18:59:55,Total de Gols,Under,11.5,,,,,1.54,2-4,4-7,Green,0.54,17592757
,CLA-UA World Cyber Cup (UA) (2x5 mins),Shot x mara,Shot,Switzerland,mara,Qatar,04/09/2026,19:01:36,Total de Gols,Under,12.5,,,,,1.52,3-5,4-7,Green,0.52,17592757
, CLA-UA Italy Cyber Cup (UA) (2x5 mins),T3RZ x djamik,T3RZ,Lecce,djamik,Udinese,04/09/2026,18:54:26,Total de Gols,Under,7.5,,,,,1.8,0-0,5-4,Red,-1.0,17592734
, CLA-UA Italy Cyber Cup (UA) (2x5 mins),T3RZ x djamik,T3RZ,Lecce,djamik,Udinese,04/09/2026,18:54:40,Total de Gols,Under,8.5,,,,,1.78,0-0,5-4,Red,-1.0,17592734
, CLA-UA Italy Cyber Cup (UA) (2x5 mins),T3RZ x djamik,T3RZ,Lecce,djamik,Udinese,04/09/2026,18:55:00,Total de Gols,Under,9.5,,,,,1.63,1-0,5-4,Green,0.63,17592734
, CLA-UA Italy Cyber Cup (UA) (2x5 mins),T3RZ x djamik,T3RZ,Lecce,djamik,Udinese,04/09/2026,19:03:59,Total de Gols,Under,6.5,,,,,2.51,2-4,5-4,Red,-1.0,17592734
,CLA-UA World Cyber Cup (UA) (2x5 mins),Shot x Xellark,Shot,Switzerland,Xellark,Ukraine,04/09/2026,19:07:25,Total de Gols,Under,6.5,,,,,1.75,0-0,2-1,Green,0.75,17592766
,CLA-UA World Cyber Cup (UA) (2x5 mins),Shot x Xellark,Shot,Switzerland,Xellark,Ukraine,04/09/2026,19:08:49,Total de Gols,Under,5.5,,,,,2.11,0-0,2-1,Green,1.11,17592766
,CLA-UA World Cyber Cup (UA) (2x5 mins),Shot x Xellark,Shot,Switzerland,Xellark,Ukraine,04/09/2026,19:12:38,Total de Gols,Under,4.5,,,,,2.21,1-0,2-1,Green,1.21,17592766
,CLA-UA World Cyber Cup (UA) (2x5 mins),Shot x Xellark,Shot,Switzerland,Xellark,Ukraine,04/09/2026,19:14:36,Total de Gols,Under,3.5,,,,,2.02,1-0,2-1,Green,1.02,17592766
, CLA-UA Italy Cyber Cup (UA) (2x5 mins),Int1liGenT x T3RZ,Int1liGenT,Bologna FC,T3RZ,Lecce,04/09/2026,19:07:53,Total de Gols,Under,7.5,,,,,1.72,0-0,5-5,Red,-1.0,17592739
, CLA-UA Italy Cyber Cup (UA) (2x5 mins),Int1liGenT x T3RZ,Int1liGenT,Bologna FC,T3RZ,Lecce,04/09/2026,19:09:13,Total de Gols,Under,6.5,,,,,2.08,0-0,5-5,Red,-1.0,17592739
, CLA-UA Italy Cyber Cup (UA) (2x5 mins),Int1liGenT x T3RZ,Int1liGenT,Bologna FC,T3RZ,Lecce,04/09/2026,19:10:39,Total de Gols,Under,5.5,,,,,2.12,0-0,5-5,Red,-1.0,17592739
, CLA-UA Italy Cyber Cup (UA) (2x5 mins),Int1liGenT x T3RZ,Int1liGenT,Bologna FC,T3RZ,Lecce,04/09/2026,19:15:41,Total de Gols,Under,8.5,,,,,1.68,3-1,5-5,Red,-1.0,17592739
,CLA-UA World Cyber Cup (UA) (2x5 mins),Shot x Jackson,Shot,Switzerland,Jackson,Canada,04/09/2026,19:22:20,Total de Gols,Under,7.5,,,,,1.71,0-0,2-5,Green,0.71,17592762
,CLA-UA World Cyber Cup (UA) (2x5 mins),Shot x Jackson,Shot,Switzerland,Jackson,Canada,04/09/2026,19:22:47,Total de Gols,Under,6.5,,,,,2.07,0-0,2-5,Red,-1.0,17592762
,CLA-UA World Cyber Cup (UA) (2x5 mins),Shot x Jackson,Shot,Switzerland,Jackson,Canada,04/09/2026,19:23:45,Total de Gols,Under,8.5,,,,,1.69,0-1,2-5,Green,0.69,17592762
,CLA-UA World Cyber Cup (UA) (2x5 mins),Shot x Jackson,Shot,Switzerland,Jackson,Canada,04/09/2026,19:28:28,Total de Gols,Under,5.5,,,,,2.12,0-3,2-5,Red,-1.0,17592762
,CLA-UA World Cyber Cup (UA) (2x5 mins),mara x Jackson,mara,Qatar,Jackson,Canada,04/09/2026,19:36:21,Total de Gols,Under,7.5,,,,,1.66,0-0,1-2,Green,0.66,17592760
,CLA-UA World Cyber Cup (UA) (2x5 mins),mara x Jackson,mara,Qatar,Jackson,Canada,04/09/2026,19:36:38,Total de Gols,Under,6.5,,,,,2.07,0-0,1-2,Green,1.07,17592760
,CLA-UA World Cyber Cup (UA) (2x5 mins),mara x Jackson,mara,Qatar,Jackson,Canada,04/09/2026,19:39:48,Total de Gols,Under,5.5,,,,,2.12,0-1,1-2,Green,1.12,17592760
,CLA-UA World Cyber Cup (UA) (2x5 mins),mara x Jackson,mara,Qatar,Jackson,Canada,04/09/2026,19:42:08,Total de Gols,Under,4.5,,,,,2.22,1-1,1-2,Green,1.22,17592760
,CLA-UA World Cyber Cup (UA) (2x5 mins),mara x Jackson,mara,Qatar,Jackson,Canada,04/09/2026,19:43:47,Total de Gols,Under,3.5,,,,,2.27,1-1,1-2,Green,1.27,17592760
,CLA-UA World Cyber Cup (UA) (2x5 mins),mara x Jackson,mara,Qatar,Jackson,Canada,04/09/2026,19:45:34,Total de Gols,Under,2.5,,,,,2.9,1-1,1-2,Red,-1.0,17592760
, CLA-UA Spain Cyber Cup (UA) (2x5 mins),drksd3 x luxiqq,drksd3,Sevilla,luxiqq,Barcelona,04/09/2026,22:30:11,Total de Gols,Under,8.5,,,,,1.79,0-0,3-5,Green,0.79,17592812
, CLA-UA Spain Cyber Cup (UA) (2x5 mins),drksd3 x luxiqq,drksd3,Sevilla,luxiqq,Barcelona,04/09/2026,22:31:46,Total de Gols,Under,7.5,,,,,2.03,0-0,3-5,Red,-1.0,17592812
, CLA-UA Spain Cyber Cup (UA) (2x5 mins),drksd3 x luxiqq,drksd3,Sevilla,luxiqq,Barcelona,04/09/2026,22:38:00,Total de Gols,Under,6.5,,,,,2.17,1-3,3-5,Red,-1.0,17592812
, CLA-UA Spain Cyber Cup (UA) (2x5 mins),drksd3 x luxiqq,drksd3,Sevilla,luxiqq,Barcelona,04/09/2026,22:39:05,Total de Gols,Under,5.5,,,,,2.36,1-3,3-5,Red,-1.0,17592812
, CLA-UA Spain Cyber Cup (UA) (2x5 mins),luxiqq x FanFan,luxiqq,Barcelona,FanFan,Valencia,04/09/2026,22:57:59,Total de Gols,Under,6.5,,,,,2.07,0-0,4-1,Green,1.07,17592819
, CLA-UA Spain Cyber Cup (UA) (2x5 mins),luxiqq x FanFan,luxiqq,Barcelona,FanFan,Valencia,04/09/2026,22:59:43,Total de Gols,Under,7.5,,,,,1.71,0-0,4-1,Green,0.71,17592819
, CLA-UA Spain Cyber Cup (UA) (2x5 mins),luxiqq x FanFan,luxiqq,Barcelona,FanFan,Valencia,04/09/2026,23:01:20,Total de Gols,Under,5.5,,,,,2.12,1-0,4-1,Green,1.12,17592819
, CLA-UA Spain Cyber Cup (UA) (2x5 mins),femzzi x luxiqq,femzzi,Girona FC,luxiqq,Barcelona,04/09/2026,23:26:02,Total de Gols,Under,7.5,,,,,1.91,0-0,4-3,Green,0.91,17592827
, CLA-UA Spain Cyber Cup (UA) (2x5 mins),femzzi x luxiqq,femzzi,Girona FC,luxiqq,Barcelona,04/09/2026,23:27:27,Total de Gols,Under,6.5,,,,,2.03,0-0,4-3,Red,-1.0,17592827
, CLA-UA Spain Cyber Cup (UA) (2x5 mins),femzzi x luxiqq,femzzi,Girona FC,luxiqq,Barcelona,04/09/2026,23:29:10,Total de Gols,Under,5.5,,,,,2.07,0-0,4-3,Red,-1.0,17592827
, CLA-UA Spain Cyber Cup (UA) (2x5 mins),femzzi x luxiqq,femzzi,Girona FC,luxiqq,Barcelona,04/09/2026,23:30:16,Total de Gols,Under,4.5,,,,,2.17,0-0,4-3,Red,-1.0,17592827
, CLA-UA Spain Cyber Cup (UA) (2x5 mins),femzzi x luxiqq,femzzi,Girona FC,luxiqq,Barcelona,04/09/2026,23:36:02,Total de Gols,Under,8.5,,,,,1.52,4-2,4-3,Green,0.52,17592827
, CLA-UA Spain Cyber Cup (UA) (2x5 mins),luxiqq x abr4m_5,luxiqq,Barcelona,abr4m_5,Celta Vigo,04/09/2026,23:54:05,Total de Gols,Under,8.5,,,,,1.68,0-0,4-5,Red,-1.0,17592832
, CLA-UA Spain Cyber Cup (UA) (2x5 mins),luxiqq x abr4m_5,luxiqq,Barcelona,abr4m_5,Celta Vigo,04/09/2026,23:54:36,Total de Gols,Under,7.5,,,,,2.02,0-0,4-5,Red,-1.0,17592832
, CLA-UA Spain Cyber Cup (UA) (2x5 mins),luxiqq x abr4m_5,luxiqq,Barcelona,abr4m_5,Celta Vigo,04/09/2026,23:55:42,Total de Gols,Under,9.5,,,,,1.65,0-1,4-5,Green,0.65,17592832
, CLA-UA Spain Cyber Cup (UA) (2x5 mins),luxiqq x abr4m_5,luxiqq,Barcelona,abr4m_5,Celta Vigo,04/09/2026,23:56:00,Total de Gols,Under,10.5,,,,,1.62,1-1,4-5,Green,0.62,17592832
, CLA-UA Spain Cyber Cup (UA) (2x5 mins),luxiqq x abr4m_5,luxiqq,Barcelona,abr4m_5,Celta Vigo,04/09/2026,23:57:40,Total de Gols,Under,11.5,,,,,1.62,2-2,4-5,Green,0.62,17592832
, CLA-UA Spain Cyber Cup (UA) (2x5 mins),FanFan x abr4m_5,FanFan,Valencia,abr4m_5,Celta Vigo,05/09/2026,00:22:47,Total de Gols,Under,9.5,,,,,1.62,0-0,6-5,Red,-1.0,17592837
, CLA-UA Spain Cyber Cup (UA) (2x5 mins),FanFan x abr4m_5,FanFan,Valencia,abr4m_5,Celta Vigo,05/09/2026,00:22:53,Total de Gols,Under,8.5,,,,,2.02,1-0,6-5,Red,-1.0,17592837
, CLA-UA Spain Cyber Cup (UA) (2x5 mins),FanFan x abr4m_5,FanFan,Valencia,abr4m_5,Celta Vigo,05/09/2026,00:24:14,Total de Gols,Under,7.5,,,,,2.03,1-0,6-5,Red,-1.0,17592837
, CLA-UA Spain Cyber Cup (UA) (2x5 mins),FanFan x abr4m_5,FanFan,Valencia,abr4m_5,Celta Vigo,05/09/2026,00:28:26,Total de Gols,Under,10.5,,,,,1.83,4-2,6-5,Red,-1.0,17592837
, CLA-UA Spain Cyber Cup (UA) (2x5 mins),luxiqq x femzzi,luxiqq,Barcelona,femzzi,Girona FC,05/09/2026,00:36:11,Total de Gols,Under,7.5,,,,,1.92,0-0,3-3,Green,0.92,17592842
, CLA-UA Spain Cyber Cup (UA) (2x5 mins),luxiqq x femzzi,luxiqq,Barcelona,femzzi,Girona FC,05/09/2026,00:37:33,Total de Gols,Under,8.5,,,,,1.69,0-0,3-3,Green,0.69,17592842
, CLA-UA Spain Cyber Cup (UA) (2x5 mins),luxiqq x femzzi,luxiqq,Barcelona,femzzi,Girona FC,05/09/2026,00:38:56,Total de Gols,Under,6.5,,,,,2.12,1-0,3-3,Green,1.12,17592842
, CLA-UA Italy Cyber Cup (UA) (2x5 mins),k0tik x Voron,k0tik,Bologna FC,Voron,Lecce,05/09/2026,04:59:29,Total de Gols,Under,6.5,,,,,2.02,0-0,4-1,Green,1.02,17604673
, CLA-UA Italy Cyber Cup (UA) (2x5 mins),k0tik x Voron,k0tik,Bologna FC,Voron,Lecce,05/09/2026,05:02:00,Total de Gols,Under,7.5,,,,,1.6,0-0,4-1,Green,0.6,17604673
, CLA-UA Italy Cyber Cup (UA) (2x5 mins),k0tik x Voron,k0tik,Bologna FC,Voron,Lecce,05/09/2026,05:03:51,Total de Gols,Under,5.5,,,,,2.12,1-0,4-1,Green,1.12,17604673
, CLA-UA Italy Cyber Cup (UA) (2x5 mins),k0tik x Voron,k0tik,Bologna FC,Voron,Lecce,05/09/2026,05:09:05,Total de Gols,Under,4.5,,,,,2.28,3-0,4-1,Red,-1.0,17604673
, CLA-UA Spain Cyber Cup (UA) (2x5 mins),mara x Shark,mara,Mallorca,Shark,Espanyol,05/09/2026,05:15:09,Total de Gols,Under,6.5,,,,,1.72,0-0,2-6,Red,-1.0,17604596
, CLA-UA Spain Cyber Cup (UA) (2x5 mins),mara x Shark,mara,Mallorca,Shark,Espanyol,05/09/2026,05:15:47,Total de Gols,Under,5.5,,,,,2.07,0-0,2-6,Red,-1.0,17604596
, CLA-UA Spain Cyber Cup (UA) (2x5 mins),mara x Shark,mara,Mallorca,Shark,Espanyol,05/09/2026,05:19:49,Total de Gols,Under,4.5,,,,,2.17,1-0,2-6,Red,-1.0,17604596
, CLA-UA Spain Cyber Cup (UA) (2x5 mins),mara x Shark,mara,Mallorca,Shark,Espanyol,05/09/2026,05:22:56,Total de Gols,Under,7.5,,,,,1.55,2-2,2-6,Red,-1.0,17604596
, CLA-UA Spain Cyber Cup (UA) (2x5 mins),mara x Shark,mara,Mallorca,Shark,Espanyol,05/09/2026,05:24:21,Total de Gols,Under,8.5,,,,,1.5,2-4,2-6,Green,0.5,17604596
, CLA-UA Italy Cyber Cup (UA) (2x5 mins),aloha x Voron,aloha,Atalanta,Voron,Lecce,05/09/2026,05:13:31,Total de Gols,Under,6.5,,,,,1.65,0-0,2-5,Red,-1.0,17604572
, CLA-UA Italy Cyber Cup (UA) (2x5 mins),aloha x Voron,aloha,Atalanta,Voron,Lecce,05/09/2026,05:14:30,Total de Gols,Under,5.5,,,,,2.12,0-0,2-5,Red,-1.0,17604572
, CLA-UA Italy Cyber Cup (UA) (2x5 mins),aloha x Voron,aloha,Atalanta,Voron,Lecce,05/09/2026,05:15:39,Total de Gols,Under,7.5,,,,,1.8,1-0,2-5,Green,0.8,17604572
, CLA-UA Italy Cyber Cup (UA) (2x5 mins),aloha x Voron,aloha,Atalanta,Voron,Lecce,05/09/2026,05:16:12,Total de Gols,Under,8.5,,,,,1.75,1-1,2-5,Green,0.75,17604572
, CLA-UA Italy Cyber Cup (UA) (2x5 mins),aloha x Voron,aloha,Atalanta,Voron,Lecce,05/09/2026,05:20:44,Total de Gols,Under,9.5,,,,,1.56,1-4,2-5,Green,0.56,17604572
, CLA-UA Spain Cyber Cup (UA) (2x5 mins),Jackson x Yoru,Jackson,Levante,Yoru,Villarreal,05/09/2026,05:14:19,Total de Gols,Under,8.5,,,,,1.7,0-0,4-5,Red,-1.0,17604603
, CLA-UA Spain Cyber Cup (UA) (2x5 mins),Jackson x Yoru,Jackson,Levante,Yoru,Villarreal,05/09/2026,05:14:35,Total de Gols,Under,7.5,,,,,2.07,0-0,4-5,Red,-1.0,17604603
, CLA-UA Spain Cyber Cup (UA) (2x5 mins),Jackson x Yoru,Jackson,Levante,Yoru,Villarreal,05/09/2026,05:17:22,Total de Gols,Under,6.5,,,,,2.07,0-1,4-5,Red,-1.0,17604603
, CLA-UA Spain Cyber Cup (UA) (2x5 mins),Jackson x Yoru,Jackson,Levante,Yoru,Villarreal,05/09/2026,05:19:15,Total de Gols,Under,5.5,,,,,2.17,0-2,4-5,Red,-1.0,17604603
, CLA-UA Italy Cyber Cup (UA) (2x5 mins),k0tik x palkan,k0tik,Bologna FC,palkan,Napoli,05/09/2026,05:14:19,Total de Gols,Under,8.5,,,,,1.65,0-0,5-4,Red,-1.0,17604675
, CLA-UA Italy Cyber Cup (UA) (2x5 mins),k0tik x palkan,k0tik,Bologna FC,palkan,Napoli,05/09/2026,05:14:27,Total de Gols,Under,7.5,,,,,2.03,0-0,5-4,Red,-1.0,17604675
, CLA-UA Italy Cyber Cup (UA) (2x5 mins),k0tik x palkan,k0tik,Bologna FC,palkan,Napoli,05/09/2026,05:15:49,Total de Gols,Under,6.5,,,,,2.11,0-0,5-4,Red,-1.0,17604675
, CLA-UA Italy Cyber Cup (UA) (2x5 mins),k0tik x palkan,k0tik,Bologna FC,palkan,Napoli,05/09/2026,05:19:43,Total de Gols,Under,9.5,,,,,1.76,2-2,5-4,Green,0.76,17604675
, CLA-UA Italy Cyber Cup (UA) (2x5 mins),Voron x palkan,Voron,Lecce,palkan,Napoli,05/09/2026,05:28:05,Total de Gols,Under,8.5,,,,,1.84,0-0,1-6,Green,0.84,17604573
, CLA-UA Italy Cyber Cup (UA) (2x5 mins),Voron x palkan,Voron,Lecce,palkan,Napoli,05/09/2026,05:29:02,Total de Gols,Under,9.5,,,,,1.65,0-0,1-6,Green,0.65,17604573
, CLA-UA Italy Cyber Cup (UA) (2x5 mins),Voron x palkan,Voron,Lecce,palkan,Napoli,05/09/2026,05:33:16,Total de Gols,Under,10.5,,,,,1.6,1-3,1-6,Green,0.6,17604573
, CLA-UA Italy Cyber Cup (UA) (2x5 mins),Voron x palkan,Voron,Lecce,palkan,Napoli,05/09/2026,05:38:04,Total de Gols,Under,7.5,,,,,2.56,1-6,1-6,Green,1.56,17604573
, CLA-UA Spain Cyber Cup (UA) (2x5 mins),Jackson x TOMMY,Jackson,Levante,TOMMY,Rayo Vallecano,05/09/2026,05:28:16,Total de Gols,Under,8.5,,,,,1.97,0-0,2-6,Green,0.97,17604600
, CLA-UA Spain Cyber Cup (UA) (2x5 mins),Jackson x TOMMY,Jackson,Levante,TOMMY,Rayo Vallecano,05/09/2026,05:28:26,Total de Gols,Under,9.5,,,,,1.85,0-0,2-6,Green,0.85,17604600
, CLA-UA Spain Cyber Cup (UA) (2x5 mins),Jackson x TOMMY,Jackson,Levante,TOMMY,Rayo Vallecano,05/09/2026,05:32:43,Total de Gols,Under,7.5,,,,,2.12,0-3,2-6,Red,-1.0,17604600
, CLA-UA Spain Cyber Cup (UA) (2x5 mins),Jackson x TOMMY,Jackson,Levante,TOMMY,Rayo Vallecano,05/09/2026,05:35:25,Total de Gols,Under,6.5,,,,,2.22,1-3,2-6,Red,-1.0,17604600
, CLA-UA Spain Cyber Cup (UA) (2x5 mins),Jackson x TOMMY,Jackson,Levante,TOMMY,Rayo Vallecano,05/09/2026,05:36:29,Total de Gols,Under,5.5,,,,,2.26,1-3,2-6,Red,-1.0,17604600
, CLA-UA Spain Cyber Cup (UA) (2x5 mins),Yoru x Shark,Yoru,Villarreal,Shark,Espanyol,05/09/2026,05:28:49,Total de Gols,Under,6.5,,,,,1.85,0-0,1-4,Green,0.85,17604590
, CLA-UA Spain Cyber Cup (UA) (2x5 mins),Yoru x Shark,Yoru,Villarreal,Shark,Espanyol,05/09/2026,05:29:46,Total de Gols,Under,5.5,,,,,2.08,0-0,1-4,Green,1.08,17604590
, CLA-UA Spain Cyber Cup (UA) (2x5 mins),Yoru x Shark,Yoru,Villarreal,Shark,Espanyol,05/09/2026,05:35:34,Total de Gols,Under,4.5,,,,,2.27,1-1,1-4,Red,-1.0,17604590
, CLA-UA Italy Cyber Cup (UA) (2x5 mins),T3RZ x k0tik,T3RZ,Juventus,k0tik,Bologna FC,05/09/2026,05:42:18,Total de Gols,Under,7.5,,,,,1.98,0-0,2-3,Green,0.98,17604676
, CLA-UA Italy Cyber Cup (UA) (2x5 mins),T3RZ x k0tik,T3RZ,Juventus,k0tik,Bologna FC,05/09/2026,05:43:30,Total de Gols,Under,6.5,,,,,2.12,0-0,2-3,Green,1.12,17604676
, CLA-UA Italy Cyber Cup (UA) (2x5 mins),T3RZ x k0tik,T3RZ,Juventus,k0tik,Bologna FC,05/09/2026,05:45:00,Total de Gols,Under,5.5,,,,,2.07,0-0,2-3,Green,1.07,17604676
, CLA-UA Italy Cyber Cup (UA) (2x5 mins),T3RZ x k0tik,T3RZ,Juventus,k0tik,Bologna FC,05/09/2026,05:46:08,Total de Gols,Under,4.5,,,,,2.17,0-0,2-3,Red,-1.0,17604676
, CLA-UA Italy Cyber Cup (UA) (2x5 mins),T3RZ x k0tik,T3RZ,Juventus,k0tik,Bologna FC,05/09/2026,05:47:36,Total de Gols,Under,3.5,,,,,1.69,0-0,2-3,Red,-1.0,17604676
, CLA-UA Spain Cyber Cup (UA) (2x5 mins),Jackson x Shark,Jackson,Levante,Shark,Espanyol,05/09/2026,05:42:18,Total de Gols,Under,7.5,,,,,1.69,0-0,5-5,Red,-1.0,17604583
, CLA-UA Spain Cyber Cup (UA) (2x5 mins),Jackson x Shark,Jackson,Levante,Shark,Espanyol,05/09/2026,05:42:58,Total de Gols,Under,8.5,,,,,1.97,0-1,5-5,Red,-1.0,17604583
, CLA-UA Spain Cyber Cup (UA) (2x5 mins),Jackson x Shark,Jackson,Levante,Shark,Espanyol,05/09/2026,05:43:40,Total de Gols,Under,9.5,,,,,1.73,1-1,5-5,Red,-1.0,17604583
, CLA-UA Spain Cyber Cup (UA) (2x5 mins),Jackson x Shark,Jackson,Levante,Shark,Espanyol,05/09/2026,05:46:22,Total de Gols,Under,10.5,,,,,1.86,2-3,5-5,Green,0.86,17604583
, CLA-UA Spain Cyber Cup (UA) (2x5 mins),Jackson x Shark,Jackson,Levante,Shark,Espanyol,05/09/2026,05:50:36,Total de Gols,Under,11.5,,,,,1.5,5-3,5-5,Green,0.5,17604583
, CLA-UA Spain Cyber Cup (UA) (2x5 mins),Jackson x mara,Jackson,Levante,mara,Mallorca,05/09/2026,05:56:29,Total de Gols,Under,7.5,,,,,1.65,0-0,2-2,Green,0.65,17604587
, CLA-UA Spain Cyber Cup (UA) (2x5 mins),Jackson x mara,Jackson,Levante,mara,Mallorca,05/09/2026,05:56:40,Total de Gols,Under,6.5,,,,,2.11,0-0,2-2,Green,1.11,17604587
, CLA-UA Spain Cyber Cup (UA) (2x5 mins),Jackson x mara,Jackson,Levante,mara,Mallorca,05/09/2026,06:00:06,Total de Gols,Under,5.5,,,,,2.12,0-1,2-2,Green,1.12,17604587
, CLA-UA Spain Cyber Cup (UA) (2x5 mins),Jackson x mara,Jackson,Levante,mara,Mallorca,05/09/2026,06:01:09,Total de Gols,Under,4.5,,,,,2.12,0-1,2-2,Green,1.12,17604587
, CLA-UA Spain Cyber Cup (UA) (2x5 mins),Jackson x mara,Jackson,Levante,mara,Mallorca,05/09/2026,06:05:55,Total de Gols,Under,3.5,,,,,2.46,2-1,2-2,Red,-1.0,17604587
, CLA-UA Italy Cyber Cup (UA) (2x5 mins),aloha x k0tik,aloha,Atalanta,k0tik,Bologna FC,05/09/2026,05:55:30,Total de Gols,Under,7.5,,,,,1.7,0-0,2-5,Green,0.7,17604677
, CLA-UA Italy Cyber Cup (UA) (2x5 mins),aloha x k0tik,aloha,Atalanta,k0tik,Bologna FC,05/09/2026,05:56:47,Total de Gols,Under,6.5,,,,,2.06,0-0,2-5,Red,-1.0,17604677
, CLA-UA Spain Cyber Cup (UA) (2x5 mins),Yoru x mara,Yoru,Villarreal,mara,Mallorca,05/09/2026,06:10:21,Total de Gols,Under,8.5,,,,,1.69,0-0,3-5,Green,0.69,17604585
, CLA-UA Spain Cyber Cup (UA) (2x5 mins),Yoru x mara,Yoru,Villarreal,mara,Mallorca,05/09/2026,06:10:48,Total de Gols,Under,7.5,,,,,2.02,0-0,3-5,Red,-1.0,17604585
, CLA-UA Spain Cyber Cup (UA) (2x5 mins),Yoru x mara,Yoru,Villarreal,mara,Mallorca,05/09/2026,06:13:02,Total de Gols,Under,9.5,,,,,1.76,1-1,3-5,Green,0.76,17604585
, CLA-UA Spain Cyber Cup (UA) (2x5 mins),Yoru x mara,Yoru,Villarreal,mara,Mallorca,05/09/2026,06:17:08,Total de Gols,Under,10.5,,,,,1.54,1-5,3-5,Green,0.54,17604585
, CLA-UA Italy Cyber Cup (UA) (2x5 mins),T3RZ x palkan,T3RZ,Juventus,palkan,Napoli,05/09/2026,06:10:21,Total de Gols,Under,8.5,,,,,1.69,0-0,4-3,Green,0.69,17604577
, CLA-UA Italy Cyber Cup (UA) (2x5 mins),T3RZ x palkan,T3RZ,Juventus,palkan,Napoli,05/09/2026,06:10:46,Total de Gols,Under,7.5,,,,,2.01,0-0,4-3,Green,1.01,17604577
, CLA-UA Italy Cyber Cup (UA) (2x5 mins),T3RZ x palkan,T3RZ,Juventus,palkan,Napoli,05/09/2026,06:15:12,Total de Gols,Under,6.5,,,,,2.12,1-2,4-3,Red,-1.0,17604577
, CLA-UA Italy Cyber Cup (UA) (2x5 mins),T3RZ x palkan,T3RZ,Juventus,palkan,Napoli,05/09/2026,06:18:29,Total de Gols,Under,5.5,,,,,2.31,2-2,4-3,Red,-1.0,17604577
, CLA-UA Spain Cyber Cup (UA) (2x5 mins),Shark x mara,Shark,Espanyol,mara,Mallorca,05/09/2026,06:24:19,Total de Gols,Under,6.5,,,,,1.75,0-0,4-3,Red,-1.0,17604594
, CLA-UA Spain Cyber Cup (UA) (2x5 mins),Shark x mara,Shark,Espanyol,mara,Mallorca,05/09/2026,06:25:32,Total de Gols,Under,7.5,,,,,1.69,1-0,4-3,Green,0.69,17604594
, CLA-UA Spain Cyber Cup (UA) (2x5 mins),Shark x mara,Shark,Espanyol,mara,Mallorca,05/09/2026,06:27:44,Total de Gols,Under,8.5,,,,,1.59,1-1,4-3,Green,0.59,17604594
, CLA-UA Spain Cyber Cup (UA) (2x5 mins),Shark x mara,Shark,Espanyol,mara,Mallorca,05/09/2026,06:30:43,Total de Gols,Under,9.5,,,,,1.83,3-2,4-3,Green,0.83,17604594
, CLA-UA Spain Cyber Cup (UA) (2x5 mins),TOMMY x Jackson,TOMMY,Rayo Vallecano,Jackson,Levante,05/09/2026,06:38:12,Total de Gols,Under,8.5,,,,,1.97,0-0,7-4,Red,-1.0,17604595
, CLA-UA Spain Cyber Cup (UA) (2x5 mins),TOMMY x Jackson,TOMMY,Rayo Vallecano,Jackson,Levante,05/09/2026,06:38:28,Total de Gols,Under,9.5,,,,,1.84,0-0,7-4,Red,-1.0,17604595
, CLA-UA Spain Cyber Cup (UA) (2x5 mins),TOMMY x Jackson,TOMMY,Rayo Vallecano,Jackson,Levante,05/09/2026,06:40:42,Total de Gols,Under,7.5,,,,,2.03,1-0,7-4,Red,-1.0,17604595
, CLA-UA Spain Cyber Cup (UA) (2x5 mins),TOMMY x Jackson,TOMMY,Rayo Vallecano,Jackson,Levante,05/09/2026,06:46:50,Total de Gols,Under,10.5,,,,,1.48,5-2,7-4,Red,-1.0,17604595
, CLA-UA Spain Cyber Cup (UA) (2x5 mins),Shark x Yoru,Shark,Espanyol,Yoru,Villarreal,05/09/2026,06:38:18,Total de Gols,Under,6.5,,,,,1.79,0-0,1-4,Green,0.79,17604597
, CLA-UA Spain Cyber Cup (UA) (2x5 mins),Shark x Yoru,Shark,Espanyol,Yoru,Villarreal,05/09/2026,06:39:08,Total de Gols,Under,5.5,,,,,2.08,0-0,1-4,Green,1.08,17604597
, CLA-UA Spain Cyber Cup (UA) (2x5 mins),Shark x Yoru,Shark,Espanyol,Yoru,Villarreal,05/09/2026,06:40:49,Total de Gols,Under,4.5,,,,,2.17,0-0,1-4,Red,-1.0,17604597
, CLA-UA Spain Cyber Cup (UA) (2x5 mins),Shark x Yoru,Shark,Espanyol,Yoru,Villarreal,05/09/2026,06:42:30,Total de Gols,Under,7.5,,,,,1.54,0-2,1-4,Green,0.54,17604597
,CLA-UA World Cyber Cup (UA) (2x5 mins),Kairox x shatik666,Kairox,Bosnia and Herzegovina,shatik666,Switzerland,05/09/2026,06:52:13,Total de Gols,Under,7.5,,,,,1.88,0-0,1-3,Green,0.88,17604610
,CLA-UA World Cyber Cup (UA) (2x5 mins),Kairox x shatik666,Kairox,Bosnia and Herzegovina,shatik666,Switzerland,05/09/2026,06:52:53,Total de Gols,Under,8.5,,,,,1.71,0-0,1-3,Green,0.71,17604610
,CLA-UA World Cyber Cup (UA) (2x5 mins),Kairox x shatik666,Kairox,Bosnia and Herzegovina,shatik666,Switzerland,05/09/2026,06:55:01,Total de Gols,Under,6.5,,,,,2.07,0-1,1-3,Green,1.07,17604610
,CLA-UA World Cyber Cup (UA) (2x5 mins),Kairox x shatik666,Kairox,Bosnia and Herzegovina,shatik666,Switzerland,05/09/2026,07:00:42,Total de Gols,Under,5.5,,,,,2.31,1-3,1-3,Green,1.31,17604610
,CLA-UA World Cyber Cup (UA) (2x5 mins),Kairox x shatik666,Kairox,Bosnia and Herzegovina,shatik666,Switzerland,05/09/2026,07:01:52,Total de Gols,Under,4.5,,,,,2.71,1-3,1-3,Green,1.71,17604610
, CLA-UA Italy Cyber Cup (UA) (2x5 mins),k0tik x T3RZ,k0tik,Bologna FC,T3RZ,Juventus,05/09/2026,06:52:13,Total de Gols,Under,7.5,,,,,1.62,0-0,4-6,Red,-1.0,17604719
, CLA-UA Italy Cyber Cup (UA) (2x5 mins),k0tik x T3RZ,k0tik,Bologna FC,T3RZ,Juventus,05/09/2026,06:52:22,Total de Gols,Under,6.5,,,,,2.07,0-0,4-6,Red,-1.0,17604719
, CLA-UA Italy Cyber Cup (UA) (2x5 mins),k0tik x T3RZ,k0tik,Bologna FC,T3RZ,Juventus,05/09/2026,06:53:50,Total de Gols,Under,8.5,,,,,1.62,0-1,4-6,Red,-1.0,17604719
, CLA-UA Italy Cyber Cup (UA) (2x5 mins),k0tik x T3RZ,k0tik,Bologna FC,T3RZ,Juventus,05/09/2026,06:54:46,Total de Gols,Under,9.5,,,,,1.81,1-2,4-6,Red,-1.0,17604719
, CLA-UA Italy Cyber Cup (UA) (2x5 mins),k0tik x T3RZ,k0tik,Bologna FC,T3RZ,Juventus,05/09/2026,07:02:11,Total de Gols,Under,10.5,,,,,2.27,3-6,4-6,Green,1.27,17604719
,CLA-UA World Cyber Cup (UA) (2x5 mins),Kairox x four,Kairox,Bosnia and Herzegovina,four,Canada,05/09/2026,07:05:21,Total de Gols,Under,7.5,,,,,1.74,0-0,5-3,Red,-1.0,17604730
,CLA-UA World Cyber Cup (UA) (2x5 mins),Kairox x four,Kairox,Bosnia and Herzegovina,four,Canada,05/09/2026,07:06:31,Total de Gols,Under,8.5,,,,,1.73,0-0,5-3,Green,0.73,17604730
,CLA-UA World Cyber Cup (UA) (2x5 mins),Kairox x four,Kairox,Bosnia and Herzegovina,four,Canada,05/09/2026,07:08:18,Total de Gols,Under,6.5,,,,,2.12,1-0,5-3,Red,-1.0,17604730
, CLA-UA Spain Cyber Cup (UA) (2x5 mins),mara x Jackson,mara,Mallorca,Jackson,Levante,05/09/2026,07:06:22,Total de Gols,Under,6.5,,,,,2.08,0-0,9-2,Red,-1.0,17604584
, CLA-UA Spain Cyber Cup (UA) (2x5 mins),mara x Jackson,mara,Mallorca,Jackson,Levante,05/09/2026,07:06:55,Total de Gols,Under,7.5,,,,,1.93,0-0,9-2,Red,-1.0,17604584
, CLA-UA Spain Cyber Cup (UA) (2x5 mins),mara x Jackson,mara,Mallorca,Jackson,Levante,05/09/2026,07:07:27,Total de Gols,Under,8.5,,,,,1.79,1-0,9-2,Red,-1.0,17604584
, CLA-UA Spain Cyber Cup (UA) (2x5 mins),mara x Jackson,mara,Mallorca,Jackson,Levante,05/09/2026,07:07:59,Total de Gols,Under,9.5,,,,,1.62,2-0,9-2,Red,-1.0,17604584
, CLA-UA Spain Cyber Cup (UA) (2x5 mins),mara x Jackson,mara,Mallorca,Jackson,Levante,05/09/2026,07:11:11,Total de Gols,Under,10.5,,,,,1.72,4-1,9-2,Red,-1.0,17604584
, CLA-UA Spain Cyber Cup (UA) (2x5 mins),mara x Jackson,mara,Mallorca,Jackson,Levante,05/09/2026,07:16:03,Total de Gols,Under,11.5,,,,,1.52,7-2,9-2,Green,0.52,17604584
,CLA-UA Argentina Cyber Cup (UA) (2x5 mins),mara x Shark,mara,River Plate,Shark,Independiente,05/09/2026,07:44:47,Total de Gols,Under,6.5,,,,,1.71,0-0,4-3,Red,-1.0,17604769
,CLA-UA Argentina Cyber Cup (UA) (2x5 mins),mara x Shark,mara,River Plate,Shark,Independiente,05/09/2026,07:45:15,Total de Gols,Under,5.5,,,,,2.12,0-0,4-3,Red,-1.0,17604769
,CLA-UA Argentina Cyber Cup (UA) (2x5 mins),mara x Shark,mara,River Plate,Shark,Independiente,05/09/2026,07:48:52,Total de Gols,Under,4.5,,,,,2.21,0-1,4-3,Red,-1.0,17604769
,CLA-UA Argentina Cyber Cup (UA) (2x5 mins),mara x Shark,mara,River Plate,Shark,Independiente,05/09/2026,07:52:40,Total de Gols,Under,7.5,,,,,1.48,2-2,4-3,Green,0.48,17604769
, CLA-UA Champions Cyber League (UA) (2x5 mins),Kairox x Nlui_22,Kairox,PSG,Nlui_22,Arsenal,05/09/2026,07:44:18,Total de Gols,Under,7.5,,,,,1.74,0-0,3-5,Red,-1.0,17604792
, CLA-UA Champions Cyber League (UA) (2x5 mins),Kairox x Nlui_22,Kairox,PSG,Nlui_22,Arsenal,05/09/2026,07:44:57,Total de Gols,Under,6.5,,,,,2.07,0-0,3-5,Red,-1.0,17604792
, CLA-UA Champions Cyber League (UA) (2x5 mins),Kairox x Nlui_22,Kairox,PSG,Nlui_22,Arsenal,05/09/2026,07:47:47,Total de Gols,Under,5.5,,,,,2.16,0-1,3-5,Red,-1.0,17604792
, CLA-UA Champions Cyber League (UA) (2x5 mins),Kairox x Nlui_22,Kairox,PSG,Nlui_22,Arsenal,05/09/2026,07:50:22,Total de Gols,Under,8.5,,,,,1.85,0-4,3-5,Green,0.85,17604792
, CLA-UA Champions Cyber League (UA) (2x5 mins),Kairox x Nlui_22,Kairox,PSG,Nlui_22,Arsenal,05/09/2026,07:50:37,Total de Gols,Under,9.5,,,,,1.73,0-5,3-5,Green,0.73,17604792
,CLA-UA Argentina Cyber Cup (UA) (2x5 mins),Jackson x Yoru,Jackson,Estudiantes L.P.,Yoru,Boca Juniors,05/09/2026,07:44:18,Total de Gols,Under,8.5,,,,,1.71,0-0,5-5,Red,-1.0,17604634
,CLA-UA Argentina Cyber Cup (UA) (2x5 mins),Jackson x Yoru,Jackson,Estudiantes L.P.,Yoru,Boca Juniors,05/09/2026,07:44:42,Total de Gols,Under,7.5,,,,,2.01,0-0,5-5,Red,-1.0,17604634
,CLA-UA Argentina Cyber Cup (UA) (2x5 mins),Jackson x Yoru,Jackson,Estudiantes L.P.,Yoru,Boca Juniors,05/09/2026,07:48:36,Total de Gols,Under,6.5,,,,,2.16,1-1,5-5,Red,-1.0,17604634
,CLA-UA Argentina Cyber Cup (UA) (2x5 mins),Jackson x Yoru,Jackson,Estudiantes L.P.,Yoru,Boca Juniors,05/09/2026,07:51:18,Total de Gols,Under,9.5,,,,,1.62,3-2,5-5,Red,-1.0,17604634
, CLA-UA France Cyber Cup (UA) (2x5 mins),k0tik x palkan,k0tik,Strasbourg,palkan,PSG,05/09/2026,07:44:18,Total de Gols,Under,8.5,,,,,1.76,0-0,2-5,Green,0.76,17604615
, CLA-UA France Cyber Cup (UA) (2x5 mins),k0tik x palkan,k0tik,Strasbourg,palkan,PSG,05/09/2026,07:44:42,Total de Gols,Under,7.5,,,,,2.07,0-0,2-5,Green,1.07,17604615
, CLA-UA France Cyber Cup (UA) (2x5 mins),k0tik x palkan,k0tik,Strasbourg,palkan,PSG,05/09/2026,07:53:16,Total de Gols,Under,6.5,,,,,2.28,2-3,2-5,Red,-1.0,17604615
, CLA-UA France Cyber Cup (UA) (2x5 mins),k0tik x palkan,k0tik,Strasbourg,palkan,PSG,05/09/2026,07:54:15,Total de Gols,Under,5.5,,,,,2.61,2-3,2-5,Red,-1.0,17604615
, CLA-UA Champions Cyber League (UA) (2x5 mins),zyX x Nlui_22,zyX,Sporting CP,Nlui_22,Arsenal,05/09/2026,07:58:22,Total de Gols,Under,8.5,,,,,1.79,0-0,2-4,Green,0.79,17604793
, CLA-UA Champions Cyber League (UA) (2x5 mins),zyX x Nlui_22,zyX,Sporting CP,Nlui_22,Arsenal,05/09/2026,07:59:10,Total de Gols,Under,7.5,,,,,2.02,0-0,2-4,Green,1.02,17604793
, CLA-UA Champions Cyber League (UA) (2x5 mins),zyX x Nlui_22,zyX,Sporting CP,Nlui_22,Arsenal,05/09/2026,08:01:39,Total de Gols,Under,6.5,,,,,2.08,0-1,2-4,Green,1.08,17604793
, CLA-UA Champions Cyber League (UA) (2x5 mins),zyX x Nlui_22,zyX,Sporting CP,Nlui_22,Arsenal,05/09/2026,08:06:20,Total de Gols,Under,5.5,,,,,2.32,1-3,2-4,Red,-1.0,17604793
,CLA-UA Argentina Cyber Cup (UA) (2x5 mins),Yoru x Shark,Yoru,Boca Juniors,Shark,Independiente,05/09/2026,07:58:22,Total de Gols,Under,6.5,,,,,1.69,0-0,3-5,Red,-1.0,17604636
,CLA-UA Argentina Cyber Cup (UA) (2x5 mins),Yoru x Shark,Yoru,Boca Juniors,Shark,Independiente,05/09/2026,07:58:26,Total de Gols,Under,7.5,,,,,1.68,0-0,3-5,Red,-1.0,17604636
,CLA-UA Argentina Cyber Cup (UA) (2x5 mins),Yoru x Shark,Yoru,Boca Juniors,Shark,Independiente,05/09/2026,08:00:31,Total de Gols,Under,8.5,,,,,1.59,1-1,3-5,Green,0.59,17604636
,CLA-UA Argentina Cyber Cup (UA) (2x5 mins),Yoru x Shark,Yoru,Boca Juniors,Shark,Independiente,05/09/2026,08:01:34,Total de Gols,Under,9.5,,,,,1.78,2-2,3-5,Green,0.78,17604636
,CLA-UA Argentina Cyber Cup (UA) (2x5 mins),Yoru x Shark,Yoru,Boca Juniors,Shark,Independiente,05/09/2026,08:04:05,Total de Gols,Under,10.5,,,,,1.6,2-4,3-5,Green,0.6,17604636
,CLA-UA Argentina Cyber Cup (UA) (2x5 mins),Jackson x TOMMY,Jackson,Estudiantes L.P.,TOMMY,Racing Club,05/09/2026,07:58:22,Total de Gols,Under,8.5,,,,,1.94,0-0,2-7,Red,-1.0,17604635
,CLA-UA Argentina Cyber Cup (UA) (2x5 mins),Jackson x TOMMY,Jackson,Estudiantes L.P.,TOMMY,Racing Club,05/09/2026,07:59:17,Total de Gols,Under,7.5,,,,,2.07,0-0,2-7,Red,-1.0,17604635
,CLA-UA Argentina Cyber Cup (UA) (2x5 mins),Jackson x TOMMY,Jackson,Estudiantes L.P.,TOMMY,Racing Club,05/09/2026,08:00:40,Total de Gols,Under,6.5,,,,,2.06,0-0,2-7,Red,-1.0,17604635
,CLA-UA Argentina Cyber Cup (UA) (2x5 mins),Jackson x TOMMY,Jackson,Estudiantes L.P.,TOMMY,Racing Club,05/09/2026,08:04:15,Total de Gols,Under,5.5,,,,,2.17,0-2,2-7,Red,-1.0,17604635
, CLA-UA France Cyber Cup (UA) (2x5 mins),Voron x palkan,Voron,AJ Auxerre,palkan,PSG,05/09/2026,07:58:22,Total de Gols,Under,8.5,,,,,1.7,0-0,4-7,Red,-1.0,17604617
, CLA-UA France Cyber Cup (UA) (2x5 mins),Voron x palkan,Voron,AJ Auxerre,palkan,PSG,05/09/2026,07:58:28,Total de Gols,Under,9.5,,,,,1.63,0-0,4-7,Red,-1.0,17604617
, CLA-UA France Cyber Cup (UA) (2x5 mins),Voron x palkan,Voron,AJ Auxerre,palkan,PSG,05/09/2026,07:59:38,Total de Gols,Under,10.5,,,,,1.7,0-2,4-7,Red,-1.0,17604617
, CLA-UA France Cyber Cup (UA) (2x5 mins),Voron x palkan,Voron,AJ Auxerre,palkan,PSG,05/09/2026,08:00:58,Total de Gols,Under,11.5,,,,,1.71,1-3,4-7,Green,0.71,17604617
, CLA-UA France Cyber Cup (UA) (2x5 mins),T3RZ x k0tik,T3RZ,Marseille,k0tik,Strasbourg,05/09/2026,08:12:12,Total de Gols,Under,7.5,,,,,1.83,0-0,3-2,Green,0.83,17604619
, CLA-UA France Cyber Cup (UA) (2x5 mins),T3RZ x k0tik,T3RZ,Marseille,k0tik,Strasbourg,05/09/2026,08:13:11,Total de Gols,Under,6.5,,,,,2.08,0-0,3-2,Green,1.08,17604619
, CLA-UA France Cyber Cup (UA) (2x5 mins),T3RZ x k0tik,T3RZ,Marseille,k0tik,Strasbourg,05/09/2026,08:20:24,Total de Gols,Under,5.5,,,,,2.36,2-2,3-2,Green,1.36,17604619
, CLA-UA France Cyber Cup (UA) (2x5 mins),T3RZ x k0tik,T3RZ,Marseille,k0tik,Strasbourg,05/09/2026,08:21:40,Total de Gols,Under,4.5,,,,,2.8,2-2,3-2,Red,-1.0,17604619
, CLA-UA France Cyber Cup (UA) (2x5 mins),aloha x palkan,aloha,Nice,palkan,PSG,05/09/2026,08:11:38,Total de Gols,Under,7.5,,,,,1.74,0-0,4-4,Red,-1.0,17604618
, CLA-UA France Cyber Cup (UA) (2x5 mins),aloha x palkan,aloha,Nice,palkan,PSG,05/09/2026,08:13:11,Total de Gols,Under,6.5,,,,,2.07,0-0,4-4,Red,-1.0,17604618
, CLA-UA France Cyber Cup (UA) (2x5 mins),aloha x palkan,aloha,Nice,palkan,PSG,05/09/2026,08:15:43,Total de Gols,Under,8.5,,,,,1.69,1-1,4-4,Green,0.69,17604618
, CLA-UA Champions Cyber League (UA) (2x5 mins),shatik666 x Kairox,shatik666,Besiktas,Kairox,PSG,05/09/2026,08:12:12,Total de Gols,Under,7.5,,,,,1.88,0-0,5-4,Red,-1.0,17604795
, CLA-UA Champions Cyber League (UA) (2x5 mins),shatik666 x Kairox,shatik666,Besiktas,Kairox,PSG,05/09/2026,08:13:11,Total de Gols,Under,6.5,,,,,2.12,0-0,5-4,Red,-1.0,17604795
, CLA-UA Champions Cyber League (UA) (2x5 mins),shatik666 x Kairox,shatik666,Besiktas,Kairox,PSG,05/09/2026,08:15:58,Total de Gols,Under,5.5,,,,,2.01,1-0,5-4,Red,-1.0,17604795
, CLA-UA Champions Cyber League (UA) (2x5 mins),shatik666 x Kairox,shatik666,Besiktas,Kairox,PSG,05/09/2026,08:18:19,Total de Gols,Under,8.5,,,,,1.77,2-2,5-4,Red,-1.0,17604795
, CLA-UA Champions Cyber League (UA) (2x5 mins),shatik666 x Kairox,shatik666,Besiktas,Kairox,PSG,05/09/2026,08:20:03,Total de Gols,Under,9.5,,,,,1.65,3-3,5-4,Green,0.65,17604795
, CLA-UA Champions Cyber League (UA) (2x5 mins),four x Kairox,four,Chelsea,Kairox,PSG,05/09/2026,08:25:48,Total de Gols,Under,7.5,,,,,1.74,0-0,4-1,Green,0.74,17604797
, CLA-UA Champions Cyber League (UA) (2x5 mins),four x Kairox,four,Chelsea,Kairox,PSG,05/09/2026,08:26:47,Total de Gols,Under,8.5,,,,,1.62,0-0,4-1,Green,0.62,17604797
, CLA-UA Champions Cyber League (UA) (2x5 mins),four x Kairox,four,Chelsea,Kairox,PSG,05/09/2026,08:28:08,Total de Gols,Under,6.5,,,,,2.07,1-0,4-1,Green,1.07,17604797
, CLA-UA Champions Cyber League (UA) (2x5 mins),four x Kairox,four,Chelsea,Kairox,PSG,05/09/2026,08:33:06,Total de Gols,Under,5.5,,,,,2.21,2-1,4-1,Green,1.21,17604797
, CLA-UA Champions Cyber League (UA) (2x5 mins),four x Kairox,four,Chelsea,Kairox,PSG,05/09/2026,08:34:24,Total de Gols,Under,4.5,,,,,2.41,2-1,4-1,Red,-1.0,17604797
, CLA-UA Champions Cyber League (UA) (2x5 mins),four x Kairox,four,Chelsea,Kairox,PSG,05/09/2026,08:35:43,Total de Gols,Under,3.5,,,,,2.62,2-1,4-1,Red,-1.0,17604797
,CLA-UA Argentina Cyber Cup (UA) (2x5 mins),TOMMY x Yoru,TOMMY,Racing Club,Yoru,Boca Juniors,05/09/2026,08:26:41,Total de Gols,Under,5.5,,,,,2.07,0-0,4-1,Green,1.07,17604638
,CLA-UA Argentina Cyber Cup (UA) (2x5 mins),TOMMY x Yoru,TOMMY,Racing Club,Yoru,Boca Juniors,05/09/2026,08:27:04,Total de Gols,Under,6.5,,,,,1.95,0-0,4-1,Green,0.95,17604638
,CLA-UA Argentina Cyber Cup (UA) (2x5 mins),TOMMY x Yoru,TOMMY,Racing Club,Yoru,Boca Juniors,05/09/2026,08:28:13,Total de Gols,Under,7.5,,,,,1.69,1-0,4-1,Green,0.69,17604638
,CLA-UA Argentina Cyber Cup (UA) (2x5 mins),Jackson x mara,Jackson,Estudiantes L.P.,mara,River Plate,05/09/2026,08:26:00,Total de Gols,Under,7.5,,,,,1.74,0-0,6-6,Red,-1.0,17604773
,CLA-UA Argentina Cyber Cup (UA) (2x5 mins),Jackson x mara,Jackson,Estudiantes L.P.,mara,River Plate,05/09/2026,08:26:25,Total de Gols,Under,8.5,,,,,1.73,0-0,6-6,Red,-1.0,17604773
,CLA-UA Argentina Cyber Cup (UA) (2x5 mins),Jackson x mara,Jackson,Estudiantes L.P.,mara,River Plate,05/09/2026,08:27:43,Total de Gols,Under,9.5,,,,,1.84,0-2,6-6,Red,-1.0,17604773
,CLA-UA Argentina Cyber Cup (UA) (2x5 mins),Jackson x mara,Jackson,Estudiantes L.P.,mara,River Plate,05/09/2026,08:29:51,Total de Gols,Under,10.5,,,,,1.69,2-2,6-6,Red,-1.0,17604773
,CLA-UA Argentina Cyber Cup (UA) (2x5 mins),Jackson x mara,Jackson,Estudiantes L.P.,mara,River Plate,05/09/2026,08:31:43,Total de Gols,Under,11.5,,,,,1.61,4-2,6-6,Red,-1.0,17604773
,CLA-UA Argentina Cyber Cup (UA) (2x5 mins),Jackson x mara,Jackson,Estudiantes L.P.,mara,River Plate,05/09/2026,08:35:45,Total de Gols,Under,12.5,,,,,1.65,6-4,6-6,Green,0.65,17604773
, CLA-UA France Cyber Cup (UA) (2x5 mins),T3RZ x Voron,T3RZ,Marseille,Voron,AJ Auxerre,05/09/2026,08:26:11,Total de Gols,Under,8.5,,,,,1.71,0-0,6-3,Red,-1.0,17604621
, CLA-UA France Cyber Cup (UA) (2x5 mins),T3RZ x Voron,T3RZ,Marseille,Voron,AJ Auxerre,05/09/2026,08:28:20,Total de Gols,Under,7.5,,,,,2.07,1-0,6-3,Red,-1.0,17604621
, CLA-UA France Cyber Cup (UA) (2x5 mins),T3RZ x Voron,T3RZ,Marseille,Voron,AJ Auxerre,05/09/2026,08:32:34,Total de Gols,Under,6.5,,,,,2.12,2-1,6-3,Red,-1.0,17604621
, CLA-UA France Cyber Cup (UA) (2x5 mins),T3RZ x Voron,T3RZ,Marseille,Voron,AJ Auxerre,05/09/2026,08:34:37,Total de Gols,Under,9.5,,,,,1.76,4-2,6-3,Green,0.76,17604621
, CLA-UA Champions Cyber League (UA) (2x5 mins),shatik666 x zyX,shatik666,Besiktas,zyX,Sporting CP,05/09/2026,08:26:18,Total de Gols,Under,8.5,,,,,1.84,0-0,4-2,Green,0.84,17604647
, CLA-UA Champions Cyber League (UA) (2x5 mins),shatik666 x zyX,shatik666,Besiktas,zyX,Sporting CP,05/09/2026,08:26:19,Total de Gols,Under,9.5,,,,,1.81,0-0,4-2,Green,0.81,17604647
, CLA-UA Champions Cyber League (UA) (2x5 mins),shatik666 x zyX,shatik666,Besiktas,zyX,Sporting CP,05/09/2026,08:27:30,Total de Gols,Under,10.5,,,,,1.65,1-0,4-2,Green,0.65,17604647
, CLA-UA Champions Cyber League (UA) (2x5 mins),shatik666 x zyX,shatik666,Besiktas,zyX,Sporting CP,05/09/2026,08:30:16,Total de Gols,Under,7.5,,,,,1.91,2-0,4-2,Green,0.91,17604647
, CLA-UA Champions Cyber League (UA) (2x5 mins),shatik666 x zyX,shatik666,Besiktas,zyX,Sporting CP,05/09/2026,08:31:01,Total de Gols,Under,6.5,,,,,2.12,2-0,4-2,Green,1.12,17604647
, CLA-UA Champions Cyber League (UA) (2x5 mins),shatik666 x zyX,shatik666,Besiktas,zyX,Sporting CP,05/09/2026,08:35:00,Total de Gols,Under,5.5,,,,,2.22,3-1,4-2,Red,-1.0,17604647
, CLA-UA Champions Cyber League (UA) (2x5 mins),shatik666 x zyX,shatik666,Besiktas,zyX,Sporting CP,05/09/2026,08:36:04,Total de Gols,Under,4.5,,,,,2.65,3-1,4-2,Red,-1.0,17604647
, CLA-UA France Cyber Cup (UA) (2x5 mins),Voron x k0tik,Voron,AJ Auxerre,k0tik,Strasbourg,05/09/2026,08:39:56,Total de Gols,Under,6.5,,,,,1.78,0-0,3-2,Green,0.78,17604622
, CLA-UA France Cyber Cup (UA) (2x5 mins),Voron x k0tik,Voron,AJ Auxerre,k0tik,Strasbourg,05/09/2026,08:41:14,Total de Gols,Under,5.5,,,,,2.08,0-0,3-2,Green,1.08,17604622
, CLA-UA France Cyber Cup (UA) (2x5 mins),Voron x k0tik,Voron,AJ Auxerre,k0tik,Strasbourg,05/09/2026,08:47:07,Total de Gols,Under,4.5,,,,,2.27,1-1,3-2,Red,-1.0,17604622
,CLA-UA Argentina Cyber Cup (UA) (2x5 mins),TOMMY x Shark,TOMMY,Racing Club,Shark,Independiente,05/09/2026,08:40:19,Total de Gols,Under,6.5,,,,,1.75,0-0,5-2,Red,-1.0,17604639
,CLA-UA Argentina Cyber Cup (UA) (2x5 mins),TOMMY x Shark,TOMMY,Racing Club,Shark,Independiente,05/09/2026,08:40:55,Total de Gols,Under,5.5,,,,,2.08,0-0,5-2,Red,-1.0,17604639
,CLA-UA Argentina Cyber Cup (UA) (2x5 mins),TOMMY x Shark,TOMMY,Racing Club,Shark,Independiente,05/09/2026,08:46:29,Total de Gols,Under,7.5,,,,,1.59,2-1,5-2,Green,0.59,17604639
,CLA-UA Argentina Cyber Cup (UA) (2x5 mins),Shark x Yoru,Shark,Independiente,Yoru,Boca Juniors,05/09/2026,09:08:10,Total de Gols,Under,6.5,,,,,1.75,0-0,0-0,Green,0.75,17604642
, CLA-UA Champions Cyber League (UA) (2x5 mins),Nlui_22 x zyX,Nlui_22,Arsenal,zyX,Sporting CP,05/09/2026,09:08:13,Total de Gols,Under,8.5,,,,,1.84,0-0,0-0,Green,0.84,17604806
, CLA-UA Italy Cyber Cup (UA) (2x5 mins),Kairox x zyX,Kairox,Fiorentina,zyX,Inter,05/09/2026,09:59:40,Total de Gols,Under,7.5,,,,,1.74,0-0,5-2,Green,0.74,17604868
, CLA-UA Italy Cyber Cup (UA) (2x5 mins),Kairox x zyX,Kairox,Fiorentina,zyX,Inter,05/09/2026,10:01:01,Total de Gols,Under,6.5,,,,,2.07,0-0,5-2,Red,-1.0,17604868
, CLA-UA Italy Cyber Cup (UA) (2x5 mins),Kairox x zyX,Kairox,Fiorentina,zyX,Inter,05/09/2026,10:05:01,Total de Gols,Under,5.5,,,,,2.17,1-1,5-2,Red,-1.0,17604868
, CLA-UA Italy Cyber Cup (UA) (2x5 mins),Kairox x zyX,Kairox,Fiorentina,zyX,Inter,05/09/2026,10:07:45,Total de Gols,Under,8.5,,,,,1.69,3-2,5-2,Green,0.69,17604868
, CLA-UA Italy Cyber Cup (UA) (2x5 mins),Nlui_22 x shatik666,Nlui_22,Lazio,shatik666,Bologna FC,05/09/2026,10:00:25,Total de Gols,Under,8.5,,,,,1.97,0-0,6-5,Red,-1.0,17604678
, CLA-UA Italy Cyber Cup (UA) (2x5 mins),Nlui_22 x shatik666,Nlui_22,Lazio,shatik666,Bologna FC,05/09/2026,10:00:42,Total de Gols,Under,9.5,,,,,1.91,0-0,6-5,Red,-1.0,17604678
, CLA-UA Italy Cyber Cup (UA) (2x5 mins),Nlui_22 x shatik666,Nlui_22,Lazio,shatik666,Bologna FC,05/09/2026,10:03:55,Total de Gols,Under,7.5,,,,,2.07,2-0,6-5,Red,-1.0,17604678
, CLA-UA Spain Cyber Cup (UA) (2x5 mins),aloha x Voron,aloha,Atletico Madrid,Voron,Barcelona,05/09/2026,10:13:29,Total de Gols,Under,6.5,,,,,1.84,0-0,2-3,Green,0.84,17604653
, CLA-UA Spain Cyber Cup (UA) (2x5 mins),aloha x Voron,aloha,Atletico Madrid,Voron,Barcelona,05/09/2026,10:15:17,Total de Gols,Under,5.5,,,,,2.08,0-0,2-3,Green,1.08,17604653
, CLA-UA Spain Cyber Cup (UA) (2x5 mins),aloha x Voron,aloha,Atletico Madrid,Voron,Barcelona,05/09/2026,10:16:46,Total de Gols,Under,4.5,,,,,2.12,0-0,2-3,Red,-1.0,17604653
, CLA-UA Spain Cyber Cup (UA) (2x5 mins),aloha x Voron,aloha,Atletico Madrid,Voron,Barcelona,05/09/2026,10:19:03,Total de Gols,Under,3.5,,,,,2.12,0-0,2-3,Red,-1.0,17604653
, CLA-UA Spain Cyber Cup (UA) (2x5 mins),k0tik x palkan,k0tik,Real Madrid,palkan,Valencia,05/09/2026,10:14:13,Total de Gols,Under,7.5,,,,,1.83,0-0,5-5,Red,-1.0,17604654
, CLA-UA Spain Cyber Cup (UA) (2x5 mins),k0tik x palkan,k0tik,Real Madrid,palkan,Valencia,05/09/2026,10:15:11,Total de Gols,Under,6.5,,,,,2.07,0-0,5-5,Red,-1.0,17604654
, CLA-UA Spain Cyber Cup (UA) (2x5 mins),k0tik x palkan,k0tik,Real Madrid,palkan,Valencia,05/09/2026,10:17:30,Total de Gols,Under,8.5,,,,,1.62,0-2,5-5,Red,-1.0,17604654
, CLA-UA Spain Cyber Cup (UA) (2x5 mins),k0tik x palkan,k0tik,Real Madrid,palkan,Valencia,05/09/2026,10:23:22,Total de Gols,Under,9.5,,,,,1.38,3-4,5-5,Red,-1.0,17604654
, CLA-UA Italy Cyber Cup (UA) (2x5 mins),four x shatik666,four,Juventus,shatik666,Bologna FC,05/09/2026,10:27:34,Total de Gols,Under,7.5,,,,,1.74,0-0,3-5,Red,-1.0,17604680
, CLA-UA Italy Cyber Cup (UA) (2x5 mins),four x shatik666,four,Juventus,shatik666,Bologna FC,05/09/2026,10:28:50,Total de Gols,Under,6.5,,,,,2.12,0-0,3-5,Red,-1.0,17604680
, CLA-UA Italy Cyber Cup (UA) (2x5 mins),four x shatik666,four,Juventus,shatik666,Bologna FC,05/09/2026,10:31:50,Total de Gols,Under,8.5,,,,,1.61,1-1,3-5,Green,0.61,17604680
, CLA-UA Italy Cyber Cup (UA) (2x5 mins),four x shatik666,four,Juventus,shatik666,Bologna FC,05/09/2026,10:37:54,Total de Gols,Under,5.5,,,,,2.62,1-4,3-5,Red,-1.0,17604680
, CLA-UA Spain Cyber Cup (UA) (2x5 mins),aloha x palkan,aloha,Atletico Madrid,palkan,Valencia,05/09/2026,10:41:44,Total de Gols,Under,7.5,,,,,1.98,0-0,2-7,Red,-1.0,17604658
, CLA-UA Spain Cyber Cup (UA) (2x5 mins),aloha x palkan,aloha,Atletico Madrid,palkan,Valencia,05/09/2026,10:43:29,Total de Gols,Under,6.5,,,,,2.07,0-0,2-7,Red,-1.0,17604658
, CLA-UA Spain Cyber Cup (UA) (2x5 mins),aloha x palkan,aloha,Atletico Madrid,palkan,Valencia,05/09/2026,10:46:49,Total de Gols,Under,8.5,,,,,1.59,0-3,2-7,Red,-1.0,17604658
, CLA-UA Spain Cyber Cup (UA) (2x5 mins),aloha x k0tik,aloha,Atletico Madrid,k0tik,Real Madrid,05/09/2026,10:55:46,Total de Gols,Under,7.5,,,,,1.74,0-0,3-8,Red,-1.0,17604660
, CLA-UA Spain Cyber Cup (UA) (2x5 mins),aloha x k0tik,aloha,Atletico Madrid,k0tik,Real Madrid,05/09/2026,10:57:03,Total de Gols,Under,6.5,,,,,2.07,0-0,3-8,Red,-1.0,17604660
, CLA-UA Spain Cyber Cup (UA) (2x5 mins),aloha x k0tik,aloha,Atletico Madrid,k0tik,Real Madrid,05/09/2026,10:57:29,Total de Gols,Under,8.5,,,,,1.92,0-1,3-8,Red,-1.0,17604660
, CLA-UA Spain Cyber Cup (UA) (2x5 mins),aloha x k0tik,aloha,Atletico Madrid,k0tik,Real Madrid,05/09/2026,11:00:16,Total de Gols,Under,9.5,,,,,1.71,0-4,3-8,Red,-1.0,17604660
, CLA-UA Spain Cyber Cup (UA) (2x5 mins),aloha x k0tik,aloha,Atletico Madrid,k0tik,Real Madrid,05/09/2026,11:02:42,Total de Gols,Under,10.5,,,,,1.62,2-4,3-8,Red,-1.0,17604660
, CLA-UA Spain Cyber Cup (UA) (2x5 mins),aloha x k0tik,aloha,Atletico Madrid,k0tik,Real Madrid,05/09/2026,11:04:01,Total de Gols,Under,11.5,,,,,1.7,2-6,3-8,Green,0.7,17604660
, CLA-UA Italy Cyber Cup (UA) (2x5 mins),shatik666 x Nlui_22,shatik666,Bologna FC,Nlui_22,Lazio,05/09/2026,11:10:15,Total de Gols,Under,8.5,,,,,1.98,0-0,5-5,Red,-1.0,17604687
, CLA-UA Italy Cyber Cup (UA) (2x5 mins),shatik666 x Nlui_22,shatik666,Bologna FC,Nlui_22,Lazio,05/09/2026,11:11:09,Total de Gols,Under,9.5,,,,,1.68,0-0,5-5,Red,-1.0,17604687
, CLA-UA Italy Cyber Cup (UA) (2x5 mins),shatik666 x Nlui_22,shatik666,Bologna FC,Nlui_22,Lazio,05/09/2026,11:12:08,Total de Gols,Under,10.5,,,,,1.83,0-2,5-5,Green,0.83,17604687
, CLA-UA Italy Cyber Cup (UA) (2x5 mins),shatik666 x Nlui_22,shatik666,Bologna FC,Nlui_22,Lazio,05/09/2026,11:15:24,Total de Gols,Under,11.5,,,,,1.65,2-3,5-5,Green,0.65,17604687
, CLA-UA Italy Cyber Cup (UA) (2x5 mins),zyX x four,zyX,Inter,four,Juventus,05/09/2026,11:23:29,Total de Gols,Under,7.5,,,,,1.74,0-0,5-1,Green,0.74,17604688
, CLA-UA Italy Cyber Cup (UA) (2x5 mins),zyX x four,zyX,Inter,four,Juventus,05/09/2026,11:24:25,Total de Gols,Under,8.5,,,,,1.69,0-0,5-1,Green,0.69,17604688
, CLA-UA Italy Cyber Cup (UA) (2x5 mins),zyX x four,zyX,Inter,four,Juventus,05/09/2026,11:26:03,Total de Gols,Under,6.5,,,,,2.12,1-0,5-1,Green,1.12,17604688
, CLA-UA Italy Cyber Cup (UA) (2x5 mins),zyX x four,zyX,Inter,four,Juventus,05/09/2026,11:29:01,Total de Gols,Under,5.5,,,,,2.01,2-0,5-1,Red,-1.0,17604688
, CLA-UA Italy Cyber Cup (UA) (2x5 mins),zyX x four,zyX,Inter,four,Juventus,05/09/2026,11:30:31,Total de Gols,Under,4.5,,,,,2.28,2-0,5-1,Red,-1.0,17604688
, CLA-UA Italy Cyber Cup (UA) (2x5 mins),shatik666 x four,shatik666,Bologna FC,four,Juventus,05/09/2026,11:37:41,Total de Gols,Under,7.5,,,,,1.74,0-0,3-3,Green,0.74,17604690
, CLA-UA Italy Cyber Cup (UA) (2x5 mins),shatik666 x four,shatik666,Bologna FC,four,Juventus,05/09/2026,11:38:52,Total de Gols,Under,6.5,,,,,2.06,0-0,3-3,Green,1.06,17604690
, CLA-UA Italy Cyber Cup (UA) (2x5 mins),shatik666 x four,shatik666,Bologna FC,four,Juventus,05/09/2026,11:41:04,Total de Gols,Under,8.5,,,,,1.85,1-1,3-3,Green,0.85,17604690
, CLA-UA Italy Cyber Cup (UA) (2x5 mins),shatik666 x four,shatik666,Bologna FC,four,Juventus,05/09/2026,11:41:53,Total de Gols,Under,9.5,,,,,1.59,2-1,3-3,Green,0.59,17604690
, CLA-UA Italy Cyber Cup (UA) (2x5 mins),shatik666 x four,shatik666,Bologna FC,four,Juventus,05/09/2026,11:46:29,Total de Gols,Under,5.5,,,,,2.26,2-2,3-3,Red,-1.0,17604690
, CLA-UA Spain Cyber Cup (UA) (2x5 mins),palkan x Voron,palkan,Valencia,Voron,Barcelona,05/09/2026,11:38:09,Total de Gols,Under,8.5,,,,,1.76,0-0,6-4,Red,-1.0,17604667
, CLA-UA Spain Cyber Cup (UA) (2x5 mins),palkan x Voron,palkan,Valencia,Voron,Barcelona,05/09/2026,11:38:41,Total de Gols,Under,7.5,,,,,2.07,0-0,6-4,Red,-1.0,17604667
, CLA-UA Spain Cyber Cup (UA) (2x5 mins),palkan x Voron,palkan,Valencia,Voron,Barcelona,05/09/2026,11:39:58,Total de Gols,Under,6.5,,,,,2.11,0-0,6-4,Red,-1.0,17604667
, CLA-UA Spain Cyber Cup (UA) (2x5 mins),palkan x Voron,palkan,Valencia,Voron,Barcelona,05/09/2026,11:41:15,Total de Gols,Under,5.5,,,,,2.12,0-0,6-4,Red,-1.0,17604667
, CLA-UA Spain Cyber Cup (UA) (2x5 mins),palkan x Voron,palkan,Valencia,Voron,Barcelona,05/09/2026,11:42:24,Total de Gols,Under,4.5,,,,,1.8,0-0,6-4,Red,-1.0,17604667
, CLA-UA Spain Cyber Cup (UA) (2x5 mins),palkan x Voron,palkan,Valencia,Voron,Barcelona,05/09/2026,11:43:00,Total de Gols,Under,3.5,,,,,2.12,0-0,6-4,Red,-1.0,17604667
, CLA-UA Spain Cyber Cup (UA) (2x5 mins),k0tik x T3RZ,k0tik,Real Madrid,T3RZ,Villarreal,05/09/2026,11:52:11,Total de Gols,Under,7.5,,,,,1.62,0-0,4-6,Red,-1.0,17604669
, CLA-UA Spain Cyber Cup (UA) (2x5 mins),k0tik x T3RZ,k0tik,Real Madrid,T3RZ,Villarreal,05/09/2026,11:52:22,Total de Gols,Under,6.5,,,,,2.07,0-0,4-6,Red,-1.0,17604669
, CLA-UA Spain Cyber Cup (UA) (2x5 mins),k0tik x T3RZ,k0tik,Real Madrid,T3RZ,Villarreal,05/09/2026,11:55:38,Total de Gols,Under,8.5,,,,,1.59,1-1,4-6,Red,-1.0,17604669
, CLA-UA Spain Cyber Cup (UA) (2x5 mins),k0tik x T3RZ,k0tik,Real Madrid,T3RZ,Villarreal,05/09/2026,12:00:20,Total de Gols,Under,9.5,,,,,1.52,3-3,4-6,Red,-1.0,17604669
, CLA-UA Italy Cyber Cup (UA) (2x5 mins),Kairox x four,Kairox,Fiorentina,four,Juventus,05/09/2026,12:05:52,Total de Gols,Under,7.5,,,,,1.74,0-0,5-3,Red,-1.0,17604694
, CLA-UA Spain Cyber Cup (UA) (2x5 mins),Voron x T3RZ,Voron,Barcelona,T3RZ,Villarreal,05/09/2026,12:06:15,Total de Gols,Under,8.5,,,,,1.66,0-0,5-5,Red,-1.0,17604671
, CLA-UA Spain Cyber Cup (UA) (2x5 mins),Voron x T3RZ,Voron,Barcelona,T3RZ,Villarreal,05/09/2026,12:06:24,Total de Gols,Under,7.5,,,,,2.07,0-0,5-5,Red,-1.0,17604671
, CLA-UA Italy Cyber Cup (UA) (2x5 mins),Kairox x four,Kairox,Fiorentina,four,Juventus,05/09/2026,12:06:53,Total de Gols,Under,6.5,,,,,2.07,0-0,5-3,Red,-1.0,17604694
, CLA-UA Italy Cyber Cup (UA) (2x5 mins),Kairox x four,Kairox,Fiorentina,four,Juventus,05/09/2026,12:07:33,Total de Gols,Under,8.5,,,,,1.73,0-1,5-3,Green,0.73,17604694
, CLA-UA Spain Cyber Cup (UA) (2x5 mins),Voron x T3RZ,Voron,Barcelona,T3RZ,Villarreal,05/09/2026,12:07:54,Total de Gols,Under,6.5,,,,,2.06,0-0,5-5,Red,-1.0,17604671
, CLA-UA Spain Cyber Cup (UA) (2x5 mins),Voron x T3RZ,Voron,Barcelona,T3RZ,Villarreal,05/09/2026,12:14:48,Total de Gols,Under,9.5,,,,,1.48,4-2,5-5,Red,-1.0,17604671
, CLA-UA Italy Cyber Cup (UA) (2x5 mins),Kairox x four,Kairox,Fiorentina,four,Juventus,05/09/2026,12:16:03,Total de Gols,Under,5.5,,,,,2.56,4-1,5-3,Red,-1.0,17604694
, CLA-UA Italy Cyber Cup (UA) (2x5 mins),k0tik x Nlui_22,k0tik,Bologna FC,Nlui_22,Udinese,05/09/2026,14:59:56,Total de Gols,Under,8.5,,,,,1.98,0-0,2-3,Green,0.98,17604805
, CLA-UA Italy Cyber Cup (UA) (2x5 mins),k0tik x Nlui_22,k0tik,Bologna FC,Nlui_22,Udinese,05/09/2026,15:01:24,Total de Gols,Under,7.5,,,,,2.03,0-0,2-3,Green,1.03,17604805
, CLA-UA Italy Cyber Cup (UA) (2x5 mins),k0tik x Nlui_22,k0tik,Bologna FC,Nlui_22,Udinese,05/09/2026,15:02:43,Total de Gols,Under,6.5,,,,,2.03,0-0,2-3,Green,1.03,17604805
, CLA-UA Italy Cyber Cup (UA) (2x5 mins),k0tik x Nlui_22,k0tik,Bologna FC,Nlui_22,Udinese,05/09/2026,15:03:51,Total de Gols,Under,5.5,,,,,2.07,0-0,2-3,Green,1.07,17604805
, CLA-UA Italy Cyber Cup (UA) (2x5 mins),k0tik x Nlui_22,k0tik,Bologna FC,Nlui_22,Udinese,05/09/2026,15:06:39,Total de Gols,Under,4.5,,,,,2.22,0-1,2-3,Red,-1.0,17604805
, CLA-UA Spain Cyber Cup (UA) (2x5 mins),rain x shatik666,rain,Celta Vigo,shatik666,Barcelona,05/09/2026,15:00:08,Total de Gols,Under,7.5,,,,,1.98,0-0,1-5,Green,0.98,17604978
, CLA-UA Spain Cyber Cup (UA) (2x5 mins),rain x shatik666,rain,Celta Vigo,shatik666,Barcelona,05/09/2026,15:01:47,Total de Gols,Under,6.5,,,,,2.07,0-0,1-5,Green,1.07,17604978
, CLA-UA Spain Cyber Cup (UA) (2x5 mins),rain x shatik666,rain,Celta Vigo,shatik666,Barcelona,05/09/2026,15:02:08,Total de Gols,Under,8.5,,,,,1.87,1-0,1-5,Green,0.87,17604978
, CLA-UA Spain Cyber Cup (UA) (2x5 mins),rain x shatik666,rain,Celta Vigo,shatik666,Barcelona,05/09/2026,15:05:25,Total de Gols,Under,5.5,,,,,2.26,1-2,1-5,Red,-1.0,17604978
,CLA-UA World Cyber Cup (UA) (2x5 mins),luxiqq x Sxitted,luxiqq,Iraq,Sxitted,France,05/09/2026,15:00:51,Total de Gols,Under,7.5,,,,,1.88,0-0,2-2,Green,0.88,17604783
,CLA-UA World Cyber Cup (UA) (2x5 mins),luxiqq x Sxitted,luxiqq,Iraq,Sxitted,France,05/09/2026,15:01:50,Total de Gols,Under,6.5,,,,,2.11,0-0,2-2,Green,1.11,17604783
,CLA-UA World Cyber Cup (UA) (2x5 mins),luxiqq x Sxitted,luxiqq,Iraq,Sxitted,France,05/09/2026,15:04:40,Total de Gols,Under,5.5,,,,,2.12,1-0,2-2,Green,1.12,17604783
,CLA-UA World Cyber Cup (UA) (2x5 mins),luxiqq x Sxitted,luxiqq,Iraq,Sxitted,France,05/09/2026,15:05:38,Total de Gols,Under,4.5,,,,,1.93,1-0,2-2,Green,0.93,17604783
,CLA-UA World Cyber Cup (UA) (2x5 mins),luxiqq x Sxitted,luxiqq,Iraq,Sxitted,France,05/09/2026,15:07:11,Total de Gols,Under,3.5,,,,,2.21,1-0,2-2,Red,-1.0,17604783
,CLA-UA World Cyber Cup (UA) (2x5 mins),luxiqq x Sxitted,luxiqq,Iraq,Sxitted,France,05/09/2026,15:08:33,Total de Gols,Under,2.5,,,,,2.36,1-0,2-2,Red,-1.0,17604783
, CLA-UA Italy Cyber Cup (UA) (2x5 mins),Jackson x k0tik,Jackson,Inter,k0tik,Bologna FC,05/09/2026,15:12:25,Total de Gols,Under,7.5,,,,,1.83,0-0,4-6,Red,-1.0,17604809
, CLA-UA Italy Cyber Cup (UA) (2x5 mins),Jackson x k0tik,Jackson,Inter,k0tik,Bologna FC,05/09/2026,15:14:54,Total de Gols,Under,8.5,,,,,1.69,0-0,4-6,Red,-1.0,17604809
, CLA-UA Italy Cyber Cup (UA) (2x5 mins),Jackson x k0tik,Jackson,Inter,k0tik,Bologna FC,05/09/2026,15:16:20,Total de Gols,Under,9.5,,,,,1.73,2-0,4-6,Red,-1.0,17604809
, CLA-UA Italy Cyber Cup (UA) (2x5 mins),Jackson x k0tik,Jackson,Inter,k0tik,Bologna FC,05/09/2026,15:17:52,Total de Gols,Under,10.5,,,,,1.72,2-2,4-6,Green,0.72,17604809
, CLA-UA Italy Cyber Cup (UA) (2x5 mins),Jackson x k0tik,Jackson,Inter,k0tik,Bologna FC,05/09/2026,15:18:08,Total de Gols,Under,11.5,,,,,1.62,2-3,4-6,Green,0.62,17604809
,CLA-UA World Cyber Cup (UA) (2x5 mins),drksd3 x luxiqq,drksd3,Senegal,luxiqq,Iraq,05/09/2026,15:14:22,Total de Gols,Under,7.5,,,,,1.65,0-0,4-4,Red,-1.0,17604779
,CLA-UA World Cyber Cup (UA) (2x5 mins),drksd3 x luxiqq,drksd3,Senegal,luxiqq,Iraq,05/09/2026,15:14:42,Total de Gols,Under,6.5,,,,,2.07,0-0,4-4,Red,-1.0,17604779
,CLA-UA World Cyber Cup (UA) (2x5 mins),drksd3 x luxiqq,drksd3,Senegal,luxiqq,Iraq,05/09/2026,15:16:11,Total de Gols,Under,5.5,,,,,2.08,0-0,4-4,Red,-1.0,17604779
,CLA-UA World Cyber Cup (UA) (2x5 mins),drksd3 x luxiqq,drksd3,Senegal,luxiqq,Iraq,05/09/2026,15:16:55,Total de Gols,Under,4.5,,,,,1.97,0-0,4-4,Red,-1.0,17604779
,CLA-UA World Cyber Cup (UA) (2x5 mins),drksd3 x luxiqq,drksd3,Senegal,luxiqq,Iraq,05/09/2026,15:19:41,Total de Gols,Under,8.5,,,,,1.54,3-1,4-4,Green,0.54,17604779
, CLA-UA Spain Cyber Cup (UA) (2x5 mins),zyX x rain,zyX,Levante,rain,Celta Vigo,05/09/2026,15:28:10,Total de Gols,Under,8.5,,,,,1.76,0-0,7-4,Red,-1.0,17604831
, CLA-UA Spain Cyber Cup (UA) (2x5 mins),zyX x rain,zyX,Levante,rain,Celta Vigo,05/09/2026,15:28:44,Total de Gols,Under,7.5,,,,,2.07,0-0,7-4,Red,-1.0,17604831
, CLA-UA Spain Cyber Cup (UA) (2x5 mins),zyX x rain,zyX,Levante,rain,Celta Vigo,05/09/2026,15:29:34,Total de Gols,Under,9.5,,,,,1.75,0-1,7-4,Red,-1.0,17604831
, CLA-UA Spain Cyber Cup (UA) (2x5 mins),zyX x rain,zyX,Levante,rain,Celta Vigo,05/09/2026,15:37:20,Total de Gols,Under,10.5,,,,,1.52,5-3,7-4,Red,-1.0,17604831
, CLA-UA Spain Cyber Cup (UA) (2x5 mins),zyX x rain,zyX,Levante,rain,Celta Vigo,05/09/2026,15:38:45,Total de Gols,Under,11.5,,,,,1.66,7-3,7-4,Green,0.66,17604831
,CLA-UA World Cyber Cup (UA) (2x5 mins),abr4m_5 x Sxitted,abr4m_5,Northern Ireland,Sxitted,France,05/09/2026,15:27:14,Total de Gols,Under,6.5,,,,,2.01,0-0,4-4,Red,-1.0,17604780
,CLA-UA World Cyber Cup (UA) (2x5 mins),abr4m_5 x Sxitted,abr4m_5,Northern Ireland,Sxitted,France,05/09/2026,15:29:17,Total de Gols,Under,7.5,,,,,1.84,0-0,4-4,Red,-1.0,17604780
,CLA-UA World Cyber Cup (UA) (2x5 mins),abr4m_5 x Sxitted,abr4m_5,Northern Ireland,Sxitted,France,05/09/2026,15:33:37,Total de Gols,Under,5.5,,,,,2.12,0-2,4-4,Red,-1.0,17604780
,CLA-UA World Cyber Cup (UA) (2x5 mins),abr4m_5 x Sxitted,abr4m_5,Northern Ireland,Sxitted,France,05/09/2026,15:38:12,Total de Gols,Under,8.5,,,,,1.52,3-3,4-4,Green,0.52,17604780
, CLA-UA Italy Cyber Cup (UA) (2x5 mins),Yoru x k0tik,Yoru,Lazio,k0tik,Bologna FC,05/09/2026,15:26:05,Total de Gols,Under,7.5,,,,,1.65,0-0,7-8,Red,-1.0,17604813
, CLA-UA Italy Cyber Cup (UA) (2x5 mins),Yoru x k0tik,Yoru,Lazio,k0tik,Bologna FC,05/09/2026,15:28:26,Total de Gols,Under,6.5,,,,,2.03,0-0,7-8,Red,-1.0,17604813
, CLA-UA Italy Cyber Cup (UA) (2x5 mins),Yoru x k0tik,Yoru,Lazio,k0tik,Bologna FC,05/09/2026,15:29:21,Total de Gols,Under,8.5,,,,,1.74,0-1,7-8,Red,-1.0,17604813
, CLA-UA Italy Cyber Cup (UA) (2x5 mins),Yoru x k0tik,Yoru,Lazio,k0tik,Bologna FC,05/09/2026,15:30:40,Total de Gols,Under,9.5,,,,,1.79,1-2,7-8,Red,-1.0,17604813
, CLA-UA Italy Cyber Cup (UA) (2x5 mins),Yoru x k0tik,Yoru,Lazio,k0tik,Bologna FC,05/09/2026,15:31:20,Total de Gols,Under,10.5,,,,,1.7,2-2,7-8,Red,-1.0,17604813
, CLA-UA Italy Cyber Cup (UA) (2x5 mins),Yoru x k0tik,Yoru,Lazio,k0tik,Bologna FC,05/09/2026,15:32:20,Total de Gols,Under,11.5,,,,,1.86,3-3,7-8,Red,-1.0,17604813
, CLA-UA Italy Cyber Cup (UA) (2x5 mins),Yoru x k0tik,Yoru,Lazio,k0tik,Bologna FC,05/09/2026,15:33:02,Total de Gols,Under,12.5,,,,,1.74,3-4,7-8,Red,-1.0,17604813
, CLA-UA Italy Cyber Cup (UA) (2x5 mins),Yoru x k0tik,Yoru,Lazio,k0tik,Bologna FC,05/09/2026,15:33:22,Total de Gols,Under,13.5,,,,,1.65,3-5,7-8,Red,-1.0,17604813
, CLA-UA Italy Cyber Cup (UA) (2x5 mins),Yoru x k0tik,Yoru,Lazio,k0tik,Bologna FC,05/09/2026,15:36:12,Total de Gols,Under,14.5,,,,,1.5,5-6,7-8,Red,-1.0,17604813
, CLA-UA Italy Cyber Cup (UA) (2x5 mins),Shark x k0tik,Shark,Roma,k0tik,Bologna FC,05/09/2026,15:42:15,Total de Gols,Under,6.5,,,,,2.02,0-0,1-4,Green,1.02,17610968
, CLA-UA Italy Cyber Cup (UA) (2x5 mins),Shark x k0tik,Shark,Roma,k0tik,Bologna FC,05/09/2026,15:43:33,Total de Gols,Under,5.5,,,,,2.12,0-0,1-4,Green,1.12,17610968
, CLA-UA Italy Cyber Cup (UA) (2x5 mins),Shark x k0tik,Shark,Roma,k0tik,Bologna FC,05/09/2026,15:47:12,Total de Gols,Under,4.5,,,,,2.27,0-2,1-4,Red,-1.0,17610968
, CLA-UA Spain Cyber Cup (UA) (2x5 mins),shatik666 x Kerych,shatik666,Barcelona,Kerych,Mallorca,05/09/2026,15:42:05,Total de Gols,Under,6.5,,,,,1.75,0-0,6-0,Green,0.75,17604983
, CLA-UA Spain Cyber Cup (UA) (2x5 mins),shatik666 x Kerych,shatik666,Barcelona,Kerych,Mallorca,05/09/2026,15:42:57,Total de Gols,Under,5.5,,,,,2.07,0-0,6-0,Red,-1.0,17604983
, CLA-UA Spain Cyber Cup (UA) (2x5 mins),shatik666 x Kerych,shatik666,Barcelona,Kerych,Mallorca,05/09/2026,15:43:33,Total de Gols,Under,7.5,,,,,1.88,1-0,6-0,Green,0.88,17604983
,CLA-UA World Cyber Cup (UA) (2x5 mins),Sxitted x drksd3,Sxitted,France,drksd3,Senegal,05/09/2026,15:42:15,Total de Gols,Under,7.5,,,,,1.62,0-0,4-3,Green,0.62,17604787
,CLA-UA World Cyber Cup (UA) (2x5 mins),Sxitted x drksd3,Sxitted,France,drksd3,Senegal,05/09/2026,15:42:55,Total de Gols,Under,6.5,,,,,2.07,0-0,4-3,Red,-1.0,17604787
,CLA-UA World Cyber Cup (UA) (2x5 mins),Sxitted x drksd3,Sxitted,France,drksd3,Senegal,05/09/2026,15:44:50,Total de Gols,Under,8.5,,,,,1.75,1-1,4-3,Green,0.75,17604787
, CLA-UA Italy Cyber Cup (UA) (2x5 mins),Shark x Jackson,Shark,Roma,Jackson,Inter,05/09/2026,15:59:11,Total de Gols,Under,7.5,,,,,1.68,0-1,4-1,Green,0.68,17610969
, CLA-UA Italy Cyber Cup (UA) (2x5 mins),Shark x Jackson,Shark,Roma,Jackson,Inter,05/09/2026,15:59:28,Total de Gols,Under,6.5,,,,,2.12,0-1,4-1,Green,1.12,17610969
, CLA-UA Italy Cyber Cup (UA) (2x5 mins),Shark x Jackson,Shark,Roma,Jackson,Inter,05/09/2026,15:59:59,Total de Gols,Under,5.5,,,,,2.12,0-1,4-1,Green,1.12,17610969
, CLA-UA Italy Cyber Cup (UA) (2x5 mins),Shark x Jackson,Shark,Roma,Jackson,Inter,05/09/2026,16:01:07,Total de Gols,Under,4.5,,,,,2.12,0-1,4-1,Red,-1.0,17610969
, CLA-UA Italy Cyber Cup (UA) (2x5 mins),Shark x Jackson,Shark,Roma,Jackson,Inter,05/09/2026,16:01:25,Total de Gols,Under,3.5,,,,,2.22,0-1,4-1,Red,-1.0,17610969
, CLA-UA Spain Cyber Cup (UA) (2x5 mins),four x Kerych,four,Real Sociedad,Kerych,Mallorca,05/09/2026,15:55:42,Total de Gols,Under,5.5,,,,,2.07,0-0,4-0,Green,1.07,17604984
, CLA-UA Spain Cyber Cup (UA) (2x5 mins),four x Kerych,four,Real Sociedad,Kerych,Mallorca,05/09/2026,15:58:40,Total de Gols,Under,6.5,,,,,1.95,None-None,4-0,Green,0.95,17604984
, CLA-UA Spain Cyber Cup (UA) (2x5 mins),four x Kerych,four,Real Sociedad,Kerych,Mallorca,05/09/2026,15:59:17,Total de Gols,Under,7.5,,,,,1.59,1-0,4-0,Green,0.59,17604984
, CLA-UA Spain Cyber Cup (UA) (2x5 mins),four x Kerych,four,Real Sociedad,Kerych,Mallorca,05/09/2026,16:05:48,Total de Gols,Under,4.5,,,,,2.61,4-0,4-0,Green,1.61,17604984
, CLA-UA Italy Cyber Cup (UA) (2x5 mins),Nlui_22 x k0tik,Nlui_22,Udinese,k0tik,Bologna FC,05/09/2026,16:07:36,Total de Gols,Under,8.5,,,,,1.76,0-0,1-5,Green,0.76,17604819
, CLA-UA Italy Cyber Cup (UA) (2x5 mins),Nlui_22 x k0tik,Nlui_22,Udinese,k0tik,Bologna FC,05/09/2026,16:10:35,Total de Gols,Under,9.5,,,,,1.62,0-0,1-5,Green,0.62,17604819
, CLA-UA Italy Cyber Cup (UA) (2x5 mins),Nlui_22 x k0tik,Nlui_22,Udinese,k0tik,Bologna FC,05/09/2026,16:13:47,Total de Gols,Under,7.5,,,,,2.11,0-2,1-5,Green,1.11,17604819
, CLA-UA Italy Cyber Cup (UA) (2x5 mins),Nlui_22 x k0tik,Nlui_22,Udinese,k0tik,Bologna FC,05/09/2026,16:14:18,Total de Gols,Under,6.5,,,,,2.12,0-2,1-5,Green,1.12,17604819
, CLA-UA Italy Cyber Cup (UA) (2x5 mins),Nlui_22 x k0tik,Nlui_22,Udinese,k0tik,Bologna FC,05/09/2026,16:16:28,Total de Gols,Under,5.5,,,,,2.12,0-2,1-5,Red,-1.0,17604819
, CLA-UA Italy Cyber Cup (UA) (2x5 mins),Nlui_22 x k0tik,Nlui_22,Udinese,k0tik,Bologna FC,05/09/2026,16:17:05,Total de Gols,Under,4.5,,,,,2.28,0-2,1-5,Red,-1.0,17604819
, CLA-UA Italy Cyber Cup (UA) (2x5 mins),k0tik x Yoru,k0tik,Bologna FC,Yoru,Lazio,05/09/2026,16:36:24,Total de Gols,Under,7.5,,,,,1.88,0-0,5-3,Red,-1.0,17604827
, CLA-UA Italy Cyber Cup (UA) (2x5 mins),k0tik x Yoru,k0tik,Bologna FC,Yoru,Lazio,05/09/2026,16:38:37,Total de Gols,Under,8.5,,,,,1.78,0-0,5-3,Green,0.78,17604827
, CLA-UA Italy Cyber Cup (UA) (2x5 mins),k0tik x Yoru,k0tik,Bologna FC,Yoru,Lazio,05/09/2026,16:40:16,Total de Gols,Under,9.5,,,,,1.76,1-1,5-3,Green,0.76,17604827
, CLA-UA Italy Cyber Cup (UA) (2x5 mins),k0tik x Yoru,k0tik,Bologna FC,Yoru,Lazio,05/09/2026,16:47:59,Total de Gols,Under,6.5,,,,,2.85,3-3,5-3,Red,-1.0,17604827
,CLA-UA World Cyber Cup (UA) (2x5 mins),luxiqq x abr4m_5,luxiqq,Iraq,abr4m_5,Northern Ireland,05/09/2026,16:52:04,Total de Gols,Under,8.5,,,,,1.65,0-0,2-5,Green,0.65,17604798
,CLA-UA World Cyber Cup (UA) (2x5 mins),luxiqq x abr4m_5,luxiqq,Iraq,abr4m_5,Northern Ireland,05/09/2026,16:52:34,Total de Gols,Under,7.5,,,,,2.03,0-0,2-5,Green,1.03,17604798
,CLA-UA World Cyber Cup (UA) (2x5 mins),luxiqq x abr4m_5,luxiqq,Iraq,abr4m_5,Northern Ireland,05/09/2026,16:53:48,Total de Gols,Under,6.5,,,,,2.12,0-0,2-5,Red,-1.0,17604798
,CLA-UA World Cyber Cup (UA) (2x5 mins),luxiqq x abr4m_5,luxiqq,Iraq,abr4m_5,Northern Ireland,05/09/2026,17:00:25,Total de Gols,Under,9.5,,,,,1.57,2-4,2-5,Green,0.57,17604798
, CLA-UA Italy Cyber Cup (UA) (2x5 mins),k0tik x Shark,k0tik,Bologna FC,Shark,Roma,05/09/2026,16:52:14,Total de Gols,Under,6.5,,,,,2.02,0-0,4-2,Green,1.02,17610972
, CLA-UA Italy Cyber Cup (UA) (2x5 mins),k0tik x Shark,k0tik,Bologna FC,Shark,Roma,05/09/2026,16:52:35,Total de Gols,Under,7.5,,,,,1.78,0-0,4-2,Green,0.78,17610972
, CLA-UA Italy Cyber Cup (UA) (2x5 mins),k0tik x Shark,k0tik,Bologna FC,Shark,Roma,05/09/2026,16:54:46,Total de Gols,Under,8.5,,,,,1.59,2-0,4-2,Green,0.59,17610972
, CLA-UA Italy Cyber Cup (UA) (2x5 mins),k0tik x Shark,k0tik,Bologna FC,Shark,Roma,05/09/2026,17:02:00,Total de Gols,Under,5.5,,,,,2.66,4-1,4-2,Red,-1.0,17610972
, CLA-UA Spain Cyber Cup (UA) (2x5 mins),Kerych x shatik666,Kerych,Mallorca,shatik666,Barcelona,05/09/2026,16:52:11,Total de Gols,Under,6.5,,,,,1.66,0-0,0-5,Green,0.66,17604993
, CLA-UA Spain Cyber Cup (UA) (2x5 mins),Kerych x shatik666,Kerych,Mallorca,shatik666,Barcelona,05/09/2026,16:52:26,Total de Gols,Under,5.5,,,,,2.12,0-0,0-5,Green,1.12,17604993
, CLA-UA Spain Cyber Cup (UA) (2x5 mins),Kerych x shatik666,Kerych,Mallorca,shatik666,Barcelona,05/09/2026,16:56:10,Total de Gols,Under,4.5,,,,,2.22,0-1,0-5,Red,-1.0,17604993
, CLA-UA Spain Cyber Cup (UA) (2x5 mins),Kerych x shatik666,Kerych,Mallorca,shatik666,Barcelona,05/09/2026,16:58:39,Total de Gols,Under,3.5,,,,,2.12,0-1,0-5,Red,-1.0,17604993
, CLA-UA Spain Cyber Cup (UA) (2x5 mins),Kerych x shatik666,Kerych,Mallorca,shatik666,Barcelona,05/09/2026,17:00:20,Total de Gols,Under,2.5,,,,,2.42,0-1,0-5,Red,-1.0,17604993
, CLA-UA Italy Cyber Cup (UA) (2x5 mins),Jackson x Shark,Jackson,Inter,Shark,Roma,05/09/2026,17:06:14,Total de Gols,Under,7.5,,,,,1.98,0-0,4-4,Red,-1.0,17610973
, CLA-UA Italy Cyber Cup (UA) (2x5 mins),Jackson x Shark,Jackson,Inter,Shark,Roma,05/09/2026,17:06:40,Total de Gols,Under,8.5,,,,,1.84,0-0,4-4,Green,0.84,17610973
, CLA-UA Italy Cyber Cup (UA) (2x5 mins),Jackson x Shark,Jackson,Inter,Shark,Roma,05/09/2026,17:09:56,Total de Gols,Under,6.5,,,,,2.07,0-2,4-4,Red,-1.0,17610973
, CLA-UA Italy Cyber Cup (UA) (2x5 mins),Jackson x Shark,Jackson,Inter,Shark,Roma,05/09/2026,17:13:23,Total de Gols,Under,9.5,,,,,1.7,3-3,4-4,Green,0.7,17610973
, CLA-UA Italy Cyber Cup (UA) (2x5 mins),Yoru x Nlui_22,Yoru,Lazio,Nlui_22,Udinese,05/09/2026,17:04:17,Total de Gols,Under,7.5,,,,,1.74,0-0,4-7,Red,-1.0,17604824
, CLA-UA Italy Cyber Cup (UA) (2x5 mins),Yoru x Nlui_22,Yoru,Lazio,Nlui_22,Udinese,05/09/2026,17:06:50,Total de Gols,Under,6.5,,,,,2.07,0-0,4-7,Red,-1.0,17604824
, CLA-UA Italy Cyber Cup (UA) (2x5 mins),Yoru x Nlui_22,Yoru,Lazio,Nlui_22,Udinese,05/09/2026,17:11:55,Total de Gols,Under,8.5,,,,,2.17,1-3,4-7,Red,-1.0,17604824
, CLA-UA Italy Cyber Cup (UA) (2x5 mins),Yoru x Nlui_22,Yoru,Lazio,Nlui_22,Udinese,05/09/2026,17:12:23,Total de Gols,Under,9.5,,,,,1.79,1-4,4-7,Red,-1.0,17604824
, CLA-UA Italy Cyber Cup (UA) (2x5 mins),drksd3 x luxiqq,drksd3,Lecce,luxiqq,Torino,05/09/2026,17:43:52,Total de Gols,Under,7.5,,,,,1.98,0-0,6-3,Red,-1.0,17604854
, CLA-UA Italy Cyber Cup (UA) (2x5 mins),drksd3 x luxiqq,drksd3,Lecce,luxiqq,Torino,05/09/2026,17:45:32,Total de Gols,Under,6.5,,,,,2.07,0-0,6-3,Red,-1.0,17604854
, CLA-UA Italy Cyber Cup (UA) (2x5 mins),drksd3 x luxiqq,drksd3,Lecce,luxiqq,Torino,05/09/2026,17:47:48,Total de Gols,Under,8.5,,,,,1.93,1-1,6-3,Red,-1.0,17604854
,CLA-UA World Cyber Cup (UA) (2x5 mins),Shark x Yoru,Shark,Brazil,Yoru,Poland,05/09/2026,17:44:13,Total de Gols,Under,6.5,,,,,2.01,0-0,2-5,Red,-1.0,17610974
,CLA-UA World Cyber Cup (UA) (2x5 mins),Shark x Yoru,Shark,Brazil,Yoru,Poland,05/09/2026,17:44:53,Total de Gols,Under,7.5,,,,,1.78,0-0,2-5,Green,0.78,17610974
,CLA-UA World Cyber Cup (UA) (2x5 mins),Shark x Yoru,Shark,Brazil,Yoru,Poland,05/09/2026,17:46:19,Total de Gols,Under,8.5,,,,,1.72,1-1,2-5,Green,0.72,17610974
,CLA-UA World Cyber Cup (UA) (2x5 mins),Shark x Yoru,Shark,Brazil,Yoru,Poland,05/09/2026,17:51:47,Total de Gols,Under,5.5,,,,,2.26,2-2,2-5,Red,-1.0,17610974
,CLA-UA World Cyber Cup (UA) (2x5 mins),Shark x Nlui_22,Shark,Brazil,Nlui_22,Scotland,05/09/2026,17:58:12,Total de Gols,Under,7.5,,,,,1.74,0-0,1-3,Green,0.74,17610975
,CLA-UA World Cyber Cup (UA) (2x5 mins),Shark x Nlui_22,Shark,Brazil,Nlui_22,Scotland,05/09/2026,17:58:57,Total de Gols,Under,6.5,,,,,1.97,0-0,1-3,Green,0.97,17610975
,CLA-UA World Cyber Cup (UA) (2x5 mins),Shark x Nlui_22,Shark,Brazil,Nlui_22,Scotland,05/09/2026,18:02:19,Total de Gols,Under,8.5,,,,,1.62,1-2,1-3,Green,0.62,17610975
,CLA-UA World Cyber Cup (UA) (2x5 mins),Shark x Nlui_22,Shark,Brazil,Nlui_22,Scotland,05/09/2026,18:06:15,Total de Gols,Under,5.5,,,,,2.31,1-3,1-3,Green,1.31,17610975
,CLA-UA World Cyber Cup (UA) (2x5 mins),Shark x Nlui_22,Shark,Brazil,Nlui_22,Scotland,05/09/2026,18:07:45,Total de Gols,Under,4.5,,,,,2.61,1-3,1-3,Green,1.61,17610975
,CLA-UA World Cyber Cup (UA) (2x5 mins),Shark x k0tik,Shark,Brazil,k0tik,Haiti,05/09/2026,18:12:16,Total de Gols,Under,6.5,,,,,1.98,0-0,0-4,Green,0.98,17610976
,CLA-UA World Cyber Cup (UA) (2x5 mins),Shark x k0tik,Shark,Brazil,k0tik,Haiti,05/09/2026,18:13:22,Total de Gols,Under,5.5,,,,,2.07,0-0,0-4,Green,1.07,17610976
,CLA-UA World Cyber Cup (UA) (2x5 mins),Shark x k0tik,Shark,Brazil,k0tik,Haiti,05/09/2026,18:14:39,Total de Gols,Under,7.5,,,,,1.62,0-1,0-4,Green,0.62,17610976
,CLA-UA World Cyber Cup (UA) (2x5 mins),Shark x k0tik,Shark,Brazil,k0tik,Haiti,05/09/2026,18:21:13,Total de Gols,Under,4.5,,,,,2.66,0-4,0-4,Green,1.66,17610976
, CLA-UA Italy Cyber Cup (UA) (2x5 mins),Sxitted x drksd3,Sxitted,Napoli,drksd3,Lecce,05/09/2026,18:11:15,Total de Gols,Under,6.5,,,,,2.02,0-0,3-4,Red,-1.0,17604860
, CLA-UA Italy Cyber Cup (UA) (2x5 mins),Sxitted x drksd3,Sxitted,Napoli,drksd3,Lecce,05/09/2026,18:14:12,Total de Gols,Under,5.5,,,,,2.07,0-0,3-4,Red,-1.0,17604860
, CLA-UA Italy Cyber Cup (UA) (2x5 mins),Sxitted x drksd3,Sxitted,Napoli,drksd3,Lecce,05/09/2026,18:17:22,Total de Gols,Under,4.5,,,,,2.17,0-1,3-4,Red,-1.0,17604860
, CLA-UA Italy Cyber Cup (UA) (2x5 mins),Sxitted x drksd3,Sxitted,Napoli,drksd3,Lecce,05/09/2026,18:20:26,Total de Gols,Under,7.5,,,,,1.54,2-2,3-4,Green,0.54,17604860
, CLA-UA Italy Cyber Cup (UA) (2x5 mins),Sxitted x drksd3,Sxitted,Napoli,drksd3,Lecce,05/09/2026,18:21:41,Total de Gols,Under,8.5,,,,,1.65,2-4,3-4,Green,0.65,17604860
, CLA-UA Italy Cyber Cup (UA) (2x5 mins),abr4m_5 x drksd3,abr4m_5,Inter,drksd3,Lecce,05/09/2026,18:26:10,Total de Gols,Under,8.5,,,,,1.89,0-0,4-5,Red,-1.0,17604861
, CLA-UA Italy Cyber Cup (UA) (2x5 mins),abr4m_5 x drksd3,abr4m_5,Inter,drksd3,Lecce,05/09/2026,18:27:10,Total de Gols,Under,7.5,,,,,2.03,0-0,4-5,Red,-1.0,17604861
, CLA-UA Italy Cyber Cup (UA) (2x5 mins),abr4m_5 x drksd3,abr4m_5,Inter,drksd3,Lecce,05/09/2026,18:30:38,Total de Gols,Under,9.5,,,,,1.6,1-2,4-5,Green,0.6,17604861
,CLA-UA World Cyber Cup (UA) (2x5 mins),Shark x Jackson,Shark,Brazil,Jackson,Morocco,05/09/2026,18:26:27,Total de Gols,Under,7.5,,,,,1.93,0-0,1-4,Green,0.93,17610977
,CLA-UA World Cyber Cup (UA) (2x5 mins),Shark x Jackson,Shark,Brazil,Jackson,Morocco,05/09/2026,18:27:30,Total de Gols,Under,6.5,,,,,1.98,0-0,1-4,Green,0.98,17610977
,CLA-UA World Cyber Cup (UA) (2x5 mins),Shark x Jackson,Shark,Brazil,Jackson,Morocco,05/09/2026,18:30:40,Total de Gols,Under,5.5,,,,,1.93,0-2,1-4,Green,0.93,17610977
,CLA-UA World Cyber Cup (UA) (2x5 mins),Shark x Jackson,Shark,Brazil,Jackson,Morocco,05/09/2026,18:35:14,Total de Gols,Under,4.5,,,,,2.56,0-4,1-4,Red,-1.0,17610977
,CLA-UA World Cyber Cup (UA) (2x5 mins),Nlui_22 x Yoru,Nlui_22,Scotland,Yoru,Poland,05/09/2026,18:23:57,Total de Gols,Under,7.5,,,,,1.74,0-0,3-2,Green,0.74,17604887
,CLA-UA World Cyber Cup (UA) (2x5 mins),Nlui_22 x Yoru,Nlui_22,Scotland,Yoru,Poland,05/09/2026,18:26:52,Total de Gols,Under,6.5,,,,,2.06,0-0,3-2,Green,1.06,17604887
,CLA-UA World Cyber Cup (UA) (2x5 mins),Nlui_22 x Yoru,Nlui_22,Scotland,Yoru,Poland,05/09/2026,18:28:18,Total de Gols,Under,5.5,,,,,2.07,0-0,3-2,Green,1.07,17604887
,CLA-UA World Cyber Cup (UA) (2x5 mins),Nlui_22 x Yoru,Nlui_22,Scotland,Yoru,Poland,05/09/2026,18:29:58,Total de Gols,Under,4.5,,,,,2.02,0-0,3-2,Red,-1.0,17604887
,CLA-UA World Cyber Cup (UA) (2x5 mins),Nlui_22 x Yoru,Nlui_22,Scotland,Yoru,Poland,05/09/2026,18:33:04,Total de Gols,Under,3.5,,,,,2.17,0-1,3-2,Red,-1.0,17604887
,CLA-UA World Cyber Cup (UA) (2x5 mins),Nlui_22 x Yoru,Nlui_22,Scotland,Yoru,Poland,05/09/2026,18:34:16,Total de Gols,Under,2.5,,,,,2.46,0-1,3-2,Red,-1.0,17604887
, CLA-UA Italy Cyber Cup (UA) (2x5 mins),Sxitted x luxiqq,Sxitted,Napoli,luxiqq,Torino,05/09/2026,18:38:52,Total de Gols,Under,7.5,,,,,1.74,0-0,3-1,Green,0.74,17604877
, CLA-UA Italy Cyber Cup (UA) (2x5 mins),Sxitted x luxiqq,Sxitted,Napoli,luxiqq,Torino,05/09/2026,18:40:52,Total de Gols,Under,6.5,,,,,2.07,0-0,3-1,Green,1.07,17604877
, CLA-UA Italy Cyber Cup (UA) (2x5 mins),Sxitted x luxiqq,Sxitted,Napoli,luxiqq,Torino,05/09/2026,18:45:30,Total de Gols,Under,5.5,,,,,2.17,1-1,3-1,Green,1.17,17604877
, CLA-UA Italy Cyber Cup (UA) (2x5 mins),Sxitted x luxiqq,Sxitted,Napoli,luxiqq,Torino,05/09/2026,18:47:09,Total de Gols,Under,4.5,,,,,1.97,1-1,3-1,Green,0.97,17604877
, CLA-UA Italy Cyber Cup (UA) (2x5 mins),Sxitted x luxiqq,Sxitted,Napoli,luxiqq,Torino,05/09/2026,18:50:25,Total de Gols,Under,3.5,,,,,2.61,2-1,3-1,Red,-1.0,17604877
, CLA-UA Italy Cyber Cup (UA) (2x5 mins),luxiqq x drksd3,luxiqq,Torino,drksd3,Lecce,05/09/2026,18:52:59,Total de Gols,Under,7.5,,,,,1.98,0-0,2-8,Red,-1.0,17604879
, CLA-UA Italy Cyber Cup (UA) (2x5 mins),luxiqq x drksd3,luxiqq,Torino,drksd3,Lecce,05/09/2026,18:55:29,Total de Gols,Under,8.5,,,,,1.78,0-0,2-8,Red,-1.0,17604879
, CLA-UA Italy Cyber Cup (UA) (2x5 mins),luxiqq x drksd3,luxiqq,Torino,drksd3,Lecce,05/09/2026,18:57:12,Total de Gols,Under,6.5,,,,,2.12,0-1,2-8,Red,-1.0,17604879
, CLA-UA Italy Cyber Cup (UA) (2x5 mins),luxiqq x drksd3,luxiqq,Torino,drksd3,Lecce,05/09/2026,19:04:34,Total de Gols,Under,9.5,,,,,1.49,2-5,2-8,Red,-1.0,17604879
, CLA-UA Italy Cyber Cup (UA) (2x5 mins),luxiqq x drksd3,luxiqq,Torino,drksd3,Lecce,05/09/2026,19:05:29,Total de Gols,Under,10.5,,,,,1.93,2-7,2-8,Green,0.93,17604879
,CLA-UA World Cyber Cup (UA) (2x5 mins),Nlui_22 x Shark,Nlui_22,Scotland,Shark,Brazil,05/09/2026,19:08:12,Total de Gols,Under,7.5,,,,,1.74,0-0,3-0,Green,0.74,17610979
,CLA-UA World Cyber Cup (UA) (2x5 mins),Nlui_22 x Shark,Nlui_22,Scotland,Shark,Brazil,05/09/2026,19:08:57,Total de Gols,Under,6.5,,,,,2.07,0-0,3-0,Green,1.07,17610979
,CLA-UA World Cyber Cup (UA) (2x5 mins),Nlui_22 x Shark,Nlui_22,Scotland,Shark,Brazil,05/09/2026,19:09:50,Total de Gols,Under,5.5,,,,,2.12,0-0,3-0,Green,1.12,17610979
,CLA-UA World Cyber Cup (UA) (2x5 mins),Nlui_22 x Shark,Nlui_22,Scotland,Shark,Brazil,05/09/2026,19:11:05,Total de Gols,Under,4.5,,,,,2.12,0-0,3-0,Green,1.12,17610979
,CLA-UA World Cyber Cup (UA) (2x5 mins),Nlui_22 x Shark,Nlui_22,Scotland,Shark,Brazil,05/09/2026,19:12:29,Total de Gols,Under,3.5,,,,,2.12,0-0,3-0,Green,1.12,17610979
,CLA-UA World Cyber Cup (UA) (2x5 mins),Nlui_22 x Shark,Nlui_22,Scotland,Shark,Brazil,05/09/2026,19:12:54,Total de Gols,Under,2.5,,,,,2.08,0-0,3-0,Red,-1.0,17610979
,CLA-UA World Cyber Cup (UA) (2x5 mins),k0tik x Yoru,k0tik,Haiti,Yoru,Poland,05/09/2026,19:06:36,Total de Gols,Under,7.5,,,,,1.83,0-0,6-4,Red,-1.0,17604894
,CLA-UA World Cyber Cup (UA) (2x5 mins),k0tik x Yoru,k0tik,Haiti,Yoru,Poland,05/09/2026,19:09:07,Total de Gols,Under,6.5,,,,,2.07,0-0,6-4,Red,-1.0,17604894
,CLA-UA World Cyber Cup (UA) (2x5 mins),k0tik x Yoru,k0tik,Haiti,Yoru,Poland,05/09/2026,19:10:06,Total de Gols,Under,8.5,,,,,1.8,0-1,6-4,Red,-1.0,17604894
,CLA-UA World Cyber Cup (UA) (2x5 mins),k0tik x Yoru,k0tik,Haiti,Yoru,Poland,05/09/2026,19:10:44,Total de Gols,Under,9.5,,,,,1.62,0-2,6-4,Red,-1.0,17604894
, CLA-UA Italy Cyber Cup (UA) (2x5 mins),luxiqq x Voron,luxiqq,Torino,Voron,Bologna FC,05/09/2026,19:07:26,Total de Gols,Under,6.5,,,,,2.02,0-0,3-4,Red,-1.0,17604878
, CLA-UA Italy Cyber Cup (UA) (2x5 mins),luxiqq x Voron,luxiqq,Torino,Voron,Bologna FC,05/09/2026,19:08:39,Total de Gols,Under,7.5,,,,,1.93,0-0,3-4,Green,0.93,17604878
, CLA-UA Italy Cyber Cup (UA) (2x5 mins),luxiqq x Voron,luxiqq,Torino,Voron,Bologna FC,05/09/2026,19:09:07,Total de Gols,Under,8.5,,,,,1.81,1-0,3-4,Green,0.81,17604878
, CLA-UA Italy Cyber Cup (UA) (2x5 mins),luxiqq x Voron,luxiqq,Torino,Voron,Bologna FC,05/09/2026,19:09:26,Total de Gols,Under,9.5,,,,,1.73,2-0,3-4,Green,0.73,17604878
, CLA-UA Italy Cyber Cup (UA) (2x5 mins),luxiqq x abr4m_5,luxiqq,Torino,abr4m_5,Inter,05/09/2026,19:22:07,Total de Gols,Under,8.5,,,,,1.65,0-0,3-7,Red,-1.0,17604873
, CLA-UA Italy Cyber Cup (UA) (2x5 mins),luxiqq x abr4m_5,luxiqq,Torino,abr4m_5,Inter,05/09/2026,19:22:26,Total de Gols,Under,7.5,,,,,2.03,0-0,3-7,Red,-1.0,17604873
, CLA-UA Italy Cyber Cup (UA) (2x5 mins),luxiqq x abr4m_5,luxiqq,Torino,abr4m_5,Inter,05/09/2026,19:25:06,Total de Gols,Under,9.5,,,,,1.7,2-0,3-7,Red,-1.0,17604873
, CLA-UA Italy Cyber Cup (UA) (2x5 mins),luxiqq x abr4m_5,luxiqq,Torino,abr4m_5,Inter,05/09/2026,19:26:46,Total de Gols,Under,10.5,,,,,1.62,2-2,3-7,Green,0.62,17604873
, CLA-UA Italy Cyber Cup (UA) (2x5 mins),luxiqq x abr4m_5,luxiqq,Torino,abr4m_5,Inter,05/09/2026,19:29:09,Total de Gols,Under,11.5,,,,,1.78,3-4,3-7,Green,0.78,17604873
, CLA-UA Italy Cyber Cup (UA) (2x5 mins),luxiqq x abr4m_5,luxiqq,Torino,abr4m_5,Inter,05/09/2026,19:30:34,Total de Gols,Under,12.5,,,,,1.57,3-6,3-7,Green,0.57,17604873
,CLA-UA World Cyber Cup (UA) (2x5 mins),Jackson x Nlui_22,Jackson,Morocco,Nlui_22,Scotland,05/09/2026,19:20:47,Total de Gols,Under,8.5,,,,,1.75,0-0,4-3,Green,0.75,17604896
,CLA-UA World Cyber Cup (UA) (2x5 mins),Jackson x Nlui_22,Jackson,Morocco,Nlui_22,Scotland,05/09/2026,19:22:43,Total de Gols,Under,7.5,,,,,2.07,0-0,4-3,Green,1.07,17604896
,CLA-UA World Cyber Cup (UA) (2x5 mins),Jackson x Nlui_22,Jackson,Morocco,Nlui_22,Scotland,05/09/2026,19:23:41,Total de Gols,Under,9.5,,,,,1.71,0-1,4-3,Green,0.71,17604896
,CLA-UA World Cyber Cup (UA) (2x5 mins),Jackson x Nlui_22,Jackson,Morocco,Nlui_22,Scotland,05/09/2026,19:31:19,Total de Gols,Under,6.5,,,,,1.97,3-2,4-3,Red,-1.0,17604896
,CLA-UA World Cyber Cup (UA) (2x5 mins),Jackson x Shark,Jackson,Morocco,Shark,Brazil,05/09/2026,19:36:17,Total de Gols,Under,6.5,,,,,1.75,0-0,5-2,Red,-1.0,17610981
,CLA-UA World Cyber Cup (UA) (2x5 mins),Jackson x Shark,Jackson,Morocco,Shark,Brazil,05/09/2026,19:36:48,Total de Gols,Under,7.5,,,,,1.59,0-0,5-2,Green,0.59,17610981
,CLA-UA World Cyber Cup (UA) (2x5 mins),Jackson x Shark,Jackson,Morocco,Shark,Brazil,05/09/2026,19:39:41,Total de Gols,Under,5.5,,,,,2.17,1-1,5-2,Red,-1.0,17610981
,CLA-UA World Cyber Cup (UA) (2x5 mins),Jackson x Shark,Jackson,Morocco,Shark,Brazil,05/09/2026,19:42:07,Total de Gols,Under,4.5,,,,,2.46,2-1,5-2,Red,-1.0,17610981
, CLA-UA Spain Cyber Cup (UA) (2x5 mins),djamik x luxiqq,djamik,Mallorca,luxiqq,Real Madrid,05/09/2026,22:43:51,Total de Gols,Under,7.5,,,,,1.79,0-0,8-1,Red,-1.0,17604935
, CLA-UA Spain Cyber Cup (UA) (2x5 mins),djamik x luxiqq,djamik,Mallorca,luxiqq,Real Madrid,05/09/2026,22:45:23,Total de Gols,Under,6.5,,,,,2.07,0-0,8-1,Red,-1.0,17604935
, CLA-UA Spain Cyber Cup (UA) (2x5 mins),djamik x luxiqq,djamik,Mallorca,luxiqq,Real Madrid,05/09/2026,22:48:29,Total de Gols,Under,5.5,,,,,2.08,1-0,8-1,Red,-1.0,17604935
, CLA-UA Spain Cyber Cup (UA) (2x5 mins),djamik x luxiqq,djamik,Mallorca,luxiqq,Real Madrid,05/09/2026,22:53:06,Total de Gols,Under,8.5,,,,,2.12,6-0,8-1,Red,-1.0,17604935
, CLA-UA Spain Cyber Cup (UA) (2x5 mins),luxiqq x djamik,luxiqq,Real Madrid,djamik,Mallorca,05/09/2026,23:54:00,Total de Gols,Under,7.5,,,,,1.92,0-0,1-7,Red,-1.0,17604944
, CLA-UA Spain Cyber Cup (UA) (2x5 mins),luxiqq x djamik,luxiqq,Real Madrid,djamik,Mallorca,05/09/2026,23:55:38,Total de Gols,Under,6.5,,,,,2.06,0-0,1-7,Red,-1.0,17604944
, CLA-UA Spain Cyber Cup (UA) (2x5 mins),luxiqq x djamik,luxiqq,Real Madrid,djamik,Mallorca,05/09/2026,23:58:51,Total de Gols,Under,8.5,,,,,2.02,0-3,1-7,Green,1.02,17604944
, CLA-UA Spain Cyber Cup (UA) (2x5 mins),luxiqq x djamik,luxiqq,Real Madrid,djamik,Mallorca,05/09/2026,23:59:13,Total de Gols,Under,9.5,,,,,1.92,0-4,1-7,Green,0.92,17604944
, CLA-UA Spain Cyber Cup (UA) (2x5 mins),luxiqq x djamik,luxiqq,Real Madrid,djamik,Mallorca,06/09/2026,00:02:37,Total de Gols,Under,10.5,,,,,1.59,1-6,1-7,Green,0.59,17604944
, CLA-UA Spain Cyber Cup (UA) (2x5 mins),drksd3 x Jur_Kr,drksd3,Valencia,Jur_Kr,Girona FC,06/09/2026,00:22:02,Total de Gols,Under,8.5,,,,,1.76,0-0,1-6,Green,0.76,17612376
, CLA-UA Spain Cyber Cup (UA) (2x5 mins),drksd3 x Jur_Kr,drksd3,Valencia,Jur_Kr,Girona FC,06/09/2026,00:23:31,Total de Gols,Under,7.5,,,,,2.07,0-0,1-6,Green,1.07,17612376
, CLA-UA Spain Cyber Cup (UA) (2x5 mins),drksd3 x Jur_Kr,drksd3,Valencia,Jur_Kr,Girona FC,06/09/2026,00:27:49,Total de Gols,Under,6.5,,,,,2.12,1-1,1-6,Red,-1.0,17612376
, CLA-UA Spain Cyber Cup (UA) (2x5 mins),drksd3 x Jur_Kr,drksd3,Valencia,Jur_Kr,Girona FC,06/09/2026,00:30:13,Total de Gols,Under,9.5,,,,,1.65,1-4,1-6,Green,0.65,17612376
, CLA-UA France Cyber Cup (UA) (2x5 mins),Sxitted x palkan,Sxitted,Monaco,palkan,Nice,06/09/2026,09:00:10,Total de Gols,Under,9.5,,,,,1.62,3-2,3-4,Green,0.62,17614334
, CLA-UA France Cyber Cup (UA) (2x5 mins),Sxitted x palkan,Sxitted,Monaco,palkan,Nice,06/09/2026,09:00:16,Total de Gols,Under,8.5,,,,,2.17,3-2,3-4,Green,1.17,17614334
, CLA-UA France Cyber Cup (UA) (2x5 mins),Sxitted x palkan,Sxitted,Monaco,palkan,Nice,06/09/2026,09:01:24,Total de Gols,Under,7.5,,,,,2.17,3-2,3-4,Green,1.17,17614334
, CLA-UA France Cyber Cup (UA) (2x5 mins),Sxitted x palkan,Sxitted,Monaco,palkan,Nice,06/09/2026,09:02:42,Total de Gols,Under,6.5,,,,,2.31,3-2,3-4,Red,-1.0,17614334
,CLA-UA Argentina Cyber Cup (UA) (2x5 mins),sensiz x Jackson,sensiz,Racing Club,Jackson,Independiente,06/09/2026,09:00:10,Total de Gols,Under,5.5,,,,,1.98,0-2,0-4,Green,0.98,17614354
,CLA-UA Argentina Cyber Cup (UA) (2x5 mins),sensiz x Jackson,sensiz,Racing Club,Jackson,Independiente,06/09/2026,09:01:13,Total de Gols,Under,4.5,,,,,2.22,0-2,0-4,Green,1.22,17614354
,CLA-UA Argentina Cyber Cup (UA) (2x5 mins),sensiz x Jackson,sensiz,Racing Club,Jackson,Independiente,06/09/2026,09:04:06,Total de Gols,Under,3.5,,,,,2.42,0-3,0-4,Red,-1.0,17614354
, CLA-UA France Cyber Cup (UA) (2x5 mins),Voron x femzzi,Voron,Marseille,femzzi,Toulouse FC,06/09/2026,09:00:10,Total de Gols,Under,6.5,,,,,2.21,2-0,5-3,Red,-1.0,17614333
, CLA-UA France Cyber Cup (UA) (2x5 mins),Voron x femzzi,Voron,Marseille,femzzi,Toulouse FC,06/09/2026,09:01:06,Total de Gols,Under,7.5,,,,,1.8,2-1,5-3,Red,-1.0,17614333
, CLA-UA France Cyber Cup (UA) (2x5 mins),Voron x femzzi,Voron,Marseille,femzzi,Toulouse FC,06/09/2026,09:01:37,Total de Gols,Under,8.5,,,,,1.59,3-1,5-3,Green,0.59,17614333
, CLA-UA Italy Cyber Cup (UA) (2x5 mins),zyX x Kairox,zyX,Torino,Kairox,Atalanta,06/09/2026,10:28:20,Total de Gols,Under,6.5,,,,,1.85,0-0,3-6,Red,-1.0,17614427
, CLA-UA Italy Cyber Cup (UA) (2x5 mins),zyX x Kairox,zyX,Torino,Kairox,Atalanta,06/09/2026,10:28:50,Total de Gols,Under,7.5,,,,,1.76,0-0,3-6,Red,-1.0,17614427
, CLA-UA Italy Cyber Cup (UA) (2x5 mins),zyX x Kairox,zyX,Torino,Kairox,Atalanta,06/09/2026,10:30:52,Total de Gols,Under,8.5,,,,,1.7,1-1,3-6,Red,-1.0,17614427
, CLA-UA Italy Cyber Cup (UA) (2x5 mins),zyX x Kairox,zyX,Torino,Kairox,Atalanta,06/09/2026,10:37:26,Total de Gols,Under,9.5,,,,,1.46,2-5,3-6,Green,0.46,17614427
, CLA-UA Spain Cyber Cup (UA) (2x5 mins),Voron x Sxitted,Voron,Valencia,Sxitted,Real Betis,06/09/2026,10:28:14,Total de Gols,Under,6.5,,,,,1.8,0-0,6-4,Red,-1.0,17614388
, CLA-UA Spain Cyber Cup (UA) (2x5 mins),Voron x Sxitted,Voron,Valencia,Sxitted,Real Betis,06/09/2026,10:30:11,Total de Gols,Under,7.5,,,,,1.69,0-1,6-4,Red,-1.0,17614388
, CLA-UA Spain Cyber Cup (UA) (2x5 mins),Voron x Sxitted,Voron,Valencia,Sxitted,Real Betis,06/09/2026,10:31:33,Total de Gols,Under,8.5,,,,,1.82,1-2,6-4,Red,-1.0,17614388
, CLA-UA Spain Cyber Cup (UA) (2x5 mins),Voron x Sxitted,Voron,Valencia,Sxitted,Real Betis,06/09/2026,10:33:06,Total de Gols,Under,9.5,,,,,1.87,2-3,6-4,Red,-1.0,17614388
, CLA-UA Italy Cyber Cup (UA) (2x5 mins),shatik666 x four,shatik666,Lecce,four,Fiorentina,06/09/2026,10:42:29,Total de Gols,Under,6.5,,,,,2.02,0-0,7-4,Red,-1.0,17614426
, CLA-UA Italy Cyber Cup (UA) (2x5 mins),shatik666 x four,shatik666,Lecce,four,Fiorentina,06/09/2026,10:43:05,Total de Gols,Under,7.5,,,,,1.78,0-0,7-4,Red,-1.0,17614426
, CLA-UA Italy Cyber Cup (UA) (2x5 mins),shatik666 x four,shatik666,Lecce,four,Fiorentina,06/09/2026,10:43:39,Total de Gols,Under,8.5,,,,,1.7,0-1,7-4,Red,-1.0,17614426
, CLA-UA Italy Cyber Cup (UA) (2x5 mins),shatik666 x four,shatik666,Lecce,four,Fiorentina,06/09/2026,10:44:35,Total de Gols,Under,9.5,,,,,1.94,0-3,7-4,Red,-1.0,17614426
, CLA-UA Italy Cyber Cup (UA) (2x5 mins),shatik666 x four,shatik666,Lecce,four,Fiorentina,06/09/2026,10:44:59,Total de Gols,Under,10.5,,,,,1.81,1-3,7-4,Red,-1.0,17614426
, CLA-UA Italy Cyber Cup (UA) (2x5 mins),shatik666 x four,shatik666,Lecce,four,Fiorentina,06/09/2026,10:46:24,Total de Gols,Under,11.5,,,,,1.69,3-3,7-4,Green,0.69,17614426
, CLA-UA Spain Cyber Cup (UA) (2x5 mins),T3RZ x Voron,T3RZ,Villarreal,Voron,Valencia,06/09/2026,10:56:20,Total de Gols,Under,8.5,,,,,1.66,0-0,6-4,Red,-1.0,17614392
, CLA-UA Spain Cyber Cup (UA) (2x5 mins),T3RZ x Voron,T3RZ,Villarreal,Voron,Valencia,06/09/2026,10:56:25,Total de Gols,Under,7.5,,,,,2.07,0-0,6-4,Red,-1.0,17614392
, CLA-UA Spain Cyber Cup (UA) (2x5 mins),T3RZ x Voron,T3RZ,Villarreal,Voron,Valencia,06/09/2026,10:58:45,Total de Gols,Under,9.5,,,,,1.59,1-1,6-4,Red,-1.0,17614392
, CLA-UA Spain Cyber Cup (UA) (2x5 mins),T3RZ x Voron,T3RZ,Villarreal,Voron,Valencia,06/09/2026,10:59:35,Total de Gols,Under,10.5,,,,,1.59,2-2,6-4,Green,0.59,17614392
, CLA-UA Spain Cyber Cup (UA) (2x5 mins),T3RZ x Voron,T3RZ,Villarreal,Voron,Valencia,06/09/2026,11:02:20,Total de Gols,Under,11.5,,,,,1.6,5-2,6-4,Green,0.6,17614392
, CLA-UA Italy Cyber Cup (UA) (2x5 mins),shatik666 x Kairox,shatik666,Lecce,Kairox,Atalanta,06/09/2026,11:10:20,Total de Gols,Under,7.5,,,,,1.88,0-0,3-5,Red,-1.0,17614431
, CLA-UA Italy Cyber Cup (UA) (2x5 mins),shatik666 x Kairox,shatik666,Lecce,Kairox,Atalanta,06/09/2026,11:11:05,Total de Gols,Under,8.5,,,,,1.68,0-0,3-5,Green,0.68,17614431
, CLA-UA Italy Cyber Cup (UA) (2x5 mins),shatik666 x Kairox,shatik666,Lecce,Kairox,Atalanta,06/09/2026,11:12:39,Total de Gols,Under,9.5,,,,,1.62,1-1,3-5,Green,0.62,17614431
, CLA-UA Italy Cyber Cup (UA) (2x5 mins),shatik666 x Kairox,shatik666,Lecce,Kairox,Atalanta,06/09/2026,11:18:33,Total de Gols,Under,10.5,,,,,1.65,3-4,3-5,Green,0.65,17614431
, CLA-UA Spain Cyber Cup (UA) (2x5 mins),Voron x femzzi,Voron,Valencia,femzzi,Levante,06/09/2026,11:24:15,Total de Gols,Under,7.5,,,,,1.88,0-0,3-5,Red,-1.0,17614395
, CLA-UA Spain Cyber Cup (UA) (2x5 mins),Voron x femzzi,Voron,Valencia,femzzi,Levante,06/09/2026,11:25:24,Total de Gols,Under,6.5,,,,,2.03,0-0,3-5,Red,-1.0,17614395
, CLA-UA Spain Cyber Cup (UA) (2x5 mins),Voron x femzzi,Voron,Valencia,femzzi,Levante,06/09/2026,11:26:32,Total de Gols,Under,5.5,,,,,2.11,0-0,3-5,Red,-1.0,17614395
, CLA-UA Spain Cyber Cup (UA) (2x5 mins),Voron x femzzi,Voron,Valencia,femzzi,Levante,06/09/2026,11:28:58,Total de Gols,Under,8.5,,,,,1.62,1-2,3-5,Green,0.62,17614395
, CLA-UA Italy Cyber Cup (UA) (2x5 mins),Kairox x four,Kairox,Atalanta,four,Fiorentina,06/09/2026,11:24:15,Total de Gols,Under,6.5,,,,,1.62,0-0,6-5,Red,-1.0,17614434
, CLA-UA Italy Cyber Cup (UA) (2x5 mins),Kairox x four,Kairox,Atalanta,four,Fiorentina,06/09/2026,11:24:24,Total de Gols,Under,5.5,,,,,2.08,0-0,6-5,Red,-1.0,17614434
, CLA-UA Italy Cyber Cup (UA) (2x5 mins),Kairox x four,Kairox,Atalanta,four,Fiorentina,06/09/2026,11:26:08,Total de Gols,Under,7.5,,,,,1.62,0-1,6-5,Red,-1.0,17614434
, CLA-UA Italy Cyber Cup (UA) (2x5 mins),Kairox x four,Kairox,Atalanta,four,Fiorentina,06/09/2026,11:27:39,Total de Gols,Under,8.5,,,,,1.7,1-2,6-5,Red,-1.0,17614434
, CLA-UA Italy Cyber Cup (UA) (2x5 mins),Kairox x four,Kairox,Atalanta,four,Fiorentina,06/09/2026,11:33:33,Total de Gols,Under,9.5,,,,,1.44,3-4,6-5,Red,-1.0,17614434
, CLA-UA Spain Cyber Cup (UA) (2x5 mins),T3RZ x femzzi,T3RZ,Villarreal,femzzi,Levante,06/09/2026,11:38:25,Total de Gols,Under,7.5,,,,,1.98,0-0,5-5,Red,-1.0,17614397
, CLA-UA Spain Cyber Cup (UA) (2x5 mins),T3RZ x femzzi,T3RZ,Villarreal,femzzi,Levante,06/09/2026,11:38:40,Total de Gols,Under,8.5,,,,,1.95,0-0,5-5,Red,-1.0,17614397
, CLA-UA Spain Cyber Cup (UA) (2x5 mins),T3RZ x femzzi,T3RZ,Villarreal,femzzi,Levante,06/09/2026,11:45:01,Total de Gols,Under,9.5,,,,,1.52,2-4,5-5,Red,-1.0,17614397
, CLA-UA Italy Cyber Cup (UA) (2x5 mins),shatik666 x BUFF,shatik666,Lecce,BUFF,Udinese,06/09/2026,11:37:32,Total de Gols,Under,7.5,,,,,1.74,0-0,5-2,Green,0.74,17614435
, CLA-UA Italy Cyber Cup (UA) (2x5 mins),shatik666 x BUFF,shatik666,Lecce,BUFF,Udinese,06/09/2026,11:40:18,Total de Gols,Under,6.5,,,,,2.12,1-0,5-2,Red,-1.0,17614435
, CLA-UA Italy Cyber Cup (UA) (2x5 mins),shatik666 x BUFF,shatik666,Lecce,BUFF,Udinese,06/09/2026,11:41:38,Total de Gols,Under,5.5,,,,,2.12,1-0,5-2,Red,-1.0,17614435
, CLA-UA Spain Cyber Cup (UA) (2x5 mins),Sxitted x femzzi,Sxitted,Real Betis,femzzi,Levante,06/09/2026,11:52:23,Total de Gols,Under,7.5,,,,,1.88,0-0,0-4,Green,0.88,17614401
, CLA-UA Spain Cyber Cup (UA) (2x5 mins),Sxitted x femzzi,Sxitted,Real Betis,femzzi,Levante,06/09/2026,11:53:39,Total de Gols,Under,6.5,,,,,2.11,0-0,0-4,Green,1.11,17614401
, CLA-UA Spain Cyber Cup (UA) (2x5 mins),Sxitted x femzzi,Sxitted,Real Betis,femzzi,Levante,06/09/2026,11:54:29,Total de Gols,Under,5.5,,,,,2.08,0-0,0-4,Green,1.08,17614401
, CLA-UA Spain Cyber Cup (UA) (2x5 mins),Sxitted x femzzi,Sxitted,Real Betis,femzzi,Levante,06/09/2026,11:55:27,Total de Gols,Under,4.5,,,,,2.13,0-0,0-4,Green,1.13,17614401
, CLA-UA Spain Cyber Cup (UA) (2x5 mins),Sxitted x femzzi,Sxitted,Real Betis,femzzi,Levante,06/09/2026,11:56:57,Total de Gols,Under,3.5,,,,,2.21,0-0,0-4,Red,-1.0,17614401
, CLA-UA Spain Cyber Cup (UA) (2x5 mins),Sxitted x femzzi,Sxitted,Real Betis,femzzi,Levante,06/09/2026,11:58:57,Total de Gols,Under,2.5,,,,,2.23,0-0,0-4,Red,-1.0,17614401
, CLA-UA Spain Cyber Cup (UA) (2x5 mins),palkan x femzzi,palkan,Sevilla,femzzi,Levante,06/09/2026,12:06:18,Total de Gols,Under,9.5,,,,,1.79,0-0,6-3,Green,0.79,17614400
, CLA-UA Spain Cyber Cup (UA) (2x5 mins),palkan x femzzi,palkan,Sevilla,femzzi,Levante,06/09/2026,12:06:37,Total de Gols,Under,10.5,,,,,1.73,0-0,6-3,Green,0.73,17614400
, CLA-UA Spain Cyber Cup (UA) (2x5 mins),palkan x femzzi,palkan,Sevilla,femzzi,Levante,06/09/2026,12:07:11,Total de Gols,Under,11.5,,,,,1.75,2-0,6-3,Green,0.75,17614400
, CLA-UA Spain Cyber Cup (UA) (2x5 mins),palkan x femzzi,palkan,Sevilla,femzzi,Levante,06/09/2026,12:10:35,Total de Gols,Under,8.5,,,,,2.16,4-0,6-3,Red,-1.0,17614400
, CLA-UA Spain Cyber Cup (UA) (2x5 mins),palkan x femzzi,palkan,Sevilla,femzzi,Levante,06/09/2026,12:11:32,Total de Gols,Under,7.5,,,,,2.17,4-0,6-3,Red,-1.0,17614400
, CLA-UA Spain Cyber Cup (UA) (2x5 mins),shatik666 x w1dizrt,shatik666,Girona FC,w1dizrt,Getafe,06/09/2026,15:00:26,Total de Gols,Under,5.5,,,,,2.12,0-0,7-3,Red,-1.0,17614659
, CLA-UA Spain Cyber Cup (UA) (2x5 mins),shatik666 x w1dizrt,shatik666,Girona FC,w1dizrt,Getafe,06/09/2026,15:01:50,Total de Gols,Under,6.5,,,,,1.72,0-0,7-3,Red,-1.0,17614659
, CLA-UA Spain Cyber Cup (UA) (2x5 mins),shatik666 x w1dizrt,shatik666,Girona FC,w1dizrt,Getafe,06/09/2026,15:03:55,Total de Gols,Under,4.5,,,,,2.22,1-0,7-3,Red,-1.0,17614659
, CLA-UA Spain Cyber Cup (UA) (2x5 mins),four x zyX,four,Villarreal,zyX,Mallorca,06/09/2026,15:13:12,Total de Gols,Under,7.5,,,,,1.74,0-0,4-3,Green,0.74,17614556
, CLA-UA Spain Cyber Cup (UA) (2x5 mins),four x zyX,four,Villarreal,zyX,Mallorca,06/09/2026,15:15:15,Total de Gols,Under,6.5,,,,,2.03,0-0,4-3,Red,-1.0,17614556
, CLA-UA Spain Cyber Cup (UA) (2x5 mins),four x zyX,four,Villarreal,zyX,Mallorca,06/09/2026,15:15:52,Total de Gols,Under,5.5,,,,,2.07,0-0,4-3,Red,-1.0,17614556
, CLA-UA Spain Cyber Cup (UA) (2x5 mins),four x zyX,four,Villarreal,zyX,Mallorca,06/09/2026,15:16:52,Total de Gols,Under,4.5,,,,,2.11,0-0,4-3,Red,-1.0,17614556
, CLA-UA Italy Cyber Cup (UA) (2x5 mins),FanFan x luxiqq,FanFan,Udinese,luxiqq,Atalanta,06/09/2026,15:12:22,Total de Gols,Under,7.5,,,,,1.65,0-0,5-7,Red,-1.0,17614537
, CLA-UA Italy Cyber Cup (UA) (2x5 mins),FanFan x luxiqq,FanFan,Udinese,luxiqq,Atalanta,06/09/2026,15:14:43,Total de Gols,Under,6.5,,,,,2.03,0-0,5-7,Red,-1.0,17614537
, CLA-UA Italy Cyber Cup (UA) (2x5 mins),FanFan x luxiqq,FanFan,Udinese,luxiqq,Atalanta,06/09/2026,15:15:27,Total de Gols,Under,5.5,,,,,2.07,0-0,5-7,Red,-1.0,17614537
, CLA-UA Italy Cyber Cup (UA) (2x5 mins),FanFan x luxiqq,FanFan,Udinese,luxiqq,Atalanta,06/09/2026,15:18:08,Total de Gols,Under,8.5,,,,,1.71,2-1,5-7,Red,-1.0,17614537
, CLA-UA Italy Cyber Cup (UA) (2x5 mins),FanFan x luxiqq,FanFan,Udinese,luxiqq,Atalanta,06/09/2026,15:18:35,Total de Gols,Under,9.5,,,,,1.57,2-2,5-7,Red,-1.0,17614537
, CLA-UA Italy Cyber Cup (UA) (2x5 mins),FanFan x luxiqq,FanFan,Udinese,luxiqq,Atalanta,06/09/2026,15:22:04,Total de Gols,Under,10.5,,,,,1.57,2-5,5-7,Red,-1.0,17614537
, CLA-UA Spain Cyber Cup (UA) (2x5 mins),zyX x shatik666,zyX,Mallorca,shatik666,Girona FC,06/09/2026,15:28:09,Total de Gols,Under,8.5,,,,,1.71,0-0,5-4,Red,-1.0,17614557
, CLA-UA Spain Cyber Cup (UA) (2x5 mins),zyX x shatik666,zyX,Mallorca,shatik666,Girona FC,06/09/2026,15:28:43,Total de Gols,Under,7.5,,,,,2.01,0-0,5-4,Red,-1.0,17614557
, CLA-UA Spain Cyber Cup (UA) (2x5 mins),zyX x shatik666,zyX,Mallorca,shatik666,Girona FC,06/09/2026,15:35:58,Total de Gols,Under,9.5,,,,,1.54,2-3,5-4,Green,0.54,17614557
,CLA-UA World Cyber Cup (UA) (2x5 mins),T3RZ x palkan,T3RZ,Jordan,palkan,Argentina,06/09/2026,15:28:09,Total de Gols,Under,8.5,,,,,1.94,0-0,3-6,Red,-1.0,17614519
,CLA-UA World Cyber Cup (UA) (2x5 mins),T3RZ x palkan,T3RZ,Jordan,palkan,Argentina,06/09/2026,15:28:37,Total de Gols,Under,9.5,,,,,1.81,0-0,3-6,Green,0.81,17614519
,CLA-UA World Cyber Cup (UA) (2x5 mins),T3RZ x palkan,T3RZ,Jordan,palkan,Argentina,06/09/2026,15:29:38,Total de Gols,Under,10.5,,,,,1.71,0-2,3-6,Green,0.71,17614519
,CLA-UA World Cyber Cup (UA) (2x5 mins),T3RZ x palkan,T3RZ,Jordan,palkan,Argentina,06/09/2026,15:30:55,Total de Gols,Under,11.5,,,,,1.72,1-3,3-6,Green,0.72,17614519
, CLA-UA Spain Cyber Cup (UA) (2x5 mins),w1dizrt x rain,w1dizrt,Getafe,rain,Valencia,06/09/2026,15:42:22,Total de Gols,Under,6.5,,,,,1.7,0-0,2-4,Green,0.7,17614662
, CLA-UA Spain Cyber Cup (UA) (2x5 mins),w1dizrt x rain,w1dizrt,Getafe,rain,Valencia,06/09/2026,15:43:02,Total de Gols,Under,5.5,,,,,2.12,0-0,2-4,Red,-1.0,17614662
, CLA-UA Spain Cyber Cup (UA) (2x5 mins),w1dizrt x rain,w1dizrt,Getafe,rain,Valencia,06/09/2026,15:46:02,Total de Gols,Under,7.5,,,,,1.75,0-2,2-4,Green,0.75,17614662
, CLA-UA Spain Cyber Cup (UA) (2x5 mins),w1dizrt x rain,w1dizrt,Getafe,rain,Valencia,06/09/2026,15:50:11,Total de Gols,Under,4.5,,,,,2.35,1-2,2-4,Red,-1.0,17614662
, CLA-UA Italy Cyber Cup (UA) (2x5 mins),Xellark x FanFan,Xellark,Roma,FanFan,Udinese,06/09/2026,15:40:11,Total de Gols,Under,6.5,,,,,2.02,0-0,1-2,Green,1.02,17620751
, CLA-UA Italy Cyber Cup (UA) (2x5 mins),Xellark x FanFan,Xellark,Roma,FanFan,Udinese,06/09/2026,15:43:25,Total de Gols,Under,7.5,,,,,1.68,0-0,1-2,Green,0.68,17620751
, CLA-UA Italy Cyber Cup (UA) (2x5 mins),Xellark x FanFan,Xellark,Roma,FanFan,Udinese,06/09/2026,15:47:03,Total de Gols,Under,5.5,,,,,2.11,1-1,1-2,Green,1.11,17620751
, CLA-UA Italy Cyber Cup (UA) (2x5 mins),Xellark x FanFan,Xellark,Roma,FanFan,Udinese,06/09/2026,15:49:09,Total de Gols,Under,4.5,,,,,2.22,1-1,1-2,Green,1.22,17620751
, CLA-UA Italy Cyber Cup (UA) (2x5 mins),Xellark x FanFan,Xellark,Roma,FanFan,Udinese,06/09/2026,15:50:40,Total de Gols,Under,3.5,,,,,2.32,1-1,1-2,Green,1.32,17620751
, CLA-UA Italy Cyber Cup (UA) (2x5 mins),Xellark x FanFan,Xellark,Roma,FanFan,Udinese,06/09/2026,15:51:51,Total de Gols,Under,2.5,,,,,2.51,1-1,1-2,Red,-1.0,17620751
, CLA-UA Italy Cyber Cup (UA) (2x5 mins),Xellark x Yeti,Xellark,Roma,Yeti,Bologna FC,06/09/2026,15:54:10,Total de Gols,Under,6.5,,,,,1.85,0-0,1-4,Green,0.85,17620752
, CLA-UA Italy Cyber Cup (UA) (2x5 mins),Xellark x Yeti,Xellark,Roma,Yeti,Bologna FC,06/09/2026,15:56:22,Total de Gols,Under,5.5,,,,,1.94,0-0,1-4,Green,0.94,17620752
, CLA-UA Spain Cyber Cup (UA) (2x5 mins),w1dizrt x zyX,w1dizrt,Getafe,zyX,Mallorca,06/09/2026,15:56:26,Total de Gols,Under,8.5,,,,,1.62,0-0,3-8,Red,-1.0,17614663
, CLA-UA Spain Cyber Cup (UA) (2x5 mins),w1dizrt x zyX,w1dizrt,Getafe,zyX,Mallorca,06/09/2026,15:56:31,Total de Gols,Under,7.5,,,,,2.02,0-0,3-8,Red,-1.0,17614663
, CLA-UA Spain Cyber Cup (UA) (2x5 mins),w1dizrt x zyX,w1dizrt,Getafe,zyX,Mallorca,06/09/2026,15:58:35,Total de Gols,Under,8.5,,,,,1.89,1-1,3-8,Red,-1.0,17614663
, CLA-UA Spain Cyber Cup (UA) (2x5 mins),w1dizrt x zyX,w1dizrt,Getafe,zyX,Mallorca,06/09/2026,15:58:44,Total de Gols,Under,9.5,,,,,1.89,1-2,3-8,Red,-1.0,17614663
, CLA-UA Spain Cyber Cup (UA) (2x5 mins),w1dizrt x zyX,w1dizrt,Getafe,zyX,Mallorca,06/09/2026,15:59:31,Total de Gols,Under,10.5,,,,,1.69,1-2,3-8,Red,-1.0,17614663
, CLA-UA Spain Cyber Cup (UA) (2x5 mins),w1dizrt x zyX,w1dizrt,Getafe,zyX,Mallorca,06/09/2026,16:01:30,Total de Gols,Under,11.5,,,,,1.86,2-4,3-8,Green,0.86,17614663
, CLA-UA Italy Cyber Cup (UA) (2x5 mins),Bucha x FanFan,Bucha,Fiorentina,FanFan,Udinese,06/09/2026,15:55:42,Total de Gols,Under,8.5,,,,,1.63,0-0,3-7,Red,-1.0,17614543
, CLA-UA Italy Cyber Cup (UA) (2x5 mins),Bucha x FanFan,Bucha,Fiorentina,FanFan,Udinese,06/09/2026,15:56:22,Total de Gols,Under,7.5,,,,,2.02,0-0,3-7,Red,-1.0,17614543
, CLA-UA Italy Cyber Cup (UA) (2x5 mins),Bucha x FanFan,Bucha,Fiorentina,FanFan,Udinese,06/09/2026,15:57:52,Total de Gols,Under,6.5,,,,,1.98,0-0,3-7,Red,-1.0,17614543
, CLA-UA Italy Cyber Cup (UA) (2x5 mins),Bucha x FanFan,Bucha,Fiorentina,FanFan,Udinese,06/09/2026,15:59:03,Total de Gols,Under,5.5,,,,,1.98,0-0,3-7,Red,-1.0,17614543
, CLA-UA Italy Cyber Cup (UA) (2x5 mins),Bucha x FanFan,Bucha,Fiorentina,FanFan,Udinese,06/09/2026,16:04:42,Total de Gols,Under,9.5,,,,,1.72,2-4,3-7,Red,-1.0,17614543
, CLA-UA Italy Cyber Cup (UA) (2x5 mins),Bucha x FanFan,Bucha,Fiorentina,FanFan,Udinese,06/09/2026,16:05:54,Total de Gols,Under,10.5,,,,,1.92,3-5,3-7,Green,0.92,17614543
, CLA-UA Italy Cyber Cup (UA) (2x5 mins),Bucha x FanFan,Bucha,Fiorentina,FanFan,Udinese,06/09/2026,16:06:27,Total de Gols,Under,11.5,,,,,1.59,3-6,3-7,Green,0.59,17614543
,CLA-UA World Cyber Cup (UA) (2x5 mins),Sxitted x palkan,Sxitted,Iceland,palkan,Argentina,06/09/2026,16:10:17,Total de Gols,Under,8.5,,,,,1.76,0-0,4-4,Green,0.76,17614525
,CLA-UA World Cyber Cup (UA) (2x5 mins),Sxitted x palkan,Sxitted,Iceland,palkan,Argentina,06/09/2026,16:10:51,Total de Gols,Under,7.5,,,,,2.07,0-0,4-4,Red,-1.0,17614525
,CLA-UA World Cyber Cup (UA) (2x5 mins),Sxitted x palkan,Sxitted,Iceland,palkan,Argentina,06/09/2026,16:11:51,Total de Gols,Under,9.5,,,,,1.69,0-1,4-4,Green,0.69,17614525
,CLA-UA World Cyber Cup (UA) (2x5 mins),Sxitted x palkan,Sxitted,Iceland,palkan,Argentina,06/09/2026,16:14:57,Total de Gols,Under,6.5,,,,,1.97,1-1,4-4,Red,-1.0,17614525
, CLA-UA Spain Cyber Cup (UA) (2x5 mins),shatik666 x rain,shatik666,Girona FC,rain,Valencia,06/09/2026,16:24:10,Total de Gols,Under,8.5,,,,,1.84,0-0,6-3,Red,-1.0,17614562
, CLA-UA Spain Cyber Cup (UA) (2x5 mins),shatik666 x rain,shatik666,Girona FC,rain,Valencia,06/09/2026,16:25:41,Total de Gols,Under,9.5,,,,,1.69,0-0,6-3,Green,0.69,17614562
, CLA-UA Spain Cyber Cup (UA) (2x5 mins),shatik666 x rain,shatik666,Girona FC,rain,Valencia,06/09/2026,16:29:34,Total de Gols,Under,7.5,,,,,2.17,1-2,6-3,Red,-1.0,17614562
, CLA-UA Spain Cyber Cup (UA) (2x5 mins),shatik666 x rain,shatik666,Girona FC,rain,Valencia,06/09/2026,16:34:06,Total de Gols,Under,10.5,,,,,2.02,5-3,6-3,Green,1.02,17614562
, CLA-UA Italy Cyber Cup (UA) (2x5 mins),luxiqq x FanFan,luxiqq,Atalanta,FanFan,Udinese,06/09/2026,16:22:20,Total de Gols,Under,7.5,,,,,1.74,0-0,7-4,Red,-1.0,17614548
, CLA-UA Italy Cyber Cup (UA) (2x5 mins),luxiqq x FanFan,luxiqq,Atalanta,FanFan,Udinese,06/09/2026,16:25:52,Total de Gols,Under,8.5,,,,,1.74,1-0,7-4,Red,-1.0,17614548
, CLA-UA Italy Cyber Cup (UA) (2x5 mins),luxiqq x FanFan,luxiqq,Atalanta,FanFan,Udinese,06/09/2026,16:29:32,Total de Gols,Under,9.5,,,,,1.62,2-2,7-4,Red,-1.0,17614548
, CLA-UA Italy Cyber Cup (UA) (2x5 mins),luxiqq x FanFan,luxiqq,Atalanta,FanFan,Udinese,06/09/2026,16:30:34,Total de Gols,Under,10.5,,,,,2.22,3-3,7-4,Red,-1.0,17614548
, CLA-UA Italy Cyber Cup (UA) (2x5 mins),luxiqq x Yeti,luxiqq,Atalanta,Yeti,Bologna FC,06/09/2026,16:38:04,Total de Gols,Under,7.5,,,,,1.62,0-0,0-4,Green,0.62,17614547
, CLA-UA Italy Cyber Cup (UA) (2x5 mins),luxiqq x Yeti,luxiqq,Atalanta,Yeti,Bologna FC,06/09/2026,16:38:14,Total de Gols,Under,6.5,,,,,2.08,0-0,0-4,Green,1.08,17614547
, CLA-UA Italy Cyber Cup (UA) (2x5 mins),luxiqq x Yeti,luxiqq,Atalanta,Yeti,Bologna FC,06/09/2026,16:44:17,Total de Gols,Under,5.5,,,,,2.12,0-2,0-4,Green,1.12,17614547
, CLA-UA Italy Cyber Cup (UA) (2x5 mins),luxiqq x Yeti,luxiqq,Atalanta,Yeti,Bologna FC,06/09/2026,16:45:47,Total de Gols,Under,4.5,,,,,2.17,0-2,0-4,Green,1.17,17614547
, CLA-UA Italy Cyber Cup (UA) (2x5 mins),luxiqq x Yeti,luxiqq,Atalanta,Yeti,Bologna FC,06/09/2026,16:48:15,Total de Gols,Under,3.5,,,,,2.65,0-3,0-4,Red,-1.0,17614547
,CLA-UA World Cyber Cup (UA) (2x5 mins),femzzi x Sxitted,femzzi,Algeria,Sxitted,Iceland,06/09/2026,16:52:10,Total de Gols,Under,6.5,,,,,2.02,0-0,2-3,Green,1.02,17614530
,CLA-UA World Cyber Cup (UA) (2x5 mins),femzzi x Sxitted,femzzi,Algeria,Sxitted,Iceland,06/09/2026,16:53:34,Total de Gols,Under,7.5,,,,,1.89,0-0,2-3,Green,0.89,17614530
,CLA-UA World Cyber Cup (UA) (2x5 mins),femzzi x Sxitted,femzzi,Algeria,Sxitted,Iceland,06/09/2026,16:56:42,Total de Gols,Under,5.5,,,,,2.12,0-1,2-3,Green,1.12,17614530
,CLA-UA World Cyber Cup (UA) (2x5 mins),femzzi x Sxitted,femzzi,Algeria,Sxitted,Iceland,06/09/2026,16:57:44,Total de Gols,Under,4.5,,,,,1.97,0-1,2-3,Red,-1.0,17614530
,CLA-UA World Cyber Cup (UA) (2x5 mins),femzzi x Sxitted,femzzi,Algeria,Sxitted,Iceland,06/09/2026,17:00:45,Total de Gols,Under,3.5,,,,,2.31,0-2,2-3,Red,-1.0,17614530
, CLA-UA Spain Cyber Cup (UA) (2x5 mins),zyX x w1dizrt,zyX,Mallorca,w1dizrt,Getafe,06/09/2026,17:06:19,Total de Gols,Under,9.5,,,,,1.8,0-0,6-2,Green,0.8,17614668
, CLA-UA Spain Cyber Cup (UA) (2x5 mins),zyX x w1dizrt,zyX,Mallorca,w1dizrt,Getafe,06/09/2026,17:07:00,Total de Gols,Under,8.5,,,,,2.02,0-0,6-2,Green,1.02,17614668
, CLA-UA Spain Cyber Cup (UA) (2x5 mins),zyX x w1dizrt,zyX,Mallorca,w1dizrt,Getafe,06/09/2026,17:09:43,Total de Gols,Under,7.5,,,,,1.92,1-0,6-2,Red,-1.0,17614668
, CLA-UA Spain Cyber Cup (UA) (2x5 mins),zyX x w1dizrt,zyX,Mallorca,w1dizrt,Getafe,06/09/2026,17:09:58,Total de Gols,Under,6.5,,,,,1.97,1-0,6-2,Red,-1.0,17614668
, CLA-UA Spain Cyber Cup (UA) (2x5 mins),zyX x w1dizrt,zyX,Mallorca,w1dizrt,Getafe,06/09/2026,17:11:51,Total de Gols,Under,5.5,,,,,1.94,2-0,6-2,Red,-1.0,17614668
,CLA-UA World Cyber Cup (UA) (2x5 mins),Bucha x Yeti,Bucha,United States,Yeti,Wales,06/09/2026,17:43:25,Total de Gols,Under,7.5,,,,,1.83,0-0,2-2,Green,0.83,17614679
,CLA-UA World Cyber Cup (UA) (2x5 mins),Bucha x Yeti,Bucha,United States,Yeti,Wales,06/09/2026,17:44:59,Total de Gols,Under,6.5,,,,,2.11,0-0,2-2,Green,1.11,17614679
,CLA-UA World Cyber Cup (UA) (2x5 mins),Bucha x Yeti,Bucha,United States,Yeti,Wales,06/09/2026,17:51:18,Total de Gols,Under,5.5,,,,,2.21,1-2,2-2,Green,1.21,17614679
,CLA-UA World Cyber Cup (UA) (2x5 mins),Bucha x Yeti,Bucha,United States,Yeti,Wales,06/09/2026,17:52:43,Total de Gols,Under,4.5,,,,,2.35,1-2,2-2,Green,1.35,17614679
,CLA-UA World Cyber Cup (UA) (2x5 mins),Bucha x Yeti,Bucha,United States,Yeti,Wales,06/09/2026,17:53:54,Total de Gols,Under,3.5,,,,,2.47,1-2,2-2,Red,-1.0,17614679
,CLA-UA World Cyber Cup (UA) (2x5 mins),Bucha x Xellark,Bucha,United States,Xellark,Turkey,06/09/2026,17:57:53,Total de Gols,Under,7.5,,,,,1.78,0-0,2-6,Red,-1.0,17620758
,CLA-UA World Cyber Cup (UA) (2x5 mins),Bucha x Xellark,Bucha,United States,Xellark,Turkey,06/09/2026,17:59:02,Total de Gols,Under,6.5,,,,,2.03,0-0,2-6,Red,-1.0,17620758
,CLA-UA World Cyber Cup (UA) (2x5 mins),Bucha x Xellark,Bucha,United States,Xellark,Turkey,06/09/2026,18:02:00,Total de Gols,Under,5.5,,,,,2.07,0-1,2-6,Red,-1.0,17620758
,CLA-UA World Cyber Cup (UA) (2x5 mins),Bucha x Xellark,Bucha,United States,Xellark,Turkey,06/09/2026,18:05:21,Total de Gols,Under,8.5,,,,,1.57,2-2,2-6,Green,0.57,17620758
,CLA-UA World Cyber Cup (UA) (2x5 mins),Yeti x FanFan,Yeti,Wales,FanFan,Paraguay,06/09/2026,18:39:47,Total de Gols,Under,7.5,,,,,1.74,0-0,3-0,Green,0.74,17614682
,CLA-UA World Cyber Cup (UA) (2x5 mins),Yeti x FanFan,Yeti,Wales,FanFan,Paraguay,06/09/2026,18:40:49,Total de Gols,Under,6.5,,,,,2.07,0-0,3-0,Green,1.07,17614682
,CLA-UA World Cyber Cup (UA) (2x5 mins),Yeti x FanFan,Yeti,Wales,FanFan,Paraguay,06/09/2026,18:42:13,Total de Gols,Under,5.5,,,,,2.08,0-0,3-0,Green,1.08,17614682
,CLA-UA World Cyber Cup (UA) (2x5 mins),Yeti x FanFan,Yeti,Wales,FanFan,Paraguay,06/09/2026,18:45:09,Total de Gols,Under,4.5,,,,,2.16,1-0,3-0,Green,1.16,17614682
,CLA-UA World Cyber Cup (UA) (2x5 mins),Yeti x FanFan,Yeti,Wales,FanFan,Paraguay,06/09/2026,18:48:03,Total de Gols,Under,3.5,,,,,2.26,2-0,3-0,Green,1.26,17614682
,CLA-UA World Cyber Cup (UA) (2x5 mins),Yeti x FanFan,Yeti,Wales,FanFan,Paraguay,06/09/2026,18:49:33,Total de Gols,Under,2.5,,,,,2.65,2-0,3-0,Red,-1.0,17614682
,CLA-UA World Cyber Cup (UA) (2x5 mins),Xellark x luxiqq,Xellark,Turkey,luxiqq,Australia,06/09/2026,18:38:41,Total de Gols,Under,7.5,,,,,1.98,0-0,4-5,Red,-1.0,17620761
,CLA-UA World Cyber Cup (UA) (2x5 mins),Xellark x luxiqq,Xellark,Turkey,luxiqq,Australia,06/09/2026,18:41:41,Total de Gols,Under,6.5,,,,,2.03,0-0,4-5,Red,-1.0,17620761
,CLA-UA World Cyber Cup (UA) (2x5 mins),Xellark x luxiqq,Xellark,Turkey,luxiqq,Australia,06/09/2026,18:43:00,Total de Gols,Under,5.5,,,,,2.07,0-0,4-5,Red,-1.0,17620761
,CLA-UA World Cyber Cup (UA) (2x5 mins),Xellark x luxiqq,Xellark,Turkey,luxiqq,Australia,06/09/2026,18:44:46,Total de Gols,Under,8.5,,,,,1.65,1-1,4-5,Red,-1.0,17620761
,CLA-UA World Cyber Cup (UA) (2x5 mins),Xellark x luxiqq,Xellark,Turkey,luxiqq,Australia,06/09/2026,18:49:22,Total de Gols,Under,9.5,,,,,1.54,3-3,4-5,Green,0.54,17620761
,CLA-UA World Cyber Cup (UA) (2x5 mins),Yeti x Bucha,Yeti,Wales,Bucha,United States,06/09/2026,18:53:49,Total de Gols,Under,7.5,,,,,1.74,0-0,7-4,Red,-1.0,17614684
,CLA-UA World Cyber Cup (UA) (2x5 mins),Yeti x Bucha,Yeti,Wales,Bucha,United States,06/09/2026,18:54:38,Total de Gols,Under,8.5,,,,,1.65,0-0,7-4,Red,-1.0,17614684
,CLA-UA World Cyber Cup (UA) (2x5 mins),Yeti x Bucha,Yeti,Wales,Bucha,United States,06/09/2026,18:57:13,Total de Gols,Under,6.5,,,,,2.17,1-1,7-4,Red,-1.0,17614684
,CLA-UA World Cyber Cup (UA) (2x5 mins),Yeti x Bucha,Yeti,Wales,Bucha,United States,06/09/2026,19:01:09,Total de Gols,Under,9.5,,,,,1.54,3-2,7-4,Red,-1.0,17614684
,CLA-UA World Cyber Cup (UA) (2x5 mins),Yeti x Bucha,Yeti,Wales,Bucha,United States,06/09/2026,19:02:30,Total de Gols,Under,10.5,,,,,1.6,5-2,7-4,Red,-1.0,17614684
,CLA-UA World Cyber Cup (UA) (2x5 mins),Yeti x Bucha,Yeti,Wales,Bucha,United States,06/09/2026,19:03:23,Total de Gols,Under,11.5,,,,,1.87,5-4,7-4,Green,0.87,17614684
, CLA-UA Italy Cyber Cup (UA) (2x5 mins),T3RZ x drksd3,T3RZ,Juventus,drksd3,Roma,06/09/2026,18:54:11,Total de Gols,Under,8.5,,,,,1.98,0-0,3-3,Green,0.98,17614574
, CLA-UA Italy Cyber Cup (UA) (2x5 mins),T3RZ x drksd3,T3RZ,Juventus,drksd3,Roma,06/09/2026,18:55:37,Total de Gols,Under,7.5,,,,,2.03,0-0,3-3,Green,1.03,17614574
, CLA-UA Italy Cyber Cup (UA) (2x5 mins),T3RZ x drksd3,T3RZ,Juventus,drksd3,Roma,06/09/2026,18:57:39,Total de Gols,Under,6.5,,,,,2.07,1-0,3-3,Green,1.07,17614574
, CLA-UA Italy Cyber Cup (UA) (2x5 mins),T3RZ x drksd3,T3RZ,Juventus,drksd3,Roma,06/09/2026,18:59:04,Total de Gols,Under,5.5,,,,,2.02,1-0,3-3,Red,-1.0,17614574
, CLA-UA Italy Cyber Cup (UA) (2x5 mins),T3RZ x drksd3,T3RZ,Juventus,drksd3,Roma,06/09/2026,18:59:55,Total de Gols,Under,4.5,,,,,2.21,1-0,3-3,Red,-1.0,17614574
, CLA-UA Italy Cyber Cup (UA) (2x5 mins),T3RZ x drksd3,T3RZ,Juventus,drksd3,Roma,06/09/2026,19:01:29,Total de Gols,Under,3.5,,,,,2.17,1-0,3-3,Red,-1.0,17614574
,CLA-UA World Cyber Cup (UA) (2x5 mins),luxiqq x Bucha,luxiqq,Australia,Bucha,United States,06/09/2026,19:21:32,Total de Gols,Under,7.5,,,,,1.98,0-0,6-5,Red,-1.0,17614589
,CLA-UA World Cyber Cup (UA) (2x5 mins),luxiqq x Bucha,luxiqq,Australia,Bucha,United States,06/09/2026,19:22:33,Total de Gols,Under,8.5,,,,,1.87,0-0,6-5,Red,-1.0,17614589
,CLA-UA World Cyber Cup (UA) (2x5 mins),luxiqq x Bucha,luxiqq,Australia,Bucha,United States,06/09/2026,19:30:12,Total de Gols,Under,9.5,,,,,1.7,4-2,6-5,Red,-1.0,17614589
,CLA-UA World Cyber Cup (UA) (2x5 mins),luxiqq x Bucha,luxiqq,Australia,Bucha,United States,06/09/2026,19:30:47,Total de Gols,Under,10.5,,,,,1.54,5-2,6-5,Red,-1.0,17614589
, CLA-UA Italy Cyber Cup (UA) (2x5 mins),femzzi x Sxitted,femzzi,Napoli,Sxitted,Milan,06/09/2026,19:22:08,Total de Gols,Under,6.5,,,,,2.02,0-0,3-6,Red,-1.0,17614677
, CLA-UA Italy Cyber Cup (UA) (2x5 mins),femzzi x Sxitted,femzzi,Napoli,Sxitted,Milan,06/09/2026,19:23:38,Total de Gols,Under,7.5,,,,,1.74,0-0,3-6,Red,-1.0,17614677
, CLA-UA Italy Cyber Cup (UA) (2x5 mins),femzzi x Sxitted,femzzi,Napoli,Sxitted,Milan,06/09/2026,19:26:50,Total de Gols,Under,8.5,,,,,1.91,1-2,3-6,Red,-1.0,17614677
, CLA-UA Italy Cyber Cup (UA) (2x5 mins),femzzi x Sxitted,femzzi,Napoli,Sxitted,Milan,06/09/2026,19:27:43,Total de Gols,Under,9.5,,,,,1.59,1-3,3-6,Green,0.59,17614677
, CLA-UA Spain Cyber Cup (UA) (2x5 mins),FanFan x luxiqq,FanFan,Valencia,luxiqq,Espanyol,06/09/2026,22:29:45,Total de Gols,Under,7.5,,,,,1.7,0-0,7-3,Red,-1.0,17614627
, CLA-UA Spain Cyber Cup (UA) (2x5 mins),FanFan x luxiqq,FanFan,Valencia,luxiqq,Espanyol,06/09/2026,22:30:49,Total de Gols,Under,8.5,,,,,1.62,0-0,7-3,Red,-1.0,17614627
, CLA-UA Spain Cyber Cup (UA) (2x5 mins),FanFan x luxiqq,FanFan,Valencia,luxiqq,Espanyol,06/09/2026,22:39:15,Total de Gols,Under,9.5,,,,,1.72,5-2,7-3,Red,-1.0,17614627
, CLA-UA Spain Cyber Cup (UA) (2x5 mins),drksd3 x luxiqq,drksd3,Celta Vigo,luxiqq,Espanyol,06/09/2026,22:43:05,Total de Gols,Under,7.5,,,,,1.98,0-0,4-7,Red,-1.0,17614626
, CLA-UA Spain Cyber Cup (UA) (2x5 mins),drksd3 x luxiqq,drksd3,Celta Vigo,luxiqq,Espanyol,06/09/2026,22:45:07,Total de Gols,Under,8.5,,,,,1.71,0-0,4-7,Red,-1.0,17614626
, CLA-UA Spain Cyber Cup (UA) (2x5 mins),drksd3 x luxiqq,drksd3,Celta Vigo,luxiqq,Espanyol,06/09/2026,22:46:14,Total de Gols,Under,9.5,,,,,1.88,1-1,4-7,Red,-1.0,17614626
, CLA-UA Spain Cyber Cup (UA) (2x5 mins),drksd3 x luxiqq,drksd3,Celta Vigo,luxiqq,Espanyol,06/09/2026,22:47:37,Total de Gols,Under,10.5,,,,,1.98,2-2,4-7,Red,-1.0,17614626
, CLA-UA Spain Cyber Cup (UA) (2x5 mins),drksd3 x luxiqq,drksd3,Celta Vigo,luxiqq,Espanyol,06/09/2026,22:49:10,Total de Gols,Under,11.5,,,,,1.98,3-3,4-7,Green,0.98,17614626
, CLA-UA Spain Cyber Cup (UA) (2x5 mins),drksd3 x luxiqq,drksd3,Celta Vigo,luxiqq,Espanyol,06/09/2026,22:49:23,Total de Gols,Under,12.5,,,,,1.7,3-4,4-7,Green,0.7,17614626
, CLA-UA Spain Cyber Cup (UA) (2x5 mins),Int1liGenT x luxiqq,Int1liGenT,Getafe,luxiqq,Espanyol,06/09/2026,23:26:06,Total de Gols,Under,9.5,,,,,1.75,0-0,4-4,Green,0.75,17614629
, CLA-UA Spain Cyber Cup (UA) (2x5 mins),Int1liGenT x luxiqq,Int1liGenT,Getafe,luxiqq,Espanyol,06/09/2026,23:26:58,Total de Gols,Under,8.5,,,,,2.07,0-0,4-4,Green,1.07,17614629
, CLA-UA Spain Cyber Cup (UA) (2x5 mins),Int1liGenT x luxiqq,Int1liGenT,Getafe,luxiqq,Espanyol,06/09/2026,23:30:09,Total de Gols,Under,7.5,,,,,2.07,0-1,4-4,Red,-1.0,17614629
, CLA-UA Spain Cyber Cup (UA) (2x5 mins),Int1liGenT x luxiqq,Int1liGenT,Getafe,luxiqq,Espanyol,06/09/2026,23:31:23,Total de Gols,Under,6.5,,,,,2.11,1-1,4-4,Red,-1.0,17614629
, CLA-UA Spain Cyber Cup (UA) (2x5 mins),luxiqq x FanFan,luxiqq,Espanyol,FanFan,Valencia,06/09/2026,23:39:25,Total de Gols,Under,7.5,,,,,1.7,0-0,6-4,Red,-1.0,17614630
, CLA-UA Spain Cyber Cup (UA) (2x5 mins),luxiqq x FanFan,luxiqq,Espanyol,FanFan,Valencia,06/09/2026,23:40:40,Total de Gols,Under,6.5,,,,,2.07,0-0,6-4,Red,-1.0,17614630
, CLA-UA Spain Cyber Cup (UA) (2x5 mins),luxiqq x FanFan,luxiqq,Espanyol,FanFan,Valencia,06/09/2026,23:42:11,Total de Gols,Under,5.5,,,,,2.07,0-0,6-4,Red,-1.0,17614630
, CLA-UA Spain Cyber Cup (UA) (2x5 mins),luxiqq x FanFan,luxiqq,Espanyol,FanFan,Valencia,06/09/2026,23:44:47,Total de Gols,Under,8.5,,,,,1.93,3-0,6-4,Red,-1.0,17614630
, CLA-UA Spain Cyber Cup (UA) (2x5 mins),luxiqq x FanFan,luxiqq,Espanyol,FanFan,Valencia,06/09/2026,23:47:21,Total de Gols,Under,9.5,,,,,1.59,4-1,6-4,Red,-1.0,17614630
, CLA-UA Spain Cyber Cup (UA) (2x5 mins),luxiqq x Int1liGenT,luxiqq,Espanyol,Int1liGenT,Getafe,07/09/2026,00:36:06,Total de Gols,Under,9.5,,,,,1.75,0-0,1-4,Green,0.75,17614637
, CLA-UA Spain Cyber Cup (UA) (2x5 mins),luxiqq x Int1liGenT,luxiqq,Espanyol,Int1liGenT,Getafe,07/09/2026,00:36:49,Total de Gols,Under,8.5,,,,,2.02,0-0,1-4,Green,1.02,17614637
, CLA-UA Spain Cyber Cup (UA) (2x5 mins),luxiqq x Int1liGenT,luxiqq,Espanyol,Int1liGenT,Getafe,07/09/2026,00:39:43,Total de Gols,Under,7.5,,,,,2.03,0-1,1-4,Green,1.03,17614637
, CLA-UA Spain Cyber Cup (UA) (2x5 mins),luxiqq x Int1liGenT,luxiqq,Espanyol,Int1liGenT,Getafe,07/09/2026,00:43:15,Total de Gols,Under,6.5,,,,,2.08,0-2,1-4,Green,1.08,17614637
, CLA-UA Spain Cyber Cup (UA) (2x5 mins),luxiqq x Int1liGenT,luxiqq,Espanyol,Int1liGenT,Getafe,07/09/2026,00:44:06,Total de Gols,Under,5.5,,,,,2.13,0-2,1-4,Green,1.13,17614637
, CLA-UA Spain Cyber Cup (UA) (2x5 mins),luxiqq x Int1liGenT,luxiqq,Espanyol,Int1liGenT,Getafe,07/09/2026,00:44:41,Total de Gols,Under,4.5,,,,,2.07,0-2,1-4,Red,-1.0,17614637
, CLA-UA Spain Cyber Cup (UA) (2x5 mins),luxiqq x Int1liGenT,luxiqq,Espanyol,Int1liGenT,Getafe,07/09/2026,00:45:20,Total de Gols,Under,3.5,,,,,2.32,0-2,1-4,Red,-1.0,17614637
, CLA-UA Champions Cyber League (UA) (2x5 mins),Nona x Kairox,Nona,Real Madrid,Kairox,Borussia Dortmund,07/09/2026,09:00:10,Total de Gols,Under,7.5,,,,,1.97,1-2,5-6,Red,-1.0,17624027
, CLA-UA Champions Cyber League (UA) (2x5 mins),Nona x Kairox,Nona,Real Madrid,Kairox,Borussia Dortmund,07/09/2026,09:00:13,Total de Gols,Under,8.5,,,,,1.97,1-2,5-6,Red,-1.0,17624027
, CLA-UA Champions Cyber League (UA) (2x5 mins),Nona x Kairox,Nona,Real Madrid,Kairox,Borussia Dortmund,07/09/2026,09:00:30,Total de Gols,Under,9.5,,,,,1.78,1-3,5-6,Red,-1.0,17624027
, CLA-UA Champions Cyber League (UA) (2x5 mins),Nona x Kairox,Nona,Real Madrid,Kairox,Borussia Dortmund,07/09/2026,09:02:03,Total de Gols,Under,10.5,,,,,1.52,2-4,5-6,Red,-1.0,17624027
, CLA-UA Champions Cyber League (UA) (2x5 mins),Nona x Kairox,Nona,Real Madrid,Kairox,Borussia Dortmund,07/09/2026,09:02:41,Total de Gols,Under,11.5,,,,,1.78,3-5,5-6,Green,0.78,17624027
, CLA-UA France Cyber Cup (UA) (2x5 mins),Sxitted x Voron,Sxitted,Lyon,Voron,Stade Rennais FC,07/09/2026,09:07:46,Total de Gols,Under,7.5,,,,,1.74,0-0,0-0,Green,0.74,17624046
, CLA-UA Italy Cyber Cup (UA) (2x5 mins),Kairox x zyX,Kairox,Lecce,zyX,Juventus,07/09/2026,09:58:25,Total de Gols,Under,7.5,,,,,1.98,0-0,2-1,Green,0.98,17624075
, CLA-UA Italy Cyber Cup (UA) (2x5 mins),Kairox x zyX,Kairox,Lecce,zyX,Juventus,07/09/2026,10:00:47,Total de Gols,Under,8.5,,,,,1.87,0-0,2-1,Green,0.87,17624075
, CLA-UA Italy Cyber Cup (UA) (2x5 mins),Kairox x zyX,Kairox,Lecce,zyX,Juventus,07/09/2026,10:03:08,Total de Gols,Under,6.5,,,,,2.12,1-0,2-1,Green,1.12,17624075
, CLA-UA Italy Cyber Cup (UA) (2x5 mins),Kairox x zyX,Kairox,Lecce,zyX,Juventus,07/09/2026,10:04:28,Total de Gols,Under,5.5,,,,,2.12,1-0,2-1,Green,1.12,17624075
, CLA-UA Italy Cyber Cup (UA) (2x5 mins),Kairox x zyX,Kairox,Lecce,zyX,Juventus,07/09/2026,10:09:02,Total de Gols,Under,4.5,,,,,2.36,2-1,2-1,Green,1.36,17624075
, CLA-UA Italy Cyber Cup (UA) (2x5 mins),Kairox x zyX,Kairox,Lecce,zyX,Juventus,07/09/2026,10:10:11,Total de Gols,Under,3.5,,,,,2.31,2-1,2-1,Green,1.31,17624075
, CLA-UA Spain Cyber Cup (UA) (2x5 mins),k0tik x Voron,k0tik,Villarreal,Voron,Sevilla,07/09/2026,10:00:32,Total de Gols,Under,6.5,,,,,1.94,0-0,5-3,Red,-1.0,17624093
, CLA-UA Spain Cyber Cup (UA) (2x5 mins),k0tik x Voron,k0tik,Villarreal,Voron,Sevilla,07/09/2026,10:01:43,Total de Gols,Under,7.5,,,,,1.7,0-0,5-3,Red,-1.0,17624093
, CLA-UA Spain Cyber Cup (UA) (2x5 mins),k0tik x Voron,k0tik,Villarreal,Voron,Sevilla,07/09/2026,10:03:30,Total de Gols,Under,8.5,,,,,1.79,2-0,5-3,Green,0.79,17624093
, CLA-UA Spain Cyber Cup (UA) (2x5 mins),k0tik x Voron,k0tik,Villarreal,Voron,Sevilla,07/09/2026,10:04:08,Total de Gols,Under,9.5,,,,,1.59,3-0,5-3,Green,0.59,17624093
, CLA-UA Spain Cyber Cup (UA) (2x5 mins),k0tik x Voron,k0tik,Villarreal,Voron,Sevilla,07/09/2026,10:04:37,Total de Gols,Under,10.5,,,,,1.59,3-1,5-3,Green,0.59,17624093
, CLA-UA Italy Cyber Cup (UA) (2x5 mins),BUFF x Shot,BUFF,Fiorentina,Shot,Bologna FC,07/09/2026,10:26:45,Total de Gols,Under,9.5,,,,,1.65,0-0,4-2,Green,0.65,17624078
, CLA-UA Italy Cyber Cup (UA) (2x5 mins),BUFF x Shot,BUFF,Fiorentina,Shot,Bologna FC,07/09/2026,10:28:22,Total de Gols,Under,8.5,,,,,2.02,0-0,4-2,Green,1.02,17624078
, CLA-UA Italy Cyber Cup (UA) (2x5 mins),BUFF x Shot,BUFF,Fiorentina,Shot,Bologna FC,07/09/2026,10:29:33,Total de Gols,Under,7.5,,,,,2.07,0-0,4-2,Green,1.07,17624078
, CLA-UA Italy Cyber Cup (UA) (2x5 mins),BUFF x Shot,BUFF,Fiorentina,Shot,Bologna FC,07/09/2026,10:35:56,Total de Gols,Under,6.5,,,,,2.22,4-0,4-2,Green,1.22,17624078
, CLA-UA Spain Cyber Cup (UA) (2x5 mins),Voron x Sxitted,Voron,Sevilla,Sxitted,Barcelona,07/09/2026,10:27:43,Total de Gols,Under,7.5,,,,,1.98,0-0,2-4,Green,0.98,17624100
, CLA-UA Spain Cyber Cup (UA) (2x5 mins),Voron x Sxitted,Voron,Sevilla,Sxitted,Barcelona,07/09/2026,10:29:47,Total de Gols,Under,6.5,,,,,2.03,0-0,2-4,Green,1.03,17624100
, CLA-UA Spain Cyber Cup (UA) (2x5 mins),Voron x Sxitted,Voron,Sevilla,Sxitted,Barcelona,07/09/2026,10:32:58,Total de Gols,Under,5.5,,,,,2.12,1-0,2-4,Red,-1.0,17624100
, CLA-UA Spain Cyber Cup (UA) (2x5 mins),Voron x Sxitted,Voron,Sevilla,Sxitted,Barcelona,07/09/2026,10:35:27,Total de Gols,Under,4.5,,,,,2.17,1-1,2-4,Red,-1.0,17624100
, CLA-UA Italy Cyber Cup (UA) (2x5 mins),Shot x Kairox,Shot,Bologna FC,Kairox,Lecce,07/09/2026,10:42:16,Total de Gols,Under,6.5,,,,,1.85,0-0,2-3,Green,0.85,17624081
, CLA-UA Italy Cyber Cup (UA) (2x5 mins),Shot x Kairox,Shot,Bologna FC,Kairox,Lecce,07/09/2026,10:42:37,Total de Gols,Under,7.5,,,,,1.77,0-0,2-3,Green,0.77,17624081
, CLA-UA Italy Cyber Cup (UA) (2x5 mins),Shot x Kairox,Shot,Bologna FC,Kairox,Lecce,07/09/2026,10:44:48,Total de Gols,Under,5.5,,,,,2.12,1-0,2-3,Green,1.12,17624081
, CLA-UA Italy Cyber Cup (UA) (2x5 mins),Shot x Kairox,Shot,Bologna FC,Kairox,Lecce,07/09/2026,10:46:17,Total de Gols,Under,4.5,,,,,2.22,1-0,2-3,Red,-1.0,17624081
, CLA-UA Spain Cyber Cup (UA) (2x5 mins),T3RZ x k0tik,T3RZ,Atletico Madrid,k0tik,Villarreal,07/09/2026,10:42:07,Total de Gols,Under,8.5,,,,,1.76,0-0,7-7,Red,-1.0,17624102
, CLA-UA Spain Cyber Cup (UA) (2x5 mins),T3RZ x k0tik,T3RZ,Atletico Madrid,k0tik,Villarreal,07/09/2026,10:42:32,Total de Gols,Under,9.5,,,,,1.68,0-0,7-7,Red,-1.0,17624102
, CLA-UA Spain Cyber Cup (UA) (2x5 mins),T3RZ x k0tik,T3RZ,Atletico Madrid,k0tik,Villarreal,07/09/2026,10:45:18,Total de Gols,Under,10.5,,,,,1.61,2-1,7-7,Red,-1.0,17624102
, CLA-UA Spain Cyber Cup (UA) (2x5 mins),T3RZ x k0tik,T3RZ,Atletico Madrid,k0tik,Villarreal,07/09/2026,10:46:13,Total de Gols,Under,11.5,,,,,1.78,4-1,7-7,Red,-1.0,17624102
, CLA-UA Spain Cyber Cup (UA) (2x5 mins),T3RZ x k0tik,T3RZ,Atletico Madrid,k0tik,Villarreal,07/09/2026,10:46:37,Total de Gols,Under,12.5,,,,,1.65,4-2,7-7,Red,-1.0,17624102
, CLA-UA Spain Cyber Cup (UA) (2x5 mins),T3RZ x k0tik,T3RZ,Atletico Madrid,k0tik,Villarreal,07/09/2026,10:47:28,Total de Gols,Under,13.5,,,,,1.69,5-3,7-7,Red,-1.0,17624102
, CLA-UA Spain Cyber Cup (UA) (2x5 mins),T3RZ x k0tik,T3RZ,Atletico Madrid,k0tik,Villarreal,07/09/2026,10:48:51,Total de Gols,Under,14.5,,,,,1.97,5-5,7-7,Green,0.97,17624102
, CLA-UA Spain Cyber Cup (UA) (2x5 mins),T3RZ x k0tik,T3RZ,Atletico Madrid,k0tik,Villarreal,07/09/2026,10:49:24,Total de Gols,Under,15.5,,,,,1.65,6-5,7-7,Green,0.65,17624102
, CLA-UA Italy Cyber Cup (UA) (2x5 mins),Shot x zyX,Shot,Bologna FC,zyX,Juventus,07/09/2026,10:56:29,Total de Gols,Under,8.5,,,,,1.69,0-0,2-5,Green,0.69,17624083
, CLA-UA Italy Cyber Cup (UA) (2x5 mins),Shot x zyX,Shot,Bologna FC,zyX,Juventus,07/09/2026,10:57:01,Total de Gols,Under,9.5,,,,,1.97,1-0,2-5,Green,0.97,17624083
, CLA-UA Italy Cyber Cup (UA) (2x5 mins),Shot x zyX,Shot,Bologna FC,zyX,Juventus,07/09/2026,10:59:23,Total de Gols,Under,10.5,,,,,1.62,1-2,2-5,Green,0.62,17624083
, CLA-UA Italy Cyber Cup (UA) (2x5 mins),Shot x zyX,Shot,Bologna FC,zyX,Juventus,07/09/2026,11:05:46,Total de Gols,Under,7.5,,,,,2.51,2-5,2-5,Green,1.51,17624083
, CLA-UA Italy Cyber Cup (UA) (2x5 mins),BUFF x Kairox,BUFF,Fiorentina,Kairox,Lecce,07/09/2026,10:56:25,Total de Gols,Under,7.5,,,,,2.03,0-0,1-5,Green,1.03,17624082
, CLA-UA Italy Cyber Cup (UA) (2x5 mins),BUFF x Kairox,BUFF,Fiorentina,Kairox,Lecce,07/09/2026,10:57:47,Total de Gols,Under,6.5,,,,,2.03,0-0,1-5,Green,1.03,17624082
, CLA-UA Italy Cyber Cup (UA) (2x5 mins),BUFF x Kairox,BUFF,Fiorentina,Kairox,Lecce,07/09/2026,11:00:26,Total de Gols,Under,8.5,,,,,1.83,0-2,1-5,Green,0.83,17624082
, CLA-UA Spain Cyber Cup (UA) (2x5 mins),Voron x k0tik,Voron,Sevilla,k0tik,Villarreal,07/09/2026,11:10:17,Total de Gols,Under,6.5,,,,,1.94,0-0,4-6,Red,-1.0,17624105
, CLA-UA Spain Cyber Cup (UA) (2x5 mins),Voron x k0tik,Voron,Sevilla,k0tik,Villarreal,07/09/2026,11:11:20,Total de Gols,Under,7.5,,,,,1.71,0-0,4-6,Red,-1.0,17624105
, CLA-UA Spain Cyber Cup (UA) (2x5 mins),Voron x k0tik,Voron,Sevilla,k0tik,Villarreal,07/09/2026,11:13:21,Total de Gols,Under,8.5,,,,,1.69,1-1,4-6,Red,-1.0,17624105
, CLA-UA Spain Cyber Cup (UA) (2x5 mins),Voron x k0tik,Voron,Sevilla,k0tik,Villarreal,07/09/2026,11:17:09,Total de Gols,Under,9.5,,,,,1.59,2-3,4-6,Red,-1.0,17624105
, CLA-UA Spain Cyber Cup (UA) (2x5 mins),Voron x k0tik,Voron,Sevilla,k0tik,Villarreal,07/09/2026,11:17:25,Total de Gols,Under,10.5,,,,,1.52,3-3,4-6,Green,0.52,17624105
, CLA-UA Italy Cyber Cup (UA) (2x5 mins),zyX x BUFF,zyX,Juventus,BUFF,Fiorentina,07/09/2026,11:23:00,Total de Gols,Under,8.5,,,,,1.76,0-0,4-2,Green,0.76,17624086
, CLA-UA Italy Cyber Cup (UA) (2x5 mins),zyX x BUFF,zyX,Juventus,BUFF,Fiorentina,07/09/2026,11:24:42,Total de Gols,Under,7.5,,,,,2.07,0-0,4-2,Green,1.07,17624086
, CLA-UA Italy Cyber Cup (UA) (2x5 mins),zyX x BUFF,zyX,Juventus,BUFF,Fiorentina,07/09/2026,11:29:10,Total de Gols,Under,6.5,,,,,2.12,1-1,4-2,Green,1.12,17624086
, CLA-UA Italy Cyber Cup (UA) (2x5 mins),zyX x BUFF,zyX,Juventus,BUFF,Fiorentina,07/09/2026,11:32:32,Total de Gols,Under,5.5,,,,,2.22,2-2,4-2,Red,-1.0,17624086
, CLA-UA Italy Cyber Cup (UA) (2x5 mins),Nona x Kairox,Nona,Roma,Kairox,Lecce,07/09/2026,11:24:23,Total de Gols,Under,9.5,,,,,1.65,0-0,6-7,Red,-1.0,17624087
, CLA-UA Italy Cyber Cup (UA) (2x5 mins),Nona x Kairox,Nona,Roma,Kairox,Lecce,07/09/2026,11:24:24,Total de Gols,Under,10.5,,,,,1.63,0-0,6-7,Red,-1.0,17624087
, CLA-UA Italy Cyber Cup (UA) (2x5 mins),Nona x Kairox,Nona,Roma,Kairox,Lecce,07/09/2026,11:27:08,Total de Gols,Under,11.5,,,,,1.85,1-3,6-7,Red,-1.0,17624087
, CLA-UA Italy Cyber Cup (UA) (2x5 mins),Nona x Kairox,Nona,Roma,Kairox,Lecce,07/09/2026,11:34:11,Total de Gols,Under,12.5,,,,,1.47,4-6,6-7,Red,-1.0,17624087
, CLA-UA Spain Cyber Cup (UA) (2x5 mins),Sxitted x Voron,Sxitted,Barcelona,Voron,Sevilla,07/09/2026,11:37:26,Total de Gols,Under,7.5,,,,,1.74,0-0,3-6,Red,-1.0,17624110
, CLA-UA Spain Cyber Cup (UA) (2x5 mins),Sxitted x Voron,Sxitted,Barcelona,Voron,Sevilla,07/09/2026,11:40:07,Total de Gols,Under,8.5,,,,,1.69,0-1,3-6,Red,-1.0,17624110
, CLA-UA Spain Cyber Cup (UA) (2x5 mins),Sxitted x Voron,Sxitted,Barcelona,Voron,Sevilla,07/09/2026,11:42:09,Total de Gols,Under,6.5,,,,,2.08,1-1,3-6,Red,-1.0,17624110
, CLA-UA Spain Cyber Cup (UA) (2x5 mins),Sxitted x Voron,Sxitted,Barcelona,Voron,Sevilla,07/09/2026,11:46:28,Total de Gols,Under,9.5,,,,,1.46,3-3,3-6,Green,0.46,17624110
, CLA-UA Spain Cyber Cup (UA) (2x5 mins),k0tik x T3RZ,k0tik,Villarreal,T3RZ,Atletico Madrid,07/09/2026,11:51:15,Total de Gols,Under,8.5,,,,,1.76,0-0,3-5,Green,0.76,17624112
, CLA-UA Spain Cyber Cup (UA) (2x5 mins),k0tik x T3RZ,k0tik,Villarreal,T3RZ,Atletico Madrid,07/09/2026,11:52:46,Total de Gols,Under,7.5,,,,,2.07,0-0,3-5,Red,-1.0,17624112
, CLA-UA Spain Cyber Cup (UA) (2x5 mins),k0tik x T3RZ,k0tik,Villarreal,T3RZ,Atletico Madrid,07/09/2026,11:53:59,Total de Gols,Under,6.5,,,,,2.12,0-0,3-5,Red,-1.0,17624112
, CLA-UA Spain Cyber Cup (UA) (2x5 mins),k0tik x T3RZ,k0tik,Villarreal,T3RZ,Atletico Madrid,07/09/2026,11:57:10,Total de Gols,Under,5.5,,,,,2.17,0-2,3-5,Red,-1.0,17624112
, CLA-UA Italy Cyber Cup (UA) (2x5 mins),Kairox x BUFF,Kairox,Lecce,BUFF,Fiorentina,07/09/2026,12:05:12,Total de Gols,Under,8.5,,,,,1.75,0-0,2-2,Green,0.75,17624094
, CLA-UA Italy Cyber Cup (UA) (2x5 mins),Kairox x BUFF,Kairox,Lecce,BUFF,Fiorentina,07/09/2026,12:06:39,Total de Gols,Under,7.5,,,,,2.07,0-0,2-2,Green,1.07,17624094
, CLA-UA Italy Cyber Cup (UA) (2x5 mins),Kairox x BUFF,Kairox,Lecce,BUFF,Fiorentina,07/09/2026,12:08:02,Total de Gols,Under,6.5,,,,,2.11,0-0,2-2,Green,1.11,17624094
, CLA-UA Italy Cyber Cup (UA) (2x5 mins),Kairox x BUFF,Kairox,Lecce,BUFF,Fiorentina,07/09/2026,12:09:23,Total de Gols,Under,5.5,,,,,2.12,0-0,2-2,Green,1.12,17624094
, CLA-UA Italy Cyber Cup (UA) (2x5 mins),Kairox x BUFF,Kairox,Lecce,BUFF,Fiorentina,07/09/2026,12:16:07,Total de Gols,Under,4.5,,,,,2.56,2-2,2-2,Green,1.56,17624094
, CLA-UA Spain Cyber Cup (UA) (2x5 mins),four x vrud1,four,Espanyol,vrud1,Mallorca,07/09/2026,15:00:24,Total de Gols,Under,6.5,,,,,2.07,0-0,6-3,Red,-1.0,17624235
, CLA-UA Spain Cyber Cup (UA) (2x5 mins),four x vrud1,four,Espanyol,vrud1,Mallorca,07/09/2026,15:01:58,Total de Gols,Under,5.5,,,,,2.06,0-0,6-3,Red,-1.0,17624235
, CLA-UA Spain Cyber Cup (UA) (2x5 mins),four x vrud1,four,Espanyol,vrud1,Mallorca,07/09/2026,15:03:14,Total de Gols,Under,7.5,,,,,1.82,1-0,6-3,Red,-1.0,17624235
, CLA-UA Spain Cyber Cup (UA) (2x5 mins),four x vrud1,four,Espanyol,vrud1,Mallorca,07/09/2026,15:07:06,Total de Gols,Under,8.5,,,,,1.62,3-1,6-3,Red,-1.0,17624235
, CLA-UA Spain Cyber Cup (UA) (2x5 mins),four x vrud1,four,Espanyol,vrud1,Mallorca,07/09/2026,15:08:20,Total de Gols,Under,9.5,,,,,1.68,4-2,6-3,Green,0.68,17624235
,CLA-UA World Cyber Cup (UA) (2x5 mins),Sxitted x T3RZ,Sxitted,Uzbekistan,T3RZ,Colombia,07/09/2026,14:59:56,Total de Gols,Under,7.5,,,,,1.98,0-0,1-5,Green,0.98,17624204
,CLA-UA World Cyber Cup (UA) (2x5 mins),Sxitted x T3RZ,Sxitted,Uzbekistan,T3RZ,Colombia,07/09/2026,15:01:24,Total de Gols,Under,8.5,,,,,1.83,0-0,1-5,Green,0.83,17624204
,CLA-UA World Cyber Cup (UA) (2x5 mins),Sxitted x T3RZ,Sxitted,Uzbekistan,T3RZ,Colombia,07/09/2026,15:05:09,Total de Gols,Under,6.5,,,,,2.03,1-1,1-5,Green,1.03,17624204
, CLA-UA Italy Cyber Cup (UA) (2x5 mins),Jackson x Yeti,Jackson,Lecce,Yeti,Lazio,07/09/2026,15:14:06,Total de Gols,Under,8.5,,,,,1.63,0-0,2-2,Green,0.63,17624214
, CLA-UA Italy Cyber Cup (UA) (2x5 mins),Jackson x Yeti,Jackson,Lecce,Yeti,Lazio,07/09/2026,15:14:24,Total de Gols,Under,7.5,,,,,2.03,0-0,2-2,Green,1.03,17624214
, CLA-UA Italy Cyber Cup (UA) (2x5 mins),Jackson x Yeti,Jackson,Lecce,Yeti,Lazio,07/09/2026,15:16:57,Total de Gols,Under,6.5,,,,,2.08,0-1,2-2,Green,1.08,17624214
, CLA-UA Italy Cyber Cup (UA) (2x5 mins),Jackson x Yeti,Jackson,Lecce,Yeti,Lazio,07/09/2026,15:18:10,Total de Gols,Under,5.5,,,,,2.12,0-1,2-2,Green,1.12,17624214
, CLA-UA Italy Cyber Cup (UA) (2x5 mins),Jackson x Yeti,Jackson,Lecce,Yeti,Lazio,07/09/2026,15:21:24,Total de Gols,Under,4.5,,,,,2.22,1-1,2-2,Green,1.22,17624214
, CLA-UA Spain Cyber Cup (UA) (2x5 mins),four x Hetman,four,Espanyol,Hetman,Getafe,07/09/2026,15:14:06,Total de Gols,Under,6.5,,,,,2.02,0-0,2-5,Red,-1.0,17624245
, CLA-UA Spain Cyber Cup (UA) (2x5 mins),four x Hetman,four,Espanyol,Hetman,Getafe,07/09/2026,15:15:42,Total de Gols,Under,5.5,,,,,2.07,0-0,2-5,Red,-1.0,17624245
, CLA-UA Spain Cyber Cup (UA) (2x5 mins),four x Hetman,four,Espanyol,Hetman,Getafe,07/09/2026,15:21:47,Total de Gols,Under,7.5,,,,,1.7,1-3,2-5,Green,0.7,17624245
, CLA-UA Spain Cyber Cup (UA) (2x5 mins),four x Hetman,four,Espanyol,Hetman,Getafe,07/09/2026,15:22:11,Total de Gols,Under,8.5,,,,,1.54,1-4,2-5,Green,0.54,17624245
,CLA-UA World Cyber Cup (UA) (2x5 mins),TOMMY x Sxitted,TOMMY,Austria,Sxitted,Uzbekistan,07/09/2026,15:28:02,Total de Gols,Under,7.5,,,,,1.98,0-0,4-2,Green,0.98,17624400
,CLA-UA World Cyber Cup (UA) (2x5 mins),TOMMY x Sxitted,TOMMY,Austria,Sxitted,Uzbekistan,07/09/2026,15:29:52,Total de Gols,Under,8.5,,,,,1.65,0-0,4-2,Green,0.65,17624400
,CLA-UA World Cyber Cup (UA) (2x5 mins),TOMMY x Sxitted,TOMMY,Austria,Sxitted,Uzbekistan,07/09/2026,15:37:27,Total de Gols,Under,6.5,,,,,2.4,4-1,4-2,Green,1.4,17624400
,CLA-UA World Cyber Cup (UA) (2x5 mins),TOMMY x Sxitted,TOMMY,Austria,Sxitted,Uzbekistan,07/09/2026,15:38:52,Total de Gols,Under,5.5,,,,,2.56,4-1,4-2,Red,-1.0,17624400
, CLA-UA Italy Cyber Cup (UA) (2x5 mins),Jackson x Xellark,Jackson,Lecce,Xellark,Torino,07/09/2026,15:28:06,Total de Gols,Under,7.5,,,,,1.98,0-0,8-5,Red,-1.0,17624221
, CLA-UA Italy Cyber Cup (UA) (2x5 mins),Jackson x Xellark,Jackson,Lecce,Xellark,Torino,07/09/2026,15:29:24,Total de Gols,Under,8.5,,,,,1.69,0-0,8-5,Red,-1.0,17624221
, CLA-UA Italy Cyber Cup (UA) (2x5 mins),Jackson x Xellark,Jackson,Lecce,Xellark,Torino,07/09/2026,15:32:49,Total de Gols,Under,9.5,,,,,1.92,2-2,8-5,Red,-1.0,17624221
, CLA-UA Italy Cyber Cup (UA) (2x5 mins),Jackson x Xellark,Jackson,Lecce,Xellark,Torino,07/09/2026,15:33:35,Total de Gols,Under,10.5,,,,,1.62,3-2,8-5,Red,-1.0,17624221
, CLA-UA Italy Cyber Cup (UA) (2x5 mins),Jackson x Xellark,Jackson,Lecce,Xellark,Torino,07/09/2026,15:37:38,Total de Gols,Under,11.5,,,,,1.48,6-3,8-5,Red,-1.0,17624221
, CLA-UA Spain Cyber Cup (UA) (2x5 mins),d1z x simaha,d1z,Girona FC,simaha,Celta Vigo,07/09/2026,15:28:16,Total de Gols,Under,5.5,,,,,1.95,0-0,6-3,Red,-1.0,17624239
, CLA-UA Spain Cyber Cup (UA) (2x5 mins),d1z x simaha,d1z,Girona FC,simaha,Celta Vigo,07/09/2026,15:29:13,Total de Gols,Under,6.5,,,,,1.69,0-0,6-3,Red,-1.0,17624239
, CLA-UA Spain Cyber Cup (UA) (2x5 mins),d1z x simaha,d1z,Girona FC,simaha,Celta Vigo,07/09/2026,15:31:30,Total de Gols,Under,7.5,,,,,1.68,1-1,6-3,Red,-1.0,17624239
, CLA-UA Spain Cyber Cup (UA) (2x5 mins),d1z x simaha,d1z,Girona FC,simaha,Celta Vigo,07/09/2026,15:33:41,Total de Gols,Under,8.5,,,,,1.57,2-2,6-3,Red,-1.0,17624239
, CLA-UA Spain Cyber Cup (UA) (2x5 mins),d1z x Hetman,d1z,Girona FC,Hetman,Getafe,07/09/2026,15:42:33,Total de Gols,Under,6.5,,,,,2.07,0-0,4-3,Red,-1.0,17624242
, CLA-UA Spain Cyber Cup (UA) (2x5 mins),d1z x Hetman,d1z,Girona FC,Hetman,Getafe,07/09/2026,15:44:59,Total de Gols,Under,7.5,,,,,1.71,0-1,4-3,Green,0.71,17624242
, CLA-UA Spain Cyber Cup (UA) (2x5 mins),d1z x Hetman,d1z,Girona FC,Hetman,Getafe,07/09/2026,15:48:43,Total de Gols,Under,8.5,,,,,1.77,2-2,4-3,Green,0.77,17624242
, CLA-UA Spain Cyber Cup (UA) (2x5 mins),d1z x Hetman,d1z,Girona FC,Hetman,Getafe,07/09/2026,15:50:07,Total de Gols,Under,9.5,,,,,1.69,3-3,4-3,Green,0.69,17624242
, CLA-UA Italy Cyber Cup (UA) (2x5 mins),Jackson x Shot,Jackson,Lecce,Shot,Inter,07/09/2026,15:42:08,Total de Gols,Under,6.5,,,,,1.94,0-0,5-2,Red,-1.0,17624222
, CLA-UA Italy Cyber Cup (UA) (2x5 mins),Jackson x Shot,Jackson,Lecce,Shot,Inter,07/09/2026,15:43:41,Total de Gols,Under,5.5,,,,,2.11,0-0,5-2,Red,-1.0,17624222
, CLA-UA Italy Cyber Cup (UA) (2x5 mins),Jackson x Shot,Jackson,Lecce,Shot,Inter,07/09/2026,15:45:13,Total de Gols,Under,7.5,,,,,1.65,1-0,5-2,Green,0.65,17624222
, CLA-UA Italy Cyber Cup (UA) (2x5 mins),Jackson x Shot,Jackson,Lecce,Shot,Inter,07/09/2026,15:48:47,Total de Gols,Under,8.5,,,,,1.75,2-2,5-2,Green,0.75,17624222
, CLA-UA Spain Cyber Cup (UA) (2x5 mins),simaha x four,simaha,Celta Vigo,four,Espanyol,07/09/2026,15:42:04,Total de Gols,Under,6.5,,,,,1.91,0-0,2-4,Green,0.91,17624241
, CLA-UA Spain Cyber Cup (UA) (2x5 mins),simaha x four,simaha,Celta Vigo,four,Espanyol,07/09/2026,15:42:34,Total de Gols,Under,7.5,,,,,1.77,0-0,2-4,Green,0.77,17624241
, CLA-UA Spain Cyber Cup (UA) (2x5 mins),simaha x four,simaha,Celta Vigo,four,Espanyol,07/09/2026,15:45:28,Total de Gols,Under,5.5,,,,,2.16,0-1,2-4,Red,-1.0,17624241
, CLA-UA Spain Cyber Cup (UA) (2x5 mins),simaha x four,simaha,Celta Vigo,four,Espanyol,07/09/2026,15:49:08,Total de Gols,Under,4.5,,,,,2.26,0-2,2-4,Red,-1.0,17624241
, CLA-UA Spain Cyber Cup (UA) (2x5 mins),simaha x four,simaha,Celta Vigo,four,Espanyol,07/09/2026,15:50:51,Total de Gols,Under,3.5,,,,,2.37,0-2,2-4,Red,-1.0,17624241
,CLA-UA World Cyber Cup (UA) (2x5 mins),FanFan x fillanchik,FanFan,Portugal,fillanchik,Finland,07/09/2026,15:56:15,Total de Gols,Under,7.5,,,,,1.74,0-0,2-5,Green,0.74,17624209
,CLA-UA World Cyber Cup (UA) (2x5 mins),FanFan x fillanchik,FanFan,Portugal,fillanchik,Finland,07/09/2026,15:57:02,Total de Gols,Under,6.5,,,,,2.07,0-0,2-5,Red,-1.0,17624209
,CLA-UA World Cyber Cup (UA) (2x5 mins),FanFan x fillanchik,FanFan,Portugal,fillanchik,Finland,07/09/2026,16:00:11,Total de Gols,Under,8.5,,,,,1.94,1-2,2-5,Green,0.94,17624209
,CLA-UA World Cyber Cup (UA) (2x5 mins),FanFan x fillanchik,FanFan,Portugal,fillanchik,Finland,07/09/2026,16:00:37,Total de Gols,Under,9.5,,,,,1.73,2-2,2-5,Green,0.73,17624209
,CLA-UA World Cyber Cup (UA) (2x5 mins),FanFan x fillanchik,FanFan,Portugal,fillanchik,Finland,07/09/2026,16:01:05,Total de Gols,Under,10.5,,,,,1.59,2-3,2-5,Green,0.59,17624209
, CLA-UA Italy Cyber Cup (UA) (2x5 mins),Jackson x mara,Jackson,Lecce,mara,Juventus,07/09/2026,15:56:08,Total de Gols,Under,7.5,,,,,1.65,0-0,4-0,Green,0.65,17624223
, CLA-UA Italy Cyber Cup (UA) (2x5 mins),Jackson x mara,Jackson,Lecce,mara,Juventus,07/09/2026,15:56:30,Total de Gols,Under,6.5,,,,,2.07,0-0,4-0,Green,1.07,17624223
, CLA-UA Italy Cyber Cup (UA) (2x5 mins),Jackson x mara,Jackson,Lecce,mara,Juventus,07/09/2026,15:58:05,Total de Gols,Under,8.5,,,,,1.59,1-0,4-0,Green,0.59,17624223
, CLA-UA Italy Cyber Cup (UA) (2x5 mins),Jackson x mara,Jackson,Lecce,mara,Juventus,07/09/2026,16:03:02,Total de Gols,Under,5.5,,,,,2.26,3-0,4-0,Green,1.26,17624223
, CLA-UA Italy Cyber Cup (UA) (2x5 mins),Jackson x mara,Jackson,Lecce,mara,Juventus,07/09/2026,16:06:09,Total de Gols,Under,4.5,,,,,2.61,4-0,4-0,Green,1.61,17624223
, CLA-UA Spain Cyber Cup (UA) (2x5 mins),simaha x vrud1,simaha,Celta Vigo,vrud1,Mallorca,07/09/2026,15:56:08,Total de Gols,Under,6.5,,,,,2.07,0-0,4-6,Red,-1.0,17624243
, CLA-UA Spain Cyber Cup (UA) (2x5 mins),simaha x vrud1,simaha,Celta Vigo,vrud1,Mallorca,07/09/2026,15:57:49,Total de Gols,Under,7.5,,,,,1.59,0-0,4-6,Red,-1.0,17624243
, CLA-UA Spain Cyber Cup (UA) (2x5 mins),simaha x vrud1,simaha,Celta Vigo,vrud1,Mallorca,07/09/2026,16:03:28,Total de Gols,Under,8.5,,,,,1.69,2-2,4-6,Red,-1.0,17624243
, CLA-UA Spain Cyber Cup (UA) (2x5 mins),simaha x vrud1,simaha,Celta Vigo,vrud1,Mallorca,07/09/2026,16:04:00,Total de Gols,Under,9.5,,,,,2.12,3-3,4-6,Red,-1.0,17624243
, CLA-UA Spain Cyber Cup (UA) (2x5 mins),simaha x vrud1,simaha,Celta Vigo,vrud1,Mallorca,07/09/2026,16:06:00,Total de Gols,Under,10.5,,,,,1.38,3-5,4-6,Green,0.38,17624243
,CLA-UA World Cyber Cup (UA) (2x5 mins),TOMMY x fillanchik,TOMMY,Austria,fillanchik,Finland,07/09/2026,16:08:29,Total de Gols,Under,7.5,,,,,1.7,0-0,0-7,Green,0.7,17624402
,CLA-UA World Cyber Cup (UA) (2x5 mins),TOMMY x fillanchik,TOMMY,Austria,fillanchik,Finland,07/09/2026,16:10:44,Total de Gols,Under,6.5,,,,,2.07,0-0,0-7,Red,-1.0,17624402
,CLA-UA World Cyber Cup (UA) (2x5 mins),TOMMY x fillanchik,TOMMY,Austria,fillanchik,Finland,07/09/2026,16:11:57,Total de Gols,Under,8.5,,,,,1.66,0-1,0-7,Green,0.66,17624402
,CLA-UA World Cyber Cup (UA) (2x5 mins),TOMMY x fillanchik,TOMMY,Austria,fillanchik,Finland,07/09/2026,16:13:28,Total de Gols,Under,9.5,,,,,1.69,0-4,0-7,Green,0.69,17624402
, CLA-UA Spain Cyber Cup (UA) (2x5 mins),vrud1 x four,vrud1,Mallorca,four,Espanyol,07/09/2026,16:10:27,Total de Gols,Under,6.5,,,,,2.02,0-0,5-6,Red,-1.0,17624246
, CLA-UA Spain Cyber Cup (UA) (2x5 mins),vrud1 x four,vrud1,Mallorca,four,Espanyol,07/09/2026,16:11:40,Total de Gols,Under,7.5,,,,,1.65,0-0,5-6,Red,-1.0,17624246
, CLA-UA Spain Cyber Cup (UA) (2x5 mins),vrud1 x four,vrud1,Mallorca,four,Espanyol,07/09/2026,16:12:56,Total de Gols,Under,8.5,,,,,1.81,1-1,5-6,Red,-1.0,17624246
, CLA-UA Spain Cyber Cup (UA) (2x5 mins),vrud1 x four,vrud1,Mallorca,four,Espanyol,07/09/2026,16:13:25,Total de Gols,Under,9.5,,,,,1.7,2-1,5-6,Red,-1.0,17624246
, CLA-UA Spain Cyber Cup (UA) (2x5 mins),vrud1 x four,vrud1,Mallorca,four,Espanyol,07/09/2026,16:13:52,Total de Gols,Under,10.5,,,,,1.6,3-1,5-6,Red,-1.0,17624246
, CLA-UA Spain Cyber Cup (UA) (2x5 mins),vrud1 x d1z,vrud1,Mallorca,d1z,Girona FC,07/09/2026,16:24:22,Total de Gols,Under,7.5,,,,,1.83,0-0,4-6,Red,-1.0,17624248
, CLA-UA Spain Cyber Cup (UA) (2x5 mins),vrud1 x d1z,vrud1,Mallorca,d1z,Girona FC,07/09/2026,16:24:45,Total de Gols,Under,8.5,,,,,1.72,0-0,4-6,Red,-1.0,17624248
, CLA-UA Spain Cyber Cup (UA) (2x5 mins),vrud1 x d1z,vrud1,Mallorca,d1z,Girona FC,07/09/2026,16:28:02,Total de Gols,Under,6.5,,,,,2.12,1-1,4-6,Red,-1.0,17624248
, CLA-UA Spain Cyber Cup (UA) (2x5 mins),vrud1 x d1z,vrud1,Mallorca,d1z,Girona FC,07/09/2026,16:29:24,Total de Gols,Under,5.5,,,,,2.17,1-1,4-6,Red,-1.0,17624248
,CLA-UA World Cyber Cup (UA) (2x5 mins),Sxitted x TOMMY,Sxitted,Uzbekistan,TOMMY,Austria,07/09/2026,16:38:12,Total de Gols,Under,7.5,,,,,1.98,0-0,6-3,Red,-1.0,17624406
,CLA-UA World Cyber Cup (UA) (2x5 mins),Sxitted x TOMMY,Sxitted,Uzbekistan,TOMMY,Austria,07/09/2026,16:39:04,Total de Gols,Under,8.5,,,,,1.62,0-0,6-3,Red,-1.0,17624406
,CLA-UA World Cyber Cup (UA) (2x5 mins),Sxitted x TOMMY,Sxitted,Uzbekistan,TOMMY,Austria,07/09/2026,16:41:56,Total de Gols,Under,9.5,,,,,1.69,2-1,6-3,Green,0.69,17624406
, CLA-UA Spain Cyber Cup (UA) (2x5 mins),Hetman x vrud1,Hetman,Getafe,vrud1,Mallorca,07/09/2026,16:38:04,Total de Gols,Under,7.5,,,,,1.98,0-0,8-3,Red,-1.0,17624251
, CLA-UA Spain Cyber Cup (UA) (2x5 mins),Hetman x vrud1,Hetman,Getafe,vrud1,Mallorca,07/09/2026,16:38:54,Total de Gols,Under,8.5,,,,,1.78,0-0,8-3,Red,-1.0,17624251
, CLA-UA Spain Cyber Cup (UA) (2x5 mins),Hetman x vrud1,Hetman,Getafe,vrud1,Mallorca,07/09/2026,16:39:39,Total de Gols,Under,9.5,,,,,1.65,1-0,8-3,Red,-1.0,17624251
, CLA-UA Spain Cyber Cup (UA) (2x5 mins),Hetman x vrud1,Hetman,Getafe,vrud1,Mallorca,07/09/2026,16:44:45,Total de Gols,Under,10.5,,,,,1.59,5-1,8-3,Red,-1.0,17624251
, CLA-UA Spain Cyber Cup (UA) (2x5 mins),simaha x d1z,simaha,Celta Vigo,d1z,Girona FC,07/09/2026,16:38:28,Total de Gols,Under,5.5,,,,,1.92,0-0,4-6,Red,-1.0,17624250
, CLA-UA Spain Cyber Cup (UA) (2x5 mins),simaha x d1z,simaha,Celta Vigo,d1z,Girona FC,07/09/2026,16:39:36,Total de Gols,Under,6.5,,,,,1.62,0-0,4-6,Red,-1.0,17624250
, CLA-UA Spain Cyber Cup (UA) (2x5 mins),simaha x d1z,simaha,Celta Vigo,d1z,Girona FC,07/09/2026,16:40:11,Total de Gols,Under,8.5,,,,,1.59,1-1,4-6,Red,-1.0,17624250
, CLA-UA Spain Cyber Cup (UA) (2x5 mins),simaha x d1z,simaha,Celta Vigo,d1z,Girona FC,07/09/2026,16:40:20,Total de Gols,Under,7.5,,,,,2.12,2-1,4-6,Red,-1.0,17624250
, CLA-UA Spain Cyber Cup (UA) (2x5 mins),simaha x d1z,simaha,Celta Vigo,d1z,Girona FC,07/09/2026,16:48:29,Total de Gols,Under,9.5,,,,,1.44,3-4,4-6,Red,-1.0,17624250
,CLA-UA World Cyber Cup (UA) (2x5 mins),Sxitted x FanFan,Sxitted,Uzbekistan,FanFan,Portugal,07/09/2026,16:55:39,Total de Gols,Under,8.5,,,,,1.76,1-2,5-5,Red,-1.0,17624216
,CLA-UA World Cyber Cup (UA) (2x5 mins),Sxitted x FanFan,Sxitted,Uzbekistan,FanFan,Portugal,07/09/2026,16:56:17,Total de Gols,Under,7.5,,,,,1.98,1-2,5-5,Red,-1.0,17624216
, CLA-UA Spain Cyber Cup (UA) (2x5 mins),Hetman x d1z,Hetman,Getafe,d1z,Girona FC,07/09/2026,16:57:13,Total de Gols,Under,5.5,,,,,1.69,0-1,3-3,Red,-1.0,17624252
, CLA-UA Spain Cyber Cup (UA) (2x5 mins),Hetman x d1z,Hetman,Getafe,d1z,Girona FC,07/09/2026,16:57:24,Total de Gols,Under,6.5,,,,,1.65,0-1,3-3,Green,0.65,17624252
,CLA-UA World Cyber Cup (UA) (2x5 mins),Sxitted x FanFan,Sxitted,Uzbekistan,FanFan,Portugal,07/09/2026,16:57:27,Total de Gols,Under,9.5,,,,,1.56,1-3,5-5,Red,-1.0,17624216
,CLA-UA World Cyber Cup (UA) (2x5 mins),Sxitted x FanFan,Sxitted,Uzbekistan,FanFan,Portugal,07/09/2026,17:02:01,Total de Gols,Under,10.5,,,,,1.44,4-4,5-5,Green,0.44,17624216
, CLA-UA Spain Cyber Cup (UA) (2x5 mins),Hetman x d1z,Hetman,Getafe,d1z,Girona FC,07/09/2026,17:02:25,Total de Gols,Under,4.5,,,,,2.66,2-2,3-3,Red,-1.0,17624252
,CLA-UA World Cyber Cup (UA) (2x5 mins),fillanchik x T3RZ,fillanchik,Finland,T3RZ,Colombia,07/09/2026,16:52:18,Total de Gols,Under,6.5,,,,,2.02,0-0,1-3,Green,1.02,17624215
,CLA-UA World Cyber Cup (UA) (2x5 mins),fillanchik x T3RZ,fillanchik,Finland,T3RZ,Colombia,07/09/2026,16:53:42,Total de Gols,Under,5.5,,,,,2.12,0-0,1-3,Green,1.12,17624215
,CLA-UA World Cyber Cup (UA) (2x5 mins),fillanchik x T3RZ,fillanchik,Finland,T3RZ,Colombia,07/09/2026,16:57:05,Total de Gols,Under,4.5,,,,,2.17,0-1,1-3,Green,1.17,17624215
,CLA-UA World Cyber Cup (UA) (2x5 mins),fillanchik x T3RZ,fillanchik,Finland,T3RZ,Colombia,07/09/2026,17:01:24,Total de Gols,Under,3.5,,,,,2.52,0-3,1-3,Red,-1.0,17624215
, CLA-UA Italy Cyber Cup (UA) (2x5 mins),mara x Xellark,mara,Juventus,Xellark,Torino,07/09/2026,16:50:41,Total de Gols,Under,6.5,,,,,1.85,0-0,3-6,Red,-1.0,17624234
, CLA-UA Italy Cyber Cup (UA) (2x5 mins),mara x Xellark,mara,Juventus,Xellark,Torino,07/09/2026,16:53:30,Total de Gols,Under,5.5,,,,,2.07,0-0,3-6,Red,-1.0,17624234
, CLA-UA Italy Cyber Cup (UA) (2x5 mins),mara x Xellark,mara,Juventus,Xellark,Torino,07/09/2026,16:53:58,Total de Gols,Under,7.5,,,,,1.92,1-0,3-6,Red,-1.0,17624234
, CLA-UA Italy Cyber Cup (UA) (2x5 mins),mara x Xellark,mara,Juventus,Xellark,Torino,07/09/2026,16:56:27,Total de Gols,Under,8.5,,,,,1.57,1-2,3-6,Red,-1.0,17624234
, CLA-UA Italy Cyber Cup (UA) (2x5 mins),mara x Xellark,mara,Juventus,Xellark,Torino,07/09/2026,17:01:42,Total de Gols,Under,9.5,,,,,1.54,2-5,3-6,Green,0.54,17624234
, CLA-UA Spain Cyber Cup (UA) (2x5 mins),four x simaha,four,Espanyol,simaha,Celta Vigo,07/09/2026,16:52:05,Total de Gols,Under,6.5,,,,,2.02,0-0,5-2,Red,-1.0,17624254
, CLA-UA Spain Cyber Cup (UA) (2x5 mins),four x simaha,four,Espanyol,simaha,Celta Vigo,07/09/2026,16:53:43,Total de Gols,Under,5.5,,,,,2.07,0-0,5-2,Red,-1.0,17624254
, CLA-UA Spain Cyber Cup (UA) (2x5 mins),four x simaha,four,Espanyol,simaha,Celta Vigo,07/09/2026,16:55:32,Total de Gols,Under,4.5,,,,,2.12,0-0,5-2,Red,-1.0,17624254
, CLA-UA Spain Cyber Cup (UA) (2x5 mins),four x simaha,four,Espanyol,simaha,Celta Vigo,07/09/2026,16:57:07,Total de Gols,Under,3.5,,,,,2.12,0-0,5-2,Red,-1.0,17624254
, CLA-UA Italy Cyber Cup (UA) (2x5 mins),Shot x Jackson,Shot,Inter,Jackson,Lecce,07/09/2026,16:52:18,Total de Gols,Under,6.5,,,,,1.98,0-0,5-4,Red,-1.0,17624232
, CLA-UA Italy Cyber Cup (UA) (2x5 mins),Shot x Jackson,Shot,Inter,Jackson,Lecce,07/09/2026,16:53:12,Total de Gols,Under,7.5,,,,,1.95,0-0,5-4,Red,-1.0,17624232
, CLA-UA Italy Cyber Cup (UA) (2x5 mins),Shot x Jackson,Shot,Inter,Jackson,Lecce,07/09/2026,16:53:47,Total de Gols,Under,8.5,,,,,1.78,1-0,5-4,Red,-1.0,17624232
, CLA-UA Italy Cyber Cup (UA) (2x5 mins),Shot x Jackson,Shot,Inter,Jackson,Lecce,07/09/2026,16:57:05,Total de Gols,Under,9.5,,,,,1.87,2-2,5-4,Green,0.87,17624232
, CLA-UA Italy Cyber Cup (UA) (2x5 mins),Shot x Jackson,Shot,Inter,Jackson,Lecce,07/09/2026,16:58:51,Total de Gols,Under,10.5,,,,,1.96,3-3,5-4,Green,0.96,17624232
, CLA-UA Spain Cyber Cup (UA) (2x5 mins),four x d1z,four,Espanyol,d1z,Girona FC,07/09/2026,17:06:13,Total de Gols,Under,5.5,,,,,1.95,0-0,3-1,Green,0.95,17624253
, CLA-UA Spain Cyber Cup (UA) (2x5 mins),four x d1z,four,Espanyol,d1z,Girona FC,07/09/2026,17:07:19,Total de Gols,Under,6.5,,,,,1.66,0-0,3-1,Green,0.66,17624253
, CLA-UA Spain Cyber Cup (UA) (2x5 mins),four x d1z,four,Espanyol,d1z,Girona FC,07/09/2026,17:07:37,Total de Gols,Under,7.5,,,,,1.59,0-1,3-1,Green,0.59,17624253
, CLA-UA Spain Cyber Cup (UA) (2x5 mins),four x d1z,four,Espanyol,d1z,Girona FC,07/09/2026,17:14:07,Total de Gols,Under,4.5,,,,,2.31,2-1,3-1,Green,1.31,17624253
, CLA-UA Spain Cyber Cup (UA) (2x5 mins),four x d1z,four,Espanyol,d1z,Girona FC,07/09/2026,17:15:37,Total de Gols,Under,3.5,,,,,2.51,2-1,3-1,Red,-1.0,17624253
,CLA-UA World Cyber Cup (UA) (2x5 mins),fillanchik x FanFan,fillanchik,Finland,FanFan,Portugal,07/09/2026,17:06:10,Total de Gols,Under,6.5,,,,,2.02,0-0,5-2,Red,-1.0,17624218
,CLA-UA World Cyber Cup (UA) (2x5 mins),fillanchik x FanFan,fillanchik,Finland,FanFan,Portugal,07/09/2026,17:07:18,Total de Gols,Under,7.5,,,,,1.69,0-0,5-2,Green,0.69,17624218
,CLA-UA World Cyber Cup (UA) (2x5 mins),fillanchik x FanFan,fillanchik,Finland,FanFan,Portugal,07/09/2026,17:11:04,Total de Gols,Under,5.5,,,,,2.17,2-0,5-2,Red,-1.0,17624218
,CLA-UA World Cyber Cup (UA) (2x5 mins),fillanchik x FanFan,fillanchik,Finland,FanFan,Portugal,07/09/2026,17:13:01,Total de Gols,Under,8.5,,,,,1.54,3-1,5-2,Green,0.54,17624218
, CLA-UA Italy Cyber Cup (UA) (2x5 mins),mara x Jackson,mara,Juventus,Jackson,Lecce,07/09/2026,17:06:10,Total de Gols,Under,7.5,,,,,1.65,0-0,4-3,Green,0.65,17624233
, CLA-UA Italy Cyber Cup (UA) (2x5 mins),mara x Jackson,mara,Juventus,Jackson,Lecce,07/09/2026,17:07:32,Total de Gols,Under,6.5,,,,,2.03,0-0,4-3,Red,-1.0,17624233
, CLA-UA Italy Cyber Cup (UA) (2x5 mins),mara x Jackson,mara,Juventus,Jackson,Lecce,07/09/2026,17:09:56,Total de Gols,Under,8.5,,,,,1.74,2-0,4-3,Green,0.74,17624233
, CLA-UA Italy Cyber Cup (UA) (2x5 mins),Yeti x Xellark,Yeti,Lazio,Xellark,Torino,07/09/2026,17:05:14,Total de Gols,Under,6.5,,,,,1.85,0-0,5-4,Red,-1.0,17624236
, CLA-UA Italy Cyber Cup (UA) (2x5 mins),Yeti x Xellark,Yeti,Lazio,Xellark,Torino,07/09/2026,17:06:37,Total de Gols,Under,7.5,,,,,1.72,0-0,5-4,Red,-1.0,17624236
, CLA-UA Italy Cyber Cup (UA) (2x5 mins),Yeti x Xellark,Yeti,Lazio,Xellark,Torino,07/09/2026,17:07:50,Total de Gols,Under,8.5,,,,,1.97,1-1,5-4,Red,-1.0,17624236
, CLA-UA Italy Cyber Cup (UA) (2x5 mins),Yeti x Xellark,Yeti,Lazio,Xellark,Torino,07/09/2026,17:08:52,Total de Gols,Under,9.5,,,,,1.68,2-1,5-4,Green,0.68,17624236
,CLA-UA World Cyber Cup (UA) (2x5 mins),TOMMY x T3RZ,TOMMY,Austria,T3RZ,Colombia,07/09/2026,17:06:10,Total de Gols,Under,7.5,,,,,1.74,0-0,5-3,Red,-1.0,17624405
,CLA-UA World Cyber Cup (UA) (2x5 mins),TOMMY x T3RZ,TOMMY,Austria,T3RZ,Colombia,07/09/2026,17:06:51,Total de Gols,Under,8.5,,,,,1.62,0-0,5-3,Green,0.62,17624405
,CLA-UA World Cyber Cup (UA) (2x5 mins),TOMMY x T3RZ,TOMMY,Austria,T3RZ,Colombia,07/09/2026,17:10:15,Total de Gols,Under,6.5,,,,,2.17,2-0,5-3,Red,-1.0,17624405
,CLA-UA World Cyber Cup (UA) (2x5 mins),TOMMY x T3RZ,TOMMY,Austria,T3RZ,Colombia,07/09/2026,17:12:58,Total de Gols,Under,5.5,,,,,2.26,2-1,5-3,Red,-1.0,17624405
,CLA-UA World Cyber Cup (UA) (2x5 mins),TOMMY x T3RZ,TOMMY,Austria,T3RZ,Colombia,07/09/2026,17:14:44,Total de Gols,Under,4.5,,,,,2.47,2-1,5-3,Red,-1.0,17624405
, CLA-UA Italy Cyber Cup (UA) (2x5 mins),Sxitted x T3RZ,Sxitted,Torino,T3RZ,Lecce,07/09/2026,17:30:18,Total de Gols,Under,6.5,,,,,1.74,0-0,2-5,Red,-1.0,17624258
, CLA-UA Italy Cyber Cup (UA) (2x5 mins),Sxitted x T3RZ,Sxitted,Torino,T3RZ,Lecce,07/09/2026,17:32:06,Total de Gols,Under,5.5,,,,,2.07,0-0,2-5,Red,-1.0,17624258
, CLA-UA Italy Cyber Cup (UA) (2x5 mins),Sxitted x T3RZ,Sxitted,Torino,T3RZ,Lecce,07/09/2026,17:35:19,Total de Gols,Under,7.5,,,,,1.65,0-2,2-5,Green,0.65,17624258
, CLA-UA Italy Cyber Cup (UA) (2x5 mins),FanFan x TOMMY,FanFan,Bologna FC,TOMMY,Lazio,07/09/2026,17:43:18,Total de Gols,Under,6.5,,,,,1.85,0-0,2-4,Green,0.85,17624257
, CLA-UA Italy Cyber Cup (UA) (2x5 mins),FanFan x TOMMY,FanFan,Bologna FC,TOMMY,Lazio,07/09/2026,17:45:16,Total de Gols,Under,5.5,,,,,2.12,0-0,2-4,Red,-1.0,17624257
, CLA-UA Italy Cyber Cup (UA) (2x5 mins),FanFan x TOMMY,FanFan,Bologna FC,TOMMY,Lazio,07/09/2026,17:46:57,Total de Gols,Under,4.5,,,,,2.16,0-0,2-4,Red,-1.0,17624257
, CLA-UA Italy Cyber Cup (UA) (2x5 mins),FanFan x TOMMY,FanFan,Bologna FC,TOMMY,Lazio,07/09/2026,17:48:35,Total de Gols,Under,3.5,,,,,2.17,0-0,2-4,Red,-1.0,17624257
, CLA-UA Italy Cyber Cup (UA) (2x5 mins),fillanchik x Sxitted,fillanchik,Napoli,Sxitted,Torino,07/09/2026,17:53:11,Total de Gols,Under,8.5,,,,,2.07,4-3,6-3,Red,-1.0,17624259
, CLA-UA Italy Cyber Cup (UA) (2x5 mins),fillanchik x Sxitted,fillanchik,Napoli,Sxitted,Torino,07/09/2026,17:54:03,Total de Gols,Under,9.5,,,,,1.54,5-3,6-3,Green,0.54,17624259
,CLA-UA World Cyber Cup (UA) (2x5 mins),mara x Shot,mara,Ecuador,Shot,Ivory Coast,07/09/2026,17:46:17,Total de Gols,Under,7.5,,,,,1.73,0-1,5-7,Red,-1.0,17624279
,CLA-UA World Cyber Cup (UA) (2x5 mins),mara x Shot,mara,Ecuador,Shot,Ivory Coast,07/09/2026,17:48:44,Total de Gols,Under,8.5,,,,,1.86,0-3,5-7,Red,-1.0,17624279
,CLA-UA World Cyber Cup (UA) (2x5 mins),mara x Shot,mara,Ecuador,Shot,Ivory Coast,07/09/2026,17:49:21,Total de Gols,Under,9.5,,,,,1.79,1-3,5-7,Red,-1.0,17624279
,CLA-UA World Cyber Cup (UA) (2x5 mins),mara x Shot,mara,Ecuador,Shot,Ivory Coast,07/09/2026,17:49:42,Total de Gols,Under,10.5,,,,,1.65,1-4,5-7,Red,-1.0,17624279
,CLA-UA World Cyber Cup (UA) (2x5 mins),mara x Shot,mara,Ecuador,Shot,Ivory Coast,07/09/2026,17:52:07,Total de Gols,Under,11.5,,,,,1.66,3-5,5-7,Red,-1.0,17624279
,CLA-UA World Cyber Cup (UA) (2x5 mins),mara x Shot,mara,Ecuador,Shot,Ivory Coast,07/09/2026,17:52:26,Total de Gols,Under,12.5,,,,,1.54,3-6,5-7,Green,0.54,17624279
,CLA-UA World Cyber Cup (UA) (2x5 mins),Jackson x Yeti,Jackson,Panama,Yeti,Germany,07/09/2026,17:53:11,Total de Gols,Under,7.5,,,,,1.37,3-3,6-3,Red,-1.0,17624278
,CLA-UA World Cyber Cup (UA) (2x5 mins),Jackson x Yeti,Jackson,Panama,Yeti,Germany,07/09/2026,17:53:21,Total de Gols,Under,8.5,,,,,1.48,3-3,6-3,Red,-1.0,17624278
, CLA-UA Italy Cyber Cup (UA) (2x5 mins),TOMMY x Sxitted,TOMMY,Lazio,Sxitted,Torino,07/09/2026,17:59:05,Total de Gols,Under,6.5,,,,,1.65,0-0,3-5,Red,-1.0,17624261
, CLA-UA Italy Cyber Cup (UA) (2x5 mins),TOMMY x Sxitted,TOMMY,Lazio,Sxitted,Torino,07/09/2026,17:59:38,Total de Gols,Under,5.5,,,,,2.12,0-0,3-5,Red,-1.0,17624261
, CLA-UA Italy Cyber Cup (UA) (2x5 mins),TOMMY x Sxitted,TOMMY,Lazio,Sxitted,Torino,07/09/2026,18:00:08,Total de Gols,Under,7.5,,,,,1.93,1-0,3-5,Red,-1.0,17624261
, CLA-UA Italy Cyber Cup (UA) (2x5 mins),TOMMY x Sxitted,TOMMY,Lazio,Sxitted,Torino,07/09/2026,18:00:48,Total de Gols,Under,8.5,,,,,1.73,2-0,3-5,Green,0.73,17624261
,CLA-UA World Cyber Cup (UA) (2x5 mins),Xellark x mara,Xellark,Curacao,mara,Ecuador,07/09/2026,18:09:45,Total de Gols,Under,6.5,,,,,1.91,0-0,5-3,Red,-1.0,17624283
,CLA-UA World Cyber Cup (UA) (2x5 mins),Xellark x mara,Xellark,Curacao,mara,Ecuador,07/09/2026,18:12:37,Total de Gols,Under,7.5,,,,,1.92,0-0,5-3,Red,-1.0,17624283
,CLA-UA World Cyber Cup (UA) (2x5 mins),Xellark x mara,Xellark,Curacao,mara,Ecuador,07/09/2026,18:13:17,Total de Gols,Under,8.5,,,,,1.75,1-0,5-3,Green,0.75,17624283
,CLA-UA World Cyber Cup (UA) (2x5 mins),Xellark x mara,Xellark,Curacao,mara,Ecuador,07/09/2026,18:15:18,Total de Gols,Under,9.5,,,,,1.59,3-0,5-3,Green,0.59,17624283
, CLA-UA Italy Cyber Cup (UA) (2x5 mins),FanFan x fillanchik,FanFan,Bologna FC,fillanchik,Napoli,07/09/2026,18:26:05,Total de Gols,Under,6.5,,,,,2.01,0-0,1-6,Red,-1.0,17624264
, CLA-UA Italy Cyber Cup (UA) (2x5 mins),FanFan x fillanchik,FanFan,Bologna FC,fillanchik,Napoli,07/09/2026,18:27:09,Total de Gols,Under,7.5,,,,,1.77,0-0,1-6,Green,0.77,17624264
, CLA-UA Italy Cyber Cup (UA) (2x5 mins),FanFan x fillanchik,FanFan,Bologna FC,fillanchik,Napoli,07/09/2026,18:34:50,Total de Gols,Under,8.5,,,,,1.85,1-4,1-6,Green,0.85,17624264
,CLA-UA World Cyber Cup (UA) (2x5 mins),Xellark x Shot,Xellark,Curacao,Shot,Ivory Coast,07/09/2026,18:38:55,Total de Gols,Under,6.5,,,,,1.75,0-0,5-3,Red,-1.0,17624288
,CLA-UA World Cyber Cup (UA) (2x5 mins),Xellark x Shot,Xellark,Curacao,Shot,Ivory Coast,07/09/2026,18:40:53,Total de Gols,Under,5.5,,,,,2.12,0-0,5-3,Red,-1.0,17624288
,CLA-UA World Cyber Cup (UA) (2x5 mins),Xellark x Shot,Xellark,Curacao,Shot,Ivory Coast,07/09/2026,18:42:43,Total de Gols,Under,4.5,,,,,2.13,0-0,5-3,Red,-1.0,17624288
,CLA-UA World Cyber Cup (UA) (2x5 mins),Xellark x Shot,Xellark,Curacao,Shot,Ivory Coast,07/09/2026,18:45:38,Total de Gols,Under,7.5,,,,,1.54,2-1,5-3,Red,-1.0,17624288
, CLA-UA Italy Cyber Cup (UA) (2x5 mins),T3RZ x Sxitted,T3RZ,Lecce,Sxitted,Torino,07/09/2026,18:40:12,Total de Gols,Under,6.5,,,,,1.75,0-0,7-5,Red,-1.0,17624267
, CLA-UA Italy Cyber Cup (UA) (2x5 mins),T3RZ x Sxitted,T3RZ,Lecce,Sxitted,Torino,07/09/2026,18:40:50,Total de Gols,Under,5.5,,,,,2.12,0-0,7-5,Red,-1.0,17624267
, CLA-UA Italy Cyber Cup (UA) (2x5 mins),T3RZ x Sxitted,T3RZ,Lecce,Sxitted,Torino,07/09/2026,18:41:42,Total de Gols,Under,7.5,,,,,1.84,1-0,7-5,Red,-1.0,17624267
, CLA-UA Italy Cyber Cup (UA) (2x5 mins),T3RZ x Sxitted,T3RZ,Lecce,Sxitted,Torino,07/09/2026,18:43:48,Total de Gols,Under,8.5,,,,,1.95,3-0,7-5,Red,-1.0,17624267
, CLA-UA Italy Cyber Cup (UA) (2x5 mins),T3RZ x Sxitted,T3RZ,Lecce,Sxitted,Torino,07/09/2026,18:47:16,Total de Gols,Under,9.5,,,,,1.61,4-2,7-5,Red,-1.0,17624267
, CLA-UA Italy Cyber Cup (UA) (2x5 mins),T3RZ x Sxitted,T3RZ,Lecce,Sxitted,Torino,07/09/2026,18:51:18,Total de Gols,Under,10.5,,,,,1.65,6-3,7-5,Red,-1.0,17624267
, CLA-UA Italy Cyber Cup (UA) (2x5 mins),TOMMY x FanFan,TOMMY,Lazio,FanFan,Bologna FC,07/09/2026,18:53:37,Total de Gols,Under,6.5,,,,,1.66,0-0,6-2,Red,-1.0,17624268
, CLA-UA Italy Cyber Cup (UA) (2x5 mins),TOMMY x FanFan,TOMMY,Lazio,FanFan,Bologna FC,07/09/2026,18:54:43,Total de Gols,Under,7.5,,,,,1.65,0-0,6-2,Red,-1.0,17624268
, CLA-UA Italy Cyber Cup (UA) (2x5 mins),TOMMY x FanFan,TOMMY,Lazio,FanFan,Bologna FC,07/09/2026,18:56:22,Total de Gols,Under,5.5,,,,,2.12,1-0,6-2,Red,-1.0,17624268
, CLA-UA Italy Cyber Cup (UA) (2x5 mins),TOMMY x FanFan,TOMMY,Lazio,FanFan,Bologna FC,07/09/2026,19:02:55,Total de Gols,Under,8.5,,,,,1.81,5-1,6-2,Green,0.81,17624268
,CLA-UA World Cyber Cup (UA) (2x5 mins),Xellark x Jackson,Xellark,Curacao,Jackson,Panama,07/09/2026,19:08:14,Total de Gols,Under,8.5,,,,,1.68,0-0,4-5,Red,-1.0,17624293
,CLA-UA World Cyber Cup (UA) (2x5 mins),Xellark x Jackson,Xellark,Curacao,Jackson,Panama,07/09/2026,19:08:30,Total de Gols,Under,7.5,,,,,2.02,0-0,4-5,Red,-1.0,17624293
,CLA-UA World Cyber Cup (UA) (2x5 mins),Xellark x Jackson,Xellark,Curacao,Jackson,Panama,07/09/2026,19:09:27,Total de Gols,Under,6.5,,,,,2.07,0-0,4-5,Red,-1.0,17624293
,CLA-UA World Cyber Cup (UA) (2x5 mins),Shot x Yeti,Shot,Ivory Coast,Yeti,Germany,07/09/2026,19:06:49,Total de Gols,Under,6.5,,,,,1.75,0-0,2-4,Green,0.75,17624294
,CLA-UA World Cyber Cup (UA) (2x5 mins),Shot x Yeti,Shot,Ivory Coast,Yeti,Germany,07/09/2026,19:08:55,Total de Gols,Under,5.5,,,,,2.08,0-0,2-4,Red,-1.0,17624294
,CLA-UA World Cyber Cup (UA) (2x5 mins),Shot x Yeti,Shot,Ivory Coast,Yeti,Germany,07/09/2026,19:09:34,Total de Gols,Under,7.5,,,,,1.88,0-1,2-4,Green,0.88,17624294
,CLA-UA World Cyber Cup (UA) (2x5 mins),Shot x Yeti,Shot,Ivory Coast,Yeti,Germany,07/09/2026,19:10:08,Total de Gols,Under,8.5,,,,,1.76,1-1,2-4,Green,0.76,17624294
,CLA-UA World Cyber Cup (UA) (2x5 mins),mara x Xellark,mara,Ecuador,Xellark,Curacao,07/09/2026,19:20:28,Total de Gols,Under,7.5,,,,,1.65,0-0,4-7,Red,-1.0,17624296
,CLA-UA World Cyber Cup (UA) (2x5 mins),mara x Xellark,mara,Ecuador,Xellark,Curacao,07/09/2026,19:22:48,Total de Gols,Under,8.5,,,,,1.65,0-0,4-7,Red,-1.0,17624296
,CLA-UA World Cyber Cup (UA) (2x5 mins),mara x Xellark,mara,Ecuador,Xellark,Curacao,07/09/2026,19:26:22,Total de Gols,Under,9.5,,,,,1.59,1-2,4-7,Red,-1.0,17624296
,CLA-UA World Cyber Cup (UA) (2x5 mins),mara x Xellark,mara,Ecuador,Xellark,Curacao,07/09/2026,19:30:45,Total de Gols,Under,10.5,,,,,1.75,4-3,4-7,Red,-1.0,17624296
, CLA-UA Italy Cyber Cup (UA) (2x5 mins),fillanchik x FanFan,fillanchik,Napoli,FanFan,Bologna FC,07/09/2026,19:35:30,Total de Gols,Under,6.5,,,,,2.02,0-0,4-6,Red,-1.0,17624274
, CLA-UA Italy Cyber Cup (UA) (2x5 mins),fillanchik x FanFan,fillanchik,Napoli,FanFan,Bologna FC,07/09/2026,19:38:01,Total de Gols,Under,5.5,,,,,2.07,0-0,4-6,Red,-1.0,17624274
, CLA-UA Italy Cyber Cup (UA) (2x5 mins),fillanchik x FanFan,fillanchik,Napoli,FanFan,Bologna FC,07/09/2026,19:38:07,Total de Gols,Under,7.5,,,,,1.65,0-0,4-6,Red,-1.0,17624274
, CLA-UA Italy Cyber Cup (UA) (2x5 mins),fillanchik x FanFan,fillanchik,Napoli,FanFan,Bologna FC,07/09/2026,19:40:27,Total de Gols,Under,8.5,,,,,1.89,0-3,4-6,Red,-1.0,17624274
, CLA-UA Italy Cyber Cup (UA) (2x5 mins),fillanchik x FanFan,fillanchik,Napoli,FanFan,Bologna FC,07/09/2026,19:42:36,Total de Gols,Under,9.5,,,,,1.91,1-4,4-6,Red,-1.0,17624274
, CLA-UA Italy Cyber Cup (UA) (2x5 mins),fillanchik x FanFan,fillanchik,Napoli,FanFan,Bologna FC,07/09/2026,19:44:36,Total de Gols,Under,10.5,,,,,1.69,2-5,4-6,Green,0.69,17624274
, CLA-UA Italy Cyber Cup (UA) (2x5 mins),fillanchik x FanFan,fillanchik,Napoli,FanFan,Bologna FC,07/09/2026,19:45:03,Total de Gols,Under,11.5,,,,,1.46,3-5,4-6,Green,0.46,17624274
, CLA-UA Spain Cyber Cup (UA) (2x5 mins),luxiqq x FanFan,luxiqq,Getafe,FanFan,Levante,07/09/2026,23:12:15,Total de Gols,Under,7.5,,,,,1.73,0-0,4-6,Red,-1.0,17624368
, CLA-UA Spain Cyber Cup (UA) (2x5 mins),luxiqq x FanFan,luxiqq,Getafe,FanFan,Levante,07/09/2026,23:12:44,Total de Gols,Under,6.5,,,,,2.12,0-0,4-6,Red,-1.0,17624368
, CLA-UA Spain Cyber Cup (UA) (2x5 mins),luxiqq x FanFan,luxiqq,Getafe,FanFan,Levante,07/09/2026,23:15:43,Total de Gols,Under,8.5,,,,,1.61,1-1,4-6,Red,-1.0,17624368
, CLA-UA Spain Cyber Cup (UA) (2x5 mins),luxiqq x Galikooo,luxiqq,Getafe,Galikooo,Mallorca,07/09/2026,23:40:11,Total de Gols,Under,8.5,,,,,1.75,0-0,4-5,Red,-1.0,17624369
, CLA-UA Spain Cyber Cup (UA) (2x5 mins),luxiqq x Galikooo,luxiqq,Getafe,Galikooo,Mallorca,07/09/2026,23:40:29,Total de Gols,Under,9.5,,,,,1.65,0-0,4-5,Green,0.65,17624369
, CLA-UA Spain Cyber Cup (UA) (2x5 mins),luxiqq x Galikooo,luxiqq,Getafe,Galikooo,Mallorca,07/09/2026,23:42:28,Total de Gols,Under,10.5,,,,,1.66,1-1,4-5,Green,0.66,17624369
, CLA-UA Spain Cyber Cup (UA) (2x5 mins),luxiqq x Galikooo,luxiqq,Getafe,Galikooo,Mallorca,07/09/2026,23:44:06,Total de Gols,Under,11.5,,,,,1.62,3-1,4-5,Green,0.62,17624369
, CLA-UA Spain Cyber Cup (UA) (2x5 mins),palkan x FanFan,palkan,Real Sociedad,FanFan,Levante,07/09/2026,23:39:46,Total de Gols,Under,8.5,,,,,1.8,0-0,4-5,Red,-1.0,17624367
, CLA-UA Spain Cyber Cup (UA) (2x5 mins),palkan x FanFan,palkan,Real Sociedad,FanFan,Levante,07/09/2026,23:40:51,Total de Gols,Under,7.5,,,,,2.03,0-0,4-5,Red,-1.0,17624367
, CLA-UA Spain Cyber Cup (UA) (2x5 mins),palkan x FanFan,palkan,Real Sociedad,FanFan,Levante,07/09/2026,23:42:09,Total de Gols,Under,6.5,,,,,2.07,0-0,4-5,Red,-1.0,17624367
, CLA-UA Spain Cyber Cup (UA) (2x5 mins),palkan x FanFan,palkan,Real Sociedad,FanFan,Levante,07/09/2026,23:46:53,Total de Gols,Under,9.5,,,,,1.62,3-2,4-5,Green,0.62,17624367
, CLA-UA Spain Cyber Cup (UA) (2x5 mins),palkan x FanFan,palkan,Real Sociedad,FanFan,Levante,07/09/2026,23:48:26,Total de Gols,Under,10.5,,,,,1.51,4-3,4-5,Green,0.51,17624367
, CLA-UA Spain Cyber Cup (UA) (2x5 mins),Galikooo x FanFan,Galikooo,Mallorca,FanFan,Levante,07/09/2026,23:54:13,Total de Gols,Under,7.5,,,,,1.74,0-0,5-2,Green,0.74,17624371
, CLA-UA Spain Cyber Cup (UA) (2x5 mins),Galikooo x FanFan,Galikooo,Mallorca,FanFan,Levante,07/09/2026,23:54:41,Total de Gols,Under,8.5,,,,,1.65,0-0,5-2,Green,0.65,17624371
, CLA-UA Spain Cyber Cup (UA) (2x5 mins),Galikooo x FanFan,Galikooo,Mallorca,FanFan,Levante,07/09/2026,23:56:41,Total de Gols,Under,6.5,,,,,2.11,1-0,5-2,Red,-1.0,17624371
, CLA-UA Spain Cyber Cup (UA) (2x5 mins),Galikooo x FanFan,Galikooo,Mallorca,FanFan,Levante,07/09/2026,23:59:39,Total de Gols,Under,5.5,,,,,2.07,2-1,5-2,Red,-1.0,17624371
, CLA-UA Spain Cyber Cup (UA) (2x5 mins),palkan x drksd3,palkan,Real Sociedad,drksd3,Valencia,07/09/2026,23:53:33,Total de Gols,Under,9.5,,,,,1.71,0-0,1-2,Green,0.71,17624370
, CLA-UA Spain Cyber Cup (UA) (2x5 mins),palkan x drksd3,palkan,Real Sociedad,drksd3,Valencia,07/09/2026,23:54:34,Total de Gols,Under,8.5,,,,,2.06,0-0,1-2,Green,1.06,17624370
, CLA-UA Spain Cyber Cup (UA) (2x5 mins),palkan x drksd3,palkan,Real Sociedad,drksd3,Valencia,07/09/2026,23:56:00,Total de Gols,Under,7.5,,,,,2.07,0-0,1-2,Green,1.07,17624370
, CLA-UA Spain Cyber Cup (UA) (2x5 mins),palkan x drksd3,palkan,Real Sociedad,drksd3,Valencia,07/09/2026,23:56:43,Total de Gols,Under,6.5,,,,,2.08,0-0,1-2,Green,1.08,17624370
, CLA-UA Spain Cyber Cup (UA) (2x5 mins),palkan x drksd3,palkan,Real Sociedad,drksd3,Valencia,07/09/2026,23:57:50,Total de Gols,Under,5.5,,,,,2.07,0-0,1-2,Green,1.07,17624370
, CLA-UA Spain Cyber Cup (UA) (2x5 mins),palkan x drksd3,palkan,Real Sociedad,drksd3,Valencia,07/09/2026,23:59:04,Total de Gols,Under,4.5,,,,,2.12,0-0,1-2,Green,1.12,17624370
, CLA-UA Spain Cyber Cup (UA) (2x5 mins),palkan x drksd3,palkan,Real Sociedad,drksd3,Valencia,08/09/2026,00:00:39,Total de Gols,Under,3.5,,,,,2.16,0-0,1-2,Green,1.16,17624370
, CLA-UA Spain Cyber Cup (UA) (2x5 mins),palkan x drksd3,palkan,Real Sociedad,drksd3,Valencia,08/09/2026,00:01:56,Total de Gols,Under,2.5,,,,,2.12,0-0,1-2,Red,-1.0,17624370
, CLA-UA Spain Cyber Cup (UA) (2x5 mins),luxiqq x drksd3,luxiqq,Getafe,drksd3,Valencia,08/09/2026,00:07:35,Total de Gols,Under,8.5,,,,,1.79,0-0,2-8,Red,-1.0,17624372
, CLA-UA Spain Cyber Cup (UA) (2x5 mins),luxiqq x drksd3,luxiqq,Getafe,drksd3,Valencia,08/09/2026,00:08:52,Total de Gols,Under,9.5,,,,,1.68,0-0,2-8,Red,-1.0,17624372
, CLA-UA Spain Cyber Cup (UA) (2x5 mins),luxiqq x drksd3,luxiqq,Getafe,drksd3,Valencia,08/09/2026,00:11:42,Total de Gols,Under,10.5,,,,,1.7,1-2,2-8,Green,0.7,17624372
, CLA-UA Spain Cyber Cup (UA) (2x5 mins),luxiqq x drksd3,luxiqq,Getafe,drksd3,Valencia,08/09/2026,00:18:37,Total de Gols,Under,11.5,,,,,1.4,2-7,2-8,Green,0.4,17624372
, CLA-UA Spain Cyber Cup (UA) (2x5 mins),FanFan x drksd3,FanFan,Levante,drksd3,Valencia,08/09/2026,00:35:19,Total de Gols,Under,8.5,,,,,1.79,0-0,5-4,Red,-1.0,17624375
, CLA-UA Spain Cyber Cup (UA) (2x5 mins),FanFan x drksd3,FanFan,Levante,drksd3,Valencia,08/09/2026,00:36:42,Total de Gols,Under,7.5,,,,,2.06,0-0,5-4,Red,-1.0,17624375
, CLA-UA Spain Cyber Cup (UA) (2x5 mins),FanFan x drksd3,FanFan,Levante,drksd3,Valencia,08/09/2026,00:40:17,Total de Gols,Under,6.5,,,,,2.17,1-1,5-4,Red,-1.0,17624375
, CLA-UA Spain Cyber Cup (UA) (2x5 mins),FanFan x drksd3,FanFan,Levante,drksd3,Valencia,08/09/2026,00:41:19,Total de Gols,Under,9.5,,,,,1.91,2-2,5-4,Green,0.91,17624375
, CLA-UA Spain Cyber Cup (UA) (2x5 mins),FanFan x drksd3,FanFan,Levante,drksd3,Valencia,08/09/2026,00:46:27,Total de Gols,Under,10.5,,,,,1.41,4-4,5-4,Green,0.41,17624375
,CLA-UA Argentina Cyber Cup (UA) (2x5 mins),Yoru x aloha,Yoru,Boca Juniors,aloha,Estudiantes L.P.,08/09/2026,09:00:10,Total de Gols,Under,9.5,,,,,1.85,3-2,4-3,Green,0.85,17633850
,CLA-UA Argentina Cyber Cup (UA) (2x5 mins),Yoru x aloha,Yoru,Boca Juniors,aloha,Estudiantes L.P.,08/09/2026,09:01:01,Total de Gols,Under,8.5,,,,,2.21,3-2,4-3,Green,1.21,17633850
,CLA-UA Argentina Cyber Cup (UA) (2x5 mins),Yoru x aloha,Yoru,Boca Juniors,aloha,Estudiantes L.P.,08/09/2026,09:02:24,Total de Gols,Under,7.5,,,,,2.17,3-2,4-3,Green,1.17,17633850
, CLA-UA Champions Cyber League (UA) (2x5 mins),zyX x BUFF,zyX,Napoli,BUFF,Barcelona,08/09/2026,09:00:10,Total de Gols,Under,9.5,,,,,1.59,3-2,6-2,Green,0.59,17633876
, CLA-UA Champions Cyber League (UA) (2x5 mins),zyX x BUFF,zyX,Napoli,BUFF,Barcelona,08/09/2026,09:00:14,Total de Gols,Under,8.5,,,,,2.21,3-2,6-2,Green,1.21,17633876
, CLA-UA Champions Cyber League (UA) (2x5 mins),zyX x BUFF,zyX,Napoli,BUFF,Barcelona,08/09/2026,09:01:11,Total de Gols,Under,10.5,,,,,1.73,4-2,6-2,Green,0.73,17633876
, CLA-UA Champions Cyber League (UA) (2x5 mins),zyX x BUFF,zyX,Napoli,BUFF,Barcelona,08/09/2026,09:04:16,Total de Gols,Under,7.5,,,,,2.51,5-2,6-2,Red,-1.0,17633876
,CLA-UA Argentina Cyber Cup (UA) (2x5 mins),shatik666 x mara,shatik666,Racing Club,mara,Independiente,08/09/2026,09:00:10,Total de Gols,Under,8.5,,,,,2.17,4-1,6-3,Red,-1.0,17633859
,CLA-UA Argentina Cyber Cup (UA) (2x5 mins),shatik666 x mara,shatik666,Racing Club,mara,Independiente,08/09/2026,09:01:03,Total de Gols,Under,9.5,,,,,1.65,4-1,6-3,Green,0.65,17633859
,CLA-UA Argentina Cyber Cup (UA) (2x5 mins),shatik666 x mara,shatik666,Racing Club,mara,Independiente,08/09/2026,09:02:34,Total de Gols,Under,7.5,,,,,2.31,4-2,6-3,Red,-1.0,17633859
, CLA-UA France Cyber Cup (UA) (2x5 mins),fillanchik x femzzi,fillanchik,Stade Rennais FC,femzzi,Monaco,08/09/2026,09:00:10,Total de Gols,Under,8.5,,,,,1.82,3-1,8-1,Red,-1.0,17633844
, CLA-UA France Cyber Cup (UA) (2x5 mins),fillanchik x femzzi,fillanchik,Stade Rennais FC,femzzi,Monaco,08/09/2026,09:01:45,Total de Gols,Under,7.5,,,,,2.11,3-1,8-1,Red,-1.0,17633844
, CLA-UA France Cyber Cup (UA) (2x5 mins),fillanchik x femzzi,fillanchik,Stade Rennais FC,femzzi,Monaco,08/09/2026,09:02:42,Total de Gols,Under,9.5,,,,,1.69,4-1,8-1,Green,0.69,17633844
, CLA-UA Italy Cyber Cup (UA) (2x5 mins),d1z x zyX,d1z,Atalanta,zyX,Fiorentina,08/09/2026,10:00:34,Total de Gols,Under,6.5,,,,,1.8,0-0,3-4,Red,-1.0,17633925
, CLA-UA Italy Cyber Cup (UA) (2x5 mins),d1z x zyX,d1z,Atalanta,zyX,Fiorentina,08/09/2026,10:01:28,Total de Gols,Under,5.5,,,,,2.11,0-0,3-4,Red,-1.0,17633925
, CLA-UA Italy Cyber Cup (UA) (2x5 mins),d1z x zyX,d1z,Atalanta,zyX,Fiorentina,08/09/2026,10:02:47,Total de Gols,Under,7.5,,,,,1.66,1-0,3-4,Green,0.66,17633925
, CLA-UA Italy Cyber Cup (UA) (2x5 mins),d1z x zyX,d1z,Atalanta,zyX,Fiorentina,08/09/2026,10:08:18,Total de Gols,Under,8.5,,,,,1.54,3-2,3-4,Green,0.54,17633925
, CLA-UA Spain Cyber Cup (UA) (2x5 mins),femzzi x Terry14,femzzi,Girona FC,Terry14,Mallorca,08/09/2026,10:00:07,Total de Gols,Under,8.5,,,,,1.76,0-0,3-6,Red,-1.0,17634039
, CLA-UA Spain Cyber Cup (UA) (2x5 mins),femzzi x Terry14,femzzi,Girona FC,Terry14,Mallorca,08/09/2026,10:01:08,Total de Gols,Under,7.5,,,,,2.07,0-0,3-6,Red,-1.0,17634039
, CLA-UA Spain Cyber Cup (UA) (2x5 mins),femzzi x Terry14,femzzi,Girona FC,Terry14,Mallorca,08/09/2026,10:05:31,Total de Gols,Under,9.5,,,,,1.57,2-2,3-6,Green,0.57,17634039
, CLA-UA Spain Cyber Cup (UA) (2x5 mins),femzzi x Terry14,femzzi,Girona FC,Terry14,Mallorca,08/09/2026,10:08:35,Total de Gols,Under,10.5,,,,,1.47,2-5,3-6,Green,0.47,17634039
, CLA-UA Spain Cyber Cup (UA) (2x5 mins),femzzi x fillanchik,femzzi,Girona FC,fillanchik,Levante,08/09/2026,10:14:56,Total de Gols,Under,8.5,,,,,1.76,0-0,5-6,Red,-1.0,17633887
, CLA-UA Spain Cyber Cup (UA) (2x5 mins),femzzi x fillanchik,femzzi,Girona FC,fillanchik,Levante,08/09/2026,10:15:19,Total de Gols,Under,7.5,,,,,2.07,0-0,5-6,Red,-1.0,17633887
, CLA-UA Spain Cyber Cup (UA) (2x5 mins),femzzi x fillanchik,femzzi,Girona FC,fillanchik,Levante,08/09/2026,10:16:04,Total de Gols,Under,9.5,,,,,1.78,1-0,5-6,Red,-1.0,17633887
, CLA-UA Spain Cyber Cup (UA) (2x5 mins),femzzi x fillanchik,femzzi,Girona FC,fillanchik,Levante,08/09/2026,10:17:53,Total de Gols,Under,10.5,,,,,1.63,1-2,5-6,Red,-1.0,17633887
, CLA-UA Spain Cyber Cup (UA) (2x5 mins),femzzi x fillanchik,femzzi,Girona FC,fillanchik,Levante,08/09/2026,10:22:37,Total de Gols,Under,11.5,,,,,1.66,2-5,5-6,Green,0.66,17633887
, CLA-UA Spain Cyber Cup (UA) (2x5 mins),femzzi x fillanchik,femzzi,Girona FC,fillanchik,Levante,08/09/2026,10:25:06,Total de Gols,Under,12.5,,,,,1.62,4-6,5-6,Green,0.62,17633887
, CLA-UA Italy Cyber Cup (UA) (2x5 mins),zyX x four,zyX,Fiorentina,four,Inter,08/09/2026,10:27:22,Total de Gols,Under,6.5,,,,,2.02,0-0,1-4,Green,1.02,17633929
, CLA-UA Italy Cyber Cup (UA) (2x5 mins),zyX x four,zyX,Fiorentina,four,Inter,08/09/2026,10:29:16,Total de Gols,Under,7.5,,,,,1.66,0-0,1-4,Green,0.66,17633929
, CLA-UA Italy Cyber Cup (UA) (2x5 mins),zyX x four,zyX,Fiorentina,four,Inter,08/09/2026,10:35:11,Total de Gols,Under,5.5,,,,,2.12,0-3,1-4,Green,1.12,17633929
, CLA-UA Italy Cyber Cup (UA) (2x5 mins),BUFF x four,BUFF,Milan,four,Inter,08/09/2026,10:41:29,Total de Gols,Under,7.5,,,,,1.65,0-0,3-4,Green,0.65,17633930
, CLA-UA Italy Cyber Cup (UA) (2x5 mins),BUFF x four,BUFF,Milan,four,Inter,08/09/2026,10:42:32,Total de Gols,Under,6.5,,,,,2.06,0-0,3-4,Red,-1.0,17633930
, CLA-UA Italy Cyber Cup (UA) (2x5 mins),BUFF x four,BUFF,Milan,four,Inter,08/09/2026,10:46:00,Total de Gols,Under,5.5,,,,,2.12,0-1,3-4,Red,-1.0,17633930
, CLA-UA Spain Cyber Cup (UA) (2x5 mins),abr4m_5 x fillanchik,abr4m_5,Getafe,fillanchik,Levante,08/09/2026,10:42:33,Total de Gols,Under,8.5,,,,,2.02,1-0,4-11,Red,-1.0,17633890
, CLA-UA Spain Cyber Cup (UA) (2x5 mins),abr4m_5 x fillanchik,abr4m_5,Getafe,fillanchik,Levante,08/09/2026,10:43:33,Total de Gols,Under,9.5,,,,,1.69,1-0,4-11,Red,-1.0,17633890
, CLA-UA Spain Cyber Cup (UA) (2x5 mins),abr4m_5 x fillanchik,abr4m_5,Getafe,fillanchik,Levante,08/09/2026,10:44:12,Total de Gols,Under,10.5,,,,,1.88,2-1,4-11,Red,-1.0,17633890
, CLA-UA Spain Cyber Cup (UA) (2x5 mins),abr4m_5 x fillanchik,abr4m_5,Getafe,fillanchik,Levante,08/09/2026,10:44:48,Total de Gols,Under,11.5,,,,,1.68,2-2,4-11,Red,-1.0,17633890
, CLA-UA Spain Cyber Cup (UA) (2x5 mins),abr4m_5 x fillanchik,abr4m_5,Getafe,fillanchik,Levante,08/09/2026,10:47:09,Total de Gols,Under,12.5,,,,,1.68,2-5,4-11,Red,-1.0,17633890
, CLA-UA Spain Cyber Cup (UA) (2x5 mins),abr4m_5 x fillanchik,abr4m_5,Getafe,fillanchik,Levante,08/09/2026,10:49:29,Total de Gols,Under,13.5,,,,,1.92,3-7,4-11,Red,-1.0,17633890
, CLA-UA Spain Cyber Cup (UA) (2x5 mins),abr4m_5 x fillanchik,abr4m_5,Getafe,fillanchik,Levante,08/09/2026,10:50:12,Total de Gols,Under,14.5,,,,,1.54,3-8,4-11,Red,-1.0,17633890
, CLA-UA Italy Cyber Cup (UA) (2x5 mins),Shot x zyX,Shot,Napoli,zyX,Fiorentina,08/09/2026,11:06:23,Total de Gols,Under,6.5,,,,,1.82,2-4,2-4,Green,0.82,17633933
, CLA-UA Italy Cyber Cup (UA) (2x5 mins),BUFF x d1z,BUFF,Milan,d1z,Atalanta,08/09/2026,10:56:15,Total de Gols,Under,5.5,,,,,1.78,0-0,1-5,Red,-1.0,17633932
, CLA-UA Italy Cyber Cup (UA) (2x5 mins),BUFF x d1z,BUFF,Milan,d1z,Atalanta,08/09/2026,10:56:44,Total de Gols,Under,6.5,,,,,1.69,0-0,1-5,Green,0.69,17633932
, CLA-UA Italy Cyber Cup (UA) (2x5 mins),BUFF x d1z,BUFF,Milan,d1z,Atalanta,08/09/2026,10:58:31,Total de Gols,Under,7.5,,,,,1.8,0-2,1-5,Green,0.8,17633932
, CLA-UA Spain Cyber Cup (UA) (2x5 mins),abr4m_5 x femzzi,abr4m_5,Getafe,femzzi,Girona FC,08/09/2026,10:55:47,Total de Gols,Under,7.5,,,,,1.98,0-0,5-8,Red,-1.0,17633892
, CLA-UA Spain Cyber Cup (UA) (2x5 mins),abr4m_5 x femzzi,abr4m_5,Getafe,femzzi,Girona FC,08/09/2026,10:56:42,Total de Gols,Under,8.5,,,,,1.85,0-0,5-8,Red,-1.0,17633892
, CLA-UA Spain Cyber Cup (UA) (2x5 mins),abr4m_5 x femzzi,abr4m_5,Getafe,femzzi,Girona FC,08/09/2026,10:57:13,Total de Gols,Under,9.5,,,,,1.65,0-1,5-8,Red,-1.0,17633892
, CLA-UA Spain Cyber Cup (UA) (2x5 mins),abr4m_5 x femzzi,abr4m_5,Getafe,femzzi,Girona FC,08/09/2026,10:57:48,Total de Gols,Under,10.5,,,,,1.74,1-2,5-8,Red,-1.0,17633892
, CLA-UA Spain Cyber Cup (UA) (2x5 mins),abr4m_5 x femzzi,abr4m_5,Getafe,femzzi,Girona FC,08/09/2026,10:58:26,Total de Gols,Under,11.5,,,,,1.62,2-2,5-8,Red,-1.0,17633892
, CLA-UA Spain Cyber Cup (UA) (2x5 mins),T3RZ x Terry14,T3RZ,Rayo Vallecano,Terry14,Mallorca,08/09/2026,11:07:33,Total de Gols,Under,12.5,,,,,2.03,7-5,7-5,Green,1.03,17633893
, CLA-UA Italy Cyber Cup (UA) (2x5 mins),Shot x BUFF,Shot,Napoli,BUFF,Milan,08/09/2026,11:37:04,Total de Gols,Under,6.5,,,,,1.65,0-0,3-2,Green,0.65,17633938
, CLA-UA Italy Cyber Cup (UA) (2x5 mins),Shot x BUFF,Shot,Napoli,BUFF,Milan,08/09/2026,11:38:28,Total de Gols,Under,5.5,,,,,2.08,0-0,3-2,Green,1.08,17633938
, CLA-UA Italy Cyber Cup (UA) (2x5 mins),Shot x BUFF,Shot,Napoli,BUFF,Milan,08/09/2026,11:46:17,Total de Gols,Under,4.5,,,,,2.36,2-1,3-2,Red,-1.0,17633938
, CLA-UA Spain Cyber Cup (UA) (2x5 mins),T3RZ x abr4m_5,T3RZ,Rayo Vallecano,abr4m_5,Getafe,08/09/2026,11:37:57,Total de Gols,Under,7.5,,,,,1.98,0-0,5-2,Green,0.98,17633897
, CLA-UA Spain Cyber Cup (UA) (2x5 mins),T3RZ x abr4m_5,T3RZ,Rayo Vallecano,abr4m_5,Getafe,08/09/2026,11:39:10,Total de Gols,Under,6.5,,,,,2.02,0-0,5-2,Red,-1.0,17633897
, CLA-UA Spain Cyber Cup (UA) (2x5 mins),T3RZ x abr4m_5,T3RZ,Rayo Vallecano,abr4m_5,Getafe,08/09/2026,11:40:11,Total de Gols,Under,5.5,,,,,1.97,0-0,5-2,Red,-1.0,17633897
, CLA-UA Spain Cyber Cup (UA) (2x5 mins),T3RZ x abr4m_5,T3RZ,Rayo Vallecano,abr4m_5,Getafe,08/09/2026,11:41:31,Total de Gols,Under,4.5,,,,,2.12,0-0,5-2,Red,-1.0,17633897
, CLA-UA Italy Cyber Cup (UA) (2x5 mins),d1z x Shot,d1z,Atalanta,Shot,Napoli,08/09/2026,11:51:32,Total de Gols,Under,6.5,,,,,2.02,0-0,4-2,Green,1.02,17633942
, CLA-UA Italy Cyber Cup (UA) (2x5 mins),d1z x Shot,d1z,Atalanta,Shot,Napoli,08/09/2026,11:53:22,Total de Gols,Under,7.5,,,,,1.69,0-0,4-2,Green,0.69,17633942
, CLA-UA Italy Cyber Cup (UA) (2x5 mins),d1z x Shot,d1z,Atalanta,Shot,Napoli,08/09/2026,11:55:16,Total de Gols,Under,8.5,,,,,1.59,2-0,4-2,Green,0.59,17633942
, CLA-UA Italy Cyber Cup (UA) (2x5 mins),d1z x Shot,d1z,Atalanta,Shot,Napoli,08/09/2026,11:58:25,Total de Gols,Under,5.5,,,,,2.17,2-1,4-2,Red,-1.0,17633942
, CLA-UA Italy Cyber Cup (UA) (2x5 mins),four x BUFF,four,Inter,BUFF,Milan,08/09/2026,11:51:03,Total de Gols,Under,6.5,,,,,1.98,0-0,4-3,Red,-1.0,17633941
, CLA-UA Italy Cyber Cup (UA) (2x5 mins),four x BUFF,four,Inter,BUFF,Milan,08/09/2026,11:52:36,Total de Gols,Under,7.5,,,,,1.86,0-0,4-3,Green,0.86,17633941
, CLA-UA Italy Cyber Cup (UA) (2x5 mins),four x BUFF,four,Inter,BUFF,Milan,08/09/2026,11:57:11,Total de Gols,Under,5.5,,,,,2.16,1-1,4-3,Red,-1.0,17633941
, CLA-UA Italy Cyber Cup (UA) (2x5 mins),four x BUFF,four,Inter,BUFF,Milan,08/09/2026,11:59:08,Total de Gols,Under,4.5,,,,,2.17,1-1,4-3,Red,-1.0,17633941
, CLA-UA Italy Cyber Cup (UA) (2x5 mins),zyX x Shot,zyX,Fiorentina,Shot,Napoli,08/09/2026,12:05:54,Total de Gols,Under,6.5,,,,,2.02,0-0,4-3,Red,-1.0,17633944
, CLA-UA Italy Cyber Cup (UA) (2x5 mins),zyX x Shot,zyX,Fiorentina,Shot,Napoli,08/09/2026,12:07:56,Total de Gols,Under,5.5,,,,,2.07,0-0,4-3,Red,-1.0,17633944
, CLA-UA Italy Cyber Cup (UA) (2x5 mins),zyX x Shot,zyX,Fiorentina,Shot,Napoli,08/09/2026,12:10:33,Total de Gols,Under,7.5,,,,,1.68,1-1,4-3,Green,0.68,17633944
, CLA-UA Italy Cyber Cup (UA) (2x5 mins),zyX x Shot,zyX,Fiorentina,Shot,Napoli,08/09/2026,12:14:57,Total de Gols,Under,8.5,,,,,1.54,4-2,4-3,Green,0.54,17633944
,CLA-UA Argentina Cyber Cup (UA) (2x5 mins),simaha x rain,simaha,Independiente,rain,Racing Club,08/09/2026,13:40:23,Total de Gols,Under,6.5,,,,,1.73,0-0,3-2,Green,0.73,17633999
,CLA-UA Argentina Cyber Cup (UA) (2x5 mins),simaha x rain,simaha,Independiente,rain,Racing Club,08/09/2026,13:41:07,Total de Gols,Under,5.5,,,,,2.07,0-0,3-2,Green,1.07,17633999
,CLA-UA Argentina Cyber Cup (UA) (2x5 mins),Stafford x Forzyar,Stafford,Boca Juniors,Forzyar,River Plate,08/09/2026,13:40:14,Total de Gols,Under,8.5,,,,,1.97,0-0,6-3,Red,-1.0,17634000
,CLA-UA Argentina Cyber Cup (UA) (2x5 mins),Stafford x Forzyar,Stafford,Boca Juniors,Forzyar,River Plate,08/09/2026,13:41:23,Total de Gols,Under,9.5,,,,,1.68,0-0,6-3,Green,0.68,17634000
,CLA-UA Argentina Cyber Cup (UA) (2x5 mins),Stafford x Forzyar,Stafford,Boca Juniors,Forzyar,River Plate,08/09/2026,13:42:36,Total de Gols,Under,7.5,,,,,2.07,0-1,6-3,Red,-1.0,17634000
,CLA-UA Argentina Cyber Cup (UA) (2x5 mins),Stafford x Forzyar,Stafford,Boca Juniors,Forzyar,River Plate,08/09/2026,13:44:50,Total de Gols,Under,6.5,,,,,2.12,0-2,6-3,Red,-1.0,17634000
,CLA-UA Argentina Cyber Cup (UA) (2x5 mins),Stafford x Forzyar,Stafford,Boca Juniors,Forzyar,River Plate,08/09/2026,13:45:28,Total de Gols,Under,5.5,,,,,2.21,0-2,6-3,Red,-1.0,17634000
, CLA-UA Champions Cyber League (UA) (2x5 mins),Sxitted x BiBiB,Sxitted,Chelsea,BiBiB,Real Madrid,08/09/2026,13:53:51,Total de Gols,Under,5.5,,,,,2.02,0-0,2-4,Red,-1.0,17633957
, CLA-UA Champions Cyber League (UA) (2x5 mins),Sxitted x BiBiB,Sxitted,Chelsea,BiBiB,Real Madrid,08/09/2026,13:57:28,Total de Gols,Under,6.5,,,,,1.71,0-1,2-4,Green,0.71,17633957
, CLA-UA Champions Cyber League (UA) (2x5 mins),Sxitted x BiBiB,Sxitted,Chelsea,BiBiB,Real Madrid,08/09/2026,14:02:18,Total de Gols,Under,4.5,,,,,2.37,0-3,2-4,Red,-1.0,17633957
, CLA-UA Champions Cyber League (UA) (2x5 mins),luxiqq x BiBiB,luxiqq,PSG,BiBiB,Real Madrid,08/09/2026,14:07:49,Total de Gols,Under,6.5,,,,,1.66,0-0,2-6,Red,-1.0,17633958
, CLA-UA Champions Cyber League (UA) (2x5 mins),luxiqq x BiBiB,luxiqq,PSG,BiBiB,Real Madrid,08/09/2026,14:08:37,Total de Gols,Under,5.5,,,,,2.08,0-0,2-6,Red,-1.0,17633958
, CLA-UA Champions Cyber League (UA) (2x5 mins),luxiqq x BiBiB,luxiqq,PSG,BiBiB,Real Madrid,08/09/2026,14:09:23,Total de Gols,Under,7.5,,,,,1.84,1-0,2-6,Red,-1.0,17633958
, CLA-UA Champions Cyber League (UA) (2x5 mins),luxiqq x BiBiB,luxiqq,PSG,BiBiB,Real Madrid,08/09/2026,14:12:59,Total de Gols,Under,8.5,,,,,1.86,1-3,2-6,Green,0.86,17633958
, CLA-UA Champions Cyber League (UA) (2x5 mins),luxiqq x BiBiB,luxiqq,PSG,BiBiB,Real Madrid,08/09/2026,14:17:38,Total de Gols,Under,9.5,,,,,1.41,1-6,2-6,Green,0.41,17633958
, CLA-UA France Cyber Cup (UA) (2x5 mins),kozak x Xellark,kozak,Lille,Xellark,Nice,08/09/2026,14:08:10,Total de Gols,Under,8.5,,,,,1.84,0-0,5-3,Green,0.84,17633988
, CLA-UA France Cyber Cup (UA) (2x5 mins),kozak x Xellark,kozak,Lille,Xellark,Nice,08/09/2026,14:09:05,Total de Gols,Under,7.5,,,,,2.02,0-0,5-3,Red,-1.0,17633988
, CLA-UA France Cyber Cup (UA) (2x5 mins),kozak x Xellark,kozak,Lille,Xellark,Nice,08/09/2026,14:12:18,Total de Gols,Under,6.5,,,,,1.98,1-0,5-3,Red,-1.0,17633988
, CLA-UA France Cyber Cup (UA) (2x5 mins),kozak x Xellark,kozak,Lille,Xellark,Nice,08/09/2026,14:12:41,Total de Gols,Under,5.5,,,,,2.11,1-0,5-3,Red,-1.0,17633988
, CLA-UA France Cyber Cup (UA) (2x5 mins),Hetman x shatik666,Hetman,Strasbourg,shatik666,PSG,08/09/2026,14:22:14,Total de Gols,Under,8.5,,,,,1.68,0-0,2-6,Green,0.68,17633990
, CLA-UA France Cyber Cup (UA) (2x5 mins),Hetman x shatik666,Hetman,Strasbourg,shatik666,PSG,08/09/2026,14:22:32,Total de Gols,Under,7.5,,,,,2.07,0-0,2-6,Red,-1.0,17633990
, CLA-UA France Cyber Cup (UA) (2x5 mins),Hetman x shatik666,Hetman,Strasbourg,shatik666,PSG,08/09/2026,14:25:29,Total de Gols,Under,6.5,,,,,2.12,1-0,2-6,Red,-1.0,17633990
,CLA-UA Argentina Cyber Cup (UA) (2x5 mins),Forzyar x simaha,Forzyar,River Plate,simaha,Independiente,08/09/2026,14:22:28,Total de Gols,Under,6.5,,,,,1.98,0-0,6-2,Red,-1.0,17634008
,CLA-UA Argentina Cyber Cup (UA) (2x5 mins),Forzyar x simaha,Forzyar,River Plate,simaha,Independiente,08/09/2026,14:23:53,Total de Gols,Under,5.5,,,,,2.06,0-0,6-2,Red,-1.0,17634008
,CLA-UA Argentina Cyber Cup (UA) (2x5 mins),Forzyar x simaha,Forzyar,River Plate,simaha,Independiente,08/09/2026,14:28:17,Total de Gols,Under,4.5,,,,,2.23,2-0,6-2,Red,-1.0,17634008
,CLA-UA Argentina Cyber Cup (UA) (2x5 mins),Forzyar x simaha,Forzyar,River Plate,simaha,Independiente,08/09/2026,14:29:54,Total de Gols,Under,7.5,,,,,1.5,3-1,6-2,Red,-1.0,17634008
,CLA-UA Argentina Cyber Cup (UA) (2x5 mins),Forzyar x simaha,Forzyar,River Plate,simaha,Independiente,08/09/2026,14:32:02,Total de Gols,Under,8.5,,,,,1.46,4-2,6-2,Green,0.46,17634008
, CLA-UA Champions Cyber League (UA) (2x5 mins),Sxitted x luxiqq,Sxitted,Chelsea,luxiqq,PSG,08/09/2026,14:36:46,Total de Gols,Under,7.5,,,,,1.69,0-0,3-2,Green,0.69,17633967
, CLA-UA Champions Cyber League (UA) (2x5 mins),Sxitted x luxiqq,Sxitted,Chelsea,luxiqq,PSG,08/09/2026,14:36:59,Total de Gols,Under,6.5,,,,,2.07,0-0,3-2,Green,1.07,17633967
, CLA-UA Champions Cyber League (UA) (2x5 mins),Sxitted x luxiqq,Sxitted,Chelsea,luxiqq,PSG,08/09/2026,14:40:51,Total de Gols,Under,5.5,,,,,2.12,0-1,3-2,Green,1.12,17633967
, CLA-UA France Cyber Cup (UA) (2x5 mins),Xellark x shatik666,Xellark,Nice,shatik666,PSG,08/09/2026,14:36:15,Total de Gols,Under,8.5,,,,,1.76,0-0,5-6,Red,-1.0,17633992
, CLA-UA France Cyber Cup (UA) (2x5 mins),Xellark x shatik666,Xellark,Nice,shatik666,PSG,08/09/2026,14:36:42,Total de Gols,Under,7.5,,,,,2.06,0-0,5-6,Red,-1.0,17633992
, CLA-UA France Cyber Cup (UA) (2x5 mins),Xellark x shatik666,Xellark,Nice,shatik666,PSG,08/09/2026,14:37:51,Total de Gols,Under,9.5,,,,,1.65,1-0,5-6,Red,-1.0,17633992
, CLA-UA Champions Cyber League (UA) (2x5 mins),fillanchik x BiBiB,fillanchik,Benfica,BiBiB,Real Madrid,08/09/2026,14:35:54,Total de Gols,Under,5.5,,,,,2.02,0-0,6-3,Red,-1.0,17633965
, CLA-UA Champions Cyber League (UA) (2x5 mins),fillanchik x BiBiB,fillanchik,Benfica,BiBiB,Real Madrid,08/09/2026,14:36:51,Total de Gols,Under,6.5,,,,,1.85,0-0,6-3,Red,-1.0,17633965
, CLA-UA Champions Cyber League (UA) (2x5 mins),fillanchik x BiBiB,fillanchik,Benfica,BiBiB,Real Madrid,08/09/2026,14:38:00,Total de Gols,Under,6.5,,,,,2.11,0-1,6-3,Red,-1.0,17633965
, CLA-UA Champions Cyber League (UA) (2x5 mins),fillanchik x BiBiB,fillanchik,Benfica,BiBiB,Real Madrid,08/09/2026,14:39:13,Total de Gols,Under,7.5,,,,,1.7,0-2,6-3,Red,-1.0,17633965
, CLA-UA Champions Cyber League (UA) (2x5 mins),fillanchik x BiBiB,fillanchik,Benfica,BiBiB,Real Madrid,08/09/2026,14:41:45,Total de Gols,Under,8.5,,,,,1.62,2-2,6-3,Red,-1.0,17633965
, CLA-UA Champions Cyber League (UA) (2x5 mins),fillanchik x BiBiB,fillanchik,Benfica,BiBiB,Real Madrid,08/09/2026,14:44:06,Total de Gols,Under,9.5,,,,,1.78,4-2,6-3,Green,0.78,17633965
, CLA-UA Champions Cyber League (UA) (2x5 mins),fillanchik x BiBiB,fillanchik,Benfica,BiBiB,Real Madrid,08/09/2026,14:44:35,Total de Gols,Under,10.5,,,,,1.61,5-2,6-3,Green,0.61,17633965
, CLA-UA Italy Cyber Cup (UA) (2x5 mins),kozak x shatik666,kozak,Roma,shatik666,Milan,08/09/2026,15:00:12,Total de Gols,Under,8.5,,,,,1.84,0-0,3-4,Green,0.84,17634194
, CLA-UA Italy Cyber Cup (UA) (2x5 mins),kozak x shatik666,kozak,Roma,shatik666,Milan,08/09/2026,15:01:50,Total de Gols,Under,9.5,,,,,1.74,0-1,3-4,Green,0.74,17634194
, CLA-UA Italy Cyber Cup (UA) (2x5 mins),kozak x shatik666,kozak,Roma,shatik666,Milan,08/09/2026,15:06:48,Total de Gols,Under,10.5,,,,,1.65,2-3,3-4,Green,0.65,17634194
, CLA-UA Italy Cyber Cup (UA) (2x5 mins),kozak x shatik666,kozak,Roma,shatik666,Milan,08/09/2026,15:09:28,Total de Gols,Under,7.5,,,,,2.28,3-3,3-4,Green,1.28,17634194
,CLA-UA World Cyber Cup (UA) (2x5 mins),Galikooo x luxiqq,Galikooo,Hungary,luxiqq,Croatia,08/09/2026,14:59:55,Total de Gols,Under,8.5,,,,,1.89,0-0,4-2,Green,0.89,17634192
,CLA-UA World Cyber Cup (UA) (2x5 mins),Galikooo x luxiqq,Galikooo,Hungary,luxiqq,Croatia,08/09/2026,15:02:02,Total de Gols,Under,9.5,,,,,1.77,0-0,4-2,Green,0.77,17634192
,CLA-UA World Cyber Cup (UA) (2x5 mins),Galikooo x luxiqq,Galikooo,Hungary,luxiqq,Croatia,08/09/2026,15:04:22,Total de Gols,Under,7.5,,,,,2.03,1-0,4-2,Green,1.03,17634192
,CLA-UA World Cyber Cup (UA) (2x5 mins),Galikooo x luxiqq,Galikooo,Hungary,luxiqq,Croatia,08/09/2026,15:10:26,Total de Gols,Under,6.5,,,,,2.07,2-1,4-2,Green,1.07,17634192
, CLA-UA Italy Cyber Cup (UA) (2x5 mins),Hetman x kozak,Hetman,Torino,kozak,Roma,08/09/2026,15:14:20,Total de Gols,Under,8.5,,,,,1.73,0-0,3-5,Green,0.73,17634195
, CLA-UA Italy Cyber Cup (UA) (2x5 mins),Hetman x kozak,Hetman,Torino,kozak,Roma,08/09/2026,15:14:42,Total de Gols,Under,7.5,,,,,2.07,0-0,3-5,Red,-1.0,17634195
, CLA-UA Italy Cyber Cup (UA) (2x5 mins),Hetman x kozak,Hetman,Torino,kozak,Roma,08/09/2026,15:17:02,Total de Gols,Under,6.5,,,,,2.07,1-0,3-5,Red,-1.0,17634195
, CLA-UA Italy Cyber Cup (UA) (2x5 mins),Bucha x Xellark,Bucha,Juventus,Xellark,Inter,08/09/2026,15:14:13,Total de Gols,Under,7.5,,,,,1.83,0-0,5-3,Red,-1.0,17634056
, CLA-UA Italy Cyber Cup (UA) (2x5 mins),Bucha x Xellark,Bucha,Juventus,Xellark,Inter,08/09/2026,15:15:03,Total de Gols,Under,6.5,,,,,2.12,0-0,5-3,Red,-1.0,17634056
, CLA-UA Italy Cyber Cup (UA) (2x5 mins),Bucha x Xellark,Bucha,Juventus,Xellark,Inter,08/09/2026,15:18:04,Total de Gols,Under,5.5,,,,,2.12,1-0,5-3,Red,-1.0,17634056
, CLA-UA Italy Cyber Cup (UA) (2x5 mins),Bucha x Xellark,Bucha,Juventus,Xellark,Inter,08/09/2026,15:23:06,Total de Gols,Under,8.5,,,,,1.57,4-2,5-3,Green,0.57,17634056
,CLA-UA World Cyber Cup (UA) (2x5 mins),BiBiB x luxiqq,BiBiB,England,luxiqq,Croatia,08/09/2026,15:28:00,Total de Gols,Under,6.5,,,,,1.75,0-0,4-3,Red,-1.0,17634036
,CLA-UA World Cyber Cup (UA) (2x5 mins),BiBiB x luxiqq,BiBiB,England,luxiqq,Croatia,08/09/2026,15:29:07,Total de Gols,Under,5.5,,,,,2.11,0-0,4-3,Red,-1.0,17634036
,CLA-UA World Cyber Cup (UA) (2x5 mins),BiBiB x luxiqq,BiBiB,England,luxiqq,Croatia,08/09/2026,15:30:44,Total de Gols,Under,7.5,,,,,1.59,0-1,4-3,Green,0.59,17634036
,CLA-UA World Cyber Cup (UA) (2x5 mins),BiBiB x luxiqq,BiBiB,England,luxiqq,Croatia,08/09/2026,15:37:29,Total de Gols,Under,8.5,,,,,1.62,4-2,4-3,Green,0.62,17634036
, CLA-UA Italy Cyber Cup (UA) (2x5 mins),Bucha x kozak,Bucha,Juventus,kozak,Roma,08/09/2026,15:42:12,Total de Gols,Under,8.5,,,,,1.98,0-0,3-6,Red,-1.0,17634197
, CLA-UA Italy Cyber Cup (UA) (2x5 mins),Bucha x kozak,Bucha,Juventus,kozak,Roma,08/09/2026,15:43:51,Total de Gols,Under,7.5,,,,,2.01,0-0,3-6,Red,-1.0,17634197
, CLA-UA Italy Cyber Cup (UA) (2x5 mins),Bucha x kozak,Bucha,Juventus,kozak,Roma,08/09/2026,15:44:24,Total de Gols,Under,9.5,,,,,1.76,0-1,3-6,Green,0.76,17634197
, CLA-UA Italy Cyber Cup (UA) (2x5 mins),Bucha x kozak,Bucha,Juventus,kozak,Roma,08/09/2026,15:46:47,Total de Gols,Under,10.5,,,,,1.81,2-2,3-6,Green,0.81,17634197
, CLA-UA Spain Cyber Cup (UA) (2x5 mins),simaha x Forzyar,simaha,Real Madrid,Forzyar,Espanyol,08/09/2026,15:42:15,Total de Gols,Under,6.5,,,,,2.01,0-0,2-5,Red,-1.0,17634021
, CLA-UA Spain Cyber Cup (UA) (2x5 mins),simaha x Forzyar,simaha,Real Madrid,Forzyar,Espanyol,08/09/2026,15:42:26,Total de Gols,Under,7.5,,,,,1.97,0-0,2-5,Green,0.97,17634021
, CLA-UA Spain Cyber Cup (UA) (2x5 mins),simaha x Forzyar,simaha,Real Madrid,Forzyar,Espanyol,08/09/2026,15:42:40,Total de Gols,Under,8.5,,,,,1.91,1-0,2-5,Green,0.91,17634021
, CLA-UA Spain Cyber Cup (UA) (2x5 mins),simaha x Forzyar,simaha,Real Madrid,Forzyar,Espanyol,08/09/2026,15:44:06,Total de Gols,Under,9.5,,,,,1.69,1-1,2-5,Green,0.69,17634021
,CLA-UA World Cyber Cup (UA) (2x5 mins),luxiqq x fillanchik,luxiqq,Croatia,fillanchik,Indonesia,08/09/2026,15:41:17,Total de Gols,Under,7.5,,,,,1.74,0-0,3-7,Red,-1.0,17634040
,CLA-UA World Cyber Cup (UA) (2x5 mins),luxiqq x fillanchik,luxiqq,Croatia,fillanchik,Indonesia,08/09/2026,15:43:26,Total de Gols,Under,8.5,,,,,1.91,0-1,3-7,Red,-1.0,17634040
,CLA-UA World Cyber Cup (UA) (2x5 mins),luxiqq x fillanchik,luxiqq,Croatia,fillanchik,Indonesia,08/09/2026,15:46:53,Total de Gols,Under,9.5,,,,,1.77,1-3,3-7,Red,-1.0,17634040
,CLA-UA World Cyber Cup (UA) (2x5 mins),luxiqq x fillanchik,luxiqq,Croatia,fillanchik,Indonesia,08/09/2026,15:48:53,Total de Gols,Under,10.5,,,,,1.9,2-4,3-7,Green,0.9,17634040
, CLA-UA Spain Cyber Cup (UA) (2x5 mins),simaha x Stafford,simaha,Real Madrid,Stafford,Valencia,08/09/2026,15:56:14,Total de Gols,Under,7.5,,,,,1.97,0-0,5-3,Red,-1.0,17634023
, CLA-UA Spain Cyber Cup (UA) (2x5 mins),simaha x Stafford,simaha,Real Madrid,Stafford,Valencia,08/09/2026,15:57:23,Total de Gols,Under,6.5,,,,,2.12,0-0,5-3,Red,-1.0,17634023
, CLA-UA Spain Cyber Cup (UA) (2x5 mins),simaha x Stafford,simaha,Real Madrid,Stafford,Valencia,08/09/2026,15:59:15,Total de Gols,Under,8.5,,,,,1.71,1-1,5-3,Green,0.71,17634023
, CLA-UA Spain Cyber Cup (UA) (2x5 mins),d1z x Forzyar,d1z,Athletic Club,Forzyar,Espanyol,08/09/2026,15:56:17,Total de Gols,Under,6.5,,,,,2.07,0-0,5-0,Green,1.07,17634022
, CLA-UA Spain Cyber Cup (UA) (2x5 mins),d1z x Forzyar,d1z,Athletic Club,Forzyar,Espanyol,08/09/2026,15:57:17,Total de Gols,Under,7.5,,,,,1.8,0-0,5-0,Green,0.8,17634022
, CLA-UA Spain Cyber Cup (UA) (2x5 mins),d1z x Forzyar,d1z,Athletic Club,Forzyar,Espanyol,08/09/2026,15:57:47,Total de Gols,Under,8.5,,,,,1.68,1-0,5-0,Green,0.68,17634022
, CLA-UA Spain Cyber Cup (UA) (2x5 mins),d1z x Forzyar,d1z,Athletic Club,Forzyar,Espanyol,08/09/2026,16:04:57,Total de Gols,Under,5.5,,,,,2.36,4-0,5-0,Green,1.36,17634022
,CLA-UA World Cyber Cup (UA) (2x5 mins),Sxitted x fillanchik,Sxitted,Panama,fillanchik,Indonesia,08/09/2026,16:08:42,Total de Gols,Under,7.5,,,,,1.74,0-0,3-3,Green,0.74,17634045
,CLA-UA World Cyber Cup (UA) (2x5 mins),Sxitted x fillanchik,Sxitted,Panama,fillanchik,Indonesia,08/09/2026,16:10:54,Total de Gols,Under,6.5,,,,,2.03,0-0,3-3,Green,1.03,17634045
,CLA-UA World Cyber Cup (UA) (2x5 mins),Sxitted x fillanchik,Sxitted,Panama,fillanchik,Indonesia,08/09/2026,16:12:11,Total de Gols,Under,5.5,,,,,2.12,0-0,3-3,Red,-1.0,17634045
,CLA-UA World Cyber Cup (UA) (2x5 mins),Sxitted x fillanchik,Sxitted,Panama,fillanchik,Indonesia,08/09/2026,16:14:00,Total de Gols,Under,8.5,,,,,1.59,2-0,3-3,Green,0.59,17634045
, CLA-UA Italy Cyber Cup (UA) (2x5 mins),shatik666 x kozak,shatik666,Milan,kozak,Roma,08/09/2026,16:10:11,Total de Gols,Under,8.5,,,,,1.84,0-0,1-5,Green,0.84,17634198
, CLA-UA Italy Cyber Cup (UA) (2x5 mins),shatik666 x kozak,shatik666,Milan,kozak,Roma,08/09/2026,16:10:46,Total de Gols,Under,9.5,,,,,1.65,0-0,1-5,Green,0.65,17634198
, CLA-UA Italy Cyber Cup (UA) (2x5 mins),shatik666 x kozak,shatik666,Milan,kozak,Roma,08/09/2026,16:11:39,Total de Gols,Under,10.5,,,,,1.79,0-2,1-5,Green,0.79,17634198
, CLA-UA Italy Cyber Cup (UA) (2x5 mins),shatik666 x kozak,shatik666,Milan,kozak,Roma,08/09/2026,16:17:34,Total de Gols,Under,7.5,,,,,2.12,0-4,1-5,Green,1.12,17634198
, CLA-UA Italy Cyber Cup (UA) (2x5 mins),shatik666 x kozak,shatik666,Milan,kozak,Roma,08/09/2026,16:21:07,Total de Gols,Under,6.5,,,,,2.42,1-5,1-5,Green,1.42,17634198
,CLA-UA World Cyber Cup (UA) (2x5 mins),Sxitted x BiBiB,Sxitted,Panama,BiBiB,England,08/09/2026,16:24:08,Total de Gols,Under,5.5,,,,,2.02,0-0,2-1,Green,1.02,17634047
,CLA-UA World Cyber Cup (UA) (2x5 mins),Sxitted x BiBiB,Sxitted,Panama,BiBiB,England,08/09/2026,16:25:54,Total de Gols,Under,4.5,,,,,2.12,0-0,2-1,Green,1.12,17634047
,CLA-UA World Cyber Cup (UA) (2x5 mins),Sxitted x BiBiB,Sxitted,Panama,BiBiB,England,08/09/2026,16:30:44,Total de Gols,Under,6.5,,,,,1.59,1-1,2-1,Green,0.59,17634047
,CLA-UA World Cyber Cup (UA) (2x5 mins),Sxitted x BiBiB,Sxitted,Panama,BiBiB,England,08/09/2026,16:33:38,Total de Gols,Under,3.5,,,,,2.62,2-1,2-1,Green,1.62,17634047
, CLA-UA Spain Cyber Cup (UA) (2x5 mins),rain x Forzyar,rain,Sevilla,Forzyar,Espanyol,08/09/2026,16:24:21,Total de Gols,Under,8.5,,,,,1.76,0-0,0-6,Green,0.76,17634035
, CLA-UA Spain Cyber Cup (UA) (2x5 mins),rain x Forzyar,rain,Sevilla,Forzyar,Espanyol,08/09/2026,16:24:47,Total de Gols,Under,7.5,,,,,2.07,0-0,0-6,Green,1.07,17634035
, CLA-UA Spain Cyber Cup (UA) (2x5 mins),rain x Forzyar,rain,Sevilla,Forzyar,Espanyol,08/09/2026,16:25:05,Total de Gols,Under,9.5,,,,,1.98,0-1,0-6,Green,0.98,17634035
, CLA-UA Spain Cyber Cup (UA) (2x5 mins),rain x Forzyar,rain,Sevilla,Forzyar,Espanyol,08/09/2026,16:28:48,Total de Gols,Under,6.5,,,,,2.08,0-2,0-6,Green,1.08,17634035
,CLA-UA World Cyber Cup (UA) (2x5 mins),Galikooo x Sxitted,Galikooo,Hungary,Sxitted,Panama,08/09/2026,16:38:07,Total de Gols,Under,6.5,,,,,2.02,0-0,4-2,Green,1.02,17634050
,CLA-UA World Cyber Cup (UA) (2x5 mins),Galikooo x Sxitted,Galikooo,Hungary,Sxitted,Panama,08/09/2026,16:39:43,Total de Gols,Under,5.5,,,,,2.07,0-0,4-2,Red,-1.0,17634050
,CLA-UA World Cyber Cup (UA) (2x5 mins),Galikooo x Sxitted,Galikooo,Hungary,Sxitted,Panama,08/09/2026,16:43:46,Total de Gols,Under,6.5,,,,,1.95,3-0,4-2,Green,0.95,17634050
,CLA-UA World Cyber Cup (UA) (2x5 mins),Galikooo x Sxitted,Galikooo,Hungary,Sxitted,Panama,08/09/2026,16:44:16,Total de Gols,Under,7.5,,,,,1.87,3-1,4-2,Green,0.87,17634050
, CLA-UA Italy Cyber Cup (UA) (2x5 mins),kozak x Xellark,kozak,Roma,Xellark,Inter,08/09/2026,16:38:13,Total de Gols,Under,9.5,,,,,1.96,0-0,8-6,Red,-1.0,17634201
, CLA-UA Italy Cyber Cup (UA) (2x5 mins),kozak x Xellark,kozak,Roma,Xellark,Inter,08/09/2026,16:39:01,Total de Gols,Under,10.5,,,,,1.73,0-0,8-6,Red,-1.0,17634201
, CLA-UA Italy Cyber Cup (UA) (2x5 mins),kozak x Xellark,kozak,Roma,Xellark,Inter,08/09/2026,16:39:56,Total de Gols,Under,11.5,,,,,1.86,1-1,8-6,Red,-1.0,17634201
, CLA-UA Italy Cyber Cup (UA) (2x5 mins),kozak x Xellark,kozak,Roma,Xellark,Inter,08/09/2026,16:40:14,Total de Gols,Under,12.5,,,,,1.65,2-2,8-6,Red,-1.0,17634201
, CLA-UA Italy Cyber Cup (UA) (2x5 mins),kozak x Xellark,kozak,Roma,Xellark,Inter,08/09/2026,16:42:24,Total de Gols,Under,13.5,,,,,1.72,4-2,8-6,Red,-1.0,17634201
, CLA-UA Italy Cyber Cup (UA) (2x5 mins),kozak x Xellark,kozak,Roma,Xellark,Inter,08/09/2026,16:47:37,Total de Gols,Under,14.5,,,,,1.44,7-5,8-6,Green,0.44,17634201
,CLA-UA World Cyber Cup (UA) (2x5 mins),luxiqq x BiBiB,luxiqq,Croatia,BiBiB,England,08/09/2026,16:37:24,Total de Gols,Under,6.5,,,,,2.01,0-0,4-8,Red,-1.0,17634049
,CLA-UA World Cyber Cup (UA) (2x5 mins),luxiqq x BiBiB,luxiqq,Croatia,BiBiB,England,08/09/2026,16:38:49,Total de Gols,Under,7.5,,,,,1.84,0-0,4-8,Red,-1.0,17634049
,CLA-UA World Cyber Cup (UA) (2x5 mins),luxiqq x BiBiB,luxiqq,Croatia,BiBiB,England,08/09/2026,16:39:40,Total de Gols,Under,8.5,,,,,1.63,0-1,4-8,Red,-1.0,17634049
,CLA-UA World Cyber Cup (UA) (2x5 mins),luxiqq x BiBiB,luxiqq,Croatia,BiBiB,England,08/09/2026,16:46:48,Total de Gols,Under,9.5,,,,,1.52,0-6,4-8,Red,-1.0,17634049
,CLA-UA World Cyber Cup (UA) (2x5 mins),luxiqq x BiBiB,luxiqq,Croatia,BiBiB,England,08/09/2026,16:47:47,Total de Gols,Under,10.5,,,,,1.86,2-6,4-8,Red,-1.0,17634049
,CLA-UA World Cyber Cup (UA) (2x5 mins),luxiqq x BiBiB,luxiqq,Croatia,BiBiB,England,08/09/2026,16:48:50,Total de Gols,Under,11.5,,,,,2.17,3-7,4-8,Red,-1.0,17634049
, CLA-UA Italy Cyber Cup (UA) (2x5 mins),Hetman x shatik666,Hetman,Torino,shatik666,Milan,08/09/2026,16:52:12,Total de Gols,Under,8.5,,,,,1.98,0-0,8-1,Red,-1.0,17634065
, CLA-UA Italy Cyber Cup (UA) (2x5 mins),Hetman x shatik666,Hetman,Torino,shatik666,Milan,08/09/2026,16:52:38,Total de Gols,Under,9.5,,,,,1.81,0-0,8-1,Green,0.81,17634065
, CLA-UA Italy Cyber Cup (UA) (2x5 mins),Hetman x shatik666,Hetman,Torino,shatik666,Milan,08/09/2026,16:54:27,Total de Gols,Under,10.5,,,,,1.69,2-0,8-1,Green,0.69,17634065
, CLA-UA Spain Cyber Cup (UA) (2x5 mins),Forzyar x simaha,Forzyar,Espanyol,simaha,Real Madrid,08/09/2026,16:52:17,Total de Gols,Under,6.5,,,,,2.01,0-0,4-2,Green,1.01,17634028
, CLA-UA Spain Cyber Cup (UA) (2x5 mins),Forzyar x simaha,Forzyar,Espanyol,simaha,Real Madrid,08/09/2026,16:53:09,Total de Gols,Under,7.5,,,,,1.72,0-0,4-2,Green,0.72,17634028
, CLA-UA Spain Cyber Cup (UA) (2x5 mins),Forzyar x simaha,Forzyar,Espanyol,simaha,Real Madrid,08/09/2026,16:54:43,Total de Gols,Under,8.5,,,,,1.62,1-1,4-2,Green,0.62,17634028
, CLA-UA Spain Cyber Cup (UA) (2x5 mins),Forzyar x simaha,Forzyar,Espanyol,simaha,Real Madrid,08/09/2026,16:56:30,Total de Gols,Under,9.5,,,,,1.66,3-1,4-2,Green,0.66,17634028
, CLA-UA Spain Cyber Cup (UA) (2x5 mins),Forzyar x simaha,Forzyar,Espanyol,simaha,Real Madrid,08/09/2026,17:02:11,Total de Gols,Under,5.5,,,,,2.56,4-1,4-2,Red,-1.0,17634028
, CLA-UA Italy Cyber Cup (UA) (2x5 mins),Xellark x shatik666,Xellark,Inter,shatik666,Milan,08/09/2026,17:06:13,Total de Gols,Under,8.5,,,,,1.97,0-0,4-4,Green,0.97,17634067
, CLA-UA Italy Cyber Cup (UA) (2x5 mins),Xellark x shatik666,Xellark,Inter,shatik666,Milan,08/09/2026,17:07:22,Total de Gols,Under,7.5,,,,,2.03,0-0,4-4,Red,-1.0,17634067
, CLA-UA Italy Cyber Cup (UA) (2x5 mins),Xellark x shatik666,Xellark,Inter,shatik666,Milan,08/09/2026,17:08:27,Total de Gols,Under,6.5,,,,,1.92,0-0,4-4,Red,-1.0,17634067
, CLA-UA Italy Cyber Cup (UA) (2x5 mins),fillanchik x Sxitted,fillanchik,Inter,Sxitted,Milan,08/09/2026,17:28:51,Total de Gols,Under,7.5,,,,,1.65,0-0,3-2,Green,0.65,17634069
, CLA-UA Italy Cyber Cup (UA) (2x5 mins),fillanchik x Sxitted,fillanchik,Inter,Sxitted,Milan,08/09/2026,17:31:30,Total de Gols,Under,6.5,,,,,2.03,0-0,3-2,Green,1.03,17634069
, CLA-UA Italy Cyber Cup (UA) (2x5 mins),fillanchik x Sxitted,fillanchik,Inter,Sxitted,Milan,08/09/2026,17:32:53,Total de Gols,Under,5.5,,,,,2.07,0-0,3-2,Green,1.07,17634069
, CLA-UA Italy Cyber Cup (UA) (2x5 mins),fillanchik x Sxitted,fillanchik,Inter,Sxitted,Milan,08/09/2026,17:40:00,Total de Gols,Under,4.5,,,,,2.36,2-1,3-2,Red,-1.0,17634069
, CLA-UA Italy Cyber Cup (UA) (2x5 mins),Galikooo x luxiqq,Galikooo,Udinese,luxiqq,Torino,08/09/2026,17:30:08,Total de Gols,Under,7.5,,,,,1.88,0-0,5-3,Red,-1.0,17634070
, CLA-UA Italy Cyber Cup (UA) (2x5 mins),Galikooo x luxiqq,Galikooo,Udinese,luxiqq,Torino,08/09/2026,17:32:46,Total de Gols,Under,6.5,,,,,2.03,0-0,5-3,Red,-1.0,17634070
, CLA-UA Italy Cyber Cup (UA) (2x5 mins),Galikooo x luxiqq,Galikooo,Udinese,luxiqq,Torino,08/09/2026,17:37:00,Total de Gols,Under,8.5,,,,,1.65,2-1,5-3,Green,0.65,17634070
, CLA-UA Champions Cyber League (UA) (2x5 mins),Forzyar x rain,Forzyar,Arsenal,rain,Inter,08/09/2026,17:44:27,Total de Gols,Under,8.5,,,,,1.7,0-0,2-3,Green,0.7,17634122
, CLA-UA Champions Cyber League (UA) (2x5 mins),Forzyar x rain,Forzyar,Arsenal,rain,Inter,08/09/2026,17:44:58,Total de Gols,Under,7.5,,,,,1.98,0-0,2-3,Green,0.98,17634122
, CLA-UA Champions Cyber League (UA) (2x5 mins),Forzyar x rain,Forzyar,Arsenal,rain,Inter,08/09/2026,17:45:36,Total de Gols,Under,6.5,,,,,2.06,0-0,2-3,Green,1.06,17634122
, CLA-UA Champions Cyber League (UA) (2x5 mins),Forzyar x rain,Forzyar,Arsenal,rain,Inter,08/09/2026,17:47:40,Total de Gols,Under,5.5,,,,,2.12,1-0,2-3,Green,1.12,17634122
, CLA-UA Champions Cyber League (UA) (2x5 mins),Forzyar x rain,Forzyar,Arsenal,rain,Inter,08/09/2026,17:48:57,Total de Gols,Under,4.5,,,,,2.22,1-0,2-3,Red,-1.0,17634122
,CLA-UA World Cyber Cup (UA) (2x5 mins),Hetman x kozak,Hetman,Netherlands,kozak,Hungary,08/09/2026,17:44:13,Total de Gols,Under,10.5,,,,,1.69,0-0,5-6,Red,-1.0,17634103
,CLA-UA World Cyber Cup (UA) (2x5 mins),Hetman x kozak,Hetman,Netherlands,kozak,Hungary,08/09/2026,17:44:27,Total de Gols,Under,9.5,,,,,2.03,0-0,5-6,Red,-1.0,17634103
,CLA-UA World Cyber Cup (UA) (2x5 mins),Hetman x kozak,Hetman,Netherlands,kozak,Hungary,08/09/2026,17:45:11,Total de Gols,Under,11.5,,,,,1.77,1-0,5-6,Green,0.77,17634103
,CLA-UA World Cyber Cup (UA) (2x5 mins),Hetman x kozak,Hetman,Netherlands,kozak,Hungary,08/09/2026,17:47:33,Total de Gols,Under,12.5,,,,,1.71,1-3,5-6,Green,0.71,17634103
, CLA-UA Italy Cyber Cup (UA) (2x5 mins),BiBiB x Sxitted,BiBiB,Napoli,Sxitted,Milan,08/09/2026,17:43:48,Total de Gols,Under,5.5,,,,,1.89,0-0,4-4,Red,-1.0,17634071
, CLA-UA Italy Cyber Cup (UA) (2x5 mins),BiBiB x Sxitted,BiBiB,Napoli,Sxitted,Milan,08/09/2026,17:47:53,Total de Gols,Under,4.5,,,,,2.21,0-1,4-4,Red,-1.0,17634071
, CLA-UA Italy Cyber Cup (UA) (2x5 mins),BiBiB x Sxitted,BiBiB,Napoli,Sxitted,Milan,08/09/2026,17:50:01,Total de Gols,Under,6.5,,,,,1.56,1-1,4-4,Red,-1.0,17634071
, CLA-UA Italy Cyber Cup (UA) (2x5 mins),BiBiB x Sxitted,BiBiB,Napoli,Sxitted,Milan,08/09/2026,17:53:39,Total de Gols,Under,7.5,,,,,1.62,3-2,4-4,Red,-1.0,17634071
, CLA-UA Champions Cyber League (UA) (2x5 mins),d1z x simaha,d1z,Manchester United,simaha,Borussia Dortmund,08/09/2026,17:58:13,Total de Gols,Under,6.5,,,,,1.95,0-0,5-2,Red,-1.0,17634123
,CLA-UA World Cyber Cup (UA) (2x5 mins),Xellark x kozak,Xellark,Sweden,kozak,Hungary,08/09/2026,17:58:13,Total de Gols,Under,9.5,,,,,1.97,0-0,2-5,Green,0.97,17634105
,CLA-UA World Cyber Cup (UA) (2x5 mins),Xellark x kozak,Xellark,Sweden,kozak,Hungary,08/09/2026,17:59:08,Total de Gols,Under,10.5,,,,,1.73,0-0,2-5,Green,0.73,17634105
, CLA-UA Champions Cyber League (UA) (2x5 mins),d1z x simaha,d1z,Manchester United,simaha,Borussia Dortmund,08/09/2026,17:59:23,Total de Gols,Under,7.5,,,,,1.69,0-0,5-2,Green,0.69,17634123
,CLA-UA World Cyber Cup (UA) (2x5 mins),Xellark x kozak,Xellark,Sweden,kozak,Hungary,08/09/2026,18:01:33,Total de Gols,Under,8.5,,,,,2.07,1-1,2-5,Green,1.07,17634105
, CLA-UA Champions Cyber League (UA) (2x5 mins),d1z x simaha,d1z,Manchester United,simaha,Borussia Dortmund,08/09/2026,18:02:16,Total de Gols,Under,8.5,,,,,1.81,3-0,5-2,Green,0.81,17634123
,CLA-UA World Cyber Cup (UA) (2x5 mins),Xellark x kozak,Xellark,Sweden,kozak,Hungary,08/09/2026,18:02:20,Total de Gols,Under,7.5,,,,,2.07,1-1,2-5,Green,1.07,17634105
, CLA-UA Champions Cyber League (UA) (2x5 mins),Stafford x rain,Stafford,Sevilla,rain,Inter,08/09/2026,17:58:13,Total de Gols,Under,7.5,,,,,1.74,0-0,7-4,Red,-1.0,17634124
, CLA-UA Champions Cyber League (UA) (2x5 mins),Stafford x rain,Stafford,Sevilla,rain,Inter,08/09/2026,17:58:53,Total de Gols,Under,6.5,,,,,2.07,0-0,7-4,Red,-1.0,17634124
, CLA-UA Champions Cyber League (UA) (2x5 mins),Stafford x rain,Stafford,Sevilla,rain,Inter,08/09/2026,18:00:06,Total de Gols,Under,5.5,,,,,2.11,0-0,7-4,Red,-1.0,17634124
, CLA-UA Champions Cyber League (UA) (2x5 mins),Stafford x rain,Stafford,Sevilla,rain,Inter,08/09/2026,18:01:58,Total de Gols,Under,8.5,,,,,1.84,2-1,7-4,Red,-1.0,17634124
, CLA-UA Champions Cyber League (UA) (2x5 mins),Stafford x rain,Stafford,Sevilla,rain,Inter,08/09/2026,18:02:30,Total de Gols,Under,9.5,,,,,1.68,2-2,7-4,Red,-1.0,17634124
, CLA-UA Champions Cyber League (UA) (2x5 mins),Stafford x rain,Stafford,Sevilla,rain,Inter,08/09/2026,18:06:52,Total de Gols,Under,10.5,,,,,2.01,5-3,7-4,Red,-1.0,17634124
, CLA-UA Champions Cyber League (UA) (2x5 mins),Stafford x rain,Stafford,Sevilla,rain,Inter,08/09/2026,18:07:19,Total de Gols,Under,11.5,,,,,1.61,5-4,7-4,Green,0.61,17634124
, CLA-UA Italy Cyber Cup (UA) (2x5 mins),Sxitted x Galikooo,Sxitted,Milan,Galikooo,Udinese,08/09/2026,17:58:31,Total de Gols,Under,6.5,,,,,1.91,0-0,3-4,Red,-1.0,17634084
, CLA-UA Italy Cyber Cup (UA) (2x5 mins),Sxitted x Galikooo,Sxitted,Milan,Galikooo,Udinese,08/09/2026,18:00:15,Total de Gols,Under,5.5,,,,,2.11,0-0,3-4,Red,-1.0,17634084
, CLA-UA Italy Cyber Cup (UA) (2x5 mins),Sxitted x Galikooo,Sxitted,Milan,Galikooo,Udinese,08/09/2026,18:05:00,Total de Gols,Under,7.5,,,,,1.68,1-2,3-4,Green,0.68,17634084
, CLA-UA Champions Cyber League (UA) (2x5 mins),simaha x Forzyar,simaha,Borussia Dortmund,Forzyar,Arsenal,08/09/2026,18:12:11,Total de Gols,Under,7.5,,,,,1.74,0-0,3-9,Red,-1.0,17634126
, CLA-UA Champions Cyber League (UA) (2x5 mins),simaha x Forzyar,simaha,Borussia Dortmund,Forzyar,Arsenal,08/09/2026,18:12:40,Total de Gols,Under,8.5,,,,,1.65,0-0,3-9,Red,-1.0,17634126
, CLA-UA Champions Cyber League (UA) (2x5 mins),simaha x Forzyar,simaha,Borussia Dortmund,Forzyar,Arsenal,08/09/2026,18:13:47,Total de Gols,Under,9.5,,,,,1.73,0-2,3-9,Red,-1.0,17634126
, CLA-UA Champions Cyber League (UA) (2x5 mins),simaha x Forzyar,simaha,Borussia Dortmund,Forzyar,Arsenal,08/09/2026,18:14:15,Total de Gols,Under,10.5,,,,,1.92,0-3,3-9,Red,-1.0,17634126
, CLA-UA Champions Cyber League (UA) (2x5 mins),simaha x Forzyar,simaha,Borussia Dortmund,Forzyar,Arsenal,08/09/2026,18:16:14,Total de Gols,Under,11.5,,,,,1.85,1-4,3-9,Red,-1.0,17634126
, CLA-UA Champions Cyber League (UA) (2x5 mins),simaha x Forzyar,simaha,Borussia Dortmund,Forzyar,Arsenal,08/09/2026,18:16:35,Total de Gols,Under,12.5,,,,,1.68,1-5,3-9,Green,0.68,17634126
, CLA-UA Champions Cyber League (UA) (2x5 mins),simaha x Forzyar,simaha,Borussia Dortmund,Forzyar,Arsenal,08/09/2026,18:16:58,Total de Gols,Under,13.5,,,,,1.61,2-5,3-9,Green,0.61,17634126
, CLA-UA Champions Cyber League (UA) (2x5 mins),simaha x Forzyar,simaha,Borussia Dortmund,Forzyar,Arsenal,08/09/2026,18:18:21,Total de Gols,Under,14.5,,,,,1.97,3-6,3-9,Green,0.97,17634126
, CLA-UA Italy Cyber Cup (UA) (2x5 mins),BiBiB x Galikooo,BiBiB,Napoli,Galikooo,Udinese,08/09/2026,18:11:48,Total de Gols,Under,6.5,,,,,1.91,0-0,3-7,Red,-1.0,17634085
, CLA-UA Italy Cyber Cup (UA) (2x5 mins),BiBiB x Galikooo,BiBiB,Napoli,Galikooo,Udinese,08/09/2026,18:13:30,Total de Gols,Under,7.5,,,,,1.59,0-0,3-7,Red,-1.0,17634085
, CLA-UA Italy Cyber Cup (UA) (2x5 mins),BiBiB x Galikooo,BiBiB,Napoli,Galikooo,Udinese,08/09/2026,18:16:47,Total de Gols,Under,8.5,,,,,2.01,1-3,3-7,Red,-1.0,17634085
, CLA-UA Italy Cyber Cup (UA) (2x5 mins),BiBiB x Galikooo,BiBiB,Napoli,Galikooo,Udinese,08/09/2026,18:19:51,Total de Gols,Under,9.5,,,,,1.75,2-4,3-7,Red,-1.0,17634085
, CLA-UA Italy Cyber Cup (UA) (2x5 mins),BiBiB x Galikooo,BiBiB,Napoli,Galikooo,Udinese,08/09/2026,18:21:40,Total de Gols,Under,10.5,,,,,1.69,3-5,3-7,Green,0.69,17634085
,CLA-UA World Cyber Cup (UA) (2x5 mins),shatik666 x Xellark,shatik666,Japan,Xellark,Sweden,08/09/2026,18:26:08,Total de Gols,Under,9.5,,,,,1.75,0-0,3-5,Green,0.75,17634109
,CLA-UA World Cyber Cup (UA) (2x5 mins),shatik666 x Xellark,shatik666,Japan,Xellark,Sweden,08/09/2026,18:26:41,Total de Gols,Under,8.5,,,,,2.03,0-0,3-5,Green,1.03,17634109
,CLA-UA World Cyber Cup (UA) (2x5 mins),shatik666 x Xellark,shatik666,Japan,Xellark,Sweden,08/09/2026,18:27:45,Total de Gols,Under,10.5,,,,,1.65,1-0,3-5,Green,0.65,17634109
,CLA-UA World Cyber Cup (UA) (2x5 mins),shatik666 x Xellark,shatik666,Japan,Xellark,Sweden,08/09/2026,18:36:06,Total de Gols,Under,7.5,,,,,3.15,3-4,3-5,Red,-1.0,17634109
, CLA-UA Champions Cyber League (UA) (2x5 mins),d1z x Forzyar,d1z,Manchester United,Forzyar,Arsenal,08/09/2026,18:26:15,Total de Gols,Under,7.5,,,,,1.65,0-0,3-2,Green,0.65,17634127
, CLA-UA Champions Cyber League (UA) (2x5 mins),d1z x Forzyar,d1z,Manchester United,Forzyar,Arsenal,08/09/2026,18:26:35,Total de Gols,Under,8.5,,,,,1.61,0-0,3-2,Green,0.61,17634127
, CLA-UA Champions Cyber League (UA) (2x5 mins),d1z x Forzyar,d1z,Manchester United,Forzyar,Arsenal,08/09/2026,18:34:31,Total de Gols,Under,6.5,,,,,2.36,3-2,3-2,Green,1.36,17634127
, CLA-UA Champions Cyber League (UA) (2x5 mins),d1z x Forzyar,d1z,Manchester United,Forzyar,Arsenal,08/09/2026,18:36:11,Total de Gols,Under,5.5,,,,,2.55,3-2,3-2,Green,1.55,17634127
, CLA-UA Italy Cyber Cup (UA) (2x5 mins),luxiqq x Galikooo,luxiqq,Torino,Galikooo,Udinese,08/09/2026,18:40:12,Total de Gols,Under,7.5,,,,,1.88,0-0,2-7,Red,-1.0,17634090
, CLA-UA Italy Cyber Cup (UA) (2x5 mins),luxiqq x Galikooo,luxiqq,Torino,Galikooo,Udinese,08/09/2026,18:41:00,Total de Gols,Under,8.5,,,,,1.68,0-0,2-7,Red,-1.0,17634090
, CLA-UA Italy Cyber Cup (UA) (2x5 mins),luxiqq x Galikooo,luxiqq,Torino,Galikooo,Udinese,08/09/2026,18:43:55,Total de Gols,Under,9.5,,,,,1.76,0-3,2-7,Green,0.76,17634090
, CLA-UA Italy Cyber Cup (UA) (2x5 mins),luxiqq x Galikooo,luxiqq,Torino,Galikooo,Udinese,08/09/2026,18:44:16,Total de Gols,Under,10.5,,,,,1.66,0-4,2-7,Green,0.66,17634090
, CLA-UA Champions Cyber League (UA) (2x5 mins),simaha x rain,simaha,Borussia Dortmund,rain,Inter,08/09/2026,18:40:16,Total de Gols,Under,7.5,,,,,1.74,0-0,1-6,Green,0.74,17634130
,CLA-UA World Cyber Cup (UA) (2x5 mins),Xellark x Hetman,Xellark,Sweden,Hetman,Netherlands,08/09/2026,18:40:24,Total de Gols,Under,7.5,,,,,1.78,0-0,6-3,Red,-1.0,17634110
,CLA-UA World Cyber Cup (UA) (2x5 mins),Xellark x Hetman,Xellark,Sweden,Hetman,Netherlands,08/09/2026,18:40:33,Total de Gols,Under,8.5,,,,,1.74,0-0,6-3,Red,-1.0,17634110
, CLA-UA Champions Cyber League (UA) (2x5 mins),simaha x rain,simaha,Borussia Dortmund,rain,Inter,08/09/2026,18:40:48,Total de Gols,Under,6.5,,,,,1.84,0-0,1-6,Red,-1.0,17634130
, CLA-UA Champions Cyber League (UA) (2x5 mins),simaha x rain,simaha,Borussia Dortmund,rain,Inter,08/09/2026,18:41:04,Total de Gols,Under,5.5,,,,,2.03,0-0,1-6,Red,-1.0,17634130
, CLA-UA Champions Cyber League (UA) (2x5 mins),simaha x rain,simaha,Borussia Dortmund,rain,Inter,08/09/2026,18:41:57,Total de Gols,Under,4.5,,,,,2.16,0-0,1-6,Red,-1.0,17634130
,CLA-UA World Cyber Cup (UA) (2x5 mins),Xellark x Hetman,Xellark,Sweden,Hetman,Netherlands,08/09/2026,18:42:31,Total de Gols,Under,6.5,,,,,2.03,1-0,6-3,Red,-1.0,17634110
, CLA-UA Champions Cyber League (UA) (2x5 mins),simaha x rain,simaha,Borussia Dortmund,rain,Inter,08/09/2026,18:44:51,Total de Gols,Under,3.5,,,,,2.12,1-0,1-6,Red,-1.0,17634130
,CLA-UA World Cyber Cup (UA) (2x5 mins),Xellark x Hetman,Xellark,Sweden,Hetman,Netherlands,08/09/2026,18:45:07,Total de Gols,Under,5.5,,,,,2.11,2-0,6-3,Red,-1.0,17634110
, CLA-UA Champions Cyber League (UA) (2x5 mins),Stafford x d1z,Stafford,Sevilla,d1z,Manchester United,08/09/2026,18:54:30,Total de Gols,Under,7.5,,,,,1.83,0-0,1-6,Green,0.83,17634131
, CLA-UA Champions Cyber League (UA) (2x5 mins),Stafford x d1z,Stafford,Sevilla,d1z,Manchester United,08/09/2026,18:55:34,Total de Gols,Under,6.5,,,,,2.08,0-0,1-6,Red,-1.0,17634131
, CLA-UA Champions Cyber League (UA) (2x5 mins),Stafford x d1z,Stafford,Sevilla,d1z,Manchester United,08/09/2026,18:57:18,Total de Gols,Under,8.5,,,,,1.71,0-1,1-6,Green,0.71,17634131
, CLA-UA Champions Cyber League (UA) (2x5 mins),Stafford x d1z,Stafford,Sevilla,d1z,Manchester United,08/09/2026,18:58:33,Total de Gols,Under,9.5,,,,,1.7,0-3,1-6,Green,0.7,17634131
,CLA-UA World Cyber Cup (UA) (2x5 mins),kozak x Hetman,kozak,Hungary,Hetman,Netherlands,08/09/2026,18:54:15,Total de Gols,Under,10.5,,,,,1.65,0-0,6-4,Green,0.65,17634113
,CLA-UA World Cyber Cup (UA) (2x5 mins),kozak x Hetman,kozak,Hungary,Hetman,Netherlands,08/09/2026,18:54:26,Total de Gols,Under,9.5,,,,,1.98,0-0,6-4,Red,-1.0,17634113
,CLA-UA World Cyber Cup (UA) (2x5 mins),kozak x Hetman,kozak,Hungary,Hetman,Netherlands,08/09/2026,18:54:59,Total de Gols,Under,11.5,,,,,1.78,1-0,6-4,Green,0.78,17634113
,CLA-UA World Cyber Cup (UA) (2x5 mins),kozak x Hetman,kozak,Hungary,Hetman,Netherlands,08/09/2026,18:55:17,Total de Gols,Under,12.5,,,,,1.69,1-1,6-4,Green,0.69,17634113
, CLA-UA Champions Cyber League (UA) (2x5 mins),rain x Forzyar,rain,Inter,Forzyar,Arsenal,08/09/2026,18:54:19,Total de Gols,Under,8.5,,,,,1.76,0-0,4-5,Red,-1.0,17634132
, CLA-UA Champions Cyber League (UA) (2x5 mins),rain x Forzyar,rain,Inter,Forzyar,Arsenal,08/09/2026,18:54:38,Total de Gols,Under,7.5,,,,,1.92,0-0,4-5,Red,-1.0,17634132
, CLA-UA Champions Cyber League (UA) (2x5 mins),rain x Forzyar,rain,Inter,Forzyar,Arsenal,08/09/2026,18:56:25,Total de Gols,Under,9.5,,,,,1.72,0-2,4-5,Green,0.72,17634132
,CLA-UA World Cyber Cup (UA) (2x5 mins),kozak x Xellark,kozak,Hungary,Xellark,Sweden,08/09/2026,19:08:19,Total de Gols,Under,9.5,,,,,1.94,0-0,9-4,Red,-1.0,17634115
,CLA-UA World Cyber Cup (UA) (2x5 mins),kozak x Xellark,kozak,Hungary,Xellark,Sweden,08/09/2026,19:08:42,Total de Gols,Under,10.5,,,,,1.78,0-0,9-4,Red,-1.0,17634115
,CLA-UA World Cyber Cup (UA) (2x5 mins),kozak x Xellark,kozak,Hungary,Xellark,Sweden,08/09/2026,19:09:46,Total de Gols,Under,11.5,,,,,1.86,1-1,9-4,Red,-1.0,17634115
,CLA-UA World Cyber Cup (UA) (2x5 mins),kozak x Xellark,kozak,Hungary,Xellark,Sweden,08/09/2026,19:12:03,Total de Gols,Under,12.5,,,,,1.87,3-2,9-4,Red,-1.0,17634115
,CLA-UA World Cyber Cup (UA) (2x5 mins),kozak x Xellark,kozak,Hungary,Xellark,Sweden,08/09/2026,19:13:34,Total de Gols,Under,13.5,,,,,1.71,4-3,9-4,Green,0.71,17634115
, CLA-UA Italy Cyber Cup (UA) (2x5 mins),luxiqq x BiBiB,luxiqq,Torino,BiBiB,Napoli,08/09/2026,19:07:53,Total de Gols,Under,7.5,,,,,1.78,0-0,5-4,Red,-1.0,17634093
, CLA-UA Italy Cyber Cup (UA) (2x5 mins),luxiqq x BiBiB,luxiqq,Torino,BiBiB,Napoli,08/09/2026,19:08:44,Total de Gols,Under,6.5,,,,,1.75,0-0,5-4,Red,-1.0,17634093
, CLA-UA Italy Cyber Cup (UA) (2x5 mins),luxiqq x BiBiB,luxiqq,Torino,BiBiB,Napoli,08/09/2026,19:10:02,Total de Gols,Under,8.5,,,,,1.86,0-1,5-4,Red,-1.0,17634093
, CLA-UA Italy Cyber Cup (UA) (2x5 mins),luxiqq x BiBiB,luxiqq,Torino,BiBiB,Napoli,08/09/2026,19:10:24,Total de Gols,Under,9.5,,,,,1.68,1-1,5-4,Green,0.68,17634093
, CLA-UA Italy Cyber Cup (UA) (2x5 mins),luxiqq x BiBiB,luxiqq,Torino,BiBiB,Napoli,08/09/2026,19:11:30,Total de Gols,Under,10.5,,,,,1.72,2-2,5-4,Green,0.72,17634093
, CLA-UA Champions Cyber League (UA) (2x5 mins),Forzyar x simaha,Forzyar,Arsenal,simaha,Borussia Dortmund,08/09/2026,19:22:19,Total de Gols,Under,6.5,,,,,2.02,0-0,5-4,Red,-1.0,17634137
, CLA-UA Champions Cyber League (UA) (2x5 mins),Forzyar x simaha,Forzyar,Arsenal,simaha,Borussia Dortmund,08/09/2026,19:23:49,Total de Gols,Under,5.5,,,,,2.11,0-0,5-4,Red,-1.0,17634137
, CLA-UA Champions Cyber League (UA) (2x5 mins),Forzyar x simaha,Forzyar,Arsenal,simaha,Borussia Dortmund,08/09/2026,19:24:01,Total de Gols,Under,7.5,,,,,1.62,0-0,5-4,Red,-1.0,17634137
, CLA-UA Champions Cyber League (UA) (2x5 mins),Forzyar x simaha,Forzyar,Arsenal,simaha,Borussia Dortmund,08/09/2026,19:29:02,Total de Gols,Under,8.5,,,,,1.7,2-2,5-4,Red,-1.0,17634137
, CLA-UA Champions Cyber League (UA) (2x5 mins),Forzyar x simaha,Forzyar,Arsenal,simaha,Borussia Dortmund,08/09/2026,19:29:56,Total de Gols,Under,9.5,,,,,1.97,3-3,5-4,Green,0.97,17634137
,CLA-UA World Cyber Cup (UA) (2x5 mins),kozak x Bucha,kozak,Hungary,Bucha,Tunisia,08/09/2026,19:22:11,Total de Gols,Under,8.5,,,,,2.03,0-0,8-6,Red,-1.0,17634116
,CLA-UA World Cyber Cup (UA) (2x5 mins),Hetman x shatik666,Hetman,Netherlands,shatik666,Japan,08/09/2026,19:22:19,Total de Gols,Under,9.5,,,,,1.91,0-0,6-3,Green,0.91,17634117
,CLA-UA World Cyber Cup (UA) (2x5 mins),kozak x Bucha,kozak,Hungary,Bucha,Tunisia,08/09/2026,19:23:00,Total de Gols,Under,9.5,,,,,1.79,0-0,8-6,Red,-1.0,17634116
,CLA-UA World Cyber Cup (UA) (2x5 mins),Hetman x shatik666,Hetman,Netherlands,shatik666,Japan,08/09/2026,19:23:06,Total de Gols,Under,8.5,,,,,2.07,0-0,6-3,Red,-1.0,17634117
,CLA-UA World Cyber Cup (UA) (2x5 mins),kozak x Bucha,kozak,Hungary,Bucha,Tunisia,08/09/2026,19:23:17,Total de Gols,Under,10.5,,,,,1.65,0-1,8-6,Red,-1.0,17634116
,CLA-UA World Cyber Cup (UA) (2x5 mins),Hetman x shatik666,Hetman,Netherlands,shatik666,Japan,08/09/2026,19:23:53,Total de Gols,Under,10.5,,,,,1.76,1-0,6-3,Green,0.76,17634117
,CLA-UA World Cyber Cup (UA) (2x5 mins),Hetman x shatik666,Hetman,Netherlands,shatik666,Japan,08/09/2026,19:26:27,Total de Gols,Under,7.5,,,,,2.02,2-0,6-3,Red,-1.0,17634117
,CLA-UA World Cyber Cup (UA) (2x5 mins),Hetman x shatik666,Hetman,Netherlands,shatik666,Japan,08/09/2026,19:27:32,Total de Gols,Under,6.5,,,,,2.13,2-0,6-3,Red,-1.0,17634117
,CLA-UA World Cyber Cup (UA) (2x5 mins),kozak x Bucha,kozak,Hungary,Bucha,Tunisia,08/09/2026,19:30:00,Total de Gols,Under,11.5,,,,,1.59,4-3,8-6,Red,-1.0,17634116
,CLA-UA World Cyber Cup (UA) (2x5 mins),kozak x Bucha,kozak,Hungary,Bucha,Tunisia,08/09/2026,19:30:21,Total de Gols,Under,12.5,,,,,1.65,4-4,8-6,Red,-1.0,17634116
,CLA-UA World Cyber Cup (UA) (2x5 mins),kozak x Bucha,kozak,Hungary,Bucha,Tunisia,08/09/2026,19:32:12,Total de Gols,Under,13.5,,,,,1.54,7-4,8-6,Red,-1.0,17634116
,CLA-UA World Cyber Cup (UA) (2x5 mins),kozak x Bucha,kozak,Hungary,Bucha,Tunisia,08/09/2026,19:32:39,Total de Gols,Under,14.5,,,,,1.48,7-5,8-6,Green,0.48,17634116
,CLA-UA World Cyber Cup (UA) (2x5 mins),Xellark x shatik666,Xellark,Sweden,shatik666,Japan,08/09/2026,19:36:19,Total de Gols,Under,9.5,,,,,1.69,0-0,6-4,Red,-1.0,17634119
,CLA-UA World Cyber Cup (UA) (2x5 mins),Xellark x shatik666,Xellark,Sweden,shatik666,Japan,08/09/2026,19:36:59,Total de Gols,Under,10.5,,,,,1.85,0-1,6-4,Green,0.85,17634119
,CLA-UA World Cyber Cup (UA) (2x5 mins),Xellark x shatik666,Xellark,Sweden,shatik666,Japan,08/09/2026,19:37:29,Total de Gols,Under,11.5,,,,,1.65,1-1,6-4,Green,0.65,17634119
,CLA-UA World Cyber Cup (UA) (2x5 mins),Hetman x Bucha,Hetman,Netherlands,Bucha,Tunisia,08/09/2026,19:36:15,Total de Gols,Under,9.5,,,,,1.68,0-0,1-3,Green,0.68,17634118
,CLA-UA World Cyber Cup (UA) (2x5 mins),Hetman x Bucha,Hetman,Netherlands,Bucha,Tunisia,08/09/2026,19:36:21,Total de Gols,Under,8.5,,,,,2.07,0-0,1-3,Green,1.07,17634118
,CLA-UA World Cyber Cup (UA) (2x5 mins),Hetman x Bucha,Hetman,Netherlands,Bucha,Tunisia,08/09/2026,19:37:34,Total de Gols,Under,7.5,,,,,2.07,0-0,1-3,Green,1.07,17634118
,CLA-UA World Cyber Cup (UA) (2x5 mins),Hetman x Bucha,Hetman,Netherlands,Bucha,Tunisia,08/09/2026,19:38:48,Total de Gols,Under,6.5,,,,,2.07,0-0,1-3,Green,1.07,17634118
,CLA-UA World Cyber Cup (UA) (2x5 mins),Hetman x Bucha,Hetman,Netherlands,Bucha,Tunisia,08/09/2026,19:39:39,Total de Gols,Under,5.5,,,,,2.07,0-0,1-3,Green,1.07,17634118
,CLA-UA World Cyber Cup (UA) (2x5 mins),Hetman x Bucha,Hetman,Netherlands,Bucha,Tunisia,08/09/2026,19:40:39,Total de Gols,Under,4.5,,,,,2.03,0-0,1-3,Green,1.03,17634118
,CLA-UA World Cyber Cup (UA) (2x5 mins),Hetman x Bucha,Hetman,Netherlands,Bucha,Tunisia,08/09/2026,19:41:58,Total de Gols,Under,3.5,,,,,2.17,0-0,1-3,Red,-1.0,17634118
, CLA-UA Champions Cyber League (UA) (2x5 mins),Stafford x simaha,Stafford,Sevilla,simaha,Borussia Dortmund,08/09/2026,19:36:15,Total de Gols,Under,7.5,,,,,1.74,0-0,5-0,Green,0.74,17634138
, CLA-UA Champions Cyber League (UA) (2x5 mins),Stafford x simaha,Stafford,Sevilla,simaha,Borussia Dortmund,08/09/2026,19:36:51,Total de Gols,Under,6.5,,,,,2.08,0-0,5-0,Green,1.08,17634138
, CLA-UA Champions Cyber League (UA) (2x5 mins),Stafford x simaha,Stafford,Sevilla,simaha,Borussia Dortmund,08/09/2026,19:39:41,Total de Gols,Under,5.5,,,,,2.07,1-0,5-0,Green,1.07,17634138
, CLA-UA Champions Cyber League (UA) (2x5 mins),Stafford x simaha,Stafford,Sevilla,simaha,Borussia Dortmund,08/09/2026,19:42:13,Total de Gols,Under,4.5,,,,,2.27,2-0,5-0,Red,-1.0,17634138
,CLA-UA Argentina Cyber Cup (UA) (2x5 mins),FanFan x Voron,FanFan,Racing Club,Voron,Boca Juniors,08/09/2026,19:59:09,Total de Gols,Under,8.5,,,,,1.63,0-0,1-5,Green,0.63,17634140
,CLA-UA Argentina Cyber Cup (UA) (2x5 mins),FanFan x Voron,FanFan,Racing Club,Voron,Boca Juniors,08/09/2026,19:59:46,Total de Gols,Under,7.5,,,,,1.98,0-0,1-5,Green,0.98,17634140
,CLA-UA Argentina Cyber Cup (UA) (2x5 mins),FanFan x Voron,FanFan,Racing Club,Voron,Boca Juniors,08/09/2026,20:05:53,Total de Gols,Under,6.5,,,,,2.12,0-2,1-5,Green,1.12,17634140
,CLA-UA Argentina Cyber Cup (UA) (2x5 mins),FanFan x Galikooo,FanFan,Racing Club,Galikooo,River Plate,08/09/2026,20:14:06,Total de Gols,Under,7.5,,,,,1.79,0-0,2-3,Green,0.79,17634144
,CLA-UA Argentina Cyber Cup (UA) (2x5 mins),FanFan x Galikooo,FanFan,Racing Club,Galikooo,River Plate,08/09/2026,20:15:52,Total de Gols,Under,6.5,,,,,2.07,0-0,2-3,Green,1.07,17634144
,CLA-UA Argentina Cyber Cup (UA) (2x5 mins),FanFan x Galikooo,FanFan,Racing Club,Galikooo,River Plate,08/09/2026,20:20:06,Total de Gols,Under,5.5,,,,,2.16,0-2,2-3,Green,1.16,17634144
,CLA-UA Argentina Cyber Cup (UA) (2x5 mins),FanFan x Galikooo,FanFan,Racing Club,Galikooo,River Plate,08/09/2026,20:24:02,Total de Gols,Under,4.5,,,,,2.94,2-2,2-3,Red,-1.0,17634144
,CLA-UA Argentina Cyber Cup (UA) (2x5 mins),drksd3 x Galikooo,drksd3,Independiente,Galikooo,River Plate,08/09/2026,20:41:42,Total de Gols,Under,7.5,,,,,2.03,0-0,3-5,Red,-1.0,17634146
,CLA-UA Argentina Cyber Cup (UA) (2x5 mins),drksd3 x Galikooo,drksd3,Independiente,Galikooo,River Plate,08/09/2026,20:42:47,Total de Gols,Under,8.5,,,,,1.82,0-0,3-5,Green,0.82,17634146
,CLA-UA Argentina Cyber Cup (UA) (2x5 mins),drksd3 x Galikooo,drksd3,Independiente,Galikooo,River Plate,08/09/2026,20:43:11,Total de Gols,Under,9.5,,,,,1.68,0-1,3-5,Green,0.68,17634146
,CLA-UA Argentina Cyber Cup (UA) (2x5 mins),drksd3 x Galikooo,drksd3,Independiente,Galikooo,River Plate,08/09/2026,20:46:56,Total de Gols,Under,10.5,,,,,1.69,3-2,3-5,Green,0.69,17634146
,CLA-UA Argentina Cyber Cup (UA) (2x5 mins),drksd3 x Galikooo,drksd3,Independiente,Galikooo,River Plate,08/09/2026,20:48:13,Total de Gols,Under,11.5,,,,,1.68,3-3,3-5,Green,0.68,17634146
,CLA-UA Argentina Cyber Cup (UA) (2x5 mins),luxiqq x Voron,luxiqq,Estudiantes L.P.,Voron,Boca Juniors,08/09/2026,20:56:22,Total de Gols,Under,7.5,,,,,1.74,0-0,1-4,Green,0.74,17634149
,CLA-UA Argentina Cyber Cup (UA) (2x5 mins),luxiqq x Voron,luxiqq,Estudiantes L.P.,Voron,Boca Juniors,08/09/2026,20:56:56,Total de Gols,Under,6.5,,,,,2.12,0-0,1-4,Green,1.12,17634149
,CLA-UA Argentina Cyber Cup (UA) (2x5 mins),luxiqq x Voron,luxiqq,Estudiantes L.P.,Voron,Boca Juniors,08/09/2026,20:58:03,Total de Gols,Under,8.5,,,,,1.71,1-0,1-4,Green,0.71,17634149
,CLA-UA Argentina Cyber Cup (UA) (2x5 mins),luxiqq x Voron,luxiqq,Estudiantes L.P.,Voron,Boca Juniors,08/09/2026,21:03:56,Total de Gols,Under,5.5,,,,,2.31,1-3,1-4,Green,1.31,17634149
,CLA-UA Argentina Cyber Cup (UA) (2x5 mins),luxiqq x drksd3,luxiqq,Estudiantes L.P.,drksd3,Independiente,08/09/2026,21:37:59,Total de Gols,Under,8.5,,,,,1.68,0-0,5-6,Red,-1.0,17634154
,CLA-UA Argentina Cyber Cup (UA) (2x5 mins),luxiqq x drksd3,luxiqq,Estudiantes L.P.,drksd3,Independiente,08/09/2026,21:38:43,Total de Gols,Under,7.5,,,,,2.02,0-0,5-6,Red,-1.0,17634154
,CLA-UA Argentina Cyber Cup (UA) (2x5 mins),luxiqq x drksd3,luxiqq,Estudiantes L.P.,drksd3,Independiente,08/09/2026,21:39:18,Total de Gols,Under,9.5,,,,,1.86,1-1,5-6,Red,-1.0,17634154
,CLA-UA Argentina Cyber Cup (UA) (2x5 mins),luxiqq x drksd3,luxiqq,Estudiantes L.P.,drksd3,Independiente,08/09/2026,21:39:38,Total de Gols,Under,10.5,,,,,1.78,1-1,5-6,Red,-1.0,17634154
,CLA-UA Argentina Cyber Cup (UA) (2x5 mins),luxiqq x drksd3,luxiqq,Estudiantes L.P.,drksd3,Independiente,08/09/2026,21:41:48,Total de Gols,Under,11.5,,,,,1.71,1-3,5-6,Green,0.71,17634154
,CLA-UA Argentina Cyber Cup (UA) (2x5 mins),luxiqq x drksd3,luxiqq,Estudiantes L.P.,drksd3,Independiente,08/09/2026,21:42:28,Total de Gols,Under,12.5,,,,,1.6,1-5,5-6,Green,0.6,17634154
, CLA-UA Spain Cyber Cup (UA) (2x5 mins),Galikooo x luxiqq,Galikooo,Real Sociedad,luxiqq,Villarreal,08/09/2026,22:30:09,Total de Gols,Under,7.5,,,,,1.79,0-0,7-5,Red,-1.0,17634160
, CLA-UA Spain Cyber Cup (UA) (2x5 mins),Galikooo x luxiqq,Galikooo,Real Sociedad,luxiqq,Villarreal,08/09/2026,22:31:39,Total de Gols,Under,6.5,,,,,2.03,0-0,7-5,Red,-1.0,17634160
, CLA-UA Spain Cyber Cup (UA) (2x5 mins),Galikooo x luxiqq,Galikooo,Real Sociedad,luxiqq,Villarreal,08/09/2026,22:32:37,Total de Gols,Under,8.5,,,,,1.75,1-0,7-5,Red,-1.0,17634160
, CLA-UA Spain Cyber Cup (UA) (2x5 mins),Galikooo x luxiqq,Galikooo,Real Sociedad,luxiqq,Villarreal,08/09/2026,22:33:10,Total de Gols,Under,9.5,,,,,1.62,2-0,7-5,Red,-1.0,17634160
, CLA-UA Spain Cyber Cup (UA) (2x5 mins),Galikooo x luxiqq,Galikooo,Real Sociedad,luxiqq,Villarreal,08/09/2026,22:34:34,Total de Gols,Under,10.5,,,,,1.69,4-0,7-5,Red,-1.0,17634160
, CLA-UA Spain Cyber Cup (UA) (2x5 mins),Galikooo x luxiqq,Galikooo,Real Sociedad,luxiqq,Villarreal,08/09/2026,22:38:49,Total de Gols,Under,11.5,,,,,1.54,5-3,7-5,Red,-1.0,17634160
, CLA-UA Spain Cyber Cup (UA) (2x5 mins),FanFan x Galikooo,FanFan,Real Madrid,Galikooo,Real Sociedad,08/09/2026,22:44:09,Total de Gols,Under,7.5,,,,,1.7,0-0,5-4,Red,-1.0,17634206
, CLA-UA Spain Cyber Cup (UA) (2x5 mins),FanFan x Galikooo,FanFan,Real Madrid,Galikooo,Real Sociedad,08/09/2026,22:44:43,Total de Gols,Under,6.5,,,,,2.07,0-0,5-4,Red,-1.0,17634206
, CLA-UA Spain Cyber Cup (UA) (2x5 mins),FanFan x Galikooo,FanFan,Real Madrid,Galikooo,Real Sociedad,08/09/2026,22:49:26,Total de Gols,Under,5.5,,,,,2.16,2-0,5-4,Red,-1.0,17634206
, CLA-UA Spain Cyber Cup (UA) (2x5 mins),FanFan x Galikooo,FanFan,Real Madrid,Galikooo,Real Sociedad,08/09/2026,22:53:26,Total de Gols,Under,8.5,,,,,1.73,4-2,5-4,Red,-1.0,17634206
, CLA-UA Spain Cyber Cup (UA) (2x5 mins),luxiqq x Voron,luxiqq,Villarreal,Voron,Girona FC,08/09/2026,23:26:06,Total de Gols,Under,7.5,,,,,1.74,0-0,6-8,Red,-1.0,17634165
, CLA-UA Spain Cyber Cup (UA) (2x5 mins),luxiqq x Voron,luxiqq,Villarreal,Voron,Girona FC,08/09/2026,23:27:43,Total de Gols,Under,8.5,,,,,1.78,0-1,6-8,Red,-1.0,17634165
, CLA-UA Spain Cyber Cup (UA) (2x5 mins),luxiqq x Voron,luxiqq,Villarreal,Voron,Girona FC,08/09/2026,23:28:18,Total de Gols,Under,9.5,,,,,1.62,0-2,6-8,Red,-1.0,17634165
, CLA-UA Spain Cyber Cup (UA) (2x5 mins),luxiqq x Voron,luxiqq,Villarreal,Voron,Girona FC,08/09/2026,23:29:47,Total de Gols,Under,10.5,,,,,1.65,2-2,6-8,Red,-1.0,17634165
, CLA-UA Spain Cyber Cup (UA) (2x5 mins),luxiqq x Voron,luxiqq,Villarreal,Voron,Girona FC,08/09/2026,23:30:35,Total de Gols,Under,11.5,,,,,1.91,2-4,6-8,Red,-1.0,17634165
, CLA-UA Spain Cyber Cup (UA) (2x5 mins),luxiqq x Voron,luxiqq,Villarreal,Voron,Girona FC,08/09/2026,23:31:12,Total de Gols,Under,12.5,,,,,1.61,3-4,6-8,Red,-1.0,17634165
, CLA-UA Spain Cyber Cup (UA) (2x5 mins),luxiqq x Voron,luxiqq,Villarreal,Voron,Girona FC,08/09/2026,23:34:42,Total de Gols,Under,13.5,,,,,1.87,4-5,6-8,Red,-1.0,17634165
, CLA-UA Spain Cyber Cup (UA) (2x5 mins),luxiqq x Voron,luxiqq,Villarreal,Voron,Girona FC,08/09/2026,23:35:23,Total de Gols,Under,14.5,,,,,1.65,5-5,6-8,Green,0.65,17634165
, CLA-UA Spain Cyber Cup (UA) (2x5 mins),luxiqq x Voron,luxiqq,Villarreal,Voron,Girona FC,08/09/2026,23:36:51,Total de Gols,Under,15.5,,,,,1.54,5-7,6-8,Green,0.54,17634165
, CLA-UA Spain Cyber Cup (UA) (2x5 mins),Voron x FanFan,Voron,Girona FC,FanFan,Real Madrid,08/09/2026,23:39:47,Total de Gols,Under,7.5,,,,,1.83,0-0,5-2,Green,0.83,17634209
, CLA-UA Spain Cyber Cup (UA) (2x5 mins),Voron x FanFan,Voron,Girona FC,FanFan,Real Madrid,08/09/2026,23:41:09,Total de Gols,Under,6.5,,,,,2.12,0-0,5-2,Red,-1.0,17634209
, CLA-UA Spain Cyber Cup (UA) (2x5 mins),Voron x FanFan,Voron,Girona FC,FanFan,Real Madrid,08/09/2026,23:41:54,Total de Gols,Under,8.5,,,,,1.81,1-0,5-2,Green,0.81,17634209
, CLA-UA Spain Cyber Cup (UA) (2x5 mins),Voron x FanFan,Voron,Girona FC,FanFan,Real Madrid,08/09/2026,23:45:37,Total de Gols,Under,5.5,,,,,2.17,1-1,5-2,Red,-1.0,17634209
, CLA-UA Spain Cyber Cup (UA) (2x5 mins),Galikooo x FanFan,Galikooo,Real Sociedad,FanFan,Real Madrid,08/09/2026,23:54:10,Total de Gols,Under,7.5,,,,,1.78,0-0,7-3,Red,-1.0,17634210
, CLA-UA Spain Cyber Cup (UA) (2x5 mins),Galikooo x FanFan,Galikooo,Real Sociedad,FanFan,Real Madrid,08/09/2026,23:54:28,Total de Gols,Under,8.5,,,,,1.72,0-0,7-3,Red,-1.0,17634210
, CLA-UA Spain Cyber Cup (UA) (2x5 mins),Galikooo x FanFan,Galikooo,Real Sociedad,FanFan,Real Madrid,08/09/2026,23:59:12,Total de Gols,Under,9.5,,,,,1.78,3-1,7-3,Red,-1.0,17634210
, CLA-UA Spain Cyber Cup (UA) (2x5 mins),Galikooo x FanFan,Galikooo,Real Sociedad,FanFan,Real Madrid,08/09/2026,23:59:54,Total de Gols,Under,10.5,,,,,1.74,3-2,7-3,Green,0.74,17634210
, CLA-UA Spain Cyber Cup (UA) (2x5 mins),Voron x drksd3,Voron,Girona FC,drksd3,Mallorca,08/09/2026,23:53:33,Total de Gols,Under,7.5,,,,,1.88,0-0,5-7,Red,-1.0,17634167
, CLA-UA Spain Cyber Cup (UA) (2x5 mins),Voron x drksd3,Voron,Girona FC,drksd3,Mallorca,08/09/2026,23:54:35,Total de Gols,Under,8.5,,,,,1.75,0-0,5-7,Red,-1.0,17634167
, CLA-UA Spain Cyber Cup (UA) (2x5 mins),Voron x drksd3,Voron,Girona FC,drksd3,Mallorca,08/09/2026,23:55:59,Total de Gols,Under,9.5,,,,,1.74,0-2,5-7,Red,-1.0,17634167
, CLA-UA Spain Cyber Cup (UA) (2x5 mins),Voron x drksd3,Voron,Girona FC,drksd3,Mallorca,08/09/2026,23:59:17,Total de Gols,Under,10.5,,,,,1.74,1-4,5-7,Red,-1.0,17634167
, CLA-UA Spain Cyber Cup (UA) (2x5 mins),Voron x drksd3,Voron,Girona FC,drksd3,Mallorca,08/09/2026,23:59:40,Total de Gols,Under,11.5,,,,,1.59,2-4,5-7,Red,-1.0,17634167
, CLA-UA Spain Cyber Cup (UA) (2x5 mins),Galikooo x drksd3,Galikooo,Real Sociedad,drksd3,Mallorca,09/09/2026,00:21:40,Total de Gols,Under,8.5,,,,,1.89,0-0,3-1,Green,0.89,17634170
, CLA-UA Spain Cyber Cup (UA) (2x5 mins),Galikooo x drksd3,Galikooo,Real Sociedad,drksd3,Mallorca,09/09/2026,00:23:26,Total de Gols,Under,7.5,,,,,2.07,0-0,3-1,Green,1.07,17634170
, CLA-UA Spain Cyber Cup (UA) (2x5 mins),Galikooo x drksd3,Galikooo,Real Sociedad,drksd3,Mallorca,09/09/2026,00:26:21,Total de Gols,Under,6.5,,,,,2.12,1-0,3-1,Green,1.12,17634170
, CLA-UA Spain Cyber Cup (UA) (2x5 mins),Galikooo x drksd3,Galikooo,Real Sociedad,drksd3,Mallorca,09/09/2026,00:29:15,Total de Gols,Under,5.5,,,,,2.17,2-0,3-1,Green,1.17,17634170
, CLA-UA Spain Cyber Cup (UA) (2x5 mins),Galikooo x drksd3,Galikooo,Real Sociedad,drksd3,Mallorca,09/09/2026,00:32:07,Total de Gols,Under,4.5,,,,,2.31,2-1,3-1,Green,1.31,17634170
, CLA-UA Spain Cyber Cup (UA) (2x5 mins),Galikooo x drksd3,Galikooo,Real Sociedad,drksd3,Mallorca,09/09/2026,00:33:08,Total de Gols,Under,3.5,,,,,2.41,2-1,3-1,Red,-1.0,17634170
, CLA-UA Champions Cyber League (UA) (2x5 mins),drksd3 x Voron,drksd3,Sevilla,Voron,Chelsea,09/09/2026,01:13:32,Total de Gols,Under,8.5,,,,,1.65,0-0,5-2,Green,0.65,17634174
, CLA-UA Champions Cyber League (UA) (2x5 mins),drksd3 x Voron,drksd3,Sevilla,Voron,Chelsea,09/09/2026,01:14:26,Total de Gols,Under,7.5,,,,,2.07,0-0,5-2,Green,1.07,17634174
, CLA-UA Champions Cyber League (UA) (2x5 mins),drksd3 x Voron,drksd3,Sevilla,Voron,Chelsea,09/09/2026,01:15:53,Total de Gols,Under,6.5,,,,,2.06,0-0,5-2,Red,-1.0,17634174
, CLA-UA Champions Cyber League (UA) (2x5 mins),drksd3 x Voron,drksd3,Sevilla,Voron,Chelsea,09/09/2026,01:22:38,Total de Gols,Under,9.5,,,,,1.68,4-2,5-2,Green,0.68,17634174
, CLA-UA Champions Cyber League (UA) (2x5 mins),drksd3 x FanFan,drksd3,Sevilla,FanFan,Milan,09/09/2026,01:55:33,Total de Gols,Under,8.5,,,,,1.83,0-0,5-3,Green,0.83,17634181
, CLA-UA Champions Cyber League (UA) (2x5 mins),drksd3 x FanFan,drksd3,Sevilla,FanFan,Milan,09/09/2026,01:56:35,Total de Gols,Under,9.5,,,,,1.73,0-0,5-3,Green,0.73,17634181
, CLA-UA Champions Cyber League (UA) (2x5 mins),drksd3 x FanFan,drksd3,Sevilla,FanFan,Milan,09/09/2026,01:58:40,Total de Gols,Under,7.5,,,,,2.03,0-1,5-3,Red,-1.0,17634181
, CLA-UA Champions Cyber League (UA) (2x5 mins),Voron x drksd3,Voron,Chelsea,drksd3,Sevilla,09/09/2026,02:23:39,Total de Gols,Under,7.5,,,,,2.03,0-0,5-7,Red,-1.0,17634184
, CLA-UA Champions Cyber League (UA) (2x5 mins),Voron x drksd3,Voron,Chelsea,drksd3,Sevilla,09/09/2026,02:24:20,Total de Gols,Under,8.5,,,,,2.03,0-0,5-7,Red,-1.0,17634184
, CLA-UA Champions Cyber League (UA) (2x5 mins),Voron x drksd3,Voron,Chelsea,drksd3,Sevilla,09/09/2026,02:27:22,Total de Gols,Under,9.5,,,,,1.59,1-1,5-7,Red,-1.0,17634184
, CLA-UA Champions Cyber League (UA) (2x5 mins),Voron x drksd3,Voron,Chelsea,drksd3,Sevilla,09/09/2026,02:32:13,Total de Gols,Under,10.5,,,,,1.84,3-4,5-7,Red,-1.0,17634184
, CLA-UA Champions Cyber League (UA) (2x5 mins),Voron x drksd3,Voron,Chelsea,drksd3,Sevilla,09/09/2026,02:32:27,Total de Gols,Under,11.5,,,,,1.69,3-5,5-7,Red,-1.0,17634184
, CLA-UA Champions Cyber League (UA) (2x5 mins),Voron x drksd3,Voron,Chelsea,drksd3,Sevilla,09/09/2026,02:34:10,Total de Gols,Under,12.5,,,,,1.54,4-6,5-7,Green,0.54,17634184
, CLA-UA Champions Cyber League (UA) (2x5 mins),Galikooo x FanFan,Galikooo,Manchester United,FanFan,Milan,09/09/2026,02:24:08,Total de Gols,Under,7.5,,,,,1.79,0-0,4-2,Green,0.79,17634185
, CLA-UA Champions Cyber League (UA) (2x5 mins),Galikooo x FanFan,Galikooo,Manchester United,FanFan,Milan,09/09/2026,02:24:30,Total de Gols,Under,8.5,,,,,1.69,0-0,4-2,Green,0.69,17634185
, CLA-UA Champions Cyber League (UA) (2x5 mins),Galikooo x FanFan,Galikooo,Manchester United,FanFan,Milan,09/09/2026,02:26:44,Total de Gols,Under,6.5,,,,,2.08,1-0,4-2,Green,1.08,17634185
, CLA-UA Champions Cyber League (UA) (2x5 mins),Galikooo x FanFan,Galikooo,Manchester United,FanFan,Milan,09/09/2026,02:34:27,Total de Gols,Under,5.5,,,,,2.47,4-1,4-2,Red,-1.0,17634185
, CLA-UA Champions Cyber League (UA) (2x5 mins),Galikooo x Voron,Galikooo,Manchester United,Voron,Chelsea,09/09/2026,02:38:11,Total de Gols,Under,7.5,,,,,1.74,0-0,6-4,Red,-1.0,17634187
, CLA-UA Champions Cyber League (UA) (2x5 mins),Galikooo x Voron,Galikooo,Manchester United,Voron,Chelsea,09/09/2026,02:38:54,Total de Gols,Under,6.5,,,,,2.07,0-0,6-4,Red,-1.0,17634187
, CLA-UA Champions Cyber League (UA) (2x5 mins),Galikooo x Voron,Galikooo,Manchester United,Voron,Chelsea,09/09/2026,02:39:40,Total de Gols,Under,8.5,,,,,1.78,0-1,6-4,Red,-1.0,17634187
, CLA-UA Champions Cyber League (UA) (2x5 mins),Galikooo x Voron,Galikooo,Manchester United,Voron,Chelsea,09/09/2026,02:40:08,Total de Gols,Under,9.5,,,,,1.63,1-1,6-4,Red,-1.0,17634187
, CLA-UA Champions Cyber League (UA) (2x5 mins),Galikooo x Voron,Galikooo,Manchester United,Voron,Chelsea,09/09/2026,02:44:40,Total de Gols,Under,10.5,,,,,2.02,4-2,6-4,Green,1.02,17634187
, CLA-UA Champions Cyber League (UA) (2x5 mins),luxiqq x drksd3,luxiqq,Inter,drksd3,Sevilla,09/09/2026,02:37:18,Total de Gols,Under,8.5,,,,,1.8,0-0,3-6,Red,-1.0,17634186
, CLA-UA Champions Cyber League (UA) (2x5 mins),luxiqq x drksd3,luxiqq,Inter,drksd3,Sevilla,09/09/2026,02:38:44,Total de Gols,Under,9.5,,,,,1.69,0-0,3-6,Green,0.69,17634186
, CLA-UA Champions Cyber League (UA) (2x5 mins),luxiqq x drksd3,luxiqq,Inter,drksd3,Sevilla,09/09/2026,02:40:35,Total de Gols,Under,7.5,,,,,2.08,0-1,3-6,Red,-1.0,17634186
, CLA-UA Champions Cyber League (UA) (2x5 mins),luxiqq x drksd3,luxiqq,Inter,drksd3,Sevilla,09/09/2026,02:42:45,Total de Gols,Under,6.5,,,,,2.12,1-1,3-6,Red,-1.0,17634186
, CLA-UA Champions Cyber League (UA) (2x5 mins),Voron x luxiqq,Voron,Chelsea,luxiqq,Inter,09/09/2026,03:06:07,Total de Gols,Under,7.5,,,,,1.94,0-0,2-4,Green,0.94,17634189
, CLA-UA Champions Cyber League (UA) (2x5 mins),Voron x luxiqq,Voron,Chelsea,luxiqq,Inter,09/09/2026,03:06:45,Total de Gols,Under,8.5,,,,,1.83,0-0,2-4,Green,0.83,17634189
, CLA-UA Champions Cyber League (UA) (2x5 mins),Voron x luxiqq,Voron,Chelsea,luxiqq,Inter,09/09/2026,03:08:56,Total de Gols,Under,9.5,,,,,1.62,0-2,2-4,Green,0.62,17634189
, CLA-UA Champions Cyber League (UA) (2x5 mins),Voron x luxiqq,Voron,Chelsea,luxiqq,Inter,09/09/2026,03:12:16,Total de Gols,Under,6.5,,,,,2.21,0-3,2-4,Green,1.21,17634189
, CLA-UA Champions Cyber League (UA) (2x5 mins),Voron x luxiqq,Voron,Chelsea,luxiqq,Inter,09/09/2026,03:13:24,Total de Gols,Under,5.5,,,,,2.12,0-3,2-4,Red,-1.0,17634189
, CLA-UA Champions Cyber League (UA) (2x5 mins),Voron x luxiqq,Voron,Chelsea,luxiqq,Inter,09/09/2026,03:14:39,Total de Gols,Under,4.5,,,,,2.27,0-3,2-4,Red,-1.0,17634189
, CLA-UA Italy Cyber Cup (UA) (2x5 mins),palkan x Sxitted,palkan,Fiorentina,Sxitted,Juventus,09/09/2026,05:01:49,Total de Gols,Under,7.5,,,,,2.03,0-0,4-3,Green,1.03,17644384
, CLA-UA Italy Cyber Cup (UA) (2x5 mins),palkan x Sxitted,palkan,Fiorentina,Sxitted,Juventus,09/09/2026,05:03:00,Total de Gols,Under,8.5,,,,,1.69,0-0,4-3,Green,0.69,17644384
, CLA-UA Italy Cyber Cup (UA) (2x5 mins),palkan x Sxitted,palkan,Fiorentina,Sxitted,Juventus,09/09/2026,05:05:00,Total de Gols,Under,6.5,,,,,2.07,1-0,4-3,Red,-1.0,17644384
, CLA-UA Spain Cyber Cup (UA) (2x5 mins),kozak x Space_17,kozak,Rayo Vallecano,Space_17,Mallorca,09/09/2026,05:13:58,Total de Gols,Under,9.5,,,,,1.75,0-0,5-7,Red,-1.0,17644408
, CLA-UA Spain Cyber Cup (UA) (2x5 mins),kozak x Space_17,kozak,Rayo Vallecano,Space_17,Mallorca,09/09/2026,05:14:26,Total de Gols,Under,10.5,,,,,1.69,0-0,5-7,Red,-1.0,17644408
, CLA-UA Spain Cyber Cup (UA) (2x5 mins),kozak x Space_17,kozak,Rayo Vallecano,Space_17,Mallorca,09/09/2026,05:16:32,Total de Gols,Under,11.5,,,,,1.79,1-2,5-7,Red,-1.0,17644408
, CLA-UA Spain Cyber Cup (UA) (2x5 mins),kozak x Space_17,kozak,Rayo Vallecano,Space_17,Mallorca,09/09/2026,05:21:25,Total de Gols,Under,12.5,,,,,1.59,3-5,5-7,Green,0.59,17644408
, CLA-UA Spain Cyber Cup (UA) (2x5 mins),aloha x Space_17,aloha,Getafe,Space_17,Mallorca,09/09/2026,05:42:05,Total de Gols,Under,8.5,,,,,1.79,0-0,6-3,Red,-1.0,17644410
, CLA-UA Spain Cyber Cup (UA) (2x5 mins),aloha x Space_17,aloha,Getafe,Space_17,Mallorca,09/09/2026,05:42:51,Total de Gols,Under,7.5,,,,,2.03,0-0,6-3,Red,-1.0,17644410
, CLA-UA Spain Cyber Cup (UA) (2x5 mins),aloha x Space_17,aloha,Getafe,Space_17,Mallorca,09/09/2026,05:43:21,Total de Gols,Under,9.5,,,,,1.65,0-1,6-3,Green,0.65,17644410
, CLA-UA Spain Cyber Cup (UA) (2x5 mins),aloha x Space_17,aloha,Getafe,Space_17,Mallorca,09/09/2026,05:45:02,Total de Gols,Under,10.5,,,,,2.02,3-1,6-3,Green,1.02,17644410
, CLA-UA Spain Cyber Cup (UA) (2x5 mins),Yeti x kozak,Yeti,Levante,kozak,Rayo Vallecano,09/09/2026,05:41:59,Total de Gols,Under,7.5,,,,,1.83,0-0,6-7,Red,-1.0,17644552
, CLA-UA Spain Cyber Cup (UA) (2x5 mins),Yeti x kozak,Yeti,Levante,kozak,Rayo Vallecano,09/09/2026,05:42:45,Total de Gols,Under,8.5,,,,,1.72,0-0,6-7,Red,-1.0,17644552
, CLA-UA Spain Cyber Cup (UA) (2x5 mins),Yeti x kozak,Yeti,Levante,kozak,Rayo Vallecano,09/09/2026,05:43:49,Total de Gols,Under,9.5,,,,,1.85,1-1,6-7,Red,-1.0,17644552
, CLA-UA Spain Cyber Cup (UA) (2x5 mins),Yeti x kozak,Yeti,Levante,kozak,Rayo Vallecano,09/09/2026,05:44:32,Total de Gols,Under,10.5,,,,,1.63,1-2,6-7,Red,-1.0,17644552
, CLA-UA Spain Cyber Cup (UA) (2x5 mins),Yeti x kozak,Yeti,Levante,kozak,Rayo Vallecano,09/09/2026,05:44:50,Total de Gols,Under,11.5,,,,,1.61,2-2,6-7,Red,-1.0,17644552
, CLA-UA Spain Cyber Cup (UA) (2x5 mins),Yeti x kozak,Yeti,Levante,kozak,Rayo Vallecano,09/09/2026,05:46:08,Total de Gols,Under,12.5,,,,,1.62,3-3,6-7,Red,-1.0,17644552
, CLA-UA Spain Cyber Cup (UA) (2x5 mins),Yeti x kozak,Yeti,Levante,kozak,Rayo Vallecano,09/09/2026,05:46:52,Total de Gols,Under,13.5,,,,,1.82,5-3,6-7,Green,0.82,17644552
,CLA-UA World Cyber Cup (UA) (2x5 mins),YUR x zyX,YUR,Tunisia,zyX,Netherlands,09/09/2026,05:54:47,Total de Gols,Under,6.5,,,,,1.75,0-0,2-5,Red,-1.0,17644574
,CLA-UA World Cyber Cup (UA) (2x5 mins),YUR x zyX,YUR,Tunisia,zyX,Netherlands,09/09/2026,05:56:52,Total de Gols,Under,5.5,,,,,2.11,0-0,2-5,Red,-1.0,17644574
,CLA-UA World Cyber Cup (UA) (2x5 mins),YUR x zyX,YUR,Tunisia,zyX,Netherlands,09/09/2026,05:59:46,Total de Gols,Under,7.5,,,,,1.7,2-0,2-5,Green,0.7,17644574
, CLA-UA Spain Cyber Cup (UA) (2x5 mins),Yeti x Space_17,Yeti,Levante,Space_17,Mallorca,09/09/2026,06:10:01,Total de Gols,Under,7.5,,,,,1.83,0-0,6-0,Green,0.83,17644558
, CLA-UA Spain Cyber Cup (UA) (2x5 mins),Yeti x Space_17,Yeti,Levante,Space_17,Mallorca,09/09/2026,06:10:43,Total de Gols,Under,8.5,,,,,1.71,0-0,6-0,Green,0.71,17644558
, CLA-UA Spain Cyber Cup (UA) (2x5 mins),Yeti x Space_17,Yeti,Levante,Space_17,Mallorca,09/09/2026,06:16:02,Total de Gols,Under,9.5,,,,,1.59,4-0,6-0,Green,0.59,17644558
, CLA-UA Spain Cyber Cup (UA) (2x5 mins),Yeti x Space_17,Yeti,Levante,Space_17,Mallorca,09/09/2026,06:18:34,Total de Gols,Under,6.5,,,,,2.36,5-0,6-0,Green,1.36,17644558
,CLA-UA World Cyber Cup (UA) (2x5 mins),zyX x Shot,zyX,Netherlands,Shot,Japan,09/09/2026,06:08:32,Total de Gols,Under,6.5,,,,,1.91,0-0,3-2,Green,0.91,17644576
,CLA-UA World Cyber Cup (UA) (2x5 mins),zyX x Shot,zyX,Netherlands,Shot,Japan,09/09/2026,06:11:23,Total de Gols,Under,5.5,,,,,2.08,0-0,3-2,Green,1.08,17644576
,CLA-UA World Cyber Cup (UA) (2x5 mins),zyX x Shot,zyX,Netherlands,Shot,Japan,09/09/2026,06:12:49,Total de Gols,Under,7.5,,,,,1.65,0-1,3-2,Green,0.65,17644576
,CLA-UA World Cyber Cup (UA) (2x5 mins),zyX x Shot,zyX,Netherlands,Shot,Japan,09/09/2026,06:17:49,Total de Gols,Under,4.5,,,,,2.41,1-2,3-2,Red,-1.0,17644576
,CLA-UA World Cyber Cup (UA) (2x5 mins),zyX x Shot,zyX,Netherlands,Shot,Japan,09/09/2026,06:19:28,Total de Gols,Under,3.5,,,,,2.5,1-2,3-2,Red,-1.0,17644576
, CLA-UA Italy Cyber Cup (UA) (2x5 mins),Sxitted x palkan,Sxitted,Juventus,palkan,Fiorentina,09/09/2026,06:10:19,Total de Gols,Under,7.5,,,,,2.03,0-0,5-7,Red,-1.0,17644396
, CLA-UA Italy Cyber Cup (UA) (2x5 mins),Sxitted x palkan,Sxitted,Juventus,palkan,Fiorentina,09/09/2026,06:10:43,Total de Gols,Under,8.5,,,,,1.95,0-0,5-7,Red,-1.0,17644396
, CLA-UA Italy Cyber Cup (UA) (2x5 mins),Sxitted x palkan,Sxitted,Juventus,palkan,Fiorentina,09/09/2026,06:11:41,Total de Gols,Under,9.5,,,,,1.62,1-0,5-7,Red,-1.0,17644396
, CLA-UA Italy Cyber Cup (UA) (2x5 mins),Sxitted x palkan,Sxitted,Juventus,palkan,Fiorentina,09/09/2026,06:19:48,Total de Gols,Under,10.5,,,,,1.65,2-6,5-7,Red,-1.0,17644396
, CLA-UA Spain Cyber Cup (UA) (2x5 mins),Space_17 x Yoru,Space_17,Mallorca,Yoru,Celta Vigo,09/09/2026,06:38:04,Total de Gols,Under,8.5,,,,,1.63,0-0,4-3,Green,0.63,17644413
, CLA-UA Spain Cyber Cup (UA) (2x5 mins),Space_17 x Yoru,Space_17,Mallorca,Yoru,Celta Vigo,09/09/2026,06:38:23,Total de Gols,Under,9.5,,,,,1.63,0-0,4-3,Green,0.63,17644413
, CLA-UA Spain Cyber Cup (UA) (2x5 mins),Space_17 x Yoru,Space_17,Mallorca,Yoru,Celta Vigo,09/09/2026,06:39:57,Total de Gols,Under,7.5,,,,,2.07,1-0,4-3,Green,1.07,17644413
, CLA-UA Spain Cyber Cup (UA) (2x5 mins),Space_17 x Yoru,Space_17,Mallorca,Yoru,Celta Vigo,09/09/2026,06:47:54,Total de Gols,Under,6.5,,,,,2.61,4-2,4-3,Red,-1.0,17644413
, CLA-UA Italy Cyber Cup (UA) (2x5 mins),palkan x abr4m_5,palkan,Fiorentina,abr4m_5,Atalanta,09/09/2026,06:52:02,Total de Gols,Under,8.5,,,,,1.98,0-0,2-5,Green,0.98,17644397
, CLA-UA Italy Cyber Cup (UA) (2x5 mins),palkan x abr4m_5,palkan,Fiorentina,abr4m_5,Atalanta,09/09/2026,06:53:51,Total de Gols,Under,7.5,,,,,2.02,0-0,2-5,Green,1.02,17644397
, CLA-UA Italy Cyber Cup (UA) (2x5 mins),palkan x abr4m_5,palkan,Fiorentina,abr4m_5,Atalanta,09/09/2026,06:54:27,Total de Gols,Under,6.5,,,,,2.11,0-0,2-5,Red,-1.0,17644397
, CLA-UA Italy Cyber Cup (UA) (2x5 mins),palkan x abr4m_5,palkan,Fiorentina,abr4m_5,Atalanta,09/09/2026,06:55:48,Total de Gols,Under,5.5,,,,,2.08,0-0,2-5,Red,-1.0,17644397
, CLA-UA Spain Cyber Cup (UA) (2x5 mins),kozak x Yeti,kozak,Rayo Vallecano,Yeti,Levante,09/09/2026,06:52:02,Total de Gols,Under,7.5,,,,,1.93,0-0,3-7,Red,-1.0,17644560
, CLA-UA Spain Cyber Cup (UA) (2x5 mins),kozak x Yeti,kozak,Rayo Vallecano,Yeti,Levante,09/09/2026,06:54:03,Total de Gols,Under,6.5,,,,,2.03,0-0,3-7,Red,-1.0,17644560
, CLA-UA Spain Cyber Cup (UA) (2x5 mins),kozak x Yeti,kozak,Rayo Vallecano,Yeti,Levante,09/09/2026,06:56:10,Total de Gols,Under,8.5,,,,,1.73,1-1,3-7,Red,-1.0,17644560
, CLA-UA Spain Cyber Cup (UA) (2x5 mins),kozak x Yeti,kozak,Rayo Vallecano,Yeti,Levante,09/09/2026,06:57:13,Total de Gols,Under,9.5,,,,,1.87,2-2,3-7,Red,-1.0,17644560
, CLA-UA Spain Cyber Cup (UA) (2x5 mins),kozak x Yeti,kozak,Rayo Vallecano,Yeti,Levante,09/09/2026,06:59:28,Total de Gols,Under,10.5,,,,,1.66,2-4,3-7,Green,0.66,17644560
, CLA-UA Spain Cyber Cup (UA) (2x5 mins),kozak x Yeti,kozak,Rayo Vallecano,Yeti,Levante,09/09/2026,07:00:50,Total de Gols,Under,11.5,,,,,1.68,2-6,3-7,Green,0.68,17644560
,CLA-UA World Cyber Cup (UA) (2x5 mins),Shot x YUR,Shot,Japan,YUR,Tunisia,09/09/2026,06:49:54,Total de Gols,Under,7.5,,,,,1.98,0-0,2-5,Green,0.98,17644585
,CLA-UA World Cyber Cup (UA) (2x5 mins),Xellark x Hetman,Xellark,Sweden,Hetman,Hungary,09/09/2026,06:50:22,Total de Gols,Under,7.5,,,,,1.74,0-0,3-5,Red,-1.0,17644420
,CLA-UA World Cyber Cup (UA) (2x5 mins),Xellark x Hetman,Xellark,Sweden,Hetman,Hungary,09/09/2026,06:52:48,Total de Gols,Under,6.5,,,,,2.07,0-0,3-5,Red,-1.0,17644420
,CLA-UA World Cyber Cup (UA) (2x5 mins),Shot x YUR,Shot,Japan,YUR,Tunisia,09/09/2026,06:52:49,Total de Gols,Under,8.5,,,,,1.95,0-0,2-5,Green,0.95,17644585
,CLA-UA World Cyber Cup (UA) (2x5 mins),Shot x YUR,Shot,Japan,YUR,Tunisia,09/09/2026,06:54:00,Total de Gols,Under,9.5,,,,,1.61,0-1,2-5,Green,0.61,17644585
,CLA-UA World Cyber Cup (UA) (2x5 mins),Xellark x Hetman,Xellark,Sweden,Hetman,Hungary,09/09/2026,07:00:40,Total de Gols,Under,5.5,,,,,2.36,2-2,3-5,Red,-1.0,17644420
, CLA-UA Champions Cyber League (UA) (2x5 mins),Shot x zyX,Shot,PSV,zyX,Celtic,09/09/2026,07:29:31,Total de Gols,Under,6.5,,,,,1.85,0-0,5-5,Red,-1.0,17644461
, CLA-UA Champions Cyber League (UA) (2x5 mins),Shot x zyX,Shot,PSV,zyX,Celtic,09/09/2026,07:31:52,Total de Gols,Under,7.5,,,,,1.65,0-0,5-5,Red,-1.0,17644461
, CLA-UA Champions Cyber League (UA) (2x5 mins),Shot x zyX,Shot,PSV,zyX,Celtic,09/09/2026,07:33:19,Total de Gols,Under,8.5,,,,,1.75,1-1,5-5,Red,-1.0,17644461
, CLA-UA Champions Cyber League (UA) (2x5 mins),Shot x zyX,Shot,PSV,zyX,Celtic,09/09/2026,07:41:50,Total de Gols,Under,9.5,,,,,2.12,5-3,5-5,Red,-1.0,17644461
,CLA-UA Argentina Cyber Cup (UA) (2x5 mins),Space_17 x Yeti,Space_17,Estudiantes L.P.,Yeti,Racing Club,09/09/2026,07:30:03,Total de Gols,Under,7.5,,,,,1.78,0-0,4-5,Red,-1.0,17644624
,CLA-UA Argentina Cyber Cup (UA) (2x5 mins),Space_17 x Yeti,Space_17,Estudiantes L.P.,Yeti,Racing Club,09/09/2026,07:32:13,Total de Gols,Under,8.5,,,,,1.84,1-0,4-5,Red,-1.0,17644624
,CLA-UA Argentina Cyber Cup (UA) (2x5 mins),Space_17 x Yeti,Space_17,Estudiantes L.P.,Yeti,Racing Club,09/09/2026,07:33:49,Total de Gols,Under,9.5,,,,,1.79,2-1,4-5,Green,0.79,17644624
, CLA-UA Champions Cyber League (UA) (2x5 mins),Shot x Xellark,Shot,PSV,Xellark,Porto,09/09/2026,07:43:22,Total de Gols,Under,5.5,,,,,2.02,0-0,4-5,Red,-1.0,17644463
, CLA-UA Champions Cyber League (UA) (2x5 mins),Shot x Xellark,Shot,PSV,Xellark,Porto,09/09/2026,07:45:10,Total de Gols,Under,6.5,,,,,1.94,0-0,4-5,Red,-1.0,17644463
, CLA-UA France Cyber Cup (UA) (2x5 mins),abr4m_5 x Terry14,abr4m_5,Stade Rennais FC,Terry14,Nice,09/09/2026,07:43:55,Total de Gols,Under,7.5,,,,,1.98,0-0,1-5,Green,0.98,17644424
, CLA-UA France Cyber Cup (UA) (2x5 mins),abr4m_5 x Terry14,abr4m_5,Stade Rennais FC,Terry14,Nice,09/09/2026,07:45:59,Total de Gols,Under,6.5,,,,,2.07,0-0,1-5,Green,1.07,17644424
, CLA-UA France Cyber Cup (UA) (2x5 mins),abr4m_5 x Terry14,abr4m_5,Stade Rennais FC,Terry14,Nice,09/09/2026,07:49:19,Total de Gols,Under,5.5,,,,,2.12,1-1,1-5,Red,-1.0,17644424
, CLA-UA France Cyber Cup (UA) (2x5 mins),abr4m_5 x Terry14,abr4m_5,Stade Rennais FC,Terry14,Nice,09/09/2026,07:51:16,Total de Gols,Under,4.5,,,,,2.23,1-1,1-5,Red,-1.0,17644424
,CLA-UA Argentina Cyber Cup (UA) (2x5 mins),aloha x Yeti,aloha,River Plate,Yeti,Racing Club,09/09/2026,07:57:54,Total de Gols,Under,6.5,,,,,1.91,0-0,5-0,Green,0.91,17644447
,CLA-UA Argentina Cyber Cup (UA) (2x5 mins),aloha x Yeti,aloha,River Plate,Yeti,Racing Club,09/09/2026,07:59:36,Total de Gols,Under,5.5,,,,,2.07,0-0,5-0,Green,1.07,17644447
,CLA-UA Argentina Cyber Cup (UA) (2x5 mins),aloha x Yeti,aloha,River Plate,Yeti,Racing Club,09/09/2026,08:00:40,Total de Gols,Under,7.5,,,,,1.77,1-0,5-0,Green,0.77,17644447
, CLA-UA Champions Cyber League (UA) (2x5 mins),zyX x Xellark,zyX,Celtic,Xellark,Porto,09/09/2026,07:57:06,Total de Gols,Under,8.5,,,,,1.71,0-0,4-4,Green,0.71,17644462
,CLA-UA Argentina Cyber Cup (UA) (2x5 mins),aloha x Space_17,aloha,River Plate,Space_17,Estudiantes L.P.,09/09/2026,08:12:03,Total de Gols,Under,8.5,,,,,1.97,0-0,5-2,Green,0.97,17644634
,CLA-UA Argentina Cyber Cup (UA) (2x5 mins),aloha x Space_17,aloha,River Plate,Space_17,Estudiantes L.P.,09/09/2026,08:13:20,Total de Gols,Under,7.5,,,,,2.02,0-0,5-2,Green,1.02,17644634
,CLA-UA Argentina Cyber Cup (UA) (2x5 mins),aloha x Space_17,aloha,River Plate,Space_17,Estudiantes L.P.,09/09/2026,08:14:49,Total de Gols,Under,6.5,,,,,2.03,0-0,5-2,Red,-1.0,17644634
,CLA-UA Argentina Cyber Cup (UA) (2x5 mins),aloha x Space_17,aloha,River Plate,Space_17,Estudiantes L.P.,09/09/2026,08:18:18,Total de Gols,Under,5.5,,,,,2.12,1-1,5-2,Red,-1.0,17644634
,CLA-UA Argentina Cyber Cup (UA) (2x5 mins),aloha x kozak,aloha,River Plate,kozak,Boca Juniors,09/09/2026,08:26:03,Total de Gols,Under,9.5,,,,,1.71,0-0,7-3,Red,-1.0,17644454
,CLA-UA Argentina Cyber Cup (UA) (2x5 mins),aloha x kozak,aloha,River Plate,kozak,Boca Juniors,09/09/2026,08:26:29,Total de Gols,Under,8.5,,,,,2.06,0-0,7-3,Red,-1.0,17644454
,CLA-UA Argentina Cyber Cup (UA) (2x5 mins),aloha x kozak,aloha,River Plate,kozak,Boca Juniors,09/09/2026,08:27:52,Total de Gols,Under,10.5,,,,,1.85,2-0,7-3,Green,0.85,17644454
,CLA-UA Argentina Cyber Cup (UA) (2x5 mins),aloha x kozak,aloha,River Plate,kozak,Boca Juniors,09/09/2026,08:29:54,Total de Gols,Under,11.5,,,,,1.69,4-0,7-3,Green,0.69,17644454
,CLA-UA Argentina Cyber Cup (UA) (2x5 mins),aloha x kozak,aloha,River Plate,kozak,Boca Juniors,09/09/2026,08:31:20,Total de Gols,Under,12.5,,,,,1.65,6-0,7-3,Green,0.65,17644454
, CLA-UA Champions Cyber League (UA) (2x5 mins),Hetman x Shot,Hetman,Newcastle United,Shot,PSV,09/09/2026,08:24:26,Total de Gols,Under,6.5,,,,,1.75,0-0,4-3,Red,-1.0,17644469
, CLA-UA Champions Cyber League (UA) (2x5 mins),Hetman x Shot,Hetman,Newcastle United,Shot,PSV,09/09/2026,08:26:45,Total de Gols,Under,7.5,,,,,1.65,0-0,4-3,Green,0.65,17644469
, CLA-UA Champions Cyber League (UA) (2x5 mins),Hetman x Shot,Hetman,Newcastle United,Shot,PSV,09/09/2026,08:29:32,Total de Gols,Under,8.5,,,,,1.91,1-2,4-3,Green,0.91,17644469
, CLA-UA Champions Cyber League (UA) (2x5 mins),Hetman x Shot,Hetman,Newcastle United,Shot,PSV,09/09/2026,08:29:47,Total de Gols,Under,9.5,,,,,1.8,1-3,4-3,Green,0.8,17644469
,CLA-UA Argentina Cyber Cup (UA) (2x5 mins),Yeti x Yoru,Yeti,Racing Club,Yoru,Independiente,09/09/2026,08:26:07,Total de Gols,Under,6.5,,,,,2.07,0-0,3-4,Red,-1.0,17644453
,CLA-UA Argentina Cyber Cup (UA) (2x5 mins),Yeti x Yoru,Yeti,Racing Club,Yoru,Independiente,09/09/2026,08:26:42,Total de Gols,Under,7.5,,,,,1.89,0-0,3-4,Green,0.89,17644453
,CLA-UA Argentina Cyber Cup (UA) (2x5 mins),Yeti x Yoru,Yeti,Racing Club,Yoru,Independiente,09/09/2026,08:31:07,Total de Gols,Under,5.5,,,,,2.17,1-1,3-4,Red,-1.0,17644453
,CLA-UA Argentina Cyber Cup (UA) (2x5 mins),Yeti x Yoru,Yeti,Racing Club,Yoru,Independiente,09/09/2026,08:35:47,Total de Gols,Under,4.5,,,,,2.57,2-2,3-4,Red,-1.0,17644453
, CLA-UA France Cyber Cup (UA) (2x5 mins),Sxitted x palkan,Sxitted,Marseille,palkan,Lyon,09/09/2026,08:40:23,Total de Gols,Under,7.5,,,,,2.03,0-0,3-3,Green,1.03,17644435
, CLA-UA France Cyber Cup (UA) (2x5 mins),Sxitted x palkan,Sxitted,Marseille,palkan,Lyon,09/09/2026,08:41:49,Total de Gols,Under,8.5,,,,,1.69,0-0,3-3,Green,0.69,17644435
, CLA-UA France Cyber Cup (UA) (2x5 mins),Sxitted x palkan,Sxitted,Marseille,palkan,Lyon,09/09/2026,08:43:48,Total de Gols,Under,6.5,,,,,2.12,1-0,3-3,Green,1.12,17644435
, CLA-UA France Cyber Cup (UA) (2x5 mins),Sxitted x palkan,Sxitted,Marseille,palkan,Lyon,09/09/2026,08:45:10,Total de Gols,Under,5.5,,,,,2.12,1-0,3-3,Red,-1.0,17644435
, CLA-UA Champions Cyber League (UA) (2x5 mins),YUR x Xellark,YUR,Sporting CP,Xellark,Porto,09/09/2026,08:38:20,Total de Gols,Under,6.5,,,,,2.02,0-0,3-6,Red,-1.0,17644638
, CLA-UA France Cyber Cup (UA) (2x5 mins),Terry14 x Int1liGenT,Terry14,Nice,Int1liGenT,Lille,09/09/2026,08:39:56,Total de Gols,Under,8.5,,,,,1.76,0-0,2-4,Green,0.76,17644433
, CLA-UA France Cyber Cup (UA) (2x5 mins),Terry14 x Int1liGenT,Terry14,Nice,Int1liGenT,Lille,09/09/2026,08:40:50,Total de Gols,Under,7.5,,,,,2.07,0-0,2-4,Green,1.07,17644433
, CLA-UA Champions Cyber League (UA) (2x5 mins),YUR x Xellark,YUR,Sporting CP,Xellark,Porto,09/09/2026,08:41:08,Total de Gols,Under,7.5,,,,,1.71,0-0,3-6,Red,-1.0,17644638
, CLA-UA France Cyber Cup (UA) (2x5 mins),Terry14 x Int1liGenT,Terry14,Nice,Int1liGenT,Lille,09/09/2026,08:41:41,Total de Gols,Under,6.5,,,,,2.06,0-0,2-4,Green,1.06,17644433
, CLA-UA France Cyber Cup (UA) (2x5 mins),Terry14 x Int1liGenT,Terry14,Nice,Int1liGenT,Lille,09/09/2026,08:45:21,Total de Gols,Under,5.5,,,,,2.03,0-2,2-4,Red,-1.0,17644433
, CLA-UA Champions Cyber League (UA) (2x5 mins),YUR x Xellark,YUR,Sporting CP,Xellark,Porto,09/09/2026,08:49:29,Total de Gols,Under,8.5,,,,,1.42,2-4,3-6,Red,-1.0,17644638
, CLA-UA Champions Cyber League (UA) (2x5 mins),zyX x Hetman,zyX,Celtic,Hetman,Newcastle United,09/09/2026,08:52:50,Total de Gols,Under,7.5,,,,,1.98,0-0,2-5,Green,0.98,17644466
, CLA-UA Champions Cyber League (UA) (2x5 mins),zyX x Hetman,zyX,Celtic,Hetman,Newcastle United,09/09/2026,08:55:00,Total de Gols,Under,8.5,,,,,1.81,0-0,2-5,Green,0.81,17644466
, CLA-UA Champions Cyber League (UA) (2x5 mins),zyX x Hetman,zyX,Celtic,Hetman,Newcastle United,09/09/2026,08:55:18,Total de Gols,Under,9.5,,,,,1.68,1-1,2-5,Green,0.68,17644466
, CLA-UA Champions Cyber League (UA) (2x5 mins),zyX x Hetman,zyX,Celtic,Hetman,Newcastle United,09/09/2026,09:02:39,Total de Gols,Under,6.5,,,,,2.4,2-3,2-5,Red,-1.0,17644466
, CLA-UA Champions Cyber League (UA) (2x5 mins),Xellark x Shot,Xellark,Porto,Shot,PSV,09/09/2026,08:52:03,Total de Gols,Under,6.5,,,,,1.85,0-0,4-5,Red,-1.0,17644468
, CLA-UA Champions Cyber League (UA) (2x5 mins),Xellark x Shot,Xellark,Porto,Shot,PSV,09/09/2026,08:55:18,Total de Gols,Under,5.5,,,,,2.08,0-0,4-5,Red,-1.0,17644468
, CLA-UA Champions Cyber League (UA) (2x5 mins),Xellark x Shot,Xellark,Porto,Shot,PSV,09/09/2026,08:56:06,Total de Gols,Under,7.5,,,,,1.77,0-1,4-5,Red,-1.0,17644468
, CLA-UA Champions Cyber League (UA) (2x5 mins),Xellark x Shot,Xellark,Porto,Shot,PSV,09/09/2026,08:56:54,Total de Gols,Under,8.5,,,,,1.62,1-1,4-5,Red,-1.0,17644468
, CLA-UA Champions Cyber League (UA) (2x5 mins),Xellark x Shot,Xellark,Porto,Shot,PSV,09/09/2026,09:02:11,Total de Gols,Under,9.5,,,,,1.61,3-3,4-5,Green,0.61,17644468
,CLA-UA Argentina Cyber Cup (UA) (2x5 mins),Yeti x aloha,Yeti,Racing Club,aloha,River Plate,09/09/2026,09:08:03,Total de Gols,Under,6.5,,,,,1.79,0-0,0-0,Green,0.79,17644457
,CLA-UA Argentina Cyber Cup (UA) (2x5 mins),Yeti x aloha,Yeti,Racing Club,aloha,River Plate,09/09/2026,09:08:58,Total de Gols,Under,5.5,,,,,2.11,0-0,0-0,Green,1.11,17644457
, CLA-UA France Cyber Cup (UA) (2x5 mins),palkan x Terry14,palkan,Lyon,Terry14,Nice,09/09/2026,09:08:20,Total de Gols,Under,8.5,,,,,1.8,0-0,0-1,Green,0.8,17644442
, CLA-UA France Cyber Cup (UA) (2x5 mins),palkan x Terry14,palkan,Lyon,Terry14,Nice,09/09/2026,09:08:59,Total de Gols,Under,7.5,,,,,2.07,0-0,0-1,Green,1.07,17644442
, CLA-UA France Cyber Cup (UA) (2x5 mins),palkan x Terry14,palkan,Lyon,Terry14,Nice,09/09/2026,09:09:53,Total de Gols,Under,9.5,,,,,1.74,0-1,0-1,Green,0.74,17644442
, CLA-UA Champions Cyber League (UA) (2x5 mins),Xellark x zyX,Xellark,Porto,zyX,Celtic,09/09/2026,09:06:54,Total de Gols,Under,8.5,,,,,1.68,0-0,0-0,Green,0.68,17644470
, CLA-UA Champions Cyber League (UA) (2x5 mins),Xellark x zyX,Xellark,Porto,zyX,Celtic,09/09/2026,09:08:34,Total de Gols,Under,7.5,,,,,2.02,0-0,0-0,Green,1.02,17644470
