passe,janela,wr_min,wr_max,janela2,op2,wr2,conf_min,conf_max,linha_min,linha_max,odd_min,odd_max,lado,extra,teto,apostas,jogos,por_jogo,G,R,WR,unidades,ROI,vivo,queda_ponta,roi_3d,u_3d,G_3d,R_3d,ap_3d,roi_7d,u_7d,G_7d,R_7d,ap_7d,borda_chip,fragil,conc_par,conc_alvo,n_par,dano_par,roi_sem3_par,vol3_par,id_suspeita,u_dia,ap_dia,odd_media,break_even,margem_be,linha_media,DD,lucro_dd,pior_jogo,pior_dia,melhor_dia,dias_pos,dias_neg,max_reds,z_jogo,roi_m1,roi_m2,acima_sorte,acima_placebo,roi_treino,roi_cego,ap_cego,desvio_cego,equiv,acima_sorte_par,premio,premio_alto,sem_tot,sem_pos,ult_sem_u,robusta,selo
P4,-,0.0,-,-,,-,0,-,0.5,6.5,-,-,zebra,dif<=0,3,828,508,1.63,516,312,62.3,20.82,2.51,1,0.74,1.18,2.41,125,79,204,0.04,0.21,294,189,483,,,64.8,,317,-16.33,0.92,3.5,0,2.08,82.8,1.654,60.5,1.8,5.9,20.26,1.0,-3.0,-13.44,15.22,6,4,10,0.74,3.74,0.44,11.68,-2.21,2.95,1.18,204,-1.77,1,11.75,14.72,0,2,2,1.37,0,DIRECAO
P4,-,0.0,-,-,,-,0,-,0.5,6.5,-,-,zebra,dif 0~1,3,1064,589,1.81,665,399,62.5,20.63,1.94,0,-0.07,-2.78,-7.33,157,107,264,-2.6,-16.27,374,251,625,,,64.6,,352,-17.98,0.7,2.4,0,2.06,106.4,1.637,61.1,1.4,5.9,32.07,0.6,-3.0,-17.79,32.74,5,5,9,0.63,4.73,-2.71,11.61,-2.78,3.49,-2.78,264,-6.27,1,11.59,14.14,0,2,1,-10.81,0,DIRECAO
P4,-,0.0,-,-,,-,0,-,0.5,6.5,-,-,zebra,dif<=0,6,863,508,1.7,537,326,62.2,17.51,2.03,1,0.0,1.1,2.34,131,82,213,0.36,1.81,307,194,501,,,77.0,,317,-21.6,0.48,3.4,0,1.75,86.3,1.649,60.7,1.6,5.8,18.33,1.0,-6.0,-12.94,15.34,6,4,10,0.6,2.58,1.1,11.19,-2.69,2.33,1.1,213,-1.24,1,11.26,14.23,0,2,2,3.53,0,DIRECAO
P4,-,0.0,-,-,,-,0,-,0.5,6.5,-,-,zebra,dif<=0,-,865,508,1.7,538,327,62.2,16.88,1.95,1,0.0,1.1,2.34,131,82,213,0.36,1.81,307,194,501,,,79.9,,317,-22.6,0.41,3.4,0,1.69,86.5,1.648,60.7,1.5,5.8,18.33,0.9,-7.0,-12.94,15.34,6,4,10,0.57,2.45,1.1,11.11,-2.77,2.23,1.1,213,-1.13,1,11.19,14.15,0,2,2,3.53,0,DIRECAO
P4,-,0.0,-,-,,-,0,-,0.5,6.5,-,-,zebra,dif 0~1,6,1157,589,1.96,722,435,62.4,12.21,1.06,0,-0.38,-2.73,-7.94,175,116,291,-2.43,-16.43,409,268,677,,,112.2,,352,-24.0,-0.13,2.3,1,1.22,115.7,1.626,61.5,0.9,5.7,31.89,0.4,-6.0,-17.85,33.06,5,5,11,0.35,3.15,-2.35,10.72,-3.66,2.33,-2.73,291,-5.06,1,10.71,13.26,0,2,1,-10.34,0,DIRECAO
P4,-,0.0,-,-,,-,0,-,0.5,6.5,-,-,zebra,tot_env<=1,3,876,522,1.68,536,340,61.2,11.62,1.33,0,-0.5,-1.12,-2.48,132,89,221,-1.37,-7.05,308,208,516,,,108.9,,316,-18.9,-0.12,2.5,1,1.16,87.6,1.662,60.2,1.0,6.0,28.75,0.4,-3.0,-17.78,16.46,5,5,10,0.39,2.51,-0.62,10.58,-3.39,2.15,-1.12,221,-3.27,1,10.63,13.53,0,2,1,-2.06,0,DIRECAO
P4,-,0.0,-,-,,-,0,-,0.5,6.5,-,-,zebra,dif 0~1,-,1159,589,1.97,723,436,62.4,11.58,1.0,0,-0.38,-2.73,-7.94,175,116,291,-2.43,-16.43,409,268,677,,,118.3,,352,-25.0,-0.19,2.3,1,1.16,115.9,1.626,61.5,0.9,5.7,31.89,0.4,-7.0,-17.85,33.06,5,5,11,0.33,3.05,-2.35,10.67,-3.72,2.25,-2.73,291,-4.98,1,10.65,13.2,0,2,1,-10.34,0,DIRECAO
P4,-,0.0,-,-,,-,0,-,0.5,6.5,-,-,zebra,tot_env<=0,3,716,462,1.55,434,282,60.6,7.72,1.08,0,0.71,2.7,4.86,111,69,180,-0.47,-1.95,250,168,418,,,169.7,,295,-17.38,-0.78,3.2,1,0.77,71.6,1.673,59.8,0.9,6.0,23.29,0.3,-3.0,-16.21,8.96,6,4,9,0.29,0.54,1.99,9.83,-3.64,0.53,2.7,180,2.17,1,9.77,13.28,0,2,2,5.3,0,DIRECAO
P4,-,0.0,-,-,,-,0,-,0.5,6.5,-,-,zebra,dif 0~1,1,589,589,1.0,357,232,60.6,5.4,0.92,0,-0.76,-3.22,-4.76,86,62,148,-2.5,-8.71,205,144,349,,,125.9,,352,-9.31,-0.24,2.2,1,0.54,58.9,1.67,59.9,0.7,6.4,20.28,0.3,-1.0,-7.29,9.55,5,5,7,0.27,3.01,-2.46,10.59,-3.8,2.3,-3.22,148,-5.52,1,10.57,13.12,0,2,1,-5.54,0,DIRECAO
P4,-,0.0,-,-,,-,0,-,0.5,6.5,-,-,zebra,tot_env<=1,1,522,522,1.0,313,209,60.0,4.29,0.82,0,-2.82,-5.01,-6.51,73,57,130,-1.24,-3.85,183,128,311,,,158.5,,316,-9.31,-0.49,2.5,1,0.43,52.2,1.687,59.3,0.7,6.4,17.11,0.3,-1.0,-6.16,6.64,5,5,5,0.23,2.66,-2.19,10.07,-3.9,2.76,-5.01,130,-7.76,1,10.13,13.02,0,2,1,-4.33,0,DIRECAO
P4,-,0.0,-,-,,-,0,-,0.5,6.5,-,-,zebra,tot_env<=0,6,743,462,1.61,449,294,60.4,3.89,0.52,0,-0.07,2.76,5.13,115,71,186,-0.11,-0.47,260,172,432,,,336.8,,295,-22.38,-1.28,3.1,1,0.39,74.3,1.669,59.9,0.5,5.9,21.36,0.2,-6.0,-15.71,8.16,6,4,8,0.14,-0.84,2.83,9.28,-4.2,-0.22,2.76,186,2.98,1,9.22,12.73,0,2,1,7.8,0,DIRECAO
P4,-,0.0,-,-,,-,0,-,0.5,6.5,-,-,zebra,tot_env<=1,6,936,522,1.79,570,366,60.9,3.29,0.35,0,-0.82,-1.21,-2.92,145,96,241,-1.26,-6.89,330,219,549,,,384.5,,316,-24.52,-1.02,2.4,1,0.33,93.6,1.653,60.5,0.4,5.8,27.24,0.1,-6.0,-16.76,15.42,5,5,11,0.1,0.81,-0.39,9.6,-4.37,0.89,-1.21,241,-2.11,1,9.66,12.55,0,2,1,-1.4,0,DIRECAO
P4,-,0.0,-,-,,-,0,-,0.5,6.5,-,-,zebra,tot_env<=0,-,745,462,1.61,450,295,60.4,3.26,0.44,0,-0.07,2.76,5.13,115,71,186,-0.11,-0.47,260,172,432,,,401.8,,295,-23.38,-1.36,3.1,1,0.33,74.5,1.668,59.9,0.5,5.9,21.36,0.2,-7.0,-15.71,8.16,6,4,9,0.12,-0.97,2.83,9.19,-4.28,-0.33,2.76,186,3.09,1,9.13,12.64,0,2,1,7.8,0,DIRECAO
P1,-,0.0,-,-,,-,0,-,0.5,5.5,-,-,zebra,-,2,617,419,1.47,394,223,63.9,3.19,0.52,0,0.36,-2.03,-3.1,95,58,153,-0.5,-1.81,231,133,364,,,280.6,,284,-13.0,-0.96,2.4,1,0.32,61.7,1.574,63.5,0.3,5.2,21.6,0.1,-2.0,-16.97,18.74,5,5,6,0.15,2.19,-2.39,8.87,-4.2,1.36,-2.03,153,-3.38,4,8.65,12.72,0,2,1,-5.38,0,DIRECAO
P1,-,0.0,-,-,,-,0,-,4.5,5.5,-,-,zebra,-,2,615,417,1.47,392,223,63.7,2.78,0.45,0,0.36,-2.03,-3.1,95,58,153,-0.5,-1.81,231,133,364,,,321.9,,284,-13.0,-1.03,2.4,1,0.28,61.5,1.575,63.5,0.2,5.2,21.6,0.1,-2.0,-16.97,18.33,5,5,6,0.13,2.09,-2.39,8.78,-4.27,1.27,-2.03,153,-3.3,1,8.55,12.65,0,2,1,-5.38,0,DIRECAO
P4,-,0.0,-,-,,-,0,-,0.5,6.5,-,-,zebra,tot_env<=1,-,938,522,1.8,571,367,60.9,2.66,0.28,0,-0.82,-1.21,-2.92,145,96,241,-1.26,-6.89,330,219,549,,,475.6,,316,-25.52,-1.09,2.3,1,0.27,93.8,1.653,60.5,0.4,5.8,27.24,0.1,-7.0,-16.76,15.42,5,5,11,0.08,0.7,-0.39,9.53,-4.44,0.8,-1.21,241,-2.01,1,9.59,12.49,0,2,1,-1.4,0,DIRECAO
P1,-,0.0,-,-,,-,0,-,0.5,5.5,-,-,zebra,-,1,419,419,1.0,265,154,63.2,2.13,0.51,1,2.6,1.39,1.5,69,39,108,0.69,1.72,159,91,250,,,320.7,,284,-8.0,-1.15,2.6,1,0.21,41.9,1.589,62.9,0.3,5.5,13.55,0.2,-1.0,-9.31,9.36,5,5,6,0.14,1.54,-1.21,8.86,-4.21,0.2,1.39,108,1.19,4,8.64,12.71,0,2,1,-1.9,0,DIRECAO
P4,-,0.0,-,-,,-,0,-,0.5,6.5,-,-,zebra,tot_env 0~3,3,1096,577,1.9,670,426,61.1,1.85,0.17,0,0.93,-1.66,-4.55,164,110,274,-3.25,-21.02,382,264,646,,,720.5,,345,-19.69,-1.07,2.4,1,0.18,109.6,1.643,60.9,0.3,5.8,47.89,0.0,-3.0,-25.01,28.52,6,4,9,0.05,1.81,-2.59,9.76,-4.55,0.78,-1.66,274,-2.44,1,9.76,12.37,0,2,1,-10.61,0,DIRECAO
P4,-,0.0,-,-,,-,0,-,0.5,6.5,-,-,zebra,dif<=0,1,508,508,1.0,304,204,59.8,0.86,0.17,0,-2.77,-4.75,-5.89,70,54,124,-2.48,-7.37,173,124,297,,,790.7,,317,-9.31,-1.2,2.6,1,0.09,50.8,1.68,59.5,0.3,6.4,17.63,0.0,-1.0,-8.31,4.7,6,4,5,0.05,1.45,-1.98,9.33,-4.55,1.76,-4.75,124,-6.51,1,9.4,12.37,0,2,1,-3.76,0,DIRECAO
P1,-,0.0,-,-,,-,0,-,4.5,5.5,-,-,zebra,-,3,617,417,1.48,392,225,63.5,0.78,0.13,0,0.36,-2.03,-3.1,95,58,153,-0.5,-1.81,231,133,364,,,1147.4,,284,-13.0,-1.36,2.4,1,0.08,61.7,1.575,63.5,0.0,5.2,22.6,0.0,-2.0,-17.97,17.33,5,5,6,0.04,1.57,-2.39,8.46,-4.59,0.84,-2.03,153,-2.86,6,8.23,12.33,0,2,1,-5.38,0,DIRECAO
P1,-,0.0,-,-,,-,0,-,4.5,5.5,-,-,zebra,-,1,417,417,1.0,263,154,63.1,0.73,0.18,1,2.6,1.39,1.5,69,39,108,0.69,1.72,159,91,250,,,935.6,,284,-8.0,-1.5,2.6,1,0.07,41.7,1.588,63.0,0.1,5.5,13.55,0.1,-1.0,-9.31,9.36,5,5,6,0.05,1.01,-1.21,8.5,-4.54,-0.25,1.39,108,1.64,1,8.28,12.38,0,2,1,-1.9,0,DIRECAO
P1,-,0.0,-,-,,-,0,-,5.5,5.5,-,-,zebra,-,1,417,417,1.0,262,155,62.8,0.52,0.12,1,2.65,1.57,1.7,69,39,108,0.84,2.1,159,91,250,,,1288.5,,284,-8.0,-1.52,2.6,1,0.05,41.7,1.592,62.8,0.0,5.5,13.35,0.0,-1.0,-9.05,9.54,5,5,6,0.03,0.85,-1.08,8.45,-4.6,-0.38,1.57,108,1.96,1,8.23,12.33,0,2,1,-1.7,0,DIRECAO
P2,-,0.0,-,-,,-,0,-,0.5,6.5,1.62,-,zebra,-,1,449,449,1.0,262,187,58.4,-0.6,-0.13,0,-0.55,0.86,0.98,67,47,114,-2.42,-6.45,152,114,266,,,,,284,,,,0,-0.06,44.9,1.713,58.4,-0.0,6.3,16.51,-0.0,-1.0,-7.54,8.52,5,5,6,-0.03,-1.07,1.41,8.5,-4.85,-0.47,0.86,114,1.33,1,8.39,12.07,0,2,1,2.39,0,DIRECAO
P2,-,0.0,-,-,,-,0,-,5.5,7.5,1.62,1.68,zebra,-,1,511,511,1.0,311,200,60.9,-0.64,-0.13,0,2.36,-0.84,-1.12,81,53,134,-3.86,-12.05,183,129,312,,,,,316,,,,0,-0.06,51.1,1.64,61.0,-0.1,6.8,21.67,-0.0,-1.0,-5.99,9.51,5,5,7,-0.04,1.86,-3.2,9.06,-4.85,0.13,-0.84,134,-0.96,1,9.12,12.08,0,2,1,-6.41,0,DIRECAO
P4,-,0.0,-,-,,-,0,-,0.5,6.5,-,-,zebra,tot_env 0~3,1,577,577,1.0,344,233,59.6,-0.67,-0.12,0,-0.14,-4.41,-6.53,84,64,148,-3.2,-11.18,202,147,349,,,,,345,,,,0,-0.07,57.7,1.679,59.6,0.1,6.4,25.09,-0.0,-1.0,-6.79,6.89,5,5,6,-0.03,2.56,-4.27,9.48,-4.84,1.37,-4.41,148,-5.78,1,9.48,12.09,0,2,1,-9.65,0,DIRECAO
P2,-,0.0,-,-,,-,0,-,0.5,7.5,1.62,1.68,zebra,-,1,515,515,1.0,313,202,60.8,-1.36,-0.26,0,2.27,-1.08,-1.47,82,54,136,-3.95,-12.4,184,130,314,,,,,319,,,,0,-0.14,51.5,1.64,61.0,-0.2,6.8,21.02,-0.1,-1.0,-5.99,10.14,4,6,7,-0.07,1.73,-3.35,8.94,-4.98,0.03,-1.08,136,-1.11,1,9.01,11.94,0,2,1,-6.76,0,DIRECAO
P1,-,0.0,-,-,,-,0,-,5.5,5.5,-,-,zebra,-,2,419,417,1.0,262,157,62.5,-1.48,-0.35,1,2.65,1.57,1.7,69,39,108,0.84,2.1,159,91,250,,,,,284,,,,0,-0.15,41.9,1.591,62.8,-0.3,5.5,13.35,-0.1,-2.0,-10.05,9.54,5,5,6,-0.09,0.08,-1.08,7.98,-5.07,-1.02,1.57,108,2.6,7,7.75,11.85,0,2,1,-1.7,0,DIRECAO
P2,-,0.0,-,-,,-,0,-,0.5,6.5,1.62,-,zebra,-,2,583,449,1.3,341,242,58.5,-1.65,-0.28,0,-0.35,2.58,3.76,88,58,146,-3.78,-12.99,195,149,344,,,,,284,,,,0,-0.16,58.3,1.708,58.5,-0.1,6.2,25.87,-0.1,-2.0,-16.95,12.84,5,5,9,-0.07,-2.1,2.93,8.35,-5.0,-1.24,2.58,146,3.81,1,8.24,11.92,0,2,1,6.18,0,DIRECAO
P4,-,0.0,-,-,,-,0,-,0.5,6.5,-,-,zebra,tot_env<=0,1,462,462,1.0,272,190,58.9,-2.16,-0.47,0,-2.72,-5.37,-6.18,64,51,115,-2.29,-6.26,158,115,273,,,,,295,,,,0,-0.22,46.2,1.695,59.0,-0.1,6.4,18.58,-0.1,-1.0,-7.22,5.57,5,5,5,-0.12,0.85,-2.65,8.29,-5.19,1.16,-5.37,115,-6.53,1,8.23,11.74,0,2,1,-4.61,0,DIRECAO
P2,-,0.0,-,-,,-,0,-,5.5,6.5,1.62,-,zebra,-,1,445,445,1.0,258,187,58.0,-2.76,-0.62,0,-0.74,0.29,0.33,66,47,113,-2.68,-7.1,151,114,265,,,,,281,,,,0,-0.28,44.5,1.715,58.3,-0.3,6.4,16.82,-0.2,-1.0,-7.54,6.7,4,6,6,-0.15,-1.63,1.03,7.97,-5.34,-0.93,0.29,113,1.22,1,7.85,11.58,0,2,1,1.74,0,DIRECAO
P2,-,0.0,-,-,,-,0,-,5.5,6.5,1.62,-,zebra,-,2,569,445,1.28,332,237,58.3,-3.48,-0.61,0,0.49,4.3,6.11,87,55,142,-3.26,-10.97,192,145,337,,,,,281,,,,0,-0.35,56.9,1.708,58.5,-0.2,6.2,25.5,-0.1,-2.0,-16.95,9.64,4,6,9,-0.16,-3.12,3.81,7.98,-5.33,-2.25,4.3,142,6.55,1,7.86,11.59,0,2,1,7.85,0,DIRECAO
P1,-,0.0,-,-,,-,0,-,2.5,5.5,-,-,zebra,-,5,726,419,1.73,462,264,63.6,-3.74,-0.52,0,-1.05,-4.41,-7.94,110,70,180,-1.65,-7.0,267,156,423,,,,,284,,,,0,-0.37,72.6,1.564,64.0,-0.3,4.9,30.99,-0.1,-4.0,-20.46,22.38,5,5,7,-0.15,1.13,-3.36,7.83,-5.24,0.77,-4.41,180,-5.18,4,7.61,11.69,0,2,1,-8.93,0,DIRECAO
P2,-,0.0,-,-,,-,0,-,5.5,9.5,1.62,1.68,zebra,-,1,591,591,1.0,357,234,60.4,-4.07,-0.69,0,-0.05,-3.77,-5.73,89,63,152,-1.65,-5.91,215,144,359,,,,,347,,,,0,-0.41,59.1,1.643,60.9,-0.4,7.2,18.14,-0.2,-1.0,-4.75,3.58,5,5,6,-0.21,1.2,-3.72,8.99,-5.41,0.38,-3.77,152,-4.15,1,8.98,11.51,0,2,1,-8.44,0,DIRECAO
P1,-,0.0,-,-,,-,0,-,0.5,5.5,-,-,zebra,-,4,725,419,1.73,461,264,63.6,-4.12,-0.57,0,-1.05,-4.41,-7.94,110,70,180,-1.65,-7.0,267,156,423,,,,,284,,,,0,-0.41,72.5,1.564,63.9,-0.4,4.9,30.99,-0.1,-4.0,-20.46,22.0,5,5,7,-0.16,1.05,-3.36,7.78,-5.29,0.7,-4.41,180,-5.11,3,7.56,11.63,0,2,1,-8.93,0,DIRECAO
P2,-,0.0,-,-,,-,0,-,0.5,6.5,1.62,1.98,zebra,-,1,438,438,1.0,256,182,58.4,-4.16,-0.95,0,-1.43,-3.67,-4.04,63,47,110,-5.3,-13.68,145,113,258,,,,,278,,,,0,-0.42,43.8,1.697,58.9,-0.5,6.3,19.06,-0.2,-1.0,-8.68,9.07,4,6,6,-0.24,-0.17,-2.24,7.58,-5.67,-0.04,-3.67,110,-3.64,1,7.43,11.25,0,2,0,-3.7,0,DIRECAO
P1,-,0.0,-,-,,-,0,-,0.5,5.5,-,-,zebra,-,5,735,419,1.75,468,267,63.7,-4.17,-0.57,0,-0.96,-3.67,-6.71,113,70,183,-1.15,-4.91,272,156,428,,,,,284,,,,0,-0.42,73.5,1.562,64.0,-0.4,4.9,31.25,-0.1,-5.0,-21.46,21.38,5,5,8,-0.16,0.68,-2.71,7.78,-5.29,0.46,-3.67,183,-4.13,5,7.56,11.64,0,2,1,-7.32,0,DIRECAO
P2,-,0.0,-,-,,-,0,-,5.5,6.5,1.62,1.68,zebra,-,1,313,313,1.0,189,124,60.4,-4.28,-1.37,0,5.63,2.73,2.21,51,30,81,-5.85,-11.05,109,80,189,,,,,217,,,,0,-0.43,31.3,1.634,61.2,-0.8,6.3,26.49,-0.2,-1.0,-5.28,6.12,4,6,4,-0.3,-0.47,-2.9,5.98,-7.39,-2.8,2.73,81,5.53,1,5.37,10.84,0,2,0,-3.36,0,DIRECAO
P2,-,0.0,-,-,,-,0,-,5.5,6.5,1.62,-,zebra,-,3,570,445,1.28,332,238,58.2,-4.48,-0.79,0,0.49,4.3,6.11,87,55,142,-3.26,-10.97,192,145,337,,,,,281,,,,0,-0.45,57.0,1.708,58.6,-0.3,6.2,25.5,-0.2,-2.0,-16.95,8.64,4,6,9,-0.2,-3.39,3.81,7.81,-5.51,-2.47,4.3,142,6.78,4,7.68,11.42,0,2,1,7.85,0,DIRECAO
P1,-,0.0,-,-,,-,0,-,3.5,5.5,-,-,zebra,-,4,701,419,1.67,444,257,63.3,-4.63,-0.66,0,-0.5,-4.43,-7.57,104,67,171,-1.96,-8.0,256,152,408,,,,,284,,,,0,-0.46,70.1,1.567,63.8,-0.5,5.0,31.86,-0.1,-3.0,-21.45,23.0,5,5,7,-0.18,1.2,-3.93,7.69,-5.38,0.55,-4.43,171,-4.98,5,7.47,11.54,0,2,1,-9.99,0,DIRECAO
P2,-,0.0,-,-,,-,0,-,0.5,9.5,1.62,1.68,zebra,-,1,595,595,1.0,359,236,60.3,-4.79,-0.81,0,-0.11,-3.95,-6.08,90,64,154,-1.73,-6.26,216,145,361,,,,,350,,,,0,-0.48,59.5,1.643,60.9,-0.5,7.1,17.49,-0.3,-1.0,-4.79,4.21,5,5,6,-0.24,1.09,-3.84,8.9,-5.53,0.29,-3.95,154,-4.24,1,8.88,11.4,0,2,1,-8.79,0,DIRECAO
P1,-,0.0,-,-,,-,0,-,0.5,5.5,-,-,zebra,-,6,737,419,1.76,469,268,63.6,-4.8,-0.65,0,-0.96,-3.67,-6.71,113,70,183,-1.15,-4.91,272,156,428,,,,,284,,,,0,-0.48,73.7,1.561,64.0,-0.4,4.8,31.88,-0.2,-6.0,-21.46,21.38,5,5,8,-0.18,0.54,-2.71,7.7,-5.37,0.34,-3.67,183,-4.01,3,7.48,11.55,0,2,1,-7.32,0,DIRECAO
P2,-,0.0,-,-,,-,0,-,0.5,6.5,1.62,1.68,zebra,-,1,317,317,1.0,191,126,60.3,-5.0,-1.58,0,5.38,2.24,1.86,52,31,83,-5.97,-11.4,110,81,191,,,,,220,,,,0,-0.5,31.7,1.634,61.2,-0.9,6.2,25.84,-0.2,-1.0,-5.28,6.28,4,6,4,-0.35,-0.65,-3.14,5.81,-7.6,-2.93,2.24,83,5.17,1,5.21,10.63,0,2,0,-3.71,0,DIRECAO
P2,-,0.0,-,-,,-,0,-,5.5,6.5,1.62,1.68,zebra,-,2,369,313,1.18,223,146,60.4,-5.0,-1.36,0,4.98,2.12,1.93,57,34,91,-5.07,-11.15,128,92,220,,,,,217,,,,0,-0.5,36.9,1.633,61.2,-0.8,6.2,29.56,-0.2,-2.0,-7.8,7.62,5,5,5,-0.3,-0.53,-2.86,5.99,-7.38,-2.49,2.12,91,4.61,1,5.38,10.85,0,2,0,-3.75,0,DIRECAO
P1,-,0.0,-,-,,-,0,-,0.5,5.5,-,-,zebra,-,3,699,419,1.67,442,257,63.2,-5.58,-0.8,0,-0.5,-4.43,-7.57,104,67,171,-1.96,-8.0,256,152,408,,,,,284,,,,0,-0.56,69.9,1.568,63.8,-0.6,5.0,32.27,-0.2,-3.0,-21.86,22.46,5,5,7,-0.22,0.99,-3.93,7.55,-5.52,0.38,-4.43,171,-4.8,4,7.33,11.4,0,2,1,-9.99,0,DIRECAO
P2,-,0.0,-,-,,-,0,-,5.5,6.5,1.62,1.68,zebra,-,3,370,313,1.18,223,147,60.3,-6.0,-1.62,0,4.98,2.12,1.93,57,34,91,-5.07,-11.15,128,92,220,,,,,217,,,,0,-0.6,37.0,1.633,61.2,-1.0,6.2,29.56,-0.2,-2.0,-7.8,6.62,5,5,5,-0.36,-0.94,-2.86,5.73,-7.64,-2.84,2.12,91,4.96,4,5.11,10.58,0,2,0,-3.75,0,DIRECAO
P2,-,0.0,-,-,,-,0,-,0.5,6.5,1.62,-,zebra,-,3,591,449,1.32,343,248,58.0,-6.23,-1.05,0,-0.08,1.88,2.76,88,59,147,-4.61,-15.99,195,152,347,,,,,284,,,,0,-0.62,59.1,1.708,58.6,-0.5,6.2,29.07,-0.2,-3.0,-16.95,11.46,5,5,9,-0.27,-2.75,1.96,7.58,-5.77,-2.02,1.88,147,3.9,4,7.47,11.15,0,2,1,4.18,0,DIRECAO
P4,-,0.0,-,-,,-,0,-,6.5,6.5,-,-,zebra,tot_env<=1,1,513,513,1.0,300,213,58.5,-6.53,-1.27,0,-2.67,-5.3,-6.84,72,57,129,-5.02,-15.31,172,133,305,,,,,312,,,,0,-0.65,51.3,1.695,59.0,-0.5,6.5,25.87,-0.3,-1.0,-15.01,6.86,5,5,8,-0.34,-0.44,-2.63,7.92,-5.99,0.08,-5.3,129,-5.38,1,7.99,10.93,0,2,0,-5.15,0,DIRECAO
P2,-,0.0,-,-,,-,0,-,5.5,-,1.62,1.68,zebra,-,1,597,597,1.0,359,238,60.1,-6.71,-1.12,0,0.31,-3.93,-6.05,90,64,154,-2.27,-8.23,216,147,363,,,,,350,,,,0,-0.67,59.7,1.643,60.9,-0.7,7.2,18.76,-0.4,-1.0,-4.75,3.54,5,5,6,-0.34,0.83,-4.24,8.59,-5.84,-0.15,-3.93,154,-3.78,1,8.57,11.08,0,2,1,-9.76,0,DIRECAO
P2,-,0.0,-,-,,-,0,-,0.5,6.5,1.62,1.68,zebra,-,2,378,317,1.19,227,151,60.1,-7.39,-1.96,0,3.89,0.62,0.58,58,36,94,-5.38,-12.17,131,95,226,,,,,220,,,,0,-0.74,37.8,1.633,61.2,-1.2,6.1,29.58,-0.2,-2.0,-7.8,7.25,5,5,5,-0.43,-1.22,-3.27,5.43,-7.98,-2.81,0.62,94,3.42,1,4.83,10.25,0,2,0,-4.42,0,DIRECAO
P2,-,0.0,-,-,,-,0,-,0.5,-,1.62,1.68,zebra,-,1,601,601,1.0,361,240,60.1,-7.43,-1.24,0,0.26,-4.1,-6.4,91,65,156,-2.35,-8.58,217,148,365,,,,,353,,,,0,-0.74,60.1,1.643,60.9,-0.8,7.2,18.11,-0.4,-1.0,-4.79,3.89,5,5,6,-0.38,0.73,-4.36,8.51,-5.96,-0.23,-4.1,156,-3.87,1,8.48,10.97,0,2,1,-10.11,0,DIRECAO
P4,-,0.0,-,-,,-,0,-,6.5,6.5,-,-,zebra,tot_env<=1,3,514,513,1.0,300,214,58.4,-7.53,-1.46,0,-2.67,-5.3,-6.84,72,57,129,-5.02,-15.31,172,133,305,,,,,312,,,,0,-0.75,51.4,1.695,59.0,-0.6,6.5,25.87,-0.3,-2.0,-15.01,6.86,5,5,8,-0.4,-0.75,-2.63,7.73,-6.18,-0.18,-5.3,129,-5.12,3,7.8,10.74,0,2,0,-5.15,0,DIRECAO
P2,-,0.0,-,-,,-,0,-,5.5,6.5,1.62,1.98,zebra,-,1,433,433,1.0,251,182,58.0,-7.79,-1.8,0,-1.65,-4.3,-4.69,62,47,109,-5.58,-14.33,144,113,257,,,,,274,,,,0,-0.78,43.3,1.697,58.9,-0.9,6.4,19.71,-0.4,-1.0,-8.68,5.78,4,6,6,-0.45,-1.28,-2.65,6.68,-6.52,-0.96,-4.3,109,-3.35,1,6.51,10.4,0,2,0,-4.35,0,DIRECAO
P2,-,0.0,-,-,,-,0,-,0.5,6.5,1.62,1.98,zebra,-,2,562,438,1.28,328,234,58.4,-7.89,-1.4,0,-1.23,-1.79,-2.5,82,58,140,-6.14,-20.46,186,147,333,,,,,278,,,,0,-0.79,56.2,1.693,59.1,-0.7,6.2,27.06,-0.3,-2.0,-18.09,11.3,5,5,8,-0.36,-1.88,-0.56,7.12,-6.12,-1.28,-1.79,140,-0.51,1,6.97,10.8,0,2,0,-1.15,0,DIRECAO
P4,-,0.0,-,-,,-,0,-,0.5,6.5,-,-,zebra,tot_env 0~3,6,1208,577,2.09,739,469,61.2,-8.3,-0.69,0,0.33,-2.36,-7.16,182,121,303,-3.3,-23.28,421,285,706,,,,,345,,,,0,-0.83,120.8,1.629,61.4,-0.2,5.6,50.34,-0.2,-6.0,-25.71,28.69,6,4,11,-0.22,0.51,-2.69,8.91,-5.41,-0.13,-2.36,303,-2.24,1,8.91,11.52,0,2,1,-12.14,0,DIRECAO
P4,-,0.0,-,-,,-,0,-,0.5,6.5,-,-,zebra,tot_env 0~3,-,1210,577,2.1,740,470,61.2,-8.93,-0.74,0,0.33,-2.36,-7.16,182,121,303,-3.3,-23.28,421,285,706,,,,,345,,,,0,-0.89,121.0,1.628,61.4,-0.3,5.6,50.97,-0.2,-7.0,-25.71,28.69,6,4,11,-0.24,0.42,-2.69,8.86,-5.46,-0.2,-2.36,303,-2.17,1,8.86,11.46,0,2,1,-12.14,0,DIRECAO
P2,-,0.0,-,-,,-,0,-,5.5,6.5,1.62,1.98,zebra,-,2,548,433,1.27,319,229,58.2,-9.72,-1.77,0,-0.37,-0.11,-0.15,81,55,136,-5.66,-18.44,183,143,326,,,,,274,,,,0,-0.97,54.8,1.692,59.1,-0.9,6.2,26.39,-0.4,-2.0,-18.09,8.1,4,6,8,-0.45,-2.93,0.26,6.71,-6.49,-2.32,-0.11,136,2.21,1,6.54,10.43,0,2,1,0.52,0,DIRECAO
P2,-,0.0,-,-,,-,0,-,0.5,9.5,1.32,1.68,zebra,-,1,800,800,1.0,487,313,60.9,-10.0,-1.25,0,-0.03,-4.21,-8.29,116,81,197,-1.68,-7.91,285,186,471,,,,,432,,,,0,-1.0,80.0,1.623,61.6,-0.8,6.9,24.67,-0.4,-1.0,-6.43,4.03,4,6,8,-0.45,0.53,-4.18,9.74,-5.97,-0.28,-4.21,197,-3.92,1,9.5,10.95,0,2,1,-12.62,0,DIRECAO
P2,-,0.0,-,-,,-,0,-,0.5,6.5,1.62,1.86,zebra,-,1,392,392,1.0,230,162,58.7,-10.18,-2.6,0,1.27,-3.01,-3.1,60,43,103,-5.59,-13.2,134,102,236,,,,,258,,,,0,-1.02,39.2,1.663,60.1,-1.5,6.3,21.24,-0.5,-1.0,-4.68,4.4,3,7,5,-0.63,-1.58,-4.28,5.5,-8.62,-2.45,-3.01,103,-0.56,1,5.18,9.61,0,2,0,-6.33,0,DIRECAO
P2,-,0.0,-,-,,-,0,-,7.5,9.5,1.62,1.68,zebra,-,3,379,335,1.13,223,156,58.8,-10.5,-2.77,0,-4.2,-9.61,-9.32,53,44,97,-0.85,-1.97,140,93,233,,,,,206,,,,0,-1.05,37.9,1.65,60.6,-1.8,7.9,15.01,-0.7,-2.0,-7.84,6.96,3,7,6,-0.62,-1.0,-5.41,4.79,-8.79,-0.42,-9.61,97,-9.19,4,4.25,9.43,0,2,0,-8.22,0,DIRECAO
P2,-,0.0,-,-,,-,0,-,5.5,6.5,1.62,1.98,zebra,-,3,549,433,1.27,319,230,58.1,-10.72,-1.95,0,-0.37,-0.11,-0.15,81,55,136,-5.66,-18.44,183,143,326,,,,,274,,,,0,-1.07,54.9,1.692,59.1,-1.0,6.2,26.39,-0.4,-2.0,-18.09,7.1,4,6,8,-0.5,-3.21,0.26,6.53,-6.67,-2.56,-0.11,136,2.45,4,6.36,10.25,0,2,1,0.52,0,DIRECAO
P2,-,0.0,-,-,,-,0,-,0.5,6.5,1.62,1.68,zebra,-,3,383,317,1.21,228,155,59.5,-10.77,-2.81,0,4.25,-0.44,-0.42,58,37,95,-6.62,-15.17,131,98,229,,,,,220,,,,0,-1.08,38.3,1.633,61.2,-1.7,6.1,32.58,-0.3,-3.0,-8.28,6.87,4,6,6,-0.62,-1.77,-4.69,4.58,-8.83,-3.59,-0.44,95,3.15,4,3.98,9.39,0,2,0,-6.42,0,DIRECAO
P2,-,0.0,-,-,,-,0,-,5.5,7.5,1.62,1.68,zebra,-,2,614,511,1.2,368,246,59.9,-10.78,-1.76,0,2.18,-2.07,-3.29,95,64,159,-5.66,-21.22,216,159,375,,,,,316,,,,0,-1.08,61.4,1.639,61.0,-1.1,6.7,36.71,-0.3,-2.0,-6.97,11.4,4,6,6,-0.48,-0.18,-4.25,7.42,-6.48,-1.65,-2.07,159,-0.42,1,7.49,10.45,0,2,0,-10.11,0,DIRECAO
P2,-,0.0,-,-,,-,0,-,7.5,9.5,1.62,1.68,zebra,-,1,335,335,1.0,196,139,58.5,-10.96,-3.27,0,-3.78,-9.66,-8.5,48,40,88,-1.6,-3.33,124,84,208,,,,,206,,,,0,-1.1,33.5,1.651,60.6,-2.1,7.9,14.08,-0.8,-1.0,-7.39,5.09,3,7,5,-0.73,-1.46,-5.88,4.29,-9.29,-1.0,-9.66,88,-8.66,1,3.75,8.93,0,2,0,-8.06,0,DIRECAO
P4,-,0.0,-,-,,-,0,-,6.5,6.5,-,-,zebra,dif 0~1,1,568,568,1.0,333,235,58.6,-11.06,-1.95,0,-0.43,-4.18,-6.06,83,62,145,-6.52,-21.92,188,148,336,,,,,342,,,,0,-1.11,56.8,1.679,59.6,-0.9,6.5,30.31,-0.4,-1.0,-15.56,6.93,5,5,7,-0.56,-0.82,-3.75,7.59,-6.67,-1.18,-4.18,145,-3.0,1,7.6,10.26,0,2,0,-8.21,0,DIRECAO
P4,-,0.0,-,-,,-,0,-,0.5,6.5,-,-,zebra,dif>=0,1,650,650,1.0,385,265,59.2,-11.81,-1.82,0,1.22,-3.98,-6.6,96,70,166,-4.68,-18.28,225,166,391,,,,,377,,,,0,-1.18,65.0,1.658,60.3,-1.1,6.4,29.45,-0.4,-1.0,-6.81,6.86,5,5,9,-0.56,0.37,-5.2,8.23,-6.54,-1.08,-3.98,166,-2.9,1,8.16,10.39,0,2,1,-13.27,0,DIRECAO
P2,-,0.0,-,-,,-,0,-,0.5,-,1.32,1.68,zebra,-,1,805,805,1.0,489,316,60.7,-11.82,-1.47,0,0.52,-4.09,-8.19,118,82,200,-1.97,-9.36,286,188,474,,,,,433,,,,0,-1.18,80.5,1.623,61.6,-0.9,7.0,24.68,-0.5,-1.0,-6.01,4.03,4,6,8,-0.52,0.45,-4.61,9.52,-6.19,-0.6,-4.09,200,-3.49,1,9.29,10.73,0,2,1,-14.07,0,DIRECAO
P2,-,0.0,-,-,,-,0,-,7.5,9.5,1.62,1.68,zebra,-,2,377,335,1.13,221,156,58.6,-11.83,-3.14,0,-3.72,-9.61,-9.32,53,44,97,-1.43,-3.3,138,93,231,,,,,206,,,,0,-1.18,37.7,1.65,60.6,-2.0,7.9,16.34,-0.7,-2.0,-7.84,6.96,3,7,6,-0.7,-1.3,-5.89,4.42,-9.16,-0.9,-9.61,97,-8.71,1,3.89,9.06,0,2,0,-8.9,0,DIRECAO
P2,-,0.0,-,-,,-,0,-,5.5,6.5,1.62,1.86,zebra,-,1,387,387,1.0,226,161,58.4,-11.85,-3.06,0,1.38,-2.72,-2.75,59,42,101,-5.49,-12.85,133,101,234,,,,,254,,,,0,-1.18,38.7,1.663,60.1,-1.7,6.3,21.89,-0.5,-1.0,-4.68,4.47,3,7,5,-0.73,-2.44,-4.1,4.98,-9.08,-3.18,-2.72,101,0.46,1,4.65,9.14,0,2,0,-5.98,0,DIRECAO
P4,-,0.0,-,-,,-,0,-,6.5,6.5,-,-,zebra,tot_env<=0,1,452,452,1.0,259,193,57.3,-11.98,-2.65,0,-2.55,-5.71,-6.51,63,51,114,-6.29,-16.72,147,119,266,,,,,290,,,,0,-1.2,45.2,1.704,58.7,-1.4,6.5,27.34,-0.4,-1.0,-16.07,5.48,5,5,8,-0.67,-2.34,-3.16,6.01,-7.37,-1.62,-5.71,114,-4.09,4,5.91,9.55,0,2,0,-5.43,0,DIRECAO
P2,-,0.0,-,-,,-,0,-,0.5,7.5,1.77,1.98,zebra,-,1,357,357,1.0,183,174,51.3,-11.99,-3.36,0,-5.58,-9.08,-7.54,40,43,83,-8.7,-17.06,95,101,196,,,,,242,,,,0,-1.2,35.7,1.885,53.1,-1.8,7.2,19.44,-0.6,-1.0,-7.31,5.43,4,6,6,-0.67,-3.28,-3.5,4.41,-9.38,-1.62,-9.08,83,-7.46,1,3.96,8.84,0,2,0,-4.38,0,DIRECAO
P1,-,0.0,-,-,,-,0,-,0.5,6.5,-,-,zebra,-,1,652,652,1.0,386,266,59.2,-12.03,-1.85,0,1.22,-3.98,-6.6,96,70,166,-5.08,-19.88,224,167,391,,,,,377,,,,0,-1.2,65.2,1.658,60.3,-1.1,6.4,29.45,-0.4,-1.0,-6.81,7.48,4,6,9,-0.57,0.31,-5.2,8.22,-6.57,-1.12,-3.98,166,-2.86,4,8.14,10.36,0,2,1,-13.27,0,DIRECAO
P2,-,0.0,-,-,,-,0,-,7.5,7.5,1.62,1.86,zebra,-,1,422,422,1.0,241,181,57.1,-12.06,-2.86,0,4.34,-5.03,-5.48,61,48,109,-7.11,-17.78,137,113,250,,,,,271,,,,0,-1.21,42.2,1.701,58.8,-1.7,7.5,22.36,-0.5,-1.0,-5.9,3.74,5,5,5,-0.7,1.54,-9.37,5.52,-7.58,-2.1,-5.03,109,-2.93,6,5.31,9.34,0,2,1,-15.93,0,DIRECAO
P4,-,0.0,-,-,,-,0,-,6.5,6.5,-,-,zebra,dif 0~1,3,569,568,1.0,333,236,58.5,-12.06,-2.12,0,-0.43,-4.18,-6.06,83,62,145,-6.52,-21.92,188,148,336,,,,,342,,,,0,-1.21,56.9,1.679,59.6,-1.0,6.5,30.31,-0.4,-2.0,-15.56,6.93,5,5,7,-0.61,-1.1,-3.75,7.42,-6.84,-1.42,-4.18,145,-2.76,3,7.43,10.08,0,2,0,-8.21,0,DIRECAO
P2,-,0.0,-,-,,-,0,-,5.5,6.5,1.62,1.86,zebra,-,2,485,387,1.25,285,200,58.8,-12.15,-2.51,0,1.71,0.95,1.19,76,49,125,-5.48,-16.16,168,127,295,,,,,254,,,,0,-1.21,48.5,1.663,60.1,-1.4,6.2,27.57,-0.4,-2.0,-13.06,5.99,3,7,6,-0.61,-3.5,-0.76,5.54,-8.53,-3.71,0.95,125,4.66,1,5.2,9.7,0,2,0,-1.34,0,DIRECAO
P2,-,0.0,-,-,,-,0,-,0.5,6.5,1.62,1.98,zebra,-,3,570,438,1.3,330,240,57.9,-12.47,-2.19,0,-0.95,-2.48,-3.5,82,59,141,-6.98,-23.46,186,150,336,,,,,278,,,,0,-1.25,57.0,1.692,59.1,-1.2,6.1,30.06,-0.4,-3.0,-18.09,9.92,5,5,8,-0.55,-2.56,-1.53,6.34,-6.91,-2.09,-2.48,141,-0.39,4,6.19,10.01,0,2,0,-3.15,0,DIRECAO
P2,-,0.0,-,-,,-,0,-,5.5,7.5,1.62,1.68,zebra,-,3,619,511,1.21,370,249,59.8,-12.48,-2.02,0,2.18,-2.07,-3.29,95,64,159,-5.47,-20.57,217,159,376,,,,,316,,,,0,-1.25,61.9,1.639,61.0,-1.2,6.7,37.06,-0.3,-3.0,-6.97,9.4,4,6,7,-0.55,-0.62,-4.25,7.16,-6.74,-2.0,-2.07,159,-0.07,4,7.23,10.19,0,2,0,-10.11,0,DIRECAO
P2,-,0.0,-,-,,-,0,-,5.5,7.5,1.77,1.98,zebra,-,1,354,354,1.0,181,173,51.1,-12.87,-3.64,0,-5.58,-9.08,-7.54,40,43,83,-8.7,-17.06,95,101,196,,,,,241,,,,0,-1.29,35.4,1.885,53.1,-1.9,7.2,19.44,-0.7,-1.0,-7.31,5.43,4,6,6,-0.72,-3.71,-3.5,4.1,-9.66,-1.97,-9.08,83,-7.12,1,3.64,8.57,0,2,0,-4.38,0,DIRECAO
P4,-,0.0,-,-,,-,0,-,6.5,6.5,-,-,zebra,dif<=0,1,485,485,1.0,280,205,57.7,-12.9,-2.66,0,-1.65,-5.41,-6.49,67,53,120,-7.21,-20.19,154,126,280,,,,,310,,,,0,-1.29,48.5,1.692,59.1,-1.4,6.5,28.62,-0.5,-1.0,-16.16,5.55,6,4,8,-0.7,-2.0,-3.76,6.31,-7.38,-1.76,-5.41,120,-3.65,4,6.34,9.54,0,2,0,-6.81,0,DIRECAO
P2,-,0.0,-,-,,-,0,-,6.5,7.5,1.62,1.68,zebra,-,1,445,445,1.0,263,182,59.1,-12.99,-2.92,0,0.22,-7.92,-9.19,65,51,116,-7.56,-20.78,155,120,275,,,,,281,,,,0,-1.3,44.5,1.642,60.9,-1.8,7.1,25.94,-0.5,-1.0,-5.99,7.51,3,7,7,-0.76,0.53,-8.14,5.67,-7.64,-1.16,-7.92,116,-6.77,1,5.55,9.28,0,2,1,-14.41,0,DIRECAO
P2,-,0.0,-,-,,-,0,-,5.5,6.5,1.62,1.86,zebra,-,3,486,387,1.26,285,201,58.6,-13.15,-2.71,0,1.71,0.95,1.19,76,49,125,-5.48,-16.16,168,127,295,,,,,254,,,,0,-1.31,48.6,1.663,60.1,-1.5,6.2,27.57,-0.5,-2.0,-13.06,5.99,3,7,6,-0.66,-3.81,-0.76,5.34,-8.73,-3.97,0.95,125,4.92,4,5.0,9.5,0,2,0,-1.34,0,DIRECAO
P2,-,0.0,-,-,,-,0,-,0.5,7.5,1.62,1.68,zebra,-,2,623,515,1.21,372,251,59.7,-13.17,-2.11,0,1.59,-2.86,-4.64,96,66,162,-5.84,-22.24,219,162,381,,,,,319,,,,0,-1.32,62.3,1.639,61.0,-1.3,6.7,36.73,-0.4,-2.0,-7.97,11.03,5,5,6,-0.58,-0.63,-4.45,7.09,-6.83,-1.85,-2.86,162,-1.01,1,7.16,10.09,0,2,0,-10.78,0,DIRECAO
P2,-,0.0,-,-,,-,0,-,5.5,9.5,1.32,1.68,zebra,-,1,788,788,1.0,477,311,60.5,-13.32,-1.69,0,-0.26,-4.85,-9.45,114,81,195,-1.99,-9.23,279,184,463,,,,,427,,,,0,-1.33,78.8,1.624,61.6,-1.0,7.0,25.44,-0.5,-1.0,-7.02,4.03,4,6,8,-0.6,0.09,-4.59,9.22,-6.41,-0.65,-4.85,195,-4.19,1,9.0,10.51,0,2,1,-13.78,0,DIRECAO
P2,-,0.0,-,-,,-,0,-,0.5,6.5,1.62,1.86,zebra,-,2,498,392,1.27,292,206,58.6,-13.35,-2.68,0,0.76,-0.9,-1.16,77,52,129,-6.02,-18.18,171,131,302,,,,,258,,,,0,-1.33,49.8,1.663,60.1,-1.5,6.1,27.79,-0.5,-2.0,-13.06,5.27,3,7,6,-0.66,-3.26,-1.66,5.41,-8.7,-3.3,-0.9,129,2.4,1,5.09,9.52,0,2,0,-3.01,0,DIRECAO
P1,-,0.0,-,-,,-,0,-,4.5,6.5,-,-,zebra,-,1,650,650,1.0,384,266,59.1,-13.43,-2.07,0,1.22,-3.98,-6.6,96,70,166,-5.08,-19.88,224,167,391,,,,,377,,,,0,-1.34,65.0,1.658,60.3,-1.2,6.4,29.45,-0.5,-1.0,-6.81,6.08,4,6,9,-0.64,-0.04,-5.2,7.98,-6.79,-1.41,-3.98,166,-2.56,1,7.91,10.14,0,2,0,-13.27,0,DIRECAO
P2,-,0.0,-,-,,-,0,-,7.5,-,1.62,1.68,zebra,-,1,341,341,1.0,198,143,58.1,-13.6,-3.99,0,-3.1,-9.8,-8.82,49,41,90,-2.67,-5.65,125,87,212,,,,,210,,,,0,-1.36,34.1,1.651,60.6,-2.5,7.9,14.9,-0.9,-1.0,-7.39,5.09,2,8,5,-0.9,-2.1,-6.7,3.63,-10.01,-1.9,-9.8,90,-7.9,1,3.12,8.21,0,2,0,-9.38,0,DIRECAO
P1,-,0.0,-,-,,-,0,-,5.5,6.5,-,-,zebra,-,1,650,650,1.0,383,267,58.9,-13.64,-2.1,0,1.27,-3.86,-6.4,96,70,166,-4.99,-19.5,224,167,391,,,,,377,,,,0,-1.36,65.0,1.661,60.2,-1.3,6.4,29.25,-0.5,-1.0,-6.81,5.23,4,6,9,-0.65,-0.14,-5.13,7.95,-6.82,-1.5,-3.86,166,-2.36,1,7.87,10.1,0,2,0,-13.07,0,DIRECAO
P2,-,0.0,-,-,,-,0,-,6.5,6.5,1.62,-,zebra,-,1,415,415,1.0,233,182,56.1,-13.79,-3.32,0,-1.41,-0.62,-0.66,61,45,106,-6.86,-17.07,135,114,249,,,,,265,,,,0,-1.38,41.5,1.727,57.9,-1.8,6.5,24.17,-0.6,-1.0,-17.66,4.83,4,6,7,-0.79,-5.9,0.79,4.99,-8.04,-4.25,-0.62,106,3.63,1,4.75,8.88,0,2,1,1.26,0,DIRECAO
P4,-,0.0,-,-,,-,0,-,6.5,6.5,-,-,zebra,tot_env 0~3,1,564,564,1.0,327,237,58.0,-13.88,-2.46,0,-0.14,-5.1,-7.45,82,64,146,-6.99,-23.82,189,152,341,,,,,339,,,,0,-1.39,56.4,1.687,59.3,-1.3,6.5,34.98,-0.4,-1.0,-16.23,6.64,5,5,6,-0.7,-0.83,-4.96,7.05,-7.18,-1.54,-5.1,146,-3.56,1,7.06,9.74,0,2,0,-11.06,0,DIRECAO
P2,-,0.0,-,-,,-,0,-,0.5,6.5,1.32,1.98,zebra,-,1,652,652,1.0,388,264,59.5,-13.99,-2.15,0,0.85,-5.57,-9.25,96,70,166,-6.16,-24.1,224,167,391,,,,,377,,,,0,-1.4,65.2,1.647,60.7,-1.2,6.4,33.26,-0.4,-1.0,-7.49,7.03,3,7,9,-0.67,0.6,-6.42,7.92,-6.87,-0.98,-5.57,166,-4.6,1,7.84,10.06,0,2,1,-16.38,0,DIRECAO
P2,-,0.0,-,-,,-,0,-,5.5,9.5,1.62,1.68,zebra,-,2,732,591,1.24,437,295,59.7,-14.29,-1.95,0,0.85,-3.78,-7.04,109,77,186,-3.16,-14.02,262,182,444,,,,,347,,,,0,-1.43,73.2,1.642,60.9,-1.2,7.0,29.76,-0.5,-2.0,-8.62,8.08,4,6,6,-0.58,-0.3,-4.63,7.73,-6.67,-1.33,-3.78,186,-2.46,1,7.71,10.25,0,2,0,-12.92,0,DIRECAO
P4,-,0.0,-,-,,-,0,-,6.5,6.5,-,-,zebra,tot_env 0~3,3,566,564,1.0,328,238,58.0,-14.31,-2.53,0,-0.14,-5.1,-7.45,82,64,146,-6.8,-23.25,190,152,342,,,,,339,,,,0,-1.43,56.6,1.686,59.3,-1.4,6.5,34.41,-0.4,-2.0,-15.66,6.64,5,5,6,-0.72,-0.95,-4.96,6.98,-7.25,-1.63,-5.1,146,-3.47,3,7.0,9.67,0,2,0,-11.06,0,DIRECAO
P2,-,0.0,-,-,,-,0,-,0.5,6.5,1.32,1.86,zebra,-,1,642,642,1.0,388,254,60.4,-14.41,-2.24,0,1.92,-3.84,-6.34,98,67,165,-5.56,-21.46,225,161,386,,,,,375,,,,0,-1.44,64.2,1.619,61.8,-1.3,6.3,31.21,-0.5,-1.0,-5.9,5.47,3,7,9,-0.72,0.01,-5.76,7.76,-6.96,-1.69,-3.84,165,-2.15,1,7.69,9.96,0,2,1,-14.45,0,DIRECAO
P2,-,0.0,-,-,,-,0,-,6.5,7.5,1.77,1.98,zebra,-,1,350,350,1.0,178,172,50.9,-14.62,-4.18,0,-5.56,-9.02,-7.49,40,43,83,-8.7,-16.87,94,100,194,,,,,237,,,,0,-1.46,35.0,1.884,53.1,-2.2,7.2,19.25,-0.8,-1.0,-7.17,5.43,4,6,6,-0.83,-4.57,-3.46,3.52,-10.2,-2.67,-9.02,83,-6.35,1,3.05,8.03,0,2,0,-4.33,0,DIRECAO
P2,-,0.0,-,-,,-,0,-,6.5,6.5,1.62,-,zebra,-,2,416,415,1.0,233,183,56.0,-14.79,-3.56,0,-1.41,-0.62,-0.66,61,45,106,-6.86,-17.07,135,114,249,,,,,265,,,,0,-1.48,41.6,1.727,57.9,-1.9,6.5,24.17,-0.6,-2.0,-17.66,3.91,4,6,7,-0.84,-6.27,0.79,4.76,-8.28,-4.56,-0.62,106,3.94,5,4.52,8.65,0,2,1,1.26,0,DIRECAO
P2,-,0.0,-,-,,-,0,-,6.5,9.5,1.62,1.68,zebra,-,1,527,527,1.0,311,216,59.0,-15.12,-2.87,0,-2.03,-9.72,-13.12,74,61,135,-4.12,-13.34,189,135,324,,,,,314,,,,0,-1.51,52.7,1.645,60.8,-1.8,7.4,23.32,-0.6,-1.0,-7.51,2.37,5,5,6,-0.81,0.2,-7.69,6.41,-7.59,-0.51,-9.72,135,-9.21,1,6.46,9.33,0,2,1,-15.76,0,DIRECAO
P2,-,0.0,-,-,,-,0,-,5.5,-,1.32,1.68,zebra,-,1,793,793,1.0,479,314,60.4,-15.14,-1.91,0,0.31,-4.72,-9.35,116,82,198,-2.29,-10.68,280,186,466,,,,,428,,,,0,-1.51,79.3,1.624,61.6,-1.2,7.0,25.34,-0.6,-1.0,-6.6,4.03,4,6,8,-0.68,0.02,-5.03,9.04,-6.63,-0.97,-4.72,198,-3.75,1,8.81,10.29,0,2,1,-15.23,0,DIRECAO
P2,-,0.0,-,-,,-,0,-,5.5,9.5,1.62,1.68,zebra,-,3,749,591,1.27,446,303,59.5,-16.5,-2.2,0,0.3,-3.93,-7.39,110,78,188,-2.9,-13.12,268,185,453,,,,,347,,,,0,-1.65,74.9,1.642,60.9,-1.4,7.0,31.24,-0.5,-3.0,-9.35,5.7,4,6,7,-0.66,-0.97,-4.23,7.48,-6.92,-1.62,-3.93,188,-2.31,4,7.46,10.0,0,2,0,-11.97,0,DIRECAO
P2,-,0.0,-,-,,-,0,-,0.5,7.5,1.77,1.98,zebra,-,2,394,357,1.1,200,194,50.8,-16.67,-4.23,0,-6.94,-9.92,-8.93,43,47,90,-7.93,-17.04,105,110,215,,,,,242,,,,0,-1.67,39.4,1.885,53.0,-2.3,7.2,20.21,-0.8,-2.0,-8.44,8.16,4,6,6,-0.84,-4.92,-2.98,3.53,-10.25,-2.55,-9.92,90,-7.38,1,3.08,7.97,0,2,0,-4.17,0,DIRECAO
P2,-,0.0,-,-,,-,0,-,0.5,9.5,1.62,1.68,zebra,-,2,741,595,1.25,441,300,59.5,-16.68,-2.25,0,0.36,-4.44,-8.39,110,79,189,-3.34,-15.04,265,185,450,,,,,350,,,,0,-1.67,74.1,1.642,60.9,-1.4,7.0,31.04,-0.5,-2.0,-9.62,7.71,5,5,6,-0.67,-0.67,-4.8,7.46,-6.97,-1.5,-4.44,189,-2.94,1,7.44,9.95,0,2,0,-13.59,0,DIRECAO
P2,-,0.0,-,-,,-,0,-,7.5,9.5,1.32,1.68,zebra,-,1,379,379,1.0,221,158,58.3,-16.71,-4.41,0,-5.34,-12.81,-11.91,49,44,93,-2.72,-6.21,135,93,228,,,,,226,,,,0,-1.67,37.9,1.638,61.0,-2.7,7.9,18.01,-0.9,-1.0,-9.8,6.27,5,5,5,-1.06,-2.38,-7.47,3.56,-10.43,-1.68,-12.81,93,-11.13,1,3.19,7.79,0,2,0,-11.28,0,DIRECAO
P2,-,0.0,-,-,,-,0,-,7.5,-,1.62,1.68,zebra,-,3,392,341,1.15,227,165,57.9,-16.8,-4.29,0,-3.58,-11.52,-11.64,54,47,101,-2.75,-6.63,142,99,241,,,,,210,,,,0,-1.68,39.2,1.65,60.6,-2.7,8.0,21.67,-0.8,-2.0,-7.84,7.62,2,8,6,-0.98,-1.82,-7.94,3.33,-10.31,-1.77,-11.52,101,-9.75,4,2.82,7.92,0,2,0,-12.54,0,DIRECAO
P2,-,0.0,-,-,,-,0,-,5.5,6.5,1.32,1.98,zebra,-,1,649,649,1.0,384,265,59.2,-17.07,-2.63,0,0.9,-5.45,-9.05,96,70,166,-6.07,-23.72,224,167,391,,,,,376,,,,0,-1.71,64.9,1.648,60.7,-1.5,6.4,33.06,-0.5,-1.0,-7.49,5.37,3,7,9,-0.82,-0.23,-6.35,7.41,-7.35,-1.66,-5.45,166,-3.79,1,7.34,9.57,0,2,0,-16.18,0,DIRECAO
P2,-,0.0,-,-,,-,0,-,0.5,7.5,1.62,1.68,zebra,-,3,632,515,1.23,375,257,59.3,-17.25,-2.73,0,1.78,-3.46,-5.64,96,67,163,-6.39,-24.59,220,165,385,,,,,319,,,,0,-1.72,63.2,1.639,61.0,-1.7,6.6,40.08,-0.4,-3.0,-8.97,9.65,5,5,7,-0.75,-1.15,-5.24,6.48,-7.45,-2.48,-3.46,163,-0.98,4,6.54,9.47,0,2,0,-12.78,0,DIRECAO
P2,-,0.0,-,-,,-,0,-,7.5,7.5,1.77,1.98,zebra,-,1,280,280,1.0,139,141,49.6,-17.45,-6.23,0,-3.3,-12.32,-8.5,32,37,69,-8.43,-13.4,77,82,159,,,,,196,,,,0,-1.75,28.0,1.89,52.9,-3.3,7.5,19.02,-0.9,-1.0,-4.36,3.86,2,8,5,-1.1,-4.63,-9.02,0.8,-12.25,-4.24,-12.32,69,-8.08,6,0.23,5.97,0,2,0,-9.2,0,DIRECAO
P2,-,0.0,-,-,,-,0,-,0.5,7.5,1.77,1.98,zebra,-,3,395,357,1.11,200,195,50.6,-17.67,-4.47,0,-7.24,-10.91,-9.93,43,48,91,-8.35,-18.04,105,111,216,,,,,242,,,,0,-1.77,39.5,1.885,53.0,-2.4,7.2,21.21,-0.8,-2.0,-8.44,8.16,4,6,6,-0.9,-4.92,-3.67,3.29,-10.49,-2.55,-10.91,91,-8.37,4,2.84,7.73,0,2,0,-5.17,0,DIRECAO
P2,-,0.0,-,-,,-,0,-,0.5,6.5,1.62,1.86,zebra,-,3,504,392,1.29,293,211,58.1,-17.73,-3.52,0,1.08,-1.66,-2.16,77,53,130,-6.94,-21.18,171,134,305,,,,,258,,,,0,-1.77,50.4,1.663,60.1,-2.0,6.1,31.79,-0.6,-3.0,-13.06,5.27,3,7,6,-0.86,-3.96,-2.74,4.58,-9.54,-4.16,-1.66,130,2.5,4,4.26,8.68,0,2,0,-5.01,0,DIRECAO
P2,-,0.0,-,-,,-,0,-,6.5,-,1.62,1.68,zebra,-,1,533,533,1.0,313,220,58.7,-17.76,-3.33,0,-1.6,-9.81,-13.44,75,62,137,-4.77,-15.66,190,138,328,,,,,317,,,,0,-1.78,53.3,1.645,60.8,-2.1,7.4,24.52,-0.7,-1.0,-7.51,1.37,5,5,6,-0.95,-0.21,-8.21,5.99,-8.05,-1.09,-9.81,137,-8.72,1,6.03,8.87,0,2,0,-17.08,0,DIRECAO
P2,-,0.0,-,-,,-,0,-,6.5,9.5,1.32,1.68,zebra,-,1,669,669,1.0,400,269,59.8,-17.79,-2.66,0,-0.61,-9.57,-15.89,92,74,166,-4.47,-17.91,235,166,401,,,,,372,,,,0,-1.78,66.9,1.628,61.4,-1.6,7.3,32.02,-0.6,-1.0,-8.51,2.73,4,6,7,-0.86,1.25,-8.96,7.51,-7.38,-0.38,-9.57,166,-9.19,1,7.41,9.54,0,2,1,-22.94,0,DIRECAO
P2,-,0.0,-,-,,-,0,-,5.5,6.5,1.32,1.86,zebra,-,1,637,637,1.0,382,255,60.0,-18.42,-2.89,0,1.84,-4.09,-6.71,97,67,164,-5.62,-21.65,224,161,385,,,,,372,,,,0,-1.84,63.7,1.621,61.7,-1.7,6.4,31.58,-0.6,-1.0,-5.89,4.79,3,7,9,-0.92,-0.93,-5.93,7.08,-7.61,-2.48,-4.09,164,-1.62,1,7.01,9.31,0,2,0,-14.82,0,DIRECAO
P2,-,0.0,-,-,,-,0,-,0.5,7.5,1.32,1.68,zebra,-,1,735,735,1.0,443,292,60.3,-18.54,-2.52,0,2.71,-1.84,-3.41,112,73,185,-4.13,-17.91,257,177,434,,,,,410,,,,0,-1.85,73.5,1.617,61.9,-1.6,6.7,31.07,-0.6,-1.0,-7.79,4.68,4,6,5,-0.86,-1.26,-4.55,8.06,-7.24,-2.75,-1.84,185,0.91,1,7.89,9.68,0,2,0,-12.82,0,DIRECAO
P2,-,0.0,-,-,,-,0,-,6.5,6.5,1.62,1.98,zebra,-,1,395,395,1.0,221,174,55.9,-18.56,-4.7,0,-2.95,-6.92,-6.92,55,45,100,-10.31,-24.54,126,112,238,,,,,255,,,,0,-1.86,39.5,1.708,58.6,-2.6,6.5,28.23,-0.7,-1.0,-18.8,4.76,5,5,7,-1.1,-5.16,-3.97,3.42,-10.72,-3.95,-6.92,100,-2.97,1,3.11,7.5,0,2,0,-6.07,0,DIRECAO
P2,-,0.0,-,-,,-,0,-,5.5,7.5,1.77,1.98,zebra,-,2,389,354,1.1,196,193,50.4,-19.3,-4.96,0,-6.94,-9.92,-8.93,43,47,90,-7.93,-17.04,105,110,215,,,,,241,,,,0,-1.93,38.9,1.885,53.0,-2.7,7.2,21.34,-0.9,-2.0,-8.44,7.36,4,6,6,-0.98,-6.08,-2.98,2.77,-10.98,-3.47,-9.92,90,-6.45,1,2.31,7.24,0,2,0,-4.17,0,DIRECAO
P2,-,0.0,-,-,,-,0,-,7.5,-,1.62,1.68,zebra,-,2,388,341,1.14,223,165,57.5,-19.47,-5.02,0,-3.1,-11.52,-11.64,54,47,101,-3.62,-8.62,139,99,238,,,,,210,,,,0,-1.95,38.8,1.65,60.6,-3.1,8.0,23.66,-0.8,-2.0,-7.84,6.96,2,8,6,-1.14,-2.71,-8.42,2.6,-11.04,-2.73,-11.52,101,-8.8,1,2.09,7.18,0,2,0,-13.22,0,DIRECAO
P2,-,0.0,-,-,,-,0,-,6.5,6.5,1.62,1.98,zebra,-,2,396,395,1.0,221,175,55.8,-19.56,-4.94,0,-2.95,-6.92,-6.92,55,45,100,-10.31,-24.54,126,112,238,,,,,255,,,,0,-1.96,39.6,1.708,58.6,-2.8,6.5,28.23,-0.7,-2.0,-18.8,3.76,5,5,7,-1.15,-5.55,-3.97,3.18,-10.96,-4.27,-6.92,100,-2.65,5,2.87,7.26,0,2,0,-6.07,0,DIRECAO
P2,-,0.0,-,-,,-,0,-,6.5,-,1.32,1.68,zebra,-,1,674,674,1.0,402,272,59.6,-19.61,-2.91,0,0.08,-9.34,-15.79,94,75,169,-4.79,-19.36,236,168,404,,,,,373,,,,0,-1.96,67.4,1.628,61.4,-1.8,7.3,31.92,-0.6,-1.0,-8.51,2.73,4,6,7,-0.94,1.15,-9.42,7.29,-7.63,-0.76,-9.34,169,-8.59,1,7.19,9.29,0,2,1,-24.39,0,DIRECAO
P2,-,0.0,-,-,,-,0,-,6.5,6.5,1.62,1.86,zebra,-,1,335,335,1.0,189,146,56.4,-20.05,-5.99,0,-0.49,-7.31,-6.58,50,40,90,-11.18,-23.26,111,97,208,,,,,228,,,,0,-2.0,33.5,1.671,59.9,-3.4,6.5,28.7,-0.7,-1.0,-13.77,2.42,4,6,7,-1.32,-5.45,-6.82,1.57,-12.01,-5.5,-7.31,90,-1.81,1,1.04,6.22,0,2,0,-8.93,0,DIRECAO
P4,-,0.0,-,-,,-,0,-,0.5,6.5,-,-,zebra,dif>=0,3,1261,650,1.94,767,494,60.8,-20.3,-1.61,0,0.71,-3.38,-10.78,190,129,319,-4.4,-33.16,447,307,754,,,,,377,,,,0,-2.03,126.1,1.621,61.7,-0.9,5.8,52.99,-0.4,-3.0,-27.61,24.46,4,6,9,-0.56,-0.09,-4.09,8.44,-6.33,-1.01,-3.38,319,-2.37,1,8.36,10.59,0,2,0,-19.63,0,DIRECAO
P2,-,0.0,-,-,,-,0,-,5.5,7.5,1.77,1.98,zebra,-,3,390,354,1.1,196,194,50.3,-20.3,-5.21,0,-7.24,-10.91,-9.93,43,48,91,-8.35,-18.04,105,111,216,,,,,241,,,,0,-2.03,39.0,1.885,53.0,-2.8,7.2,22.34,-0.9,-2.0,-8.44,7.36,4,6,6,-1.04,-6.08,-3.67,2.53,-11.23,-3.47,-10.91,91,-7.44,4,2.07,7.0,0,2,0,-5.17,0,DIRECAO
P2,-,0.0,-,-,,-,0,-,0.5,6.5,1.32,1.68,zebra,-,1,610,610,1.0,369,241,60.5,-20.38,-3.34,0,4.29,-2.19,-3.44,96,61,157,-6.41,-23.33,213,151,364,,,,,364,,,,0,-2.04,61.0,1.597,62.6,-2.1,6.2,37.78,-0.5,-1.0,-8.49,3.31,5,5,9,-1.05,-1.36,-6.48,6.46,-8.06,-3.74,-2.19,157,1.55,1,6.42,8.86,0,2,0,-15.3,0,DIRECAO
P2,-,0.0,-,-,,-,0,-,7.5,-,1.32,1.68,zebra,-,1,386,386,1.0,223,163,57.8,-20.53,-5.32,0,-4.03,-12.3,-11.81,51,45,96,-4.15,-9.66,136,97,233,,,,,229,,,,0,-2.05,38.6,1.638,61.1,-3.3,8.0,21.83,-0.9,-1.0,-9.8,6.27,3,7,5,-1.29,-3.36,-8.27,2.72,-11.34,-3.01,-12.3,96,-9.3,1,2.38,6.88,0,2,0,-12.73,0,DIRECAO
P2,-,0.0,-,-,,-,0,-,0.5,7.5,1.32,1.86,zebra,-,1,799,799,1.0,471,328,58.9,-20.65,-2.58,0,2.35,-3.15,-6.24,116,82,198,-4.18,-19.62,272,197,469,,,,,432,,,,0,-2.07,79.9,1.656,60.4,-1.4,6.9,25.64,-0.8,-1.0,-7.93,3.69,3,7,5,-0.9,-0.8,-5.5,8.4,-7.3,-2.4,-3.15,198,-0.75,1,8.16,9.62,0,2,0,-16.71,0,DIRECAO
P2,-,0.0,-,-,,-,0,-,0.5,7.5,1.62,1.86,zebra,-,1,668,668,1.0,386,282,57.8,-20.8,-3.11,0,3.47,-5.04,-8.61,97,74,171,-6.03,-23.93,223,174,397,,,,,388,,,,0,-2.08,66.8,1.679,59.5,-1.8,6.9,28.84,-0.7,-1.0,-7.28,3.05,3,7,5,-0.97,0.24,-8.51,7.05,-7.83,-2.45,-5.04,171,-2.58,1,6.95,9.09,0,2,1,-21.78,0,DIRECAO
P2,-,0.0,-,-,,-,0,-,0.5,7.5,1.77,-,zebra,-,1,444,444,1.0,220,224,49.5,-20.87,-4.7,0,-1.49,-1.69,-1.77,53,52,105,-6.52,-16.44,122,130,252,,,,,275,,,,0,-2.09,44.4,1.926,51.9,-2.4,7.2,25.71,-0.8,-1.0,-12.15,3.03,3,7,5,-1.03,-7.16,-0.2,3.88,-9.42,-5.63,-1.69,105,3.95,1,3.76,7.5,0,2,0,-0.32,0,DIRECAO
P1,-,0.0,-,-,,-,0,-,0.5,6.5,-,-,zebra,-,3,1265,652,1.94,769,496,60.8,-20.92,-1.65,0,0.71,-3.38,-10.78,190,129,319,-4.52,-34.16,447,308,755,,,,,377,,,,0,-2.09,126.5,1.621,61.7,-0.9,5.8,52.99,-0.4,-3.0,-27.61,24.08,4,6,9,-0.57,-0.16,-4.09,8.41,-6.37,-1.07,-3.38,319,-2.31,4,8.33,10.55,0,2,0,-19.63,0,DIRECAO
P2,-,0.0,-,-,,-,0,-,5.5,-,1.62,1.68,zebra,-,2,742,597,1.24,439,303,59.2,-20.93,-2.82,0,1.12,-4.93,-9.36,110,80,190,-4.29,-19.34,263,188,451,,,,,350,,,,0,-2.09,74.2,1.642,60.9,-1.8,7.1,36.76,-0.6,-2.0,-8.99,6.76,4,6,6,-0.85,-0.81,-6.05,6.9,-7.54,-2.1,-4.93,190,-2.83,1,6.88,9.38,0,2,0,-17.24,0,DIRECAO
P2,-,0.0,-,-,,-,0,-,6.5,6.5,1.62,1.86,zebra,-,2,336,335,1.0,189,147,56.2,-21.05,-6.26,0,-0.49,-7.31,-6.58,50,40,90,-11.18,-23.26,111,97,208,,,,,228,,,,0,-2.1,33.6,1.671,59.9,-3.6,6.5,28.7,-0.7,-2.0,-13.77,1.91,4,6,7,-1.38,-5.91,-6.82,1.29,-12.28,-5.88,-7.31,90,-1.43,5,0.76,5.94,0,2,0,-8.93,0,DIRECAO
P2,-,0.0,-,-,,-,0,-,0.5,9.5,1.62,1.68,zebra,-,3,762,595,1.28,451,311,59.2,-21.27,-2.79,0,0.0,-5.07,-9.74,111,81,192,-3.71,-17.14,271,191,462,,,,,350,,,,0,-2.13,76.2,1.641,60.9,-1.7,7.0,35.52,-0.6,-3.0,-10.35,5.95,4,6,7,-0.83,-1.4,-5.07,6.91,-7.51,-2.02,-5.07,192,-3.05,4,6.9,9.41,0,2,0,-14.64,0,DIRECAO
P2,-,0.0,-,-,,-,0,-,6.5,7.5,1.62,1.68,zebra,-,2,491,445,1.1,286,205,58.2,-21.44,-4.37,0,0.71,-7.6,-9.73,72,56,128,-8.83,-26.85,169,135,304,,,,,281,,,,0,-2.14,49.1,1.641,60.9,-2.7,7.0,34.83,-0.6,-2.0,-7.02,4.75,2,8,6,-1.1,-1.72,-8.31,4.23,-9.09,-3.23,-7.6,128,-4.38,5,4.1,7.84,0,2,0,-16.37,0,DIRECAO
P2,-,0.0,-,-,,-,0,-,5.5,7.5,1.77,-,zebra,-,1,441,441,1.0,218,223,49.4,-21.75,-4.93,0,-1.49,-1.69,-1.77,53,52,105,-6.52,-16.44,122,130,252,,,,,274,,,,0,-2.18,44.1,1.927,51.9,-2.5,7.2,25.62,-0.8,-1.0,-12.15,3.03,3,7,5,-1.07,-7.55,-0.2,3.62,-9.65,-5.95,-1.69,105,4.26,1,3.49,7.27,0,2,0,-0.32,0,DIRECAO
P2,-,0.0,-,-,,-,0,-,7.5,7.5,1.32,1.68,zebra,-,1,301,301,1.0,171,130,56.8,-21.86,-7.26,0,-1.23,-10.21,-7.86,42,35,77,-8.87,-16.23,102,81,183,,,,,191,,,,0,-2.19,30.1,1.628,61.4,-4.6,7.5,24.08,-0.9,-1.0,-7.62,2.7,2,8,4,-1.55,-6.03,-8.98,-0.03,-13.28,-6.25,-10.21,77,-3.96,6,-0.68,4.94,0,2,0,-11.31,0,DIRECAO
P2,-,0.0,-,-,,-,0,-,5.5,7.5,1.32,1.68,zebra,-,1,723,723,1.0,433,290,59.9,-21.86,-3.02,0,2.49,-2.5,-4.57,110,73,183,-4.51,-19.23,251,175,426,,,,,405,,,,0,-2.19,72.3,1.618,61.8,-1.9,6.7,32.39,-0.7,-1.0,-8.36,4.68,4,6,5,-1.02,-1.78,-4.99,7.48,-7.74,-3.2,-2.5,183,0.7,1,7.33,9.18,0,2,0,-13.98,0,DIRECAO
P2,-,0.0,-,-,,-,0,-,5.5,7.5,1.62,1.86,zebra,-,1,663,663,1.0,382,281,57.6,-22.47,-3.39,0,3.55,-4.89,-8.26,96,73,169,-5.97,-23.58,222,173,395,,,,,385,,,,0,-2.25,66.3,1.68,59.5,-1.9,7.0,28.49,-0.8,-1.0,-7.28,3.05,3,7,5,-1.05,-0.25,-8.44,6.74,-8.11,-2.88,-4.89,169,-2.01,1,6.65,8.81,0,2,0,-21.43,0,DIRECAO
P2,-,0.0,-,-,,-,0,-,6.5,7.5,1.77,1.98,zebra,-,2,383,350,1.09,191,192,49.9,-22.68,-5.92,0,-7.77,-11.94,-10.51,41,47,88,-8.76,-18.48,102,109,211,,,,,237,,,,0,-2.27,38.3,1.886,53.0,-3.2,7.2,23.93,-0.9,-2.0,-8.3,7.36,4,6,6,-1.17,-6.91,-4.17,1.78,-11.94,-4.13,-11.94,88,-7.82,5,1.3,6.28,0,2,0,-5.75,0,DIRECAO
P2,-,0.0,-,-,,-,0,-,5.5,-,1.62,1.68,zebra,-,3,762,597,1.28,450,312,59.1,-22.8,-2.99,0,0.58,-5.06,-9.71,111,81,192,-3.86,-17.78,270,191,461,,,,,350,,,,0,-2.28,76.2,1.642,60.9,-1.9,7.1,38.58,-0.6,-3.0,-10.35,5.06,3,7,7,-0.9,-1.38,-5.64,6.73,-7.71,-2.3,-5.06,192,-2.76,4,6.71,9.21,0,2,0,-16.29,0,DIRECAO
P1,-,0.0,-,-,,-,0,-,0.5,6.5,-,-,zebra,-,2,1068,652,1.64,641,427,60.0,-22.92,-2.15,0,2.05,-2.27,-6.23,164,110,274,-4.62,-29.57,375,265,640,,,,,377,,,,0,-2.29,106.8,1.633,61.2,-1.2,6.1,46.56,-0.5,-2.0,-22.06,12.0,5,5,12,-0.71,-0.78,-4.32,7.92,-6.87,-2.1,-2.27,274,-0.17,4,7.84,10.06,0,2,0,-17.79,0,DIRECAO
P2,-,0.0,-,-,,-,0,-,0.5,-,1.62,1.68,zebra,-,2,751,601,1.25,443,308,59.0,-23.32,-3.11,0,0.65,-5.55,-10.71,111,82,193,-4.46,-20.36,266,191,457,,,,,353,,,,0,-2.33,75.1,1.642,60.9,-1.9,7.0,37.78,-0.6,-2.0,-9.99,6.39,4,6,6,-0.94,-1.17,-6.2,6.64,-7.83,-2.26,-5.55,193,-3.29,1,6.61,9.1,0,2,0,-17.91,0,DIRECAO
P1,-,0.0,-,-,,-,0,-,4.5,6.5,-,-,zebra,-,2,1066,650,1.64,639,427,59.9,-23.33,-2.19,0,2.05,-2.27,-6.23,164,110,274,-4.62,-29.57,375,265,640,,,,,377,,,,0,-2.33,106.6,1.634,61.2,-1.3,6.1,46.56,-0.5,-2.0,-22.06,11.59,5,5,12,-0.72,-0.85,-4.32,7.86,-6.91,-2.16,-2.27,274,-0.11,1,7.78,10.01,0,2,0,-17.79,0,DIRECAO
P2,-,0.0,-,-,,-,0,-,5.5,6.5,1.32,1.68,zebra,-,1,598,598,1.0,359,239,60.0,-23.7,-3.96,0,4.06,-2.97,-4.6,94,61,155,-6.92,-24.65,207,149,356,,,,,359,,,,0,-2.37,59.8,1.598,62.6,-2.5,6.3,38.53,-0.6,-1.0,-7.6,3.31,4,6,9,-1.23,-1.99,-7.03,5.76,-8.68,-4.31,-2.97,155,1.34,1,5.74,8.24,0,2,0,-16.46,0,DIRECAO
P1,-,0.0,-,-,,-,0,-,4.5,6.5,-,-,zebra,-,3,1257,650,1.93,762,495,60.6,-24.12,-1.92,0,0.94,-3.08,-9.78,190,128,318,-4.56,-34.32,445,307,752,,,,,377,,,,0,-2.41,125.7,1.622,61.7,-1.0,5.9,53.5,-0.5,-3.0,-26.61,22.2,4,6,9,-0.66,-0.63,-4.02,8.13,-6.64,-1.53,-3.08,318,-1.55,1,8.05,10.28,0,2,0,-19.22,0,DIRECAO
P2,-,0.0,-,-,,-,0,-,0.5,6.5,1.32,1.68,zebra,-,2,945,610,1.55,581,364,61.5,-24.63,-2.61,0,3.7,-3.99,-9.49,144,94,238,-5.88,-33.02,334,228,562,,,,,364,,,,0,-2.46,94.5,1.584,63.1,-1.7,5.9,51.92,-0.5,-2.0,-16.24,15.49,4,6,12,-0.86,0.48,-7.69,7.19,-7.33,-2.14,-3.99,238,-1.85,1,7.16,9.6,0,2,1,-27.47,0,DIRECAO
P2,-,0.0,-,-,,-,0,-,5.5,7.5,1.32,1.86,zebra,-,1,794,794,1.0,465,329,58.6,-24.66,-3.11,0,2.28,-3.36,-6.61,115,82,197,-4.23,-19.81,271,197,468,,,,,429,,,,0,-2.47,79.4,1.657,60.3,-1.8,6.9,26.53,-0.9,-1.0,-8.63,3.21,3,7,5,-1.07,-1.54,-5.64,7.85,-7.83,-3.02,-3.36,197,-0.33,1,7.62,9.1,0,2,0,-17.08,0,DIRECAO
P2,-,0.0,-,-,,-,0,-,7.5,9.5,1.77,1.86,zebra,-,3,297,266,1.12,150,147,50.5,-24.72,-8.32,0,-3.66,-16.17,-10.51,30,35,65,-13.55,-22.76,80,88,168,,,,,206,,,,0,-2.47,29.7,1.816,55.1,-4.6,8.4,27.36,-0.9,-2.0,-10.79,7.82,3,7,9,-1.48,-5.86,-12.51,-1.42,-14.34,-6.13,-16.17,65,-10.04,4,-1.93,3.88,0,2,0,-13.76,0,DIRECAO
P2,-,0.0,-,-,,-,0,-,5.5,7.5,1.62,1.86,zebra,-,3,908,663,1.37,526,382,57.9,-25.21,-2.78,0,3.16,-1.83,-4.29,137,97,234,-6.23,-33.94,305,240,545,,,,,385,,,,0,-2.52,90.8,1.681,59.5,-1.6,6.8,44.09,-0.6,-3.0,-12.8,7.52,3,7,6,-0.87,-1.41,-4.99,7.36,-7.5,-3.1,-1.83,234,1.27,4,7.26,9.43,0,2,0,-17.27,0,DIRECAO
P2,-,0.0,-,-,,-,0,-,6.5,9.5,1.62,1.68,zebra,-,3,621,527,1.18,362,259,58.3,-25.46,-4.1,0,-1.28,-8.81,-13.83,87,70,157,-5.09,-19.4,220,161,381,,,,,314,,,,0,-2.55,62.1,1.644,60.8,-2.5,7.3,30.78,-0.8,-3.0,-8.04,1.05,3,7,7,-1.13,-1.91,-7.53,5.18,-8.82,-2.51,-8.81,157,-6.3,4,5.23,8.1,0,2,0,-18.23,0,DIRECAO
P2,-,0.0,-,-,,-,0,-,7.5,9.5,1.77,1.86,zebra,-,2,296,266,1.11,149,147,50.3,-25.55,-8.63,0,-3.66,-16.17,-10.51,30,35,65,-13.55,-22.76,80,88,168,,,,,206,,,,0,-2.55,29.6,1.816,55.1,-4.7,8.4,28.19,-0.9,-2.0,-10.79,6.99,3,7,9,-1.54,-6.34,-12.51,-1.73,-14.65,-6.51,-16.17,65,-9.66,1,-2.24,3.57,0,2,0,-13.76,0,DIRECAO
P2,-,0.0,-,-,,-,0,-,0.5,9.5,1.32,1.86,zebra,-,1,888,888,1.0,516,372,58.1,-25.58,-2.88,0,-1.24,-7.43,-15.67,117,94,211,-4.22,-21.95,298,222,520,,,,,455,,,,0,-2.56,88.8,1.68,59.5,-1.4,7.3,30.56,-0.8,-1.0,-11.6,3.13,2,8,5,-1.04,-0.91,-6.19,8.11,-7.6,-1.46,-7.43,211,-5.96,1,7.87,9.32,0,2,0,-20.49,0,DIRECAO
P2,-,0.0,-,-,,-,0,-,6.5,7.5,1.32,1.68,zebra,-,1,600,600,1.0,354,246,59.0,-25.63,-4.27,0,2.5,-7.64,-11.69,87,66,153,-8.07,-29.21,205,157,362,,,,,347,,,,0,-2.56,60.0,1.621,61.7,-2.7,7.0,35.17,-0.7,-1.0,-7.48,4.17,3,7,5,-1.31,-0.5,-10.14,5.47,-8.99,-3.12,-7.64,153,-4.52,1,5.44,7.93,0,2,0,-23.82,0,DIRECAO
P2,-,0.0,-,-,,-,0,-,6.5,9.5,1.62,1.68,zebra,-,2,613,527,1.16,357,256,58.2,-25.68,-4.19,0,-0.76,-8.22,-12.83,87,69,156,-5.15,-19.38,217,159,376,,,,,314,,,,0,-2.57,61.3,1.644,60.8,-2.6,7.3,30.38,-0.8,-2.0,-7.04,0.43,1,9,7,-1.17,-2.08,-7.46,5.09,-8.91,-2.81,-8.22,156,-5.41,1,5.14,8.01,0,2,0,-17.91,0,DIRECAO
P2,-,0.0,-,-,,-,0,-,6.5,7.5,1.77,-,zebra,-,1,437,437,1.0,214,223,49.0,-25.97,-5.94,0,-1.47,-1.64,-1.72,53,52,105,-6.87,-17.25,121,130,251,,,,,270,,,,0,-2.6,43.7,1.926,51.9,-3.0,7.2,29.69,-0.9,-1.0,-13.01,3.03,3,7,5,-1.29,-9.18,-0.17,2.58,-10.66,-7.3,-1.64,105,5.67,1,2.42,6.26,0,2,0,-0.27,0,DIRECAO
P2,-,0.0,-,-,,-,0,-,0.5,7.5,1.62,-,zebra,-,1,775,775,1.0,425,350,54.8,-25.98,-3.35,0,0.47,-6.67,-13.14,105,92,197,-5.68,-26.13,247,213,460,,,,,426,,,,0,-2.6,77.5,1.776,56.3,-1.5,7.1,32.43,-0.8,-1.0,-11.68,3.29,3,7,6,-1.06,-0.99,-7.14,7.48,-8.07,-2.22,-6.67,197,-4.45,1,7.27,8.85,0,2,0,-21.27,0,DIRECAO
P1,-,0.0,-,-,,-,0,-,5.5,6.5,-,-,zebra,-,2,1058,650,1.63,631,427,59.6,-26.95,-2.55,0,1.97,-1.82,-4.98,164,109,273,-4.86,-30.98,372,265,637,,,,,377,,,,0,-2.7,105.8,1.637,61.1,-1.4,6.1,46.4,-0.6,-2.0,-22.56,9.9,5,5,12,-0.84,-1.76,-3.79,7.5,-7.27,-2.8,-1.82,273,0.97,1,7.43,9.66,0,2,0,-15.54,0,DIRECAO
P2,-,0.0,-,-,,-,0,-,0.5,7.5,1.62,1.98,zebra,-,1,757,757,1.0,421,336,55.6,-27.12,-3.58,0,0.1,-8.7,-16.87,103,91,194,-7.32,-32.93,242,208,450,,,,,418,,,,0,-2.71,75.7,1.742,57.4,-1.8,7.1,36.53,-0.7,-1.0,-10.91,6.08,3,7,6,-1.14,-0.32,-8.8,7.14,-8.3,-1.82,-8.7,194,-6.88,1,6.95,8.62,0,2,0,-25.62,0,DIRECAO
P1,-,0.0,-,-,,-,0,-,4.5,6.5,-,-,zebra,-,4,1260,650,1.94,762,498,60.5,-27.12,-2.15,0,0.94,-3.08,-9.78,190,128,318,-4.56,-34.32,445,307,752,,,,,377,,,,0,-2.71,126.0,1.622,61.7,-1.2,5.9,54.5,-0.5,-3.0,-26.61,20.2,4,6,9,-0.74,-1.01,-4.02,7.9,-6.87,-1.84,-3.08,318,-1.23,5,7.82,10.05,0,2,0,-19.22,0,DIRECAO
P2,-,0.0,-,-,,-,0,-,0.5,7.5,1.62,1.86,zebra,-,2,893,668,1.34,516,377,57.8,-27.43,-3.07,0,3.2,-3.84,-8.83,132,98,230,-7.53,-40.35,296,240,536,,,,,388,,,,0,-2.74,89.3,1.68,59.5,-1.7,6.8,44.4,-0.6,-2.0,-12.6,8.86,2,8,6,-0.96,-0.64,-7.04,7.09,-7.79,-2.81,-3.84,230,-1.03,1,6.99,9.13,0,2,0,-23.88,0,DIRECAO
P2,-,0.0,-,-,,-,0,-,0.5,-,1.96,1.98,zebra,-,2,274,248,1.1,125,149,45.6,-27.44,-10.01,0,14.09,10.7,6.1,32,25,57,-12.33,-18.87,68,85,153,,,,,207,,,,0,-2.74,27.4,1.973,50.7,-5.1,9.2,39.86,-0.7,-2.0,-11.16,7.18,3,7,8,-1.61,-13.7,-3.39,-3.29,-16.03,-15.46,10.7,57,26.16,1,-3.71,2.19,0,2,0,-3.32,0,DIRECAO
P2,-,0.0,-,-,,-,0,-,7.5,7.5,1.32,1.86,zebra,-,1,474,474,1.0,265,209,55.9,-27.44,-5.79,0,4.17,-6.88,-8.12,65,53,118,-8.88,-24.59,150,127,277,,,,,293,,,,0,-2.74,47.4,1.682,59.4,-3.5,7.5,29.23,-0.9,-1.0,-9.81,1.59,2,8,5,-1.5,-2.3,-11.05,3.08,-10.51,-5.43,-6.88,118,-1.45,6,3.06,6.41,0,2,0,-20.88,0,DIRECAO
P2,-,0.0,-,-,,-,0,-,7.5,9.5,1.32,1.68,zebra,-,3,454,379,1.2,261,193,57.5,-27.47,-6.05,0,-5.83,-12.93,-13.96,57,51,108,-2.64,-7.09,160,109,269,,,,,226,,,,0,-2.75,45.4,1.631,61.3,-3.8,7.9,28.77,-1.0,-2.0,-11.48,8.1,4,6,5,-1.44,-5.37,-7.1,1.92,-12.07,-3.9,-12.93,108,-9.02,4,1.55,6.15,0,2,0,-12.64,0,DIRECAO
P1,-,0.0,-,-,,-,0,-,6.5,6.5,-,-,zebra,-,1,641,641,1.0,369,272,57.6,-27.47,-4.29,0,1.42,-4.05,-6.68,95,70,165,-8.55,-33.08,213,174,387,,,,,373,,,,0,-2.75,64.1,1.667,60.0,-2.4,6.5,40.55,-0.7,-1.0,-16.82,6.05,4,6,9,-1.31,-3.51,-5.47,5.71,-9.01,-4.37,-4.05,165,0.32,1,5.64,7.92,0,2,0,-13.84,0,DIRECAO
P2,-,0.0,-,-,,-,0,-,5.5,7.5,1.62,-,zebra,-,1,774,774,1.0,423,351,54.7,-27.54,-3.56,0,0.47,-6.67,-13.14,105,92,197,-5.68,-26.13,247,213,460,,,,,426,,,,0,-2.75,77.4,1.777,56.3,-1.6,7.1,32.43,-0.8,-1.0,-11.68,3.29,3,7,6,-1.12,-1.32,-7.14,7.27,-8.28,-2.5,-6.67,197,-4.17,1,7.06,8.64,0,2,0,-21.27,0,DIRECAO
P2,-,0.0,-,-,,-,0,-,5.5,7.5,1.62,1.86,zebra,-,2,883,663,1.33,510,373,57.8,-27.55,-3.12,0,3.41,-3.3,-7.48,131,96,227,-7.28,-38.65,294,237,531,,,,,385,,,,0,-2.75,88.3,1.68,59.5,-1.8,6.8,44.7,-0.6,-2.0,-12.6,7.54,2,8,6,-0.97,-0.92,-6.71,7.01,-7.84,-3.06,-3.3,227,-0.24,1,6.92,9.08,0,2,0,-22.53,0,DIRECAO
P2,-,0.0,-,-,,-,0,-,0.5,-,1.62,1.68,zebra,-,3,775,601,1.29,455,320,58.7,-27.57,-3.56,0,0.28,-6.15,-12.06,112,84,196,-4.64,-21.8,273,197,470,,,,,353,,,,0,-2.76,77.5,1.642,60.9,-2.2,7.0,42.6,-0.6,-3.0,-11.99,5.31,4,6,7,-1.07,-1.79,-6.43,6.19,-8.28,-2.68,-6.15,196,-3.47,4,6.16,8.65,0,2,0,-18.96,0,DIRECAO
P2,-,0.0,-,-,,-,0,-,6.5,6.5,1.32,1.68,zebra,-,1,467,467,1.0,275,192,58.9,-27.64,-5.92,0,4.87,-8.85,-10.53,68,51,119,-11.69,-33.44,158,128,286,,,,,294,,,,0,-2.76,46.7,1.597,62.6,-3.7,6.5,43.41,-0.6,-1.0,-8.3,2.2,3,7,9,-1.62,-0.89,-13.72,2.88,-10.64,-4.92,-8.85,119,-3.93,1,2.84,6.28,0,2,0,-25.11,0,DIRECAO
P2,-,0.0,-,-,,-,0,-,0.5,6.5,1.32,1.98,zebra,-,2,1058,652,1.62,635,423,60.0,-27.83,-2.63,0,1.61,-4.45,-11.97,159,110,269,-5.99,-37.93,368,265,633,,,,,377,,,,0,-2.78,105.8,1.626,61.5,-1.5,6.1,54.47,-0.5,-2.0,-23.61,13.09,4,6,12,-0.88,-0.5,-6.06,7.43,-7.35,-2.01,-4.45,269,-2.44,1,7.35,9.57,0,2,0,-24.6,0,DIRECAO
P4,-,0.0,-,-,,-,0,-,6.5,6.5,-,-,zebra,dif>=0,1,638,638,1.0,367,271,57.5,-27.85,-4.37,0,1.42,-4.05,-6.68,95,70,165,-8.31,-32.08,213,173,386,,,,,372,,,,0,-2.79,63.8,1.667,60.0,-2.5,6.5,40.55,-0.7,-1.0,-16.82,6.05,4,6,9,-1.33,-3.64,-5.47,5.61,-9.09,-4.48,-4.05,165,0.43,1,5.55,7.84,0,2,0,-13.84,0,DIRECAO
P1,-,0.0,-,-,,-,0,-,6.5,6.5,-,-,zebra,-,2,643,641,1.0,370,273,57.5,-27.9,-4.34,0,1.42,-4.05,-6.68,95,70,165,-8.38,-32.51,214,174,388,,,,,373,,,,0,-2.79,64.3,1.667,60.0,-2.5,6.5,39.98,-0.7,-2.0,-16.25,6.05,4,6,9,-1.32,-3.61,-5.47,5.66,-9.06,-4.44,-4.05,165,0.39,7,5.59,7.86,0,2,0,-13.84,0,DIRECAO
P2,-,0.0,-,-,,-,0,-,6.5,6.5,1.32,1.68,zebra,-,2,469,467,1.0,276,193,58.8,-28.07,-5.99,0,4.87,-8.85,-10.53,68,51,119,-11.45,-32.87,159,128,287,,,,,294,,,,0,-2.81,46.9,1.597,62.6,-3.8,6.5,42.84,-0.7,-2.0,-8.3,2.2,3,7,9,-1.64,-1.03,-13.72,2.82,-10.71,-5.01,-8.85,119,-3.84,5,2.77,6.22,0,2,0,-25.11,0,DIRECAO
P4,-,0.0,-,-,,-,0,-,0.5,6.5,-,-,zebra,tot_env>=3,3,278,209,1.33,167,111,60.1,-28.11,-10.11,0,0.98,-10.33,-7.13,41,28,69,-13.19,-22.42,99,71,170,,,,,166,,,,0,-2.81,27.8,1.497,66.8,-6.7,5.4,36.36,-0.8,-3.0,-9.58,4.13,2,8,5,-2.09,-9.35,-11.31,-3.76,-16.13,-10.04,-10.33,69,-0.3,3,-4.0,2.09,0,2,0,-12.21,0,DIRECAO
P4,-,0.0,-,-,,-,0,-,6.5,6.5,-,-,zebra,dif>=0,3,640,638,1.0,368,272,57.5,-28.28,-4.42,0,1.42,-4.05,-6.68,95,70,165,-8.14,-31.51,214,173,387,,,,,372,,,,0,-2.83,64.0,1.666,60.0,-2.5,6.5,39.98,-0.7,-2.0,-16.25,6.05,4,6,9,-1.34,-3.73,-5.47,5.56,-9.14,-4.55,-4.05,165,0.5,3,5.49,7.78,0,2,0,-13.84,0,DIRECAO
P2,-,0.0,-,-,,-,0,-,7.5,9.5,1.77,1.86,zebra,-,1,266,266,1.0,131,135,49.2,-28.33,-10.65,0,-6.27,-22.02,-12.33,24,32,56,-17.16,-25.57,68,81,149,,,,,206,,,,0,-2.83,26.6,1.816,55.1,-5.8,8.4,29.31,-1.0,-1.0,-8.65,5.73,2,8,9,-1.91,-7.72,-15.75,-3.75,-16.67,-7.62,-22.02,56,-14.4,1,-4.26,1.55,0,2,0,-15.28,0,DIRECAO
P2,-,0.0,-,-,,-,0,-,5.5,-,1.96,1.98,zebra,-,2,273,247,1.11,124,149,45.4,-28.41,-10.41,0,14.09,10.7,6.1,32,25,57,-12.33,-18.87,68,85,153,,,,,206,,,,0,-2.84,27.3,1.973,50.7,-5.3,9.3,39.88,-0.7,-2.0,-11.5,7.18,3,7,8,-1.67,-14.34,-3.39,-3.69,-16.43,-15.98,10.7,57,26.68,1,-4.11,1.8,0,2,0,-3.32,0,DIRECAO
P2,-,0.0,-,-,,-,0,-,7.5,7.5,1.62,1.98,zebra,-,1,605,605,1.0,327,278,54.0,-28.9,-4.78,0,0.82,-8.8,-13.91,82,76,158,-8.69,-31.11,186,172,358,,,,,358,,,,0,-2.89,60.5,1.77,56.5,-2.5,7.5,34.28,-0.8,-1.0,-7.32,7.16,1,9,6,-1.33,-1.61,-9.62,4.99,-9.5,-3.35,-8.8,158,-5.45,6,4.96,7.43,0,2,0,-22.99,0,DIRECAO
P1,-,0.0,-,-,,-,0,-,5.5,6.5,-,-,zebra,-,3,1062,650,1.63,632,430,59.5,-29.38,-2.77,0,1.97,-1.82,-4.98,164,109,273,-4.77,-30.41,373,265,638,,,,,377,,,,0,-2.94,106.2,1.637,61.1,-1.6,6.1,45.83,-0.6,-3.0,-21.99,7.9,5,5,12,-0.91,-2.12,-3.79,7.28,-7.49,-3.09,-1.82,273,1.27,6,7.21,9.44,0,2,0,-15.54,0,DIRECAO
P2,-,0.0,-,-,,-,0,-,0.5,-,1.96,1.98,zebra,-,3,276,248,1.11,125,151,45.3,-29.44,-10.67,0,14.09,10.7,6.1,32,25,57,-12.33,-18.87,68,85,153,,,,,207,,,,0,-2.94,27.6,1.973,50.7,-5.4,9.3,41.86,-0.7,-2.0,-11.16,5.53,3,7,8,-1.74,-14.67,-3.39,-3.94,-16.69,-16.23,10.7,57,26.93,4,-4.36,1.54,0,2,0,-3.32,0,DIRECAO
P2,-,0.0,-,-,,-,0,-,5.5,6.5,1.32,1.68,zebra,-,2,859,598,1.44,522,337,60.8,-29.47,-3.43,0,3.97,-4.13,-9.16,134,88,222,-5.99,-31.16,308,212,520,,,,,359,,,,0,-2.95,85.9,1.588,63.0,-2.2,6.0,48.74,-0.6,-2.0,-13.41,9.39,4,6,12,-1.1,-0.44,-8.1,6.29,-8.15,-3.19,-4.13,222,-0.94,1,6.27,8.77,0,2,0,-27.14,0,DIRECAO
P2,-,0.0,-,-,,-,0,-,5.5,9.5,1.32,1.86,zebra,-,1,883,883,1.0,510,373,57.8,-29.59,-3.35,0,-1.32,-7.64,-16.04,116,94,210,-4.27,-22.14,297,222,519,,,,,452,,,,0,-2.96,88.3,1.681,59.5,-1.7,7.3,30.93,-1.0,-1.0,-11.6,3.31,2,8,5,-1.2,-1.58,-6.32,7.64,-8.07,-2.01,-7.64,210,-5.62,1,7.4,8.85,0,2,0,-20.86,0,DIRECAO
P2,-,0.0,-,-,,-,0,-,0.5,6.5,1.32,1.98,zebra,-,3,1248,652,1.91,757,491,60.7,-29.6,-2.37,0,0.26,-5.44,-17.04,184,129,313,-5.72,-42.63,438,307,745,,,,,377,,,,0,-2.96,124.8,1.613,62.0,-1.3,5.8,59.79,-0.5,-3.0,-28.75,23.1,4,6,9,-0.82,-0.34,-5.7,7.69,-7.09,-1.34,-5.44,313,-4.1,1,7.61,9.83,0,2,0,-26.96,0,DIRECAO
P2,-,0.0,-,-,,-,0,-,7.5,9.5,1.32,1.68,zebra,-,2,450,379,1.19,257,193,57.1,-29.73,-6.61,0,-5.4,-12.93,-13.96,57,51,108,-3.15,-8.42,158,109,267,,,,,226,,,,0,-2.97,45.0,1.631,61.3,-4.2,7.9,31.03,-1.0,-2.0,-11.48,8.1,3,7,5,-1.56,-6.01,-7.53,1.36,-12.63,-4.61,-12.93,108,-8.31,1,1.0,5.6,0,2,0,-13.32,0,DIRECAO
P2,-,0.0,-,-,,-,0,-,0.5,7.5,1.62,1.86,zebra,-,3,926,668,1.39,534,392,57.7,-29.79,-3.22,0,2.73,-3.2,-7.64,138,101,239,-7.02,-38.96,308,247,555,,,,,388,,,,0,-2.98,92.6,1.68,59.5,-1.8,6.8,48.31,-0.6,-3.0,-12.8,8.46,3,7,6,-1.0,-1.54,-5.93,6.95,-7.94,-3.22,-3.2,239,0.03,4,6.85,8.99,0,2,0,-20.94,0,DIRECAO
P2,-,0.0,-,-,,-,0,-,5.5,9.5,1.77,1.86,zebra,-,3,344,306,1.12,173,171,50.3,-30.0,-8.72,0,-4.75,-13.95,-10.6,36,40,76,-12.95,-25.12,93,101,194,,,,,238,,,,0,-3.0,34.4,1.816,55.1,-4.8,8.2,33.43,-0.9,-2.0,-13.79,6.26,3,7,10,-1.67,-8.44,-9.2,-1.44,-14.74,-7.24,-13.95,76,-6.71,4,-2.08,3.48,0,2,0,-11.59,0,DIRECAO
P2,-,0.0,-,-,,-,0,-,5.5,7.5,1.62,1.98,zebra,-,1,755,755,1.0,418,337,55.4,-30.15,-3.99,0,0.1,-8.7,-16.87,103,91,194,-7.32,-32.93,242,208,450,,,,,417,,,,0,-3.01,75.5,1.742,57.4,-2.0,7.1,36.53,-0.8,-1.0,-10.91,5.63,3,7,6,-1.27,-0.98,-8.8,6.71,-8.71,-2.37,-8.7,194,-6.33,1,6.53,8.21,0,2,0,-25.62,0,DIRECAO
P2,-,0.0,-,-,,-,0,-,0.5,9.5,1.77,1.86,zebra,-,3,346,308,1.12,174,172,50.3,-30.2,-8.73,0,-4.75,-13.95,-10.6,36,40,76,-12.95,-25.12,93,101,194,,,,,240,,,,0,-3.02,34.6,1.816,55.1,-4.8,8.1,33.63,-0.9,-2.0,-13.79,5.26,3,7,10,-1.67,-8.46,-9.2,-1.43,-14.75,-7.26,-13.95,76,-6.69,4,-2.06,3.47,0,2,0,-11.59,0,DIRECAO
P2,-,0.0,-,-,,-,0,-,0.5,-,1.32,1.86,zebra,-,1,897,897,1.0,518,379,57.7,-30.22,-3.37,0,-0.8,-7.53,-16.18,119,96,215,-4.43,-23.36,301,226,527,,,,,459,,,,0,-3.02,89.7,1.681,59.5,-1.7,7.3,31.97,-0.9,-1.0,-10.79,3.13,1,9,5,-1.22,-1.36,-6.73,7.62,-8.09,-2.06,-7.53,215,-5.47,1,7.38,8.83,0,2,0,-22.55,0,DIRECAO
P2,-,0.0,-,-,,-,0,-,6.5,-,1.96,1.98,zebra,-,2,271,245,1.11,122,149,45.0,-30.35,-11.2,0,14.09,10.7,6.1,32,25,57,-12.33,-18.87,68,85,153,,,,,204,,,,0,-3.04,27.1,1.973,50.7,-5.7,9.3,40.84,-0.7,-2.0,-12.48,6.22,3,7,8,-1.79,-15.62,-3.39,-4.5,-17.22,-17.03,10.7,57,27.73,1,-4.91,1.0,0,2,0,-3.32,0,DIRECAO
P2,-,0.0,-,-,,-,0,-,5.5,-,1.96,1.98,zebra,-,3,275,247,1.11,124,151,45.1,-30.41,-11.06,0,14.09,10.7,6.1,32,25,57,-12.33,-18.87,68,85,153,,,,,206,,,,0,-3.04,27.5,1.973,50.7,-5.6,9.3,41.88,-0.7,-2.0,-11.5,5.53,3,7,8,-1.8,-15.31,-3.39,-4.34,-17.08,-16.75,10.7,57,27.45,4,-4.76,1.14,0,2,0,-3.32,0,DIRECAO
P2,-,0.0,-,-,,-,0,-,0.5,7.5,1.62,1.98,zebra,-,2,1101,757,1.45,620,481,56.3,-30.42,-2.76,0,0.29,-5.24,-14.84,156,127,283,-7.63,-49.9,351,303,654,,,,,418,,,,0,-3.04,110.1,1.734,57.7,-1.4,6.9,53.11,-0.6,-2.0,-20.88,11.82,2,8,8,-0.9,-1.05,-5.53,7.96,-7.48,-1.9,-5.24,283,-3.34,1,7.77,9.44,0,2,0,-23.32,0,DIRECAO
P2,-,0.0,-,-,,-,0,-,5.5,9.5,1.77,1.86,zebra,-,2,343,306,1.12,172,171,50.1,-30.83,-8.99,0,-4.75,-13.95,-10.6,36,40,76,-12.95,-25.12,93,101,194,,,,,238,,,,0,-3.08,34.3,1.816,55.1,-4.9,8.2,34.26,-0.9,-2.0,-13.79,5.43,3,7,10,-1.72,-8.87,-9.2,-1.7,-15.01,-7.58,-13.95,76,-6.37,1,-2.34,3.21,0,2,0,-11.59,0,DIRECAO
P2,-,0.0,-,-,,-,0,-,5.5,6.5,1.32,1.68,zebra,-,3,862,598,1.44,523,339,60.7,-30.9,-3.58,0,3.97,-4.13,-9.16,134,88,222,-5.87,-30.59,309,212,521,,,,,359,,,,0,-3.09,86.2,1.588,63.0,-2.3,6.0,48.17,-0.6,-3.0,-12.98,9.39,4,6,12,-1.14,-0.71,-8.1,6.14,-8.3,-3.4,-4.13,222,-0.73,4,6.12,8.62,0,2,0,-27.14,0,DIRECAO
P2,-,0.0,-,-,,-,0,-,0.5,9.5,1.77,1.86,zebra,-,2,345,308,1.12,173,172,50.1,-31.03,-8.99,0,-4.75,-13.95,-10.6,36,40,76,-12.95,-25.12,93,101,194,,,,,240,,,,0,-3.1,34.5,1.816,55.1,-4.9,8.1,34.46,-0.9,-2.0,-13.79,4.43,3,7,10,-1.73,-8.88,-9.2,-1.69,-15.01,-7.59,-13.95,76,-6.35,1,-2.32,3.21,0,2,0,-11.59,0,DIRECAO
P2,-,0.0,-,-,,-,0,-,6.5,9.5,1.77,1.86,zebra,-,3,340,303,1.12,170,170,50.0,-31.44,-9.25,0,-5.84,-16.46,-12.18,34,40,74,-13.98,-26.56,90,100,190,,,,,235,,,,0,-3.14,34.0,1.816,55.1,-5.1,8.2,34.08,-0.9,-2.0,-13.79,6.26,3,7,10,-1.76,-8.46,-10.62,-1.99,-15.27,-7.24,-16.46,74,-9.22,4,-2.64,2.96,0,2,0,-13.17,0,DIRECAO
P4,-,0.0,-,-,,-,0,-,0.5,6.5,-,-,zebra,dif>=0,6,1374,650,2.11,836,538,60.8,-31.45,-2.29,0,0.2,-3.85,-13.39,208,140,348,-4.47,-36.42,486,329,815,,,,,377,,,,0,-3.15,137.4,1.611,62.1,-1.2,5.6,62.91,-0.5,-6.0,-28.31,24.63,5,5,11,-0.8,-1.21,-4.05,7.76,-7.01,-1.76,-3.85,348,-2.09,1,7.68,9.91,0,2,0,-21.16,0,DIRECAO
P1,-,0.0,-,-,,-,0,-,2.5,6.5,-,-,zebra,-,6,1369,652,2.1,832,537,60.8,-31.64,-2.31,0,0.15,-4.24,-14.62,205,140,345,-4.87,-39.51,481,330,811,,,,,377,,,,0,-3.16,136.9,1.612,62.0,-1.3,5.6,63.55,-0.5,-5.0,-28.31,25.25,4,6,10,-0.81,-1.04,-4.39,7.75,-7.03,-1.66,-4.24,345,-2.58,3,7.67,9.89,0,2,0,-22.77,0,DIRECAO
P2,-,0.0,-,-,,-,0,-,6.5,-,1.62,1.68,zebra,-,3,634,533,1.19,366,268,57.7,-31.76,-5.01,0,-0.94,-10.03,-16.15,88,73,161,-6.19,-24.06,222,167,389,,,,,317,,,,0,-3.18,63.4,1.644,60.8,-3.1,7.4,37.44,-0.8,-3.0,-10.04,0.41,1,9,7,-1.4,-2.39,-9.09,4.31,-9.73,-3.3,-10.03,161,-6.73,4,4.35,7.19,0,2,0,-22.55,0,DIRECAO
P2,-,0.0,-,-,,-,0,-,5.5,7.5,1.62,1.98,zebra,-,2,1092,755,1.45,614,478,56.2,-32.01,-2.93,0,0.42,-4.82,-13.49,155,125,280,-7.46,-48.55,350,301,651,,,,,417,,,,0,-3.2,109.2,1.734,57.7,-1.4,6.9,52.02,-0.6,-2.0,-20.88,11.82,2,8,7,-0.95,-1.49,-5.24,7.78,-7.65,-2.28,-4.82,280,-2.54,1,7.59,9.27,0,2,0,-21.97,0,DIRECAO
P1,-,0.0,-,-,,-,0,-,0.5,6.5,-,-,zebra,-,5,1368,652,2.1,831,537,60.7,-32.02,-2.34,0,0.15,-4.24,-14.62,205,140,345,-4.87,-39.51,481,330,811,,,,,377,,,,0,-3.2,136.8,1.612,62.0,-1.3,5.6,63.55,-0.5,-5.0,-28.31,24.87,4,6,10,-0.82,-1.09,-4.39,7.72,-7.06,-1.7,-4.24,345,-2.54,3,7.64,9.86,0,2,0,-22.77,0,DIRECAO
P1,-,0.0,-,-,,-,0,-,0.5,6.5,-,-,zebra,-,6,1378,652,2.11,838,540,60.8,-32.07,-2.33,0,0.2,-3.85,-13.39,208,140,348,-4.59,-37.42,486,330,816,,,,,377,,,,0,-3.21,137.8,1.611,62.1,-1.3,5.6,63.15,-0.5,-6.0,-28.31,24.25,5,5,11,-0.82,-1.28,-4.05,7.74,-7.05,-1.81,-3.85,348,-2.03,4,7.66,9.88,0,2,0,-21.16,0,DIRECAO
P4,-,0.0,-,-,,-,0,-,0.5,6.5,-,-,zebra,dif>=0,-,1376,650,2.12,837,539,60.8,-32.08,-2.33,0,0.2,-3.85,-13.39,208,140,348,-4.47,-36.42,486,329,815,,,,,377,,,,0,-3.21,137.6,1.61,62.1,-1.3,5.6,63.54,-0.5,-7.0,-28.31,24.63,5,5,11,-0.81,-1.28,-4.05,7.72,-7.05,-1.82,-3.85,348,-2.03,1,7.64,9.87,0,2,0,-21.16,0,DIRECAO
P2,-,0.0,-,-,,-,0,-,6.5,6.5,1.32,1.98,zebra,-,1,621,621,1.0,357,264,57.5,-32.24,-5.19,0,0.47,-8.14,-12.94,89,70,159,-10.78,-40.55,204,172,376,,,,,364,,,,0,-3.22,62.1,1.653,60.5,-3.0,6.5,47.56,-0.7,-1.0,-17.96,4.82,2,8,9,-1.58,-2.95,-8.61,4.68,-9.91,-4.18,-8.14,159,-3.96,1,4.63,7.01,0,2,0,-21.17,0,DIRECAO
P2,-,0.0,-,-,,-,0,-,6.5,9.5,1.77,1.86,zebra,-,2,339,303,1.12,169,170,49.9,-32.27,-9.52,0,-5.84,-16.46,-12.18,34,40,74,-13.98,-26.56,90,100,190,,,,,235,,,,0,-3.23,33.9,1.816,55.1,-5.2,8.2,34.91,-0.9,-2.0,-13.79,5.43,3,7,10,-1.82,-8.88,-10.62,-2.26,-15.54,-7.58,-16.46,74,-8.88,1,-2.91,2.68,0,2,0,-13.17,0,DIRECAO
P2,-,0.0,-,-,,-,0,-,6.5,-,1.62,1.68,zebra,-,2,623,533,1.17,359,264,57.6,-32.32,-5.19,0,-0.43,-9.47,-15.15,88,72,160,-6.45,-24.7,218,165,383,,,,,317,,,,0,-3.23,62.3,1.644,60.8,-3.2,7.4,36.7,-0.9,-2.0,-9.04,-0.34,0,10,7,-1.46,-2.68,-9.04,4.13,-9.91,-3.71,-9.47,160,-5.76,1,4.18,7.01,0,2,0,-22.23,0,DIRECAO
P2,-,0.0,-,-,,-,0,-,6.5,-,1.96,1.98,zebra,-,3,273,245,1.11,122,151,44.7,-32.35,-11.85,0,14.09,10.7,6.1,32,25,57,-12.33,-18.87,68,85,153,,,,,204,,,,0,-3.24,27.3,1.973,50.7,-6.0,9.3,42.84,-0.8,-2.0,-12.48,5.53,3,7,8,-1.93,-16.59,-3.39,-5.15,-17.87,-17.8,10.7,57,28.5,4,-5.56,0.35,0,2,0,-3.32,0,DIRECAO
P2,-,0.0,-,-,,-,0,-,0.5,6.5,1.32,1.86,zebra,-,2,1020,642,1.59,616,404,60.4,-32.35,-3.17,0,2.68,-3.78,-9.9,157,105,262,-5.87,-36.0,360,253,613,,,,,375,,,,0,-3.24,102.0,1.606,62.3,-1.9,6.0,51.31,-0.6,-2.0,-20.12,10.02,3,7,12,-1.06,-1.13,-6.46,6.83,-7.89,-2.96,-3.78,262,-0.82,1,6.76,9.03,0,2,0,-25.27,0,DIRECAO
P1,-,0.0,-,-,,-,0,-,0.5,6.5,-,-,zebra,-,4,1344,652,2.06,814,530,60.6,-32.46,-2.42,0,0.52,-4.07,-13.73,200,137,337,-4.95,-39.49,472,326,798,,,,,377,,,,0,-3.25,134.4,1.615,61.9,-1.4,5.7,63.35,-0.5,-4.0,-28.75,25.33,5,5,11,-0.84,-1.09,-4.59,7.65,-7.14,-1.86,-4.07,337,-2.21,3,7.57,9.79,0,2,0,-23.31,0,DIRECAO
P1,-,0.0,-,-,,-,0,-,3.5,6.5,-,-,zebra,-,5,1344,652,2.06,814,530,60.6,-32.53,-2.42,0,0.46,-4.24,-14.25,199,137,336,-5.09,-40.51,470,326,796,,,,,377,,,,0,-3.25,134.4,1.615,61.9,-1.4,5.7,63.96,-0.5,-4.0,-29.25,25.87,5,5,11,-0.84,-1.04,-4.7,7.64,-7.14,-1.81,-4.24,336,-2.43,4,7.56,9.78,0,2,0,-23.83,0,DIRECAO
P2,-,0.0,-,-,,-,0,-,0.5,7.5,1.32,1.98,zebra,-,1,826,826,1.0,463,363,56.1,-32.58,-3.94,0,1.1,-6.96,-14.27,112,93,205,-6.51,-31.55,266,219,485,,,,,441,,,,0,-3.26,82.6,1.723,58.1,-2.0,7.1,36.79,-0.9,-1.0,-11.41,5.25,2,8,6,-1.32,-1.41,-8.06,7.04,-8.66,-2.95,-6.96,205,-4.01,1,6.81,8.26,0,2,0,-25.39,0,DIRECAO
P2,-,0.0,-,-,,-,0,-,6.5,6.5,1.32,1.98,zebra,-,2,623,621,1.0,358,265,57.5,-32.67,-5.24,0,0.47,-8.14,-12.94,89,70,159,-10.6,-39.98,205,172,377,,,,,364,,,,0,-3.27,62.3,1.653,60.5,-3.0,6.5,46.99,-0.7,-2.0,-17.39,4.82,2,8,9,-1.59,-3.05,-8.61,4.62,-9.96,-4.25,-8.14,159,-3.89,5,4.58,6.96,0,2,0,-21.17,0,DIRECAO
P1,-,0.0,-,-,,-,0,-,0.5,6.5,-,-,zebra,-,7,1380,652,2.12,839,541,60.8,-32.7,-2.37,0,0.2,-3.85,-13.39,208,140,348,-4.59,-37.42,486,330,816,,,,,377,,,,0,-3.27,138.0,1.61,62.1,-1.3,5.6,63.78,-0.5,-7.0,-28.31,24.25,5,5,11,-0.83,-1.35,-4.05,7.69,-7.09,-1.87,-3.85,348,-1.98,2,7.61,9.83,0,2,0,-21.16,0,DIRECAO
P2,-,0.0,-,-,,-,0,-,0.5,6.5,1.32,1.68,zebra,-,3,1090,610,1.79,671,419,61.6,-33.0,-3.03,0,1.67,-6.41,-17.44,161,111,272,-5.6,-36.34,389,260,649,,,,,364,,,,0,-3.3,109.0,1.575,63.5,-1.9,5.7,59.97,-0.6,-3.0,-20.44,20.58,4,6,9,-1.02,0.02,-8.08,6.77,-7.75,-1.9,-6.41,272,-4.51,1,6.74,9.18,0,2,1,-33.14,0,DIRECAO
P2,-,0.0,-,-,,-,0,-,6.5,7.5,1.62,1.86,zebra,-,2,758,625,1.21,430,328,56.7,-33.11,-4.37,0,2.2,-6.06,-12.06,111,88,199,-8.96,-41.04,248,210,458,,,,,370,,,,0,-3.31,75.8,1.687,59.3,-2.5,7.1,46.6,-0.7,-2.0,-13.51,5.16,3,7,6,-1.29,-1.81,-8.26,5.53,-9.09,-3.77,-6.06,199,-2.29,5,5.47,7.83,0,2,0,-24.86,0,DIRECAO
P2,-,0.0,-,-,,-,0,-,5.5,6.5,1.32,1.98,zebra,-,2,1037,649,1.6,618,419,59.6,-33.19,-3.2,0,1.46,-4.21,-11.24,158,109,267,-6.14,-38.45,363,263,626,,,,,376,,,,0,-3.32,103.7,1.627,61.4,-1.9,6.1,53.42,-0.6,-2.0,-23.7,8.36,4,6,12,-1.06,-1.63,-5.67,6.84,-7.92,-2.85,-4.21,267,-1.36,1,6.77,9.0,0,2,0,-22.87,0,DIRECAO
P2,-,0.0,-,-,,-,0,-,0.5,9.5,1.32,1.68,zebra,-,2,1271,800,1.59,771,500,60.7,-33.31,-2.62,0,0.99,-4.02,-12.74,189,128,317,-3.93,-29.48,449,302,751,,,,,432,,,,0,-3.33,127.1,1.605,62.3,-1.7,6.6,50.56,-0.7,-2.0,-17.04,9.78,4,6,8,-0.98,-1.14,-5.01,8.37,-7.34,-2.16,-4.02,317,-1.86,1,8.13,9.58,0,2,0,-24.38,0,DIRECAO
P1,-,0.0,-,-,,-,0,-,3.5,6.5,-,-,zebra,-,4,1342,652,2.06,812,530,60.5,-33.48,-2.49,0,0.46,-4.24,-14.25,199,137,336,-5.09,-40.51,470,326,796,,,,,377,,,,0,-3.35,134.2,1.615,61.9,-1.4,5.7,64.37,-0.5,-4.0,-29.25,25.33,5,5,11,-0.86,-1.16,-4.7,7.57,-7.21,-1.91,-4.24,336,-2.33,1,7.49,9.71,0,2,0,-23.83,0,DIRECAO
P2,-,0.0,-,-,,-,0,-,6.5,6.5,1.32,1.86,zebra,-,1,561,561,1.0,325,236,57.9,-33.73,-6.01,0,2.27,-8.46,-12.6,84,65,149,-11.35,-39.27,189,157,346,,,,,340,,,,0,-3.37,56.1,1.625,61.5,-3.6,6.5,46.61,-0.7,-1.0,-12.93,2.96,3,7,9,-1.77,-2.88,-10.73,3.48,-10.73,-5.13,-8.46,149,-3.33,1,3.5,6.19,0,2,0,-24.03,0,DIRECAO
P2,-,0.0,-,-,,-,0,-,0.5,7.5,1.77,-,zebra,-,2,524,444,1.18,254,270,48.5,-34.1,-6.51,0,-3.3,-1.74,-2.11,61,60,121,-6.91,-20.37,142,153,295,,,,,275,,,,0,-3.41,52.4,1.935,51.7,-3.2,7.2,40.5,-0.8,-2.0,-19.25,6.41,4,6,6,-1.44,-10.98,1.56,2.08,-11.23,-7.94,-1.74,121,6.19,1,1.95,5.69,0,2,1,2.91,0,DIRECAO
P2,-,0.0,-,-,,-,0,-,6.5,6.5,1.32,1.86,zebra,-,2,563,561,1.0,326,237,57.9,-34.16,-6.07,0,2.27,-8.46,-12.6,84,65,149,-11.15,-38.7,190,157,347,,,,,340,,,,0,-3.42,56.3,1.625,61.6,-3.6,6.5,46.04,-0.7,-2.0,-12.36,2.96,3,7,9,-1.78,-2.99,-10.73,3.43,-10.79,-5.21,-8.46,149,-3.25,5,3.44,6.14,0,2,0,-24.03,0,DIRECAO
P2,-,0.0,-,-,,-,0,-,5.5,-,1.32,1.86,zebra,-,1,892,892,1.0,512,380,57.4,-34.23,-3.84,0,-0.87,-7.73,-16.55,118,96,214,-4.48,-23.55,300,226,526,,,,,456,,,,0,-3.42,89.2,1.682,59.4,-2.0,7.3,34.88,-1.0,-1.0,-10.79,3.31,1,9,5,-1.38,-2.03,-6.86,7.15,-8.56,-2.61,-7.73,214,-5.13,1,6.92,8.37,0,2,0,-22.92,0,DIRECAO
P2,-,0.0,-,-,,-,0,-,0.5,7.5,1.32,1.68,zebra,-,2,1162,735,1.58,705,457,60.7,-34.53,-2.97,0,2.82,-3.18,-9.39,178,117,295,-6.12,-42.19,404,285,689,,,,,410,,,,0,-3.45,116.2,1.599,62.6,-1.9,6.3,62.3,-0.6,-2.0,-14.33,14.99,3,7,8,-1.06,-1.06,-6.0,7.61,-7.69,-2.9,-3.18,295,-0.28,1,7.44,9.23,0,2,0,-27.0,0,DIRECAO
P4,-,0.0,-,-,,-,0,-,0.5,6.5,-,-,zebra,tot_env>=1,3,616,379,1.63,377,239,61.2,-34.77,-5.64,0,1.06,-10.68,-16.66,90,66,156,-9.51,-35.57,220,154,374,,,,,262,,,,0,-3.48,61.6,1.544,64.8,-3.6,5.3,51.08,-0.7,-3.0,-16.22,15.98,5,5,7,-1.57,-1.78,-11.74,2.33,-11.66,-3.94,-10.68,156,-6.74,1,1.96,6.56,0,2,0,-28.06,0,DIRECAO
P2,-,0.0,-,-,,-,0,-,7.5,-,1.32,1.68,zebra,-,4,476,386,1.23,270,206,56.7,-35.06,-7.37,0,-5.18,-13.53,-15.7,61,55,116,-4.09,-11.58,166,117,283,,,,,229,,,,0,-3.51,47.6,1.63,61.4,-4.6,8.0,36.36,-1.0,-2.61,-12.48,8.76,2,8,5,-1.78,-6.71,-8.35,0.67,-13.39,-5.38,-13.53,116,-8.16,3,0.33,4.84,0,2,0,-15.79,0,DIRECAO
P4,-,0.0,-,-,,-,0,-,0.5,6.5,-,-,zebra,tot_env>=1,6,631,379,1.66,387,244,61.3,-35.34,-5.6,0,0.29,-11.43,-18.52,93,69,162,-9.39,-35.95,226,157,383,,,,,262,,,,0,-3.53,63.1,1.542,64.8,-3.5,5.3,52.53,-0.7,-4.59,-16.98,16.55,5,5,6,-1.56,-1.66,-11.72,2.37,-11.62,-3.59,-11.43,162,-7.85,2,2.0,6.6,0,2,0,-28.96,0,DIRECAO
P2,-,0.0,-,-,,-,0,-,7.5,-,1.32,1.68,zebra,-,3,475,386,1.23,269,206,56.6,-35.45,-7.46,0,-5.18,-13.53,-15.7,61,55,116,-4.09,-11.58,166,117,283,,,,,229,,,,0,-3.54,47.5,1.63,61.3,-4.7,8.0,36.75,-1.0,-3.0,-12.48,8.76,2,8,5,-1.8,-6.87,-8.35,0.57,-13.48,-5.5,-13.53,116,-8.03,1,0.23,4.74,0,2,0,-15.79,0,DIRECAO
P2,-,0.0,-,-,,-,0,-,5.5,6.5,1.32,1.86,zebra,-,2,974,637,1.53,584,390,60.0,-35.62,-3.66,0,2.64,-3.87,-9.9,153,103,256,-6.08,-36.17,348,247,595,,,,,372,,,,0,-3.56,97.4,1.609,62.2,-2.2,6.1,50.3,-0.7,-2.0,-18.67,7.23,3,7,12,-1.21,-1.83,-6.51,6.31,-8.38,-3.58,-3.87,256,-0.29,1,6.25,8.55,0,2,0,-24.73,0,DIRECAO
P2,-,0.0,-,-,,-,0,-,5.5,6.5,1.32,1.98,zebra,-,3,1041,649,1.6,619,422,59.5,-35.62,-3.42,0,1.46,-4.21,-11.24,158,109,267,-6.04,-37.88,364,263,627,,,,,376,,,,0,-3.56,104.1,1.627,61.5,-2.0,6.1,52.85,-0.7,-3.0,-23.13,8.12,4,6,12,-1.13,-2.0,-5.67,6.62,-8.14,-3.15,-4.21,267,-1.06,4,6.55,8.78,0,2,0,-22.87,0,DIRECAO
P2,-,0.0,-,-,,-,0,-,5.5,7.5,1.32,1.98,zebra,-,1,823,823,1.0,459,364,55.8,-35.66,-4.33,0,1.14,-6.86,-14.07,112,93,205,-6.43,-31.17,266,219,485,,,,,440,,,,0,-3.57,82.3,1.724,58.0,-2.2,7.1,36.31,-1.0,-1.0,-11.41,5.25,1,9,6,-1.45,-2.06,-8.0,6.66,-9.05,-3.49,-6.86,205,-3.37,1,6.42,7.87,0,2,0,-25.19,0,DIRECAO
P2,-,0.0,-,-,,-,0,-,5.5,9.5,1.77,1.86,zebra,-,1,306,306,1.0,149,157,48.7,-35.67,-11.66,0,-6.36,-18.86,-12.26,29,36,65,-16.61,-28.57,79,93,172,,,,,238,,,,0,-3.57,30.6,1.816,55.1,-6.4,8.1,37.44,-1.0,-1.0,-12.28,3.38,3,7,10,-2.24,-11.18,-12.5,-4.37,-17.68,-9.71,-18.86,65,-9.15,1,-5.01,0.55,0,2,0,-13.75,0,DIRECAO
P2,-,0.0,-,-,,-,0,-,0.5,9.5,1.77,1.86,zebra,-,1,308,308,1.0,150,158,48.7,-35.87,-11.65,0,-6.36,-18.86,-12.26,29,36,65,-16.61,-28.57,79,93,172,,,,,240,,,,0,-3.59,30.8,1.816,55.1,-6.4,8.1,37.64,-1.0,-1.0,-12.28,2.6,3,7,10,-2.25,-11.17,-12.5,-4.34,-17.67,-9.72,-18.86,65,-9.15,1,-4.98,0.56,0,2,0,-13.75,0,DIRECAO
P2,-,0.0,-,-,,-,0,-,0.5,7.5,1.77,-,zebra,-,3,526,444,1.18,254,272,48.3,-36.1,-6.86,0,-3.57,-2.55,-3.11,61,61,122,-7.22,-21.37,142,154,296,,,,,275,,,,0,-3.61,52.6,1.935,51.7,-3.4,7.2,42.5,-0.8,-2.0,-19.25,5.91,3,7,6,-1.53,-11.25,1.02,1.72,-11.58,-8.17,-2.55,122,5.62,4,1.59,5.34,0,2,1,1.91,0,DIRECAO
P2,-,0.0,-,-,,-,0,-,8.5,9.5,1.62,1.86,zebra,-,1,392,392,1.0,205,187,52.3,-36.22,-9.24,0,-5.07,-10.29,-9.57,48,45,93,-8.2,-18.21,118,104,222,,,,,248,,,,0,-3.62,39.2,1.741,57.5,-5.2,8.7,36.89,-1.0,-1.0,-20.32,2.11,4,6,8,-2.1,-11.5,-5.22,-1.15,-15.26,-8.91,-10.29,93,-1.38,1,-1.47,2.96,0,2,0,-7.36,0,DIRECAO
P2,-,0.0,-,-,,-,0,-,6.5,9.5,1.77,1.86,zebra,-,1,303,303,1.0,147,156,48.5,-36.27,-11.97,0,-7.02,-20.31,-13.0,28,36,64,-17.26,-29.17,77,92,169,,,,,235,,,,0,-3.63,30.3,1.816,55.1,-6.6,8.1,37.25,-1.0,-1.0,-12.28,3.38,3,7,10,-2.29,-11.23,-13.29,-4.71,-17.99,-9.74,-20.31,64,-10.58,1,-5.37,0.23,0,2,0,-14.49,0,DIRECAO
P2,-,0.0,-,-,,-,0,-,0.5,6.5,1.32,1.68,zebra,-,6,1170,610,1.92,723,447,61.8,-36.61,-3.13,0,1.51,-5.6,-16.57,178,118,296,-5.24,-36.6,422,276,698,,,,,364,,,,0,-3.66,117.0,1.569,63.7,-1.9,5.5,65.27,-0.6,-6.0,-19.87,19.66,4,6,10,-1.07,-0.67,-7.11,6.67,-7.85,-2.29,-5.6,296,-3.31,1,6.64,9.07,0,2,0,-31.76,0,DIRECAO
P4,-,0.0,-,-,,-,0,-,0.5,6.5,-,-,zebra,tot_env>=1,1,379,379,1.0,219,160,57.8,-36.89,-9.73,0,4.2,-11.13,-10.91,56,42,98,-13.13,-30.6,130,103,233,,,,,262,,,,0,-3.69,37.9,1.561,64.1,-6.3,5.7,45.68,-0.8,-1.0,-12.47,6.59,2,8,9,-2.44,-5.99,-15.33,-1.76,-15.75,-9.25,-11.13,98,-1.89,1,-2.13,2.47,0,2,0,-23.3,0,DIRECAO
P2,-,0.0,-,-,,-,0,-,0.5,6.5,1.32,1.68,zebra,-,-,1172,610,1.92,724,448,61.8,-37.24,-3.18,0,1.51,-5.6,-16.57,178,118,296,-5.24,-36.6,422,276,698,,,,,364,,,,0,-3.72,117.2,1.569,63.7,-2.0,5.5,65.9,-0.6,-7.0,-19.87,19.66,3,7,10,-1.09,-0.76,-7.11,6.62,-7.9,-2.36,-5.6,296,-3.24,1,6.59,9.03,0,2,0,-31.76,0,DIRECAO
P2,-,0.0,-,-,,-,0,-,8.5,9.5,1.32,1.86,zebra,-,1,407,407,1.0,214,193,52.6,-37.38,-9.18,0,-6.87,-12.18,-11.57,48,47,95,-7.62,-17.44,123,106,229,,,,,254,,,,0,-3.74,40.7,1.733,57.7,-5.1,8.7,38.05,-1.0,-1.0,-21.36,1.92,4,6,8,-2.14,-11.35,-5.31,-0.95,-13.9,-8.27,-12.18,95,-3.91,1,-1.21,3.02,0,2,0,-7.75,0,DIRECAO
P2,-,0.0,-,-,,-,0,-,0.5,6.5,1.32,1.68,zebra,-,4,1145,610,1.88,705,440,61.6,-37.4,-3.27,0,1.85,-6.09,-17.47,171,116,287,-5.75,-39.23,409,273,682,,,,,364,,,,0,-3.74,114.5,1.572,63.6,-2.0,5.6,65.02,-0.6,-4.0,-19.65,20.28,4,6,11,-1.11,-0.41,-7.94,6.53,-7.99,-2.32,-6.09,287,-3.76,1,6.5,8.94,0,2,0,-34.47,0,DIRECAO
P2,-,0.0,-,-,,-,0,-,5.5,7.5,1.77,-,zebra,-,2,520,441,1.18,250,270,48.1,-37.73,-7.26,0,-3.3,-1.74,-2.11,61,60,121,-6.91,-20.37,142,153,295,,,,,274,,,,0,-3.77,52.0,1.936,51.7,-3.6,7.2,44.01,-0.9,-2.0,-19.25,5.91,4,6,6,-1.6,-12.2,1.56,1.3,-11.98,-8.93,-1.74,121,7.18,1,1.16,4.95,0,2,1,2.91,0,DIRECAO
P2,-,0.0,-,-,,-,0,-,0.5,6.5,1.32,1.86,zebra,-,3,1194,642,1.86,726,468,60.8,-37.89,-3.17,0,0.96,-5.51,-16.7,179,124,303,-5.83,-41.78,424,293,717,,,,,375,,,,0,-3.79,119.4,1.595,62.7,-1.9,5.8,61.97,-0.6,-3.0,-24.72,18.41,4,6,9,-1.09,-1.16,-6.47,6.83,-7.89,-2.38,-5.51,303,-3.13,1,6.76,9.03,0,2,0,-29.25,0,DIRECAO
P2,-,0.0,-,-,,-,0,-,0.5,7.5,1.62,1.98,zebra,-,3,1170,757,1.55,656,514,56.1,-37.99,-3.25,0,0.15,-5.51,-16.41,164,134,298,-7.6,-52.57,372,320,692,,,,,418,,,,0,-3.8,117.0,1.733,57.7,-1.6,6.9,57.97,-0.7,-3.0,-20.65,14.29,2,8,9,-1.06,-1.77,-5.66,7.47,-7.97,-2.47,-5.51,298,-3.03,1,7.28,8.96,0,2,0,-25.14,0,DIRECAO
P2,-,0.0,-,-,,-,0,-,5.5,6.5,1.32,1.86,zebra,-,3,978,637,1.54,585,393,59.8,-38.05,-3.89,0,2.64,-3.87,-9.9,153,103,256,-5.97,-35.6,349,247,596,,,,,372,,,,0,-3.8,97.8,1.609,62.2,-2.4,6.1,49.73,-0.8,-3.0,-18.1,7.23,3,7,12,-1.28,-2.23,-6.51,6.08,-8.61,-3.9,-3.87,256,0.03,4,6.01,8.31,0,2,0,-24.73,0,DIRECAO
P1,-,0.0,-,-,,-,0,-,0.5,7.5,-,-,zebra,-,1,828,828,1.0,452,376,54.6,-38.28,-4.62,0,0.73,-7.31,-14.98,109,96,205,-6.32,-30.73,261,225,486,,,,,442,,,,0,-3.83,82.8,1.758,56.9,-2.3,7.1,39.63,-1.0,-1.0,-12.32,2.91,1,9,6,-1.52,-2.51,-8.04,6.37,-9.34,-3.74,-7.31,205,-3.57,4,6.13,7.58,0,2,0,-25.42,0,DIRECAO
P2,-,0.0,-,-,,-,0,-,0.5,6.5,1.32,1.98,zebra,-,4,1324,652,2.03,802,522,60.6,-38.29,-2.89,0,0.08,-6.04,-19.99,194,137,331,-5.97,-46.96,463,324,787,,,,,377,,,,0,-3.83,132.4,1.607,62.2,-1.7,5.7,66.61,-0.6,-4.0,-29.89,23.79,4,6,11,-1.0,-0.93,-6.12,7.17,-7.61,-1.84,-6.04,331,-4.2,1,7.09,9.31,0,2,0,-30.64,0,DIRECAO
P2,-,0.0,-,-,,-,0,-,0.5,6.5,1.32,1.98,zebra,-,6,1357,652,2.08,825,532,60.8,-38.31,-2.82,0,-0.23,-5.75,-19.65,202,140,342,-5.58,-44.89,477,328,805,,,,,377,,,,0,-3.83,135.7,1.603,62.4,-1.6,5.6,66.65,-0.6,-6.0,-29.45,22.71,4,6,11,-0.99,-1.17,-5.52,7.24,-7.54,-1.84,-5.75,342,-3.91,1,7.16,9.38,0,2,0,-28.49,0,DIRECAO
P2,-,0.0,-,-,,-,0,-,5.5,7.5,1.62,1.98,zebra,-,3,1153,755,1.53,646,507,56.0,-38.62,-3.35,0,0.35,-4.78,-14.06,163,131,294,-7.24,-49.55,369,315,684,,,,,417,,,,0,-3.86,115.3,1.733,57.7,-1.7,6.9,55.95,-0.7,-3.0,-20.65,13.49,2,8,8,-1.09,-2.26,-5.13,7.36,-8.07,-2.86,-4.78,294,-1.92,1,7.17,8.85,0,2,0,-22.47,0,DIRECAO
P2,-,0.0,-,-,,-,0,-,5.5,7.5,1.77,-,zebra,-,3,521,441,1.18,250,271,48.0,-38.73,-7.43,0,-3.57,-2.55,-3.11,61,61,122,-7.22,-21.37,142,154,296,,,,,274,,,,0,-3.87,52.1,1.936,51.7,-3.7,7.2,45.01,-0.9,-2.0,-19.25,5.91,3,7,6,-1.64,-12.2,1.02,1.12,-12.15,-8.93,-2.55,122,6.38,4,0.98,4.77,0,2,1,1.91,0,DIRECAO
P2,-,0.0,-,-,,-,0,-,0.5,6.5,1.32,1.98,zebra,-,-,1359,652,2.08,826,533,60.8,-38.94,-2.87,0,-0.23,-5.75,-19.65,202,140,342,-5.58,-44.89,477,328,805,,,,,377,,,,0,-3.89,135.9,1.603,62.4,-1.6,5.6,67.28,-0.6,-7.0,-29.45,22.71,4,6,11,-1.01,-1.24,-5.52,7.2,-7.59,-1.9,-5.75,342,-3.85,1,7.12,9.34,0,2,0,-28.49,0,DIRECAO
P2,-,0.0,-,-,,-,0,-,5.5,9.5,1.32,1.68,zebra,-,2,1189,788,1.51,714,475,60.1,-39.04,-3.28,0,0.94,-4.44,-13.41,179,123,302,-3.95,-28.12,424,287,711,,,,,427,,,,0,-3.9,118.9,1.609,62.1,-2.1,6.8,49.42,-0.8,-2.0,-13.44,3.28,4,6,7,-1.19,-1.93,-5.38,7.63,-8.0,-2.89,-4.44,302,-1.55,1,7.41,8.92,0,2,0,-25.05,0,DIRECAO
P2,-,0.0,-,-,,-,0,-,7.5,-,1.96,1.98,zebra,-,2,262,237,1.11,113,149,43.1,-39.1,-14.92,0,13.57,9.14,5.12,31,25,56,-13.79,-20.82,66,85,151,,,,,198,,,,0,-3.91,26.2,1.973,50.7,-7.6,9.4,48.68,-0.8,-2.0,-14.41,5.53,3,7,8,-2.34,-21.09,-4.43,-8.3,-20.94,-21.47,9.14,56,30.61,1,-8.68,-2.72,0,2,0,-4.3,0,DIRECAO
P2,-,0.0,-,-,,-,0,-,7.5,-,1.32,1.68,zebra,-,2,466,386,1.21,261,205,56.0,-39.15,-8.4,0,-4.44,-14.15,-16.27,60,55,115,-5.44,-15.06,160,117,277,,,,,229,,,,0,-3.91,46.6,1.631,61.3,-5.3,8.0,40.45,-1.0,-2.0,-12.48,8.1,2,8,5,-2.03,-7.54,-9.71,-0.36,-14.42,-6.52,-14.15,115,-7.63,1,-0.71,3.8,0,2,0,-17.96,0,DIRECAO
P2,-,0.0,-,-,,-,0,-,5.5,7.5,1.32,1.68,zebra,-,2,1079,723,1.49,648,431,60.1,-39.26,-3.64,0,2.86,-3.59,-10.06,168,112,280,-6.29,-40.83,379,270,649,,,,,405,,,,0,-3.93,107.9,1.603,62.4,-2.3,6.5,60.03,-0.7,-2.0,-12.03,6.99,3,7,7,-1.26,-1.78,-6.45,6.87,-8.36,-3.65,-3.59,280,0.06,1,6.71,8.56,0,2,0,-27.67,0,DIRECAO
P2,-,0.0,-,-,,-,0,-,6.5,7.5,1.62,1.86,zebra,-,1,625,625,1.0,348,277,55.7,-39.58,-6.33,0,2.87,-8.81,-14.09,87,73,160,-10.9,-40.99,200,176,376,,,,,370,,,,0,-3.96,62.5,1.686,59.3,-3.6,7.1,44.99,-0.9,-1.0,-10.02,1.36,2,8,5,-1.89,-2.93,-11.68,3.56,-11.05,-5.48,-8.81,160,-3.32,1,3.51,5.87,0,2,0,-28.38,0,DIRECAO
P2,-,0.0,-,-,,-,0,-,5.5,7.5,1.62,1.98,zebra,-,4,1154,755,1.53,646,508,56.0,-39.62,-3.43,0,0.35,-4.78,-14.06,163,131,294,-7.24,-49.55,369,315,684,,,,,417,,,,0,-3.96,115.4,1.733,57.7,-1.7,6.9,55.95,-0.7,-3.0,-20.65,13.49,2,8,8,-1.12,-2.4,-5.13,7.27,-8.15,-2.97,-4.78,294,-1.81,3,7.09,8.77,0,2,0,-22.47,0,DIRECAO
P1,-,0.0,-,-,,-,0,-,4.5,7.5,-,-,zebra,-,1,826,826,1.0,450,376,54.5,-39.68,-4.8,0,0.73,-7.31,-14.98,109,96,205,-6.32,-30.73,261,225,486,,,,,442,,,,0,-3.97,82.6,1.758,56.9,-2.4,7.1,40.33,-1.0,-1.0,-12.32,2.91,1,9,6,-1.57,-2.8,-8.04,6.19,-9.52,-3.98,-7.31,205,-3.33,1,5.95,7.4,0,2,0,-25.42,0,DIRECAO
P2,-,0.0,-,-,,-,0,-,6.5,7.5,1.62,-,zebra,-,1,765,765,1.0,410,355,53.6,-39.78,-5.2,0,0.6,-6.85,-13.42,104,92,196,-8.36,-38.12,237,219,456,,,,,422,,,,0,-3.98,76.5,1.783,56.1,-2.5,7.2,42.05,-0.9,-1.0,-13.38,5.09,2,8,6,-1.62,-3.78,-7.45,5.57,-9.92,-4.63,-6.85,196,-2.21,1,5.37,7.0,0,2,0,-22.04,0,DIRECAO
P4,-,0.0,-,-,,-,0,-,0.5,6.5,-,-,zebra,dif>=1,1,317,317,1.0,177,140,55.8,-39.87,-12.58,0,0.64,-13.25,-11.26,47,38,85,-13.69,-27.51,111,90,201,,,,,230,,,,0,-3.99,31.7,1.563,64.0,-8.1,5.7,45.97,-0.9,-1.0,-15.17,3.28,3,7,7,-2.86,-11.64,-13.89,-5.19,-18.6,-12.33,-13.25,85,-0.92,1,-5.79,-0.37,0,2,0,-18.34,0,DIRECAO
P1,-,0.0,-,-,,-,0,-,5.5,7.5,-,-,zebra,-,1,826,826,1.0,449,377,54.4,-39.89,-4.83,0,0.77,-7.21,-14.78,109,96,205,-6.24,-30.35,261,225,486,,,,,442,,,,0,-3.99,82.6,1.76,56.8,-2.4,7.2,40.54,-1.0,-1.0,-12.32,2.91,1,9,6,-1.58,-2.88,-7.98,6.16,-9.55,-4.04,-7.21,205,-3.17,1,5.92,7.37,0,2,0,-25.22,0,DIRECAO
P4,-,0.0,-,-,,-,0,-,0.5,8.5,-,-,zebra,dif<=0,1,860,860,1.0,459,401,53.4,-40.13,-4.67,0,-1.38,-11.32,-24.57,108,109,217,-5.72,-29.36,271,242,513,,,,,448,,,,0,-4.01,86.0,1.802,55.5,-2.1,7.5,43.83,-0.9,-1.0,-18.28,6.27,2,8,7,-1.53,-1.36,-9.94,6.32,-9.39,-2.42,-11.32,217,-8.9,1,6.09,7.54,0,2,0,-32.91,0,DIRECAO
P4,-,0.0,-,-,,-,0,-,0.5,8.5,-,-,zebra,tot_env 0~3,1,879,879,1.0,469,410,53.4,-40.68,-4.63,0,-0.36,-10.29,-22.54,110,109,219,-6.4,-33.46,274,249,523,,,,,457,,,,0,-4.07,87.9,1.803,55.5,-2.1,7.5,44.37,-0.9,-1.0,-18.28,3.47,2,8,7,-1.53,-1.38,-9.93,6.36,-9.35,-2.75,-10.29,219,-7.54,1,6.13,7.57,0,2,0,-33.17,0,DIRECAO
P2,-,0.0,-,-,,-,0,-,6.5,7.5,1.62,1.98,zebra,-,1,741,741,1.0,402,339,54.3,-40.78,-5.5,0,0.22,-8.97,-17.22,101,91,192,-10.07,-44.61,230,213,443,,,,,412,,,,0,-4.08,74.1,1.749,57.2,-2.9,7.2,47.39,-0.9,-1.0,-14.92,6.88,3,7,6,-1.72,-3.16,-9.19,5.12,-10.22,-4.29,-8.97,192,-4.68,1,4.94,6.7,0,2,0,-26.46,0,DIRECAO
P2,-,0.0,-,-,,-,0,-,7.5,-,1.96,1.98,zebra,-,3,264,237,1.11,113,151,42.8,-41.1,-15.57,0,13.57,9.14,5.12,31,25,56,-13.79,-20.82,66,85,151,,,,,198,,,,0,-4.11,26.4,1.973,50.7,-7.9,9.4,50.68,-0.8,-2.0,-14.41,5.53,3,7,8,-2.49,-22.04,-4.43,-8.95,-21.59,-22.22,9.14,56,31.36,4,-9.32,-3.37,0,2,0,-4.3,0,DIRECAO
P2,-,0.0,-,-,,-,0,-,0.5,7.5,1.62,1.98,zebra,-,4,1175,757,1.55,657,518,55.9,-41.37,-3.52,0,0.05,-5.82,-17.41,164,135,299,-7.86,-54.57,372,322,694,,,,,418,,,,0,-4.14,117.5,1.732,57.7,-1.8,6.8,59.97,-0.7,-4.0,-20.65,14.29,2,8,9,-1.15,-2.09,-5.87,7.2,-8.24,-2.74,-5.82,299,-3.09,3,7.01,8.68,0,2,0,-26.14,0,DIRECAO
P4,-,0.0,-,-,,-,0,-,0.5,8.5,-,-,zebra,tot_env<=0,1,843,843,1.0,448,395,53.1,-41.39,-4.91,0,-1.15,-11.65,-25.16,107,109,216,-6.62,-33.36,263,241,504,,,,,445,,,,0,-4.14,84.3,1.804,55.4,-2.3,7.5,45.97,-0.9,-1.0,-18.28,4.41,2,8,7,-1.59,-1.35,-10.5,6.08,-9.63,-2.59,-11.65,216,-9.06,1,5.84,7.29,0,2,0,-34.44,0,DIRECAO
P4,-,0.0,-,-,,-,0,-,0.5,8.5,-,-,zebra,dif>=0,1,908,908,1.0,486,422,53.5,-42.0,-4.63,0,-1.29,-10.7,-23.54,110,110,220,-5.77,-30.69,281,251,532,,,,,467,,,,0,-4.2,90.8,1.799,55.6,-2.1,7.5,42.98,-1.0,-1.0,-18.28,3.08,2,8,7,-1.56,-1.75,-9.41,6.36,-9.35,-2.68,-10.7,220,-8.02,1,6.13,7.58,0,2,0,-32.09,0,DIRECAO
P2,-,0.0,-,-,,-,0,-,7.5,7.5,1.77,-,zebra,-,1,390,390,1.0,180,210,46.2,-42.12,-10.8,0,-1.8,-8.45,-7.94,44,50,94,-10.61,-24.2,105,123,228,,,,,249,,,,0,-4.21,39.0,1.943,51.5,-5.3,7.5,47.78,-0.9,-1.0,-12.83,1.27,2,8,7,-2.2,-13.17,-6.65,-2.72,-16.82,-11.55,-8.45,94,3.1,6,-3.05,1.4,0,2,0,-9.45,0,DIRECAO
P2,-,0.0,-,-,,-,0,-,0.5,-,1.32,1.68,zebra,-,2,1285,805,1.6,774,511,60.2,-42.32,-3.29,0,1.15,-4.84,-15.64,191,132,323,-4.83,-36.71,450,310,760,,,,,433,,,,0,-4.23,128.5,1.605,62.3,-2.1,6.6,57.93,-0.7,-2.0,-16.5,7.46,4,6,8,-1.24,-1.61,-5.99,7.7,-8.01,-2.77,-4.84,323,-2.07,1,7.46,8.91,0,2,0,-29.61,0,DIRECAO
P2,-,0.0,-,-,,-,0,-,6.5,7.5,1.77,-,zebra,-,2,513,437,1.17,244,269,47.6,-42.58,-8.3,0,-3.82,-3.1,-3.69,59,60,119,-7.49,-21.81,139,152,291,,,,,270,,,,0,-4.26,51.3,1.935,51.7,-4.1,7.3,48.07,-0.9,-2.0,-19.11,5.91,3,7,6,-1.82,-13.39,0.72,0.22,-13.02,-9.87,-3.1,119,6.77,5,0.06,3.9,0,2,1,1.33,0,DIRECAO
P2,-,0.0,-,-,,-,0,-,0.5,7.5,1.62,-,zebra,-,2,1190,775,1.54,655,535,55.0,-42.88,-3.6,0,1.4,-1.86,-5.63,170,133,303,-6.92,-49.09,377,332,709,,,,,426,,,,0,-4.29,119.0,1.765,56.7,-1.6,7.0,54.82,-0.8,-2.0,-26.72,10.27,3,7,8,-1.18,-3.82,-3.26,7.23,-8.32,-4.2,-1.86,303,2.34,1,7.02,8.6,0,2,0,-14.91,0,DIRECAO
P1,-,0.0,-,-,,-,0,-,0.5,8.5,-,-,zebra,-,1,909,909,1.0,486,423,53.5,-43.0,-4.73,0,-1.29,-10.7,-23.54,110,110,220,-5.95,-31.69,281,252,533,,,,,467,,,,0,-4.3,90.9,1.799,55.6,-2.1,7.5,43.98,-1.0,-1.0,-18.28,3.08,2,8,7,-1.59,-1.92,-9.41,6.26,-9.45,-2.82,-10.7,220,-7.88,4,6.02,7.47,0,2,0,-32.09,0,DIRECAO
P2,-,0.0,-,-,,-,0,-,7.5,9.5,1.62,1.86,zebra,-,1,602,602,1.0,325,277,54.0,-43.2,-7.18,0,-1.08,-13.23,-19.32,74,72,146,-11.17,-39.66,184,171,355,,,,,339,,,,0,-4.32,60.2,1.723,58.0,-4.1,8.0,48.04,-0.9,-1.0,-11.31,0.64,2,8,6,-2.05,-4.1,-12.15,2.57,-11.9,-5.24,-13.23,146,-8.0,1,2.55,5.03,0,2,0,-27.95,0,DIRECAO
P4,-,0.0,-,-,,-,0,-,0.5,8.5,-,-,zebra,dif 0~1,1,890,890,1.0,474,416,53.3,-43.48,-4.89,0,-1.13,-10.8,-23.55,109,109,218,-5.96,-31.19,276,247,523,,,,,461,,,,0,-4.35,89.0,1.801,55.5,-2.3,7.5,44.46,-1.0,-1.0,-18.28,3.27,2,8,7,-1.62,-2.01,-9.67,6.1,-9.61,-2.97,-10.8,218,-7.84,1,5.87,7.32,0,2,0,-32.29,0,DIRECAO
P2,-,0.0,-,-,,-,0,-,0.5,6.5,1.32,1.86,zebra,-,6,1291,642,2.01,788,503,61.0,-43.57,-3.37,0,0.63,-5.53,-18.31,197,134,331,-5.51,-42.61,462,312,774,,,,,375,,,,0,-4.36,129.1,1.587,63.0,-2.0,5.6,67.87,-0.6,-6.0,-24.42,17.51,4,6,10,-1.19,-1.66,-6.16,6.63,-8.09,-2.63,-5.53,331,-2.9,1,6.56,8.83,0,2,0,-30.35,0,DIRECAO
P2,-,0.0,-,-,,-,0,-,0.5,6.5,1.32,1.86,zebra,-,4,1261,642,1.96,767,494,60.8,-43.67,-3.46,0,0.97,-5.83,-18.65,189,131,320,-5.91,-44.68,448,308,756,,,,,375,,,,0,-4.37,126.1,1.59,62.9,-2.1,5.6,67.95,-0.6,-4.0,-24.86,18.59,4,6,11,-1.2,-1.43,-6.8,6.54,-8.18,-2.66,-5.83,320,-3.17,1,6.47,8.74,0,2,0,-32.5,0,DIRECAO
P2,-,0.0,-,-,,-,0,-,0.5,6.5,1.32,1.86,zebra,-,-,1293,642,2.01,789,504,61.0,-44.2,-3.42,0,0.63,-5.53,-18.31,197,134,331,-5.51,-42.61,462,312,774,,,,,375,,,,0,-4.42,129.3,1.586,63.0,-2.0,5.6,68.5,-0.6,-7.0,-24.42,17.51,4,6,10,-1.2,-1.73,-6.16,6.58,-8.14,-2.69,-5.53,331,-2.84,1,6.51,8.78,0,2,0,-30.35,0,DIRECAO
P2,-,0.0,-,-,,-,0,-,0.5,9.5,1.62,1.86,zebra,-,1,809,809,1.0,452,357,55.9,-44.24,-5.47,0,0.49,-10.67,-21.34,106,94,200,-8.0,-38.32,261,218,479,,,,,430,,,,0,-4.42,80.9,1.697,58.9,-3.0,7.4,45.07,-1.0,-1.0,-14.41,1.0,2,8,5,-1.85,-2.04,-11.16,5.52,-10.19,-3.76,-10.67,200,-6.91,1,5.28,6.73,0,2,0,-33.92,0,DIRECAO
P2,-,0.0,-,-,,-,0,-,7.5,7.5,1.32,1.98,zebra,-,1,657,657,1.0,351,306,53.4,-44.28,-6.74,0,0.92,-9.91,-16.55,86,81,167,-9.85,-37.92,199,186,385,,,,,377,,,,0,-4.43,65.7,1.751,57.1,-3.7,7.5,45.32,-1.0,-1.0,-9.08,6.78,1,9,6,-1.97,-4.1,-10.83,3.35,-11.46,-5.66,-9.91,167,-4.25,6,3.27,5.46,0,2,0,-27.94,0,DIRECAO
P1,-,0.0,-,-,,-,0,-,4.5,8.5,-,-,zebra,-,1,907,907,1.0,484,423,53.4,-44.4,-4.9,0,-1.29,-10.7,-23.54,110,110,220,-5.95,-31.69,281,252,533,,,,,467,,,,0,-4.44,90.7,1.799,55.6,-2.2,7.5,45.38,-1.0,-1.0,-18.28,3.08,2,8,7,-1.65,-2.17,-9.41,6.09,-9.62,-3.04,-10.7,220,-7.66,1,5.86,7.31,0,2,0,-32.09,0,DIRECAO
P4,-,0.0,-,-,,-,0,-,7.5,8.5,-,-,zebra,tot_env<=0,1,708,708,1.0,365,343,51.6,-44.41,-6.27,0,-0.33,-9.96,-17.93,89,91,180,-7.28,-31.24,218,211,429,,,,,384,,,,0,-4.44,70.8,1.832,54.6,-3.0,7.9,45.39,-1.0,-1.0,-14.09,3.38,1,9,8,-1.83,-4.11,-9.63,4.14,-10.99,-5.02,-9.96,180,-4.95,1,4.0,5.93,0,2,0,-26.68,0,DIRECAO
P2,-,0.0,-,-,,-,0,-,5.5,7.5,1.62,-,zebra,-,2,1181,774,1.53,649,532,55.0,-44.47,-3.77,0,1.56,-1.43,-4.28,169,131,300,-6.76,-47.74,376,330,706,,,,,426,,,,0,-4.45,118.1,1.765,56.7,-1.7,7.0,54.47,-0.8,-2.0,-26.72,10.27,3,7,7,-1.23,-4.25,-2.99,7.06,-8.49,-4.56,-1.43,300,3.14,1,6.85,8.44,0,2,0,-13.56,0,DIRECAO
P1,-,0.0,-,-,,-,0,-,5.5,8.5,-,-,zebra,-,1,907,907,1.0,483,424,53.3,-44.61,-4.92,0,-1.26,-10.61,-23.34,110,110,220,-5.87,-31.31,281,252,533,,,,,467,,,,0,-4.46,90.7,1.801,55.5,-2.3,7.5,45.59,-1.0,-1.0,-18.28,3.08,2,8,7,-1.65,-2.25,-9.35,6.07,-9.64,-3.1,-10.61,220,-7.51,1,5.83,7.28,0,2,0,-31.89,0,DIRECAO
P2,-,0.0,-,-,,-,0,-,7.5,9.5,1.32,1.86,zebra,-,1,625,625,1.0,339,286,54.2,-44.73,-7.16,0,-2.34,-13.82,-20.32,74,73,147,-10.37,-37.75,191,173,364,,,,,349,,,,0,-4.47,62.5,1.716,58.3,-4.0,8.1,45.54,-1.0,-1.0,-12.31,0.95,2,8,6,-2.09,-4.52,-11.48,2.74,-11.88,-5.11,-13.82,147,-8.72,1,2.69,5.05,0,2,0,-27.2,0,DIRECAO
P4,-,0.0,-,-,,-,0,-,0.5,8.5,-,-,zebra,tot_env<=1,1,863,863,1.0,457,406,53.0,-45.31,-5.25,0,-1.11,-11.65,-25.16,107,109,216,-7.11,-36.56,267,247,514,,,,,452,,,,0,-4.53,86.3,1.804,55.4,-2.5,7.5,47.17,-1.0,-1.0,-18.28,3.47,2,8,7,-1.72,-1.97,-10.54,5.74,-9.97,-3.11,-11.65,216,-8.53,1,5.5,6.95,0,2,0,-34.79,0,DIRECAO
P2,-,0.0,-,-,,-,0,-,5.5,9.5,1.62,1.86,zebra,-,1,804,804,1.0,448,356,55.7,-45.91,-5.71,0,0.52,-10.6,-20.99,105,93,198,-7.96,-37.97,260,217,477,,,,,427,,,,0,-4.59,80.4,1.698,58.9,-3.2,7.4,46.56,-1.0,-1.0,-13.41,1.0,2,8,5,-1.92,-2.46,-11.12,5.28,-10.43,-4.11,-10.6,198,-6.49,1,5.04,6.49,0,2,0,-33.57,0,DIRECAO
P2,-,0.0,-,-,,-,0,-,8.5,-,1.62,1.86,zebra,-,1,423,423,1.0,217,206,51.3,-46.13,-10.91,0,-4.19,-12.23,-12.35,51,50,101,-10.27,-24.34,123,114,237,,,,,265,,,,0,-4.61,42.3,1.742,57.4,-6.1,8.9,46.8,-1.0,-1.0,-22.95,0.81,3,7,9,-2.58,-12.5,-8.04,-2.52,-15.63,-10.49,-12.23,101,-1.74,1,-2.72,1.3,0,2,0,-12.14,0,DIRECAO
P4,-,0.0,-,-,,-,0,-,0.5,6.5,-,-,zebra,dif>=1,3,500,317,1.58,293,207,58.6,-46.73,-9.35,0,1.0,-10.42,-13.54,75,55,130,-11.87,-36.56,176,132,308,,,,,230,,,,0,-4.67,50.0,1.548,64.6,-6.0,5.3,56.88,-0.8,-3.0,-19.96,8.72,5,5,6,-2.3,-8.0,-11.42,-1.96,-15.37,-8.97,-10.42,130,-1.45,1,-2.56,2.86,0,2,0,-22.5,0,DIRECAO
P2,-,0.0,-,-,,-,0,-,6.5,7.5,1.62,1.98,zebra,-,2,1000,741,1.35,548,452,54.8,-47.46,-4.75,0,-0.66,-8.07,-20.83,137,121,258,-9.34,-55.65,312,284,596,,,,,412,,,,0,-4.75,100.0,1.745,57.3,-2.5,7.1,58.84,-0.8,-2.0,-21.36,9.65,2,8,7,-1.48,-3.03,-7.41,5.87,-9.47,-3.59,-8.07,258,-4.48,1,5.7,7.46,0,2,0,-29.06,0,DIRECAO
P2,-,0.0,-,-,,-,0,-,8.5,-,1.32,1.86,zebra,-,1,434,434,1.0,223,211,51.4,-48.02,-11.06,0,-5.49,-13.93,-14.35,51,52,103,-9.93,-24.12,127,116,243,,,,,270,,,,0,-4.8,43.4,1.737,57.6,-6.2,8.9,48.69,-1.0,-1.0,-24.58,0.92,3,7,9,-2.66,-12.52,-8.44,-2.57,-15.78,-10.17,-13.93,103,-3.76,1,-2.74,1.14,0,2,0,-13.08,0,DIRECAO
P2,-,0.0,-,-,,-,0,-,5.5,-,1.32,1.68,zebra,-,2,1203,793,1.52,717,486,59.6,-48.05,-3.99,0,1.1,-5.3,-16.31,181,127,308,-4.91,-35.35,425,295,720,,,,,428,,,,0,-4.8,120.3,1.609,62.1,-2.5,6.8,56.49,-0.9,-2.0,-12.96,2.96,2,8,7,-1.46,-2.43,-6.4,6.95,-8.71,-3.55,-5.3,308,-1.75,1,6.72,8.21,0,2,0,-30.28,0,DIRECAO
P2,-,0.0,-,-,,-,0,-,6.5,7.5,1.32,1.86,zebra,-,1,735,735,1.0,413,322,56.2,-48.12,-6.55,0,2.85,-8.87,-16.5,102,84,186,-10.4,-45.43,236,201,437,,,,,411,,,,0,-4.81,73.5,1.666,60.0,-3.8,7.1,49.14,-1.0,-1.0,-10.33,2.96,1,9,5,-2.14,-3.29,-11.72,4.04,-11.27,-5.76,-8.87,186,-3.11,1,3.87,5.66,0,2,0,-33.29,0,DIRECAO
P2,-,0.0,-,-,,-,0,-,8.5,9.5,1.62,1.86,zebra,-,2,469,392,1.2,242,227,51.6,-48.24,-10.29,0,-9.41,-16.23,-17.53,52,56,108,-7.03,-18.99,145,125,270,,,,,248,,,,0,-4.82,46.9,1.743,57.4,-5.8,8.8,48.91,-1.0,-2.0,-30.08,3.5,3,7,9,-2.31,-12.26,-6.82,-2.19,-16.31,-8.51,-16.23,108,-7.72,5,-2.51,1.92,0,2,0,-11.59,0,DIRECAO
P2,-,0.0,-,-,,-,0,-,6.5,7.5,1.62,1.98,zebra,-,3,1001,741,1.35,548,453,54.7,-48.46,-4.84,0,-0.66,-8.07,-20.83,137,121,258,-9.34,-55.65,312,284,596,,,,,412,,,,0,-4.85,100.1,1.745,57.3,-2.6,7.1,58.84,-0.8,-3.0,-21.36,9.65,2,8,8,-1.51,-3.19,-7.41,5.78,-9.56,-3.72,-8.07,258,-4.35,4,5.61,7.36,0,2,0,-29.06,0,DIRECAO
P4,-,0.0,-,-,,-,0,-,0.5,8.5,-,-,zebra,dif<=0,3,1809,860,2.1,1016,793,56.2,-48.49,-2.68,0,-0.32,-3.66,-16.99,257,207,464,-4.14,-44.75,597,483,1080,,,,,448,,,,0,-4.85,180.9,1.752,57.1,-0.9,7.1,64.59,-0.8,-3.0,-22.74,5.09,4,6,10,-1.0,-2.26,-3.34,8.31,-7.4,-2.34,-3.66,464,-1.32,1,8.07,9.52,0,2,0,-23.48,0,DIRECAO
P2,-,0.0,-,-,,-,0,-,0.5,-,1.62,1.86,zebra,-,1,824,824,1.0,458,366,55.6,-48.63,-5.9,0,0.76,-10.71,-21.85,108,96,204,-8.23,-40.18,265,223,488,,,,,436,,,,0,-4.86,82.4,1.698,58.9,-3.3,7.5,49.28,-1.0,-1.0,-13.6,0.0,1,9,5,-2.01,-2.56,-11.47,5.09,-10.62,-4.32,-10.71,204,-6.39,1,4.85,6.3,0,2,0,-35.43,0,DIRECAO
P2,-,0.0,-,-,,-,0,-,7.5,-,1.77,1.86,zebra,-,1,319,319,1.0,149,170,46.7,-48.75,-15.28,0,-5.05,-28.81,-21.32,29,45,74,-20.73,-37.94,80,103,183,,,,,233,,,,0,-4.88,31.9,1.817,55.0,-8.3,8.8,49.41,-1.0,-1.0,-11.39,0.47,3,7,11,-3.01,-10.24,-23.76,-7.88,-21.3,-11.2,-28.81,74,-17.61,1,-8.47,-3.08,0,2,0,-28.27,0,DIRECAO
P4,-,0.0,-,-,,-,0,-,0.5,6.5,-,-,zebra,dif>=1,6,511,317,1.61,299,212,58.5,-48.96,-9.58,0,0.57,-11.65,-15.73,77,58,135,-12.18,-38.23,179,135,314,,,,,230,,,,0,-4.9,51.1,1.547,64.7,-6.1,5.3,59.13,-0.8,-4.59,-21.09,9.29,5,5,6,-2.34,-7.85,-12.22,-2.19,-15.6,-8.84,-11.65,135,-2.81,2,-2.79,2.62,0,2,0,-24.69,0,DIRECAO
P2,-,0.0,-,-,,-,0,-,0.5,9.5,1.32,1.98,zebra,-,1,922,922,1.0,497,425,53.9,-49.2,-5.34,0,-1.4,-10.52,-23.14,113,107,220,-6.61,-35.61,287,252,539,,,,,468,,,,0,-4.92,92.2,1.773,56.4,-2.5,7.5,50.18,-1.0,-1.0,-18.07,2.22,2,8,7,-1.84,-3.11,-9.12,5.65,-10.06,-3.71,-10.52,220,-6.81,1,5.42,6.87,0,2,0,-31.19,0,DIRECAO
P2,-,0.0,-,-,,-,0,-,8.5,-,1.77,1.86,zebra,-,4,296,242,1.22,136,160,45.9,-49.32,-16.66,0,-4.87,-33.29,-22.64,25,43,68,-25.21,-43.36,71,101,172,,,,,186,,,,0,-4.93,29.6,1.818,55.0,-9.1,9.7,49.99,-1.0,-3.0,-13.31,4.47,3,7,12,-2.89,-9.81,-28.42,-9.99,-22.68,-11.7,-33.29,68,-21.59,3,-10.39,-4.46,0,2,0,-30.98,0,DIRECAO
P2,-,0.0,-,-,,-,0,-,6.5,7.5,1.32,1.98,zebra,-,1,805,805,1.0,438,367,54.4,-49.4,-6.14,0,0.68,-8.47,-17.2,108,95,203,-9.93,-47.37,250,227,477,,,,,435,,,,0,-4.94,80.5,1.732,57.7,-3.3,7.2,50.36,-1.0,-1.0,-13.78,6.5,2,8,6,-2.01,-4.23,-9.15,4.85,-10.86,-5.35,-8.47,203,-3.12,1,4.62,6.07,0,2,0,-28.55,0,DIRECAO
P2,-,0.0,-,-,,-,0,-,8.5,9.5,1.32,1.86,zebra,-,2,492,407,1.21,256,236,52.0,-49.83,-10.13,0,-11.5,-17.75,-19.53,52,58,110,-6.2,-17.3,152,127,279,,,,,254,,,,0,-4.98,49.2,1.733,57.7,-5.7,8.8,50.5,-1.0,-2.0,-31.58,4.45,2,8,9,-2.34,-12.31,-6.25,-1.89,-14.85,-7.93,-17.75,110,-9.82,5,-2.16,2.07,0,2,0,-11.06,0,DIRECAO
P4,-,0.0,-,-,,-,0,-,7.5,8.5,-,-,zebra,dif<=0,1,750,750,1.0,385,365,51.3,-49.87,-6.65,0,-0.62,-11.48,-21.82,92,98,190,-7.28,-32.89,230,222,452,,,,,400,,,,0,-4.99,75.0,1.834,54.5,-3.2,7.9,50.85,-1.0,-1.0,-15.15,4.24,1,9,8,-1.99,-3.95,-10.86,4.03,-11.37,-5.01,-11.48,190,-6.48,1,3.84,5.55,0,2,0,-31.83,0,DIRECAO
P2,-,0.0,-,-,,-,0,-,6.5,7.5,1.32,1.68,zebra,-,2,770,600,1.28,447,323,58.1,-49.93,-6.48,0,2.41,-9.38,-18.39,110,86,196,-10.45,-49.1,261,209,470,,,,,347,,,,0,-4.99,77.0,1.609,62.2,-4.1,6.9,58.41,-0.9,-2.0,-11.14,2.84,1,9,6,-1.96,-2.93,-11.79,3.25,-11.2,-5.49,-9.38,196,-3.89,5,3.23,5.72,0,2,0,-36.42,0,DIRECAO
P2,-,0.0,-,-,,-,0,-,7.5,-,1.77,1.86,zebra,-,4,393,319,1.23,189,204,48.1,-49.93,-12.7,0,-2.49,-25.81,-22.71,36,52,88,-19.48,-43.43,99,124,223,,,,,233,,,,0,-4.99,39.3,1.818,55.0,-6.9,9.1,51.44,-1.0,-3.0,-12.15,3.68,4,6,13,-2.52,-6.7,-23.32,-5.3,-18.72,-8.92,-25.81,88,-16.88,3,-5.89,-0.5,0,2,0,-33.12,0,DIRECAO
P4,-,0.0,-,-,,-,0,-,6.5,8.5,-,-,zebra,tot_env<=0,1,835,835,1.0,437,398,52.3,-49.99,-5.99,0,-1.04,-11.86,-25.49,106,109,215,-8.54,-42.6,254,245,499,,,,,442,,,,0,-5.0,83.5,1.81,55.3,-2.9,7.6,54.64,-0.9,-1.0,-18.19,4.84,2,8,7,-1.92,-2.89,-10.82,5.0,-10.71,-3.95,-11.86,215,-7.9,1,4.77,6.22,0,2,0,-35.26,0,DIRECAO
P2,-,0.0,-,-,,-,0,-,8.5,-,1.77,1.86,zebra,-,3,295,242,1.22,135,160,45.8,-50.14,-17.0,0,-4.87,-33.29,-22.64,25,43,68,-25.21,-43.36,71,101,172,,,,,186,,,,0,-5.01,29.5,1.818,55.0,-9.3,9.6,50.81,-1.0,-3.0,-13.45,4.47,3,7,12,-2.97,-10.3,-28.42,-10.33,-23.02,-12.11,-33.29,68,-21.18,1,-10.72,-4.79,0,2,0,-30.98,0,DIRECAO
P2,-,0.0,-,-,,-,0,-,8.5,-,1.77,1.86,zebra,-,2,286,242,1.18,130,156,45.5,-50.23,-17.56,0,-5.22,-32.3,-21.64,25,42,67,-24.48,-41.13,70,98,168,,,,,186,,,,0,-5.02,28.6,1.818,55.0,-9.6,9.6,50.9,-1.0,-2.0,-13.29,2.2,3,7,12,-3.1,-11.87,-27.08,-10.89,-23.58,-13.05,-32.3,67,-19.24,1,-11.29,-5.36,0,2,0,-28.98,0,DIRECAO
P2,-,0.0,-,-,,-,0,-,5.5,-,1.62,1.86,zebra,-,1,819,819,1.0,454,365,55.4,-50.3,-6.14,0,0.79,-10.64,-21.5,107,95,202,-8.2,-39.83,264,222,486,,,,,433,,,,0,-5.03,81.9,1.699,58.9,-3.4,7.5,50.95,-1.0,-1.0,-12.6,0.0,1,9,5,-2.08,-2.97,-11.43,4.85,-10.86,-4.67,-10.64,202,-5.98,1,4.61,6.06,0,2,0,-35.08,0,DIRECAO
P4,-,0.0,-,-,,-,0,-,0.5,-,-,-,zebra,tot_env 0~3,1,898,898,1.0,469,429,52.2,-50.37,-5.61,0,0.28,-9.82,-21.61,110,110,220,-6.67,-35.53,275,258,533,,,,,461,,,,0,-5.04,89.8,1.822,54.9,-2.6,7.6,51.35,-1.0,-1.0,-17.96,3.69,1,9,7,-1.85,-2.91,-10.1,5.38,-10.33,-4.24,-9.82,220,-5.58,1,5.14,6.59,0,2,0,-34.04,0,DIRECAO
P4,-,0.0,-,-,,-,0,-,6.5,8.5,-,-,zebra,dif<=0,1,852,852,1.0,447,405,52.5,-50.48,-5.92,0,-1.52,-12.26,-26.49,106,110,216,-7.91,-40.19,261,247,508,,,,,445,,,,0,-5.05,85.2,1.808,55.3,-2.8,7.6,53.09,-1.0,-1.0,-18.19,5.7,2,8,7,-1.92,-2.9,-10.74,5.06,-10.64,-3.77,-12.26,216,-8.49,1,4.83,6.28,0,2,0,-35.32,0,DIRECAO
P2,-,0.0,-,-,,-,0,-,7.5,-,1.62,1.86,zebra,-,1,620,620,1.0,331,289,53.4,-50.59,-8.16,0,-0.88,-13.79,-20.83,76,75,151,-11.65,-42.52,188,177,365,,,,,348,,,,0,-5.06,62.0,1.724,58.0,-4.6,8.1,51.9,-1.0,-1.0,-10.5,-0.64,0,10,6,-2.36,-5.24,-12.91,1.7,-12.88,-6.35,-13.79,151,-7.45,1,1.66,4.04,0,2,0,-30.46,0,DIRECAO
P2,-,0.0,-,-,,-,0,-,0.5,7.5,1.32,1.68,zebra,-,3,1353,735,1.84,819,534,60.5,-50.73,-3.75,0,1.78,-6.07,-20.63,200,140,340,-5.93,-48.07,479,331,810,,,,,410,,,,0,-5.07,135.3,1.59,62.9,-2.4,6.1,75.62,-0.7,-3.0,-25.53,18.7,4,6,9,-1.36,-1.18,-7.85,6.83,-8.47,-2.97,-6.07,340,-3.1,1,6.67,8.45,0,2,0,-40.92,0,DIRECAO
P2,-,0.0,-,-,,-,0,-,7.5,-,1.77,1.86,zebra,-,3,392,319,1.23,188,204,48.0,-50.75,-12.95,0,-2.49,-25.81,-22.71,36,52,88,-19.48,-43.43,99,124,223,,,,,233,,,,0,-5.08,39.2,1.818,55.0,-7.1,9.1,52.26,-1.0,-3.0,-12.15,3.68,4,6,13,-2.58,-7.05,-23.32,-5.54,-18.97,-9.22,-25.81,88,-16.58,1,-6.13,-0.74,0,2,0,-33.12,0,DIRECAO
P2,-,0.0,-,-,,-,0,-,6.5,9.5,1.32,1.68,zebra,-,2,886,669,1.32,516,370,58.2,-50.87,-5.74,0,-0.28,-9.63,-21.09,122,97,219,-6.63,-35.55,309,227,536,,,,,372,,,,0,-5.09,88.6,1.616,61.9,-3.6,7.2,54.17,-0.9,-2.0,-10.01,-0.42,0,10,8,-1.84,-3.41,-9.35,4.43,-10.46,-4.46,-9.63,219,-5.17,1,4.33,6.46,0,2,0,-32.53,0,DIRECAO
P4,-,0.0,-,-,,-,0,-,7.5,8.5,-,-,zebra,tot_env<=1,1,767,767,1.0,393,374,51.2,-51.29,-6.69,0,-1.2,-12.12,-23.14,92,99,191,-9.11,-42.07,230,232,462,,,,,416,,,,0,-5.13,76.7,1.837,54.4,-3.2,7.9,52.27,-1.0,-1.0,-14.3,3.78,1,9,8,-2.02,-4.03,-10.92,4.1,-11.41,-4.89,-12.12,191,-7.23,1,3.89,5.52,0,2,0,-32.33,0,DIRECAO
P2,-,0.0,-,-,,-,0,-,0.5,7.5,1.32,1.86,zebra,-,2,1341,799,1.68,789,552,58.8,-51.44,-3.84,0,3.81,-3.93,-13.32,199,140,339,-6.72,-53.24,452,340,792,,,,,432,,,,0,-5.14,134.1,1.637,61.1,-2.3,6.6,61.83,-0.8,-2.0,-20.56,8.31,3,7,9,-1.41,-1.41,-7.74,7.15,-8.56,-3.8,-3.93,339,-0.12,1,6.91,8.37,0,2,0,-39.8,0,DIRECAO
P2,-,0.0,-,-,,-,0,-,5.5,7.5,1.32,1.68,zebra,-,3,1162,723,1.61,694,468,59.7,-51.76,-4.45,0,2.65,-5.69,-17.02,176,123,299,-6.65,-46.82,411,293,704,,,,,405,,,,0,-5.18,116.2,1.599,62.6,-2.8,6.4,64.3,-0.8,-3.0,-15.93,3.54,4,6,9,-1.54,-1.9,-8.34,6.05,-9.17,-4.03,-5.69,299,-1.67,1,5.9,7.75,0,2,0,-38.45,0,DIRECAO
P2,-,0.0,-,-,,-,0,-,9.5,9.5,1.77,1.98,zebra,-,1,264,264,1.0,112,152,42.4,-52.02,-19.7,0,-0.93,-23.71,-13.75,23,35,58,-23.79,-37.83,64,95,159,,,,,192,,,,0,-5.2,26.4,1.896,52.7,-10.3,9.5,54.85,-0.9,-1.0,-19.11,8.73,3,7,9,-3.41,-17.95,-22.78,-12.82,-25.72,-18.58,-23.71,58,-5.13,1,-13.32,-7.5,0,2,0,-21.87,0,DIRECAO
P2,-,0.0,-,-,,-,0,-,0.5,7.5,1.32,1.98,zebra,-,2,1443,826,1.75,828,615,57.4,-52.27,-3.62,0,0.89,-5.2,-19.03,207,159,366,-6.88,-58.75,474,380,854,,,,,441,,,,0,-5.23,144.3,1.686,59.3,-1.9,6.8,66.86,-0.8,-2.0,-21.83,11.12,3,7,10,-1.3,-2.06,-6.09,7.37,-8.34,-3.09,-5.2,366,-2.11,1,7.13,8.58,0,2,0,-34.0,0,DIRECAO
P2,-,0.0,-,-,,-,0,-,5.5,9.5,1.32,1.98,zebra,-,1,919,919,1.0,493,426,53.6,-52.28,-5.69,0,-1.37,-10.43,-22.94,113,107,220,-6.54,-35.23,287,252,539,,,,,467,,,,0,-5.23,91.9,1.774,56.4,-2.7,7.5,53.26,-1.0,-1.0,-18.07,2.22,2,8,7,-1.96,-3.69,-9.06,5.3,-10.41,-4.2,-10.43,220,-6.23,1,5.06,6.51,0,2,0,-30.99,0,DIRECAO
P2,-,0.0,-,-,,-,0,-,0.5,9.5,1.32,1.68,zebra,-,3,1490,800,1.86,901,589,60.5,-52.36,-3.51,0,0.24,-6.86,-25.25,214,154,368,-4.05,-35.93,533,354,887,,,,,432,,,,0,-5.24,149.0,1.595,62.7,-2.2,6.4,71.62,-0.7,-3.0,-30.74,13.96,4,6,10,-1.33,-1.31,-7.1,7.48,-8.23,-2.42,-6.86,368,-4.45,1,7.24,8.69,0,2,0,-40.31,0,DIRECAO
P2,-,0.0,-,-,,-,0,-,7.5,-,1.77,1.86,zebra,-,2,381,319,1.19,181,200,47.5,-52.52,-13.78,0,-2.72,-24.95,-21.71,36,51,87,-19.29,-42.05,97,121,218,,,,,233,,,,0,-5.25,38.1,1.817,55.0,-7.5,9.0,54.03,-1.0,-2.0,-11.71,0.87,3,7,13,-2.78,-8.88,-22.23,-6.38,-19.8,-10.48,-24.95,87,-14.47,1,-6.97,-1.58,0,2,0,-31.12,0,DIRECAO
P4,-,0.0,-,-,,-,0,-,6.5,8.5,-,-,zebra,tot_env 0~3,1,868,868,1.0,454,414,52.3,-52.67,-6.07,0,-0.36,-10.81,-23.46,108,109,217,-8.68,-44.88,263,254,517,,,,,453,,,,0,-5.27,86.8,1.809,55.3,-3.0,7.6,54.22,-1.0,-1.0,-18.19,5.27,2,8,7,-1.98,-3.37,-10.45,4.92,-10.79,-4.49,-10.81,217,-6.32,1,4.69,6.13,0,2,0,-34.58,0,DIRECAO
P4,-,0.0,-,-,,-,0,-,0.5,-,-,-,zebra,tot_env<=0,1,866,866,1.0,450,416,52.0,-52.7,-6.09,0,-0.5,-11.17,-24.23,107,110,217,-7.11,-36.71,265,251,516,,,,,452,,,,0,-5.27,86.6,1.822,54.9,-2.9,7.6,53.68,-1.0,-1.0,-17.96,3.87,1,9,7,-1.97,-3.25,-10.67,4.9,-10.81,-4.39,-11.17,217,-6.78,1,4.67,6.12,0,2,0,-35.31,0,DIRECAO
P2,-,0.0,-,-,,-,0,-,5.5,7.5,1.32,1.68,zebra,-,4,1163,723,1.61,694,469,59.7,-52.76,-4.54,0,2.65,-5.69,-17.02,176,123,299,-6.65,-46.82,411,293,704,,,,,405,,,,0,-5.28,116.3,1.599,62.6,-2.9,6.4,65.3,-0.8,-4.0,-15.93,3.54,4,6,9,-1.56,-2.04,-8.34,5.97,-9.26,-4.14,-5.69,299,-1.56,3,5.82,7.67,0,2,0,-38.45,0,DIRECAO
P2,-,0.0,-,-,,-,0,-,9.5,9.5,1.77,1.98,zebra,-,2,265,264,1.0,112,153,42.3,-53.02,-20.01,0,-0.93,-23.71,-13.75,23,35,58,-23.79,-37.83,64,95,159,,,,,192,,,,0,-5.3,26.5,1.896,52.7,-10.5,9.5,55.85,-0.9,-2.0,-20.11,8.73,3,7,10,-3.46,-18.43,-22.78,-13.13,-26.03,-18.97,-23.71,58,-4.74,5,-13.62,-7.8,0,2,0,-21.87,0,DIRECAO
P2,-,0.0,-,-,,-,0,-,6.5,9.5,1.32,1.86,zebra,-,1,831,831,1.0,462,369,55.6,-53.14,-6.39,0,-1.09,-12.99,-26.1,104,97,201,-9.64,-47.31,264,227,491,,,,,437,,,,0,-5.31,83.1,1.691,59.1,-3.5,7.5,54.35,-1.0,-1.0,-17.18,2.56,3,7,5,-2.2,-3.07,-11.9,4.59,-11.11,-4.29,-12.99,201,-8.69,1,4.36,5.81,0,2,0,-37.24,0,DIRECAO
P1,-,0.0,-,-,,-,0,-,0.5,9.5,-,-,zebra,-,1,924,924,1.0,483,441,52.3,-53.15,-5.75,0,-0.52,-10.23,-22.61,110,111,221,-6.49,-35.09,280,261,541,,,,,470,,,,0,-5.31,92.4,1.819,55.0,-2.7,7.6,54.13,-1.0,-1.0,-17.96,3.33,2,8,7,-1.93,-3.41,-9.71,5.24,-10.47,-4.34,-10.23,221,-5.89,4,5.0,6.45,0,2,0,-33.31,0,DIRECAO
P2,-,0.0,-,-,,-,0,-,7.5,-,1.32,1.86,zebra,-,1,638,638,1.0,341,297,53.4,-53.37,-8.37,0,-1.86,-14.36,-21.83,76,76,152,-11.03,-41.16,194,179,373,,,,,356,,,,0,-5.34,63.8,1.719,58.2,-4.7,8.1,54.02,-1.0,-1.0,-11.5,-0.51,0,10,6,-2.46,-5.84,-12.5,1.61,-13.09,-6.49,-14.36,152,-7.87,1,1.55,3.84,0,2,0,-30.26,0,DIRECAO
P2,-,0.0,-,-,,-,0,-,7.5,7.5,1.62,-,zebra,-,1,715,715,1.0,368,347,51.5,-53.57,-7.49,0,1.03,-7.3,-13.35,94,89,183,-9.81,-41.91,214,213,427,,,,,402,,,,0,-5.36,71.5,1.817,55.0,-3.6,7.5,54.41,-1.0,-1.0,-14.51,3.18,1,9,7,-2.21,-6.96,-8.33,2.96,-12.21,-7.56,-7.3,183,0.27,6,2.82,4.71,0,2,0,-23.24,0,DIRECAO
P1,-,0.0,-,-,,-,0,-,6.5,7.5,-,-,zebra,-,1,817,817,1.0,435,382,53.2,-53.72,-6.58,0,0.9,-7.38,-15.06,108,96,204,-9.11,-43.93,250,232,482,,,,,438,,,,0,-5.37,81.7,1.766,56.6,-3.4,7.2,54.37,-1.0,-1.0,-12.83,4.71,2,8,6,-2.13,-5.51,-8.28,4.41,-11.3,-6.31,-7.38,204,-1.08,1,4.18,5.63,0,2,0,-25.99,0,DIRECAO
P2,-,0.0,-,-,,-,0,-,5.5,9.5,1.32,1.68,zebra,-,3,1301,788,1.65,777,524,59.7,-53.88,-4.14,0,0.83,-6.62,-21.64,190,137,327,-4.56,-35.68,465,317,782,,,,,427,,,,0,-5.39,130.1,1.604,62.3,-2.6,6.7,60.11,-0.9,-3.0,-16.05,6.47,2,8,9,-1.5,-2.02,-7.45,6.77,-8.86,-3.31,-6.62,327,-3.31,1,6.55,8.06,0,2,0,-37.84,0,DIRECAO
P2,-,0.0,-,-,,-,0,-,0.5,9.5,1.62,-,zebra,-,1,914,914,1.0,475,439,52.0,-54.16,-5.93,0,-0.52,-10.14,-22.41,110,111,221,-6.68,-36.08,278,262,540,,,,,468,,,,0,-5.42,91.4,1.825,54.8,-2.8,7.6,55.14,-1.0,-1.0,-17.96,3.51,2,8,7,-1.97,-3.72,-9.62,5.06,-10.65,-4.58,-10.14,221,-5.56,1,4.83,6.28,0,2,0,-32.89,0,DIRECAO
P2,-,0.0,-,-,,-,0,-,5.5,7.5,1.32,1.86,zebra,-,2,1298,794,1.63,759,539,58.5,-54.48,-4.2,0,3.71,-4.0,-13.32,195,138,333,-6.84,-53.03,441,334,775,,,,,429,,,,0,-5.45,129.8,1.64,61.0,-2.5,6.6,60.33,-0.9,-2.0,-19.05,6.72,1,9,9,-1.53,-1.96,-7.71,6.75,-8.92,-4.27,-4.0,333,0.27,1,6.52,8.01,0,2,0,-38.88,0,DIRECAO
P1,-,0.0,-,-,,-,0,-,4.5,9.5,-,-,zebra,-,1,922,922,1.0,481,441,52.2,-54.55,-5.92,0,-0.52,-10.23,-22.61,110,111,221,-6.49,-35.09,280,261,541,,,,,470,,,,0,-5.46,92.2,1.819,55.0,-2.8,7.6,55.53,-1.0,-1.0,-17.96,3.33,2,8,7,-1.98,-3.67,-9.71,5.07,-10.64,-4.56,-10.23,221,-5.67,1,4.84,6.29,0,2,0,-33.31,0,DIRECAO
P1,-,0.0,-,-,,-,0,-,5.5,9.5,-,-,zebra,-,1,922,922,1.0,480,442,52.1,-54.76,-5.94,0,-0.49,-10.14,-22.41,110,111,221,-6.42,-34.71,280,261,541,,,,,470,,,,0,-5.48,92.2,1.82,54.9,-2.9,7.6,55.74,-1.0,-1.0,-17.96,3.51,2,8,7,-1.98,-3.74,-9.65,5.05,-10.66,-4.61,-10.14,221,-5.53,1,4.81,6.26,0,2,0,-33.11,0,DIRECAO
P2,-,0.0,-,-,,-,0,-,0.5,-,1.32,1.98,zebra,-,1,925,925,1.0,495,430,53.5,-54.86,-5.93,0,-0.62,-10.92,-24.14,113,108,221,-7.17,-38.77,286,255,541,,,,,469,,,,0,-5.49,92.5,1.775,56.3,-2.8,7.6,55.84,-1.0,-1.0,-18.07,2.02,2,8,7,-2.05,-3.36,-10.3,5.06,-10.65,-4.36,-10.92,221,-6.56,1,4.82,6.27,0,2,0,-35.33,0,DIRECAO
P4,-,0.0,-,-,,-,0,-,6.5,8.5,-,-,zebra,tot_env<=1,1,856,856,1.0,446,410,52.1,-54.91,-6.41,0,-1.0,-11.86,-25.49,106,109,215,-9.18,-46.8,258,252,510,,,,,449,,,,0,-5.49,85.6,1.809,55.3,-3.2,7.6,55.89,-1.0,-1.0,-18.19,5.27,2,8,7,-2.08,-3.66,-10.86,4.57,-11.13,-4.59,-11.86,215,-7.27,1,4.34,5.79,0,2,0,-35.61,0,DIRECAO
P2,-,0.0,-,-,,-,0,-,5.5,-,1.77,1.86,zebra,-,4,440,359,1.23,212,228,48.2,-55.21,-12.55,0,-3.44,-23.03,-22.8,42,57,99,-18.39,-45.79,112,137,249,,,,,265,,,,0,-5.52,44.0,1.817,55.0,-6.8,8.8,56.72,-1.0,-3.0,-14.05,2.51,3,7,13,-2.63,-8.6,-19.59,-4.76,-18.57,-9.5,-23.03,99,-13.53,3,-5.21,-0.35,0,2,0,-30.95,0,DIRECAO
P4,-,0.0,-,-,,-,0,-,0.5,-,-,-,zebra,tot_env<=1,1,885,885,1.0,459,426,51.9,-55.24,-6.24,0,-0.46,-11.17,-24.23,107,110,217,-7.52,-39.53,269,257,526,,,,,458,,,,0,-5.52,88.5,1.823,54.9,-3.0,7.6,56.22,-1.0,-1.0,-17.96,1.9,1,9,7,-2.04,-3.55,-10.71,4.75,-10.96,-4.64,-11.17,217,-6.52,1,4.51,5.96,0,2,0,-35.66,0,DIRECAO
P2,-,0.0,-,-,,-,0,-,0.5,-,1.77,1.86,zebra,-,4,442,361,1.22,213,229,48.2,-55.41,-12.54,0,-3.44,-23.03,-22.8,42,57,99,-18.39,-45.79,112,137,249,,,,,267,,,,0,-5.54,44.2,1.817,55.0,-6.8,8.8,56.92,-1.0,-3.0,-14.05,3.31,3,7,13,-2.64,-8.61,-19.59,-4.73,-18.56,-9.51,-23.03,99,-13.52,3,-5.17,-0.33,0,2,0,-30.95,0,DIRECAO
P2,-,0.0,-,-,,-,0,-,0.5,7.5,1.62,-,zebra,-,3,1300,775,1.68,710,590,54.6,-55.42,-4.26,0,0.77,-2.91,-9.59,182,147,329,-7.24,-55.9,409,363,772,,,,,426,,,,0,-5.54,130.0,1.768,56.6,-1.9,6.9,68.56,-0.8,-3.0,-31.46,12.54,3,7,9,-1.41,-4.62,-3.68,6.57,-8.98,-4.72,-2.91,329,1.8,1,6.36,7.94,0,2,0,-18.06,0,DIRECAO
P4,-,0.0,-,-,,-,0,-,0.5,8.5,-,-,zebra,tot_env<=0,3,1645,843,1.95,913,732,55.5,-55.44,-3.37,0,-0.36,-3.65,-15.68,238,192,430,-4.31,-42.4,540,443,983,,,,,445,,,,0,-5.54,164.5,1.757,56.9,-1.4,7.2,61.74,-0.9,-3.0,-24.72,3.8,3,7,11,-1.2,-3.42,-3.29,7.62,-8.09,-3.27,-3.65,430,-0.37,1,7.38,8.83,0,2,0,-21.0,0,DIRECAO
P2,-,0.0,-,-,,-,0,-,6.5,9.5,1.32,1.68,zebra,-,3,923,669,1.38,537,386,58.2,-55.54,-6.02,0,-0.33,-10.79,-24.49,125,102,227,-7.19,-39.96,319,237,556,,,,,372,,,,0,-5.55,92.3,1.613,62.0,-3.8,7.2,58.84,-0.9,-3.0,-11.59,0.74,1,9,8,-1.92,-3.17,-10.46,4.15,-10.74,-4.46,-10.79,227,-6.33,4,4.05,6.19,0,2,0,-37.75,0,DIRECAO
P2,-,0.0,-,-,,-,0,-,9.5,-,1.62,1.86,zebra,-,3,298,222,1.34,137,161,46.0,-55.6,-18.66,0,-12.65,-41.65,-27.49,22,44,66,-20.45,-34.36,76,92,168,,,,,166,,,,0,-5.56,29.8,1.774,56.4,-10.4,10.4,55.6,-1.0,-3.0,-17.95,3.43,2,8,12,-3.23,-13.11,-29.0,-12.18,-24.68,-12.12,-41.65,66,-29.54,1,-12.48,-6.46,0,2,0,-30.16,0,DIRECAO
P4,-,0.0,-,-,,-,0,-,0.5,8.5,-,-,zebra,dif<=0,6,1915,860,2.23,1080,835,56.4,-55.71,-2.91,0,-0.49,-3.99,-19.45,271,217,488,-3.93,-44.75,636,504,1140,,,,,448,,,,0,-5.57,191.5,1.743,57.4,-1.0,7.0,69.55,-0.8,-6.0,-22.23,4.26,4,6,12,-1.1,-2.54,-3.5,8.08,-7.63,-2.54,-3.99,488,-1.44,1,7.84,9.29,0,2,0,-25.81,0,DIRECAO
P2,-,0.0,-,-,,-,0,-,5.5,9.5,1.62,-,zebra,-,1,913,913,1.0,473,440,51.8,-55.72,-6.1,0,-0.52,-10.14,-22.41,110,111,221,-6.68,-36.08,278,262,540,,,,,468,,,,0,-5.57,91.3,1.826,54.8,-3.0,7.6,56.7,-1.0,-1.0,-17.96,3.51,2,8,7,-2.02,-4.0,-9.62,4.89,-10.82,-4.81,-10.14,221,-5.33,1,4.65,6.1,0,2,0,-32.89,0,DIRECAO
P4,-,0.0,-,-,,-,0,-,7.5,-,-,-,zebra,tot_env<=0,1,731,731,1.0,367,364,50.2,-55.72,-7.62,0,0.45,-9.39,-17.0,89,92,181,-7.84,-34.59,220,221,441,,,,,391,,,,0,-5.57,73.1,1.852,54.0,-3.8,8.0,56.7,-1.0,-1.0,-13.77,2.84,1,9,8,-2.23,-6.25,-9.84,2.93,-12.34,-7.04,-9.39,181,-2.35,1,2.77,4.58,0,2,0,-27.55,0,DIRECAO
P1,-,0.0,-,-,,-,0,-,0.5,10.5,-,-,zebra,-,1,924,924,1.0,481,443,52.1,-55.84,-6.04,0,-0.07,-10.23,-22.61,110,111,221,-6.71,-36.28,279,262,541,,,,,470,,,,0,-5.58,92.4,1.82,54.9,-2.9,7.6,56.82,-1.0,-1.0,-17.96,3.69,1,9,7,-2.02,-3.61,-10.16,4.95,-10.76,-4.73,-10.23,221,-5.5,4,4.71,6.16,0,2,0,-34.86,0,DIRECAO
P2,-,0.0,-,-,,-,0,-,9.5,-,1.62,1.86,zebra,-,2,284,222,1.28,129,155,45.4,-55.84,-19.66,0,-12.07,-41.71,-26.28,21,42,63,-20.38,-32.4,72,87,159,,,,,166,,,,0,-5.58,28.4,1.773,56.4,-11.0,10.3,55.84,-1.0,-2.0,-18.77,3.87,1,9,11,-3.4,-14.24,-29.64,-13.18,-25.68,-13.38,-41.71,63,-28.34,1,-13.49,-7.46,0,2,0,-29.64,0,DIRECAO
P2,-,0.0,-,-,,-,0,-,5.5,-,1.77,1.86,zebra,-,3,439,359,1.22,211,228,48.1,-56.03,-12.76,0,-3.44,-23.03,-22.8,42,57,99,-18.39,-45.79,112,137,249,,,,,265,,,,0,-5.6,43.9,1.817,55.0,-7.0,8.8,57.54,-1.0,-3.0,-14.87,2.51,3,7,13,-2.69,-8.93,-19.59,-4.98,-18.78,-9.77,-23.03,99,-13.26,1,-5.42,-0.56,0,2,0,-30.95,0,DIRECAO
P1,-,0.0,-,-,,-,0,-,11.5,-,-,-,zebra,-,2,266,176,1.51,105,161,39.5,-56.07,-21.08,0,-4.81,-30.36,-16.09,18,35,53,-26.12,-39.18,55,95,150,,,,,143,,,,0,-5.61,26.6,2.018,49.6,-10.1,11.9,57.96,-1.0,-2.0,-20.03,3.96,2,8,9,-2.95,-18.94,-25.55,-15.91,-27.1,-18.77,-30.36,53,-11.59,1,-15.73,-8.88,0,2,0,-21.97,0,DIRECAO
P2,-,0.0,-,-,,-,0,-,5.5,-,1.77,1.86,zebra,-,1,359,359,1.0,167,192,46.5,-56.09,-15.62,0,-5.34,-25.6,-21.25,34,49,83,-19.87,-40.94,91,115,206,,,,,265,,,,0,-5.61,35.9,1.817,55.0,-8.5,8.5,56.75,-1.0,-1.0,-14.65,1.66,1,9,11,-3.27,-12.93,-20.26,-7.84,-21.64,-12.62,-25.6,83,-12.98,1,-8.28,-3.42,0,2,0,-26.74,0,DIRECAO
P2,-,0.0,-,-,,-,0,-,0.5,-,1.77,1.86,zebra,-,3,441,361,1.22,212,229,48.1,-56.23,-12.75,0,-3.44,-23.03,-22.8,42,57,99,-18.39,-45.79,112,137,249,,,,,267,,,,0,-5.62,44.1,1.817,55.0,-7.0,8.8,57.74,-1.0,-3.0,-14.87,3.31,3,7,13,-2.69,-8.93,-19.59,-4.95,-18.77,-9.77,-23.03,99,-13.26,1,-5.38,-0.55,0,2,0,-30.95,0,DIRECAO
P2,-,0.0,-,-,,-,0,-,0.5,-,1.77,1.86,zebra,-,1,361,361,1.0,168,193,46.5,-56.29,-15.59,0,-5.34,-25.6,-21.25,34,49,83,-19.87,-40.94,91,115,206,,,,,267,,,,0,-5.63,36.1,1.816,55.1,-8.5,8.5,56.95,-1.0,-1.0,-14.65,2.46,1,9,11,-3.27,-12.9,-20.26,-7.79,-21.61,-12.6,-25.6,83,-13.0,1,-8.23,-3.39,0,2,0,-26.74,0,DIRECAO
P4,-,0.0,-,-,,-,0,-,0.5,-,-,-,zebra,dif<=0,1,887,887,1.0,460,427,51.9,-56.32,-6.35,0,-0.32,-10.84,-23.64,108,110,218,-6.75,-35.45,271,254,525,,,,,456,,,,0,-5.63,88.7,1.822,54.9,-3.0,7.7,57.3,-1.0,-1.0,-17.96,5.14,1,9,7,-2.08,-3.83,-10.52,4.64,-11.07,-4.88,-10.84,218,-5.96,1,4.4,5.85,0,2,0,-35.15,0,DIRECAO
P2,-,0.0,-,-,,-,0,-,7.5,9.5,1.62,1.86,zebra,-,2,851,602,1.41,462,389,54.3,-56.59,-6.65,0,-0.86,-8.47,-17.79,112,98,210,-7.78,-38.59,267,229,496,,,,,339,,,,0,-5.66,85.1,1.722,58.1,-3.8,8.1,58.4,-1.0,-2.0,-20.96,1.79,2,8,9,-1.93,-6.06,-7.61,3.1,-11.37,-6.05,-8.47,210,-2.42,1,3.07,5.55,0,2,0,-24.74,0,DIRECAO
P2,-,0.0,-,-,,-,0,-,0.5,7.5,1.32,1.68,zebra,-,4,1436,735,1.95,871,565,60.7,-56.64,-3.94,0,1.11,-6.82,-24.7,212,150,362,-6.14,-52.83,510,351,861,,,,,410,,,,0,-5.66,143.6,1.584,63.1,-2.5,6.0,80.69,-0.7,-4.0,-24.2,17.94,4,6,11,-1.44,-1.42,-7.93,6.64,-8.66,-2.97,-6.82,362,-3.85,1,6.47,8.26,0,2,0,-44.15,0,DIRECAO
P2,-,0.0,-,-,,-,0,-,6.5,-,1.77,1.86,zebra,-,4,436,356,1.22,209,227,47.9,-56.65,-12.99,0,-4.28,-25.13,-24.38,40,57,97,-19.28,-47.23,109,136,245,,,,,262,,,,0,-5.67,43.6,1.817,55.0,-7.1,8.9,58.16,-1.0,-3.0,-14.05,2.51,3,7,13,-2.72,-8.61,-20.85,-5.24,-19.01,-9.52,-25.13,97,-15.61,3,-5.69,-0.79,0,2,0,-32.53,0,DIRECAO
P2,-,0.0,-,-,,-,0,-,6.5,-,1.77,1.86,zebra,-,1,356,356,1.0,165,191,46.3,-56.69,-15.92,0,-5.84,-26.82,-21.99,33,49,82,-20.46,-41.54,89,114,203,,,,,262,,,,0,-5.67,35.6,1.817,55.1,-8.7,8.5,57.35,-1.0,-1.0,-14.65,1.66,1,9,11,-3.32,-12.98,-20.98,-8.17,-21.94,-12.66,-26.82,82,-14.15,1,-8.62,-3.72,0,2,0,-27.48,0,DIRECAO
P2,-,0.0,-,-,,-,0,-,10.5,-,1.77,1.98,zebra,-,3,288,189,1.52,122,166,42.4,-56.79,-19.72,0,0.49,-36.19,-19.18,18,35,53,-24.55,-38.79,63,95,158,,,,,151,,,,0,-5.68,28.8,1.899,52.7,-10.3,11.3,57.62,-1.0,-3.0,-17.79,6.36,2,8,9,-3.1,-11.63,-36.68,-13.95,-25.74,-16.0,-36.19,53,-20.18,1,-13.98,-7.52,0,2,0,-34.11,0,DIRECAO
P4,-,0.0,-,-,,-,0,-,6.5,8.5,-,-,zebra,dif>=0,1,898,898,1.0,470,428,52.3,-56.82,-6.33,0,-1.16,-10.79,-23.62,109,110,219,-8.18,-43.27,271,258,529,,,,,463,,,,0,-5.68,89.8,1.806,55.4,-3.0,7.6,57.8,-1.0,-1.0,-18.19,4.88,2,8,7,-2.11,-4.32,-9.63,4.66,-11.05,-4.89,-10.79,219,-5.9,1,4.43,5.88,0,2,0,-32.66,0,DIRECAO
P2,-,0.0,-,-,,-,0,-,5.5,7.5,1.62,-,zebra,-,3,1284,774,1.66,700,584,54.5,-57.05,-4.44,0,0.94,-2.23,-7.24,181,144,325,-6.92,-52.88,406,358,764,,,,,426,,,,0,-5.7,128.4,1.769,56.5,-2.0,6.9,67.99,-0.8,-3.0,-31.46,10.74,3,7,8,-1.47,-5.21,-3.17,6.38,-9.16,-5.19,-2.23,325,2.97,1,6.17,7.76,0,2,0,-15.39,0,DIRECAO
P4,-,0.0,-,-,,-,0,-,0.5,-,-,-,zebra,dif 0~1,1,912,912,1.0,473,439,51.9,-57.14,-6.27,0,0.18,-10.33,-22.62,109,110,219,-6.99,-37.32,275,259,534,,,,,467,,,,0,-5.71,91.2,1.823,54.9,-3.0,7.6,58.12,-1.0,-1.0,-17.96,3.56,1,9,7,-2.08,-3.76,-10.51,4.72,-10.99,-4.98,-10.33,219,-5.35,1,4.49,5.94,0,2,0,-35.53,0,DIRECAO
P1,-,0.0,-,-,,-,0,-,4.5,10.5,-,-,zebra,-,1,922,922,1.0,479,443,52.0,-57.24,-6.21,0,-0.07,-10.23,-22.61,110,111,221,-6.71,-36.28,279,262,541,,,,,470,,,,0,-5.72,92.2,1.821,54.9,-3.0,7.6,58.22,-1.0,-1.0,-17.96,3.69,1,9,7,-2.08,-3.87,-10.16,4.78,-10.93,-4.94,-10.23,221,-5.29,1,4.55,5.99,0,2,0,-34.86,0,DIRECAO
P2,-,0.0,-,-,,-,0,-,5.5,9.5,1.32,1.68,zebra,-,4,1315,788,1.67,784,531,59.6,-57.37,-4.36,0,0.74,-7.01,-23.12,191,139,330,-4.77,-37.68,469,321,790,,,,,427,,,,0,-5.74,131.5,1.603,62.4,-2.8,6.7,63.14,-0.9,-4.0,-18.05,6.84,3,7,9,-1.58,-2.19,-7.75,6.55,-9.08,-3.48,-7.01,330,-3.53,1,6.33,7.84,0,2,0,-39.78,0,DIRECAO
P4,-,0.0,-,-,,-,0,-,0.5,8.5,-,-,zebra,dif<=0,-,1921,860,2.23,1083,838,56.4,-57.38,-2.99,0,-0.55,-4.18,-20.45,271,218,489,-3.96,-45.27,637,505,1142,,,,,448,,,,0,-5.74,192.1,1.742,57.4,-1.0,7.0,71.22,-0.8,-8.0,-22.23,4.26,4,6,13,-1.13,-2.59,-3.63,8.0,-7.71,-2.58,-4.18,489,-1.6,1,7.77,9.22,0,2,0,-26.81,0,DIRECAO
P1,-,0.0,-,-,,-,0,-,5.5,10.5,-,-,zebra,-,1,922,922,1.0,478,444,51.8,-57.45,-6.23,0,-0.04,-10.14,-22.41,110,111,221,-6.64,-35.9,279,262,541,,,,,470,,,,0,-5.74,92.2,1.822,54.9,-3.0,7.7,58.43,-1.0,-1.0,-17.96,3.87,1,9,7,-2.08,-3.94,-10.1,4.76,-10.95,-5.0,-10.14,221,-5.14,1,4.52,5.97,0,2,0,-34.66,0,DIRECAO
P2,-,0.0,-,-,,-,0,-,6.5,-,1.77,1.86,zebra,-,3,435,356,1.22,208,227,47.8,-57.47,-13.21,0,-4.28,-25.13,-24.38,40,57,97,-19.28,-47.23,109,136,245,,,,,262,,,,0,-5.75,43.5,1.817,55.0,-7.2,8.9,58.98,-1.0,-3.0,-14.87,2.51,3,7,13,-2.77,-8.94,-20.85,-5.46,-19.23,-9.79,-25.13,97,-15.34,1,-5.91,-1.01,0,2,0,-32.53,0,DIRECAO
P2,-,0.0,-,-,,-,0,-,10.5,-,1.77,1.98,zebra,-,2,262,189,1.39,108,154,41.2,-57.61,-21.99,0,2.06,-36.3,-18.15,17,33,50,-25.58,-36.32,56,86,142,,,,,151,,,,0,-5.76,26.2,1.898,52.7,-11.5,11.1,58.44,-1.0,-2.0,-18.55,5.23,2,8,9,-3.41,-13.99,-38.36,-16.22,-28.01,-18.61,-36.3,50,-17.69,1,-16.25,-9.79,0,2,0,-32.99,0,DIRECAO
P2,-,0.0,-,-,,-,0,-,6.5,-,1.32,1.86,zebra,-,1,840,840,1.0,464,376,55.2,-57.78,-6.88,0,-0.58,-12.98,-26.61,106,99,205,-9.78,-48.72,267,231,498,,,,,441,,,,0,-5.78,84.0,1.693,59.1,-3.8,7.5,58.43,-1.0,-1.0,-16.37,2.56,1,9,5,-2.37,-3.53,-12.4,4.11,-11.6,-4.91,-12.98,205,-8.07,1,3.87,5.32,0,2,0,-39.3,0,DIRECAO
P1,-,0.0,-,-,,-,0,-,6.5,8.5,-,-,zebra,-,1,899,899,1.0,470,429,52.3,-57.82,-6.43,0,-1.16,-10.79,-23.62,109,110,219,-8.35,-44.27,271,259,530,,,,,463,,,,0,-5.78,89.9,1.806,55.4,-3.1,7.6,58.8,-1.0,-1.0,-18.19,4.88,2,8,7,-2.14,-4.49,-9.63,4.56,-11.15,-5.03,-10.79,219,-5.76,1,4.32,5.77,0,2,0,-32.66,0,DIRECAO
P2,-,0.0,-,-,,-,0,-,9.5,-,1.62,1.86,zebra,-,4,302,222,1.36,138,164,45.7,-57.83,-19.15,0,-12.84,-42.52,-28.49,22,45,67,-21.27,-36.59,77,95,172,,,,,166,,,,0,-5.78,30.2,1.774,56.4,-10.7,10.4,57.83,-1.0,-3.0,-17.95,2.2,2,8,12,-3.38,-13.54,-29.68,-12.67,-25.17,-12.49,-42.52,67,-30.04,3,-12.98,-6.95,0,2,0,-31.16,0,DIRECAO
P2,-,0.0,-,-,,-,0,-,5.5,-,1.32,1.98,zebra,-,1,922,922,1.0,491,431,53.3,-57.94,-6.28,0,-0.59,-10.83,-23.94,113,108,221,-7.1,-38.39,286,255,541,,,,,468,,,,0,-5.79,92.2,1.776,56.3,-3.1,7.6,58.92,-1.0,-1.0,-18.07,2.2,2,8,7,-2.16,-3.94,-10.24,4.7,-11.0,-4.85,-10.83,221,-5.98,1,4.47,5.92,0,2,0,-35.13,0,DIRECAO
P2,-,0.0,-,-,,-,0,-,5.5,7.5,1.62,-,zebra,-,4,1285,774,1.66,700,585,54.5,-58.05,-4.52,0,0.94,-2.23,-7.24,181,144,325,-6.92,-52.88,406,358,764,,,,,426,,,,0,-5.8,128.5,1.769,56.5,-2.1,6.9,67.99,-0.9,-3.0,-31.46,10.74,2,8,8,-1.49,-5.33,-3.17,6.31,-9.24,-5.29,-2.23,325,3.07,3,6.1,7.69,0,2,0,-15.39,0,DIRECAO
P4,-,0.0,-,-,,-,0,-,6.5,8.5,-,-,zebra,dif 0~1,1,879,879,1.0,458,421,52.1,-58.12,-6.61,0,-1.29,-11.74,-25.47,107,110,217,-8.39,-43.44,265,253,518,,,,,457,,,,0,-5.81,87.9,1.806,55.4,-3.3,7.6,59.1,-1.0,-1.0,-18.19,4.88,2,8,7,-2.17,-4.28,-10.45,4.38,-11.33,-4.93,-11.74,217,-6.81,1,4.14,5.59,0,2,0,-34.7,0,DIRECAO
P2,-,0.0,-,-,,-,0,-,5.5,9.5,1.32,1.68,zebra,-,6,1316,788,1.67,784,532,59.6,-58.37,-4.44,0,0.74,-7.01,-23.12,191,139,330,-4.77,-37.68,469,321,790,,,,,427,,,,0,-5.84,131.6,1.603,62.4,-2.8,6.7,64.14,-0.9,-5.0,-19.05,6.84,3,7,9,-1.6,-2.32,-7.75,6.48,-9.16,-3.58,-7.01,330,-3.43,2,6.26,7.77,0,2,0,-39.78,0,DIRECAO
P4,-,0.0,-,-,,-,0,-,0.5,-,-,-,zebra,dif>=0,1,925,925,1.0,480,445,51.9,-58.43,-6.32,0,0.25,-10.64,-23.61,110,112,222,-7.0,-37.87,278,263,541,,,,,470,,,,0,-5.84,92.5,1.822,54.9,-3.0,7.7,59.41,-1.0,-1.0,-17.96,3.69,1,9,7,-2.12,-3.61,-10.89,4.67,-11.04,-4.95,-10.64,222,-5.68,1,4.44,5.89,0,2,0,-37.45,0,DIRECAO
P2,-,0.0,-,-,,-,0,-,0.5,7.5,1.32,1.68,zebra,-,6,1471,735,2.0,894,577,60.8,-58.47,-3.97,0,0.97,-6.55,-24.43,220,153,373,-6.0,-52.83,524,357,881,,,,,410,,,,0,-5.85,147.1,1.581,63.2,-2.5,5.9,83.52,-0.7,-6.0,-24.41,17.32,4,6,12,-1.47,-1.71,-7.52,6.61,-8.69,-3.1,-6.55,373,-3.45,1,6.44,8.23,0,2,0,-43.07,0,DIRECAO
P2,-,0.0,-,-,,-,0,-,5.5,-,1.77,1.86,zebra,-,2,427,359,1.19,203,224,47.5,-58.65,-13.74,0,-3.68,-22.24,-21.8,42,56,98,-18.2,-44.41,110,134,244,,,,,265,,,,0,-5.87,42.7,1.817,55.0,-7.5,8.7,60.71,-1.0,-2.0,-14.71,2.51,2,8,13,-2.93,-10.96,-18.56,-5.95,-19.76,-11.2,-22.24,98,-11.04,1,-6.39,-1.53,0,2,0,-28.95,0,DIRECAO
P4,-,0.0,-,-,,-,0,-,7.5,8.5,-,-,zebra,dif 0~1,1,816,816,1.0,416,400,51.0,-58.74,-7.2,0,-1.18,-11.14,-22.39,97,104,201,-8.11,-39.15,243,240,483,,,,,432,,,,0,-5.87,81.6,1.837,54.4,-3.5,7.9,59.72,-1.0,-1.0,-16.01,3.97,3,7,8,-2.24,-5.5,-9.96,3.79,-11.92,-5.91,-11.14,201,-5.23,1,3.55,5.0,0,2,0,-30.89,0,DIRECAO
P2,-,0.0,-,-,,-,0,-,5.5,7.5,1.32,1.98,zebra,-,2,1425,823,1.73,812,613,57.0,-58.78,-4.12,0,0.78,-5.03,-18.3,206,158,364,-7.11,-60.27,469,379,848,,,,,440,,,,0,-5.88,142.5,1.689,59.2,-2.2,6.8,66.81,-0.9,-2.0,-22.92,10.33,2,8,10,-1.48,-3.05,-5.81,6.86,-8.84,-3.82,-5.03,364,-1.21,1,6.63,8.08,0,2,0,-32.27,0,DIRECAO
P2,-,0.0,-,-,,-,0,-,0.5,9.5,1.62,1.98,zebra,-,1,896,896,1.0,473,423,52.8,-58.85,-6.57,0,-0.47,-12.33,-26.88,109,109,218,-8.91,-47.05,272,256,528,,,,,460,,,,0,-5.88,89.6,1.783,56.1,-3.3,7.6,59.83,-1.0,-1.0,-17.71,1.63,2,8,7,-2.21,-3.42,-11.86,4.42,-11.29,-4.72,-12.33,218,-7.61,1,4.19,5.63,0,2,0,-39.62,0,DIRECAO
P2,-,0.0,-,-,,-,0,-,0.5,-,1.77,1.86,zebra,-,2,429,361,1.19,204,225,47.6,-58.85,-13.72,0,-3.68,-22.24,-21.8,42,56,98,-18.2,-44.41,110,134,244,,,,,267,,,,0,-5.88,42.9,1.817,55.0,-7.5,8.7,60.91,-1.0,-2.0,-14.71,3.31,2,8,13,-2.93,-10.95,-18.56,-5.92,-19.74,-11.19,-22.24,98,-11.05,1,-6.35,-1.52,0,2,0,-28.95,0,DIRECAO
P4,-,0.0,-,-,,-,0,-,9.5,-,-,-,zebra,dif<=0,1,287,287,1.0,119,168,41.5,-58.99,-20.55,0,5.18,-20.7,-13.25,26,38,64,-20.28,-35.08,72,101,173,,,,,195,,,,0,-5.9,28.7,1.931,51.8,-10.3,9.7,58.99,-1.0,-1.0,-19.1,4.99,2,8,10,-3.67,-17.48,-25.88,-13.45,-26.57,-20.51,-20.7,64,-0.19,1,-14.05,-8.35,0,2,0,-27.17,0,DIRECAO
P2,-,0.0,-,-,,-,0,-,0.5,7.5,1.32,1.68,zebra,-,-,1473,735,2.0,895,578,60.8,-59.1,-4.01,0,0.97,-6.55,-24.43,220,153,373,-6.0,-52.83,524,357,881,,,,,410,,,,0,-5.91,147.3,1.581,63.3,-2.5,5.9,84.15,-0.7,-7.0,-24.41,17.32,4,6,12,-1.48,-1.78,-7.52,6.57,-8.73,-3.15,-6.55,373,-3.4,1,6.4,8.19,0,2,0,-43.07,0,DIRECAO
P1,-,0.0,-,-,,-,0,-,0.5,-,-,-,zebra,-,1,926,926,1.0,480,446,51.8,-59.43,-6.42,0,0.25,-10.64,-23.61,110,112,222,-7.17,-38.87,278,264,542,,,,,470,,,,0,-5.94,92.6,1.822,54.9,-3.0,7.7,60.41,-1.0,-1.0,-17.96,3.69,1,9,7,-2.15,-3.78,-10.89,4.57,-11.14,-5.09,-10.64,222,-5.55,4,4.34,5.78,0,2,0,-37.45,0,DIRECAO
P2,-,0.0,-,-,,-,0,-,0.5,7.5,1.62,-,zebra,-,4,1306,775,1.69,711,595,54.4,-59.8,-4.58,0,0.66,-3.21,-10.59,182,148,330,-7.48,-57.9,409,365,774,,,,,426,,,,0,-5.98,130.6,1.768,56.6,-2.1,6.9,71.56,-0.8,-4.0,-31.46,11.54,3,7,9,-1.51,-5.0,-3.87,6.25,-9.3,-5.04,-3.21,330,1.83,3,6.04,7.62,0,2,0,-19.06,0,DIRECAO
P2,-,0.0,-,-,,-,0,-,6.5,-,1.32,1.68,zebra,-,2,900,674,1.34,519,381,57.7,-59.88,-6.65,0,-0.02,-10.66,-23.99,124,101,225,-7.85,-42.78,310,235,545,,,,,373,,,,0,-5.99,90.0,1.617,61.9,-4.2,7.3,63.18,-0.9,-2.0,-11.59,-0.42,0,10,8,-2.16,-4.06,-10.64,3.55,-11.37,-5.32,-10.66,225,-5.35,1,3.44,5.55,0,2,0,-37.76,0,DIRECAO
P2,-,0.0,-,-,,-,0,-,6.5,-,1.77,1.86,zebra,-,2,423,356,1.19,200,223,47.3,-60.09,-14.21,0,-4.53,-24.35,-23.38,40,56,96,-19.1,-45.85,107,133,240,,,,,262,,,,0,-6.01,42.3,1.817,55.0,-7.8,8.8,61.6,-1.0,-2.0,-14.71,2.51,2,8,13,-3.02,-10.99,-19.82,-6.45,-20.23,-11.23,-24.35,96,-13.13,1,-6.9,-2.0,0,2,0,-30.53,0,DIRECAO
P2,-,0.0,-,-,,-,0,-,9.5,-,1.32,1.86,zebra,-,3,315,227,1.39,145,170,46.0,-60.19,-19.11,0,-12.76,-39.31,-27.91,25,46,71,-19.7,-34.67,81,95,176,,,,,167,,,,0,-6.02,31.5,1.762,56.8,-10.7,10.4,60.19,-1.0,-3.0,-21.36,3.43,2,8,9,-3.41,-15.06,-26.55,-12.58,-25.13,-13.23,-39.31,71,-26.08,1,-12.91,-6.91,0,2,0,-29.47,0,DIRECAO
P2,-,0.0,-,-,,-,0,-,7.5,9.5,1.62,1.86,zebra,-,3,891,602,1.48,483,408,54.2,-60.3,-6.77,0,-2.51,-10.6,-23.01,113,104,217,-7.07,-36.77,282,238,520,,,,,339,,,,0,-6.03,89.1,1.723,58.0,-3.8,8.2,62.11,-1.0,-3.0,-26.34,1.89,2,8,10,-1.96,-5.95,-8.09,2.98,-11.49,-5.53,-10.6,217,-5.07,4,2.96,5.43,0,2,0,-27.52,0,DIRECAO
P2,-,0.0,-,-,,-,0,-,9.5,-,1.32,1.86,zebra,-,2,301,227,1.33,137,164,45.5,-60.43,-20.08,0,-12.2,-39.26,-26.7,24,44,68,-19.59,-32.71,77,90,167,,,,,167,,,,0,-6.04,30.1,1.761,56.8,-11.3,10.3,60.43,-1.0,-2.0,-22.18,3.87,1,9,9,-3.58,-16.23,-27.06,-13.55,-26.1,-14.48,-39.26,68,-24.79,1,-13.88,-7.87,0,2,0,-28.95,0,DIRECAO
P2,-,0.0,-,-,,-,0,-,0.5,-,1.62,-,zebra,-,1,921,921,1.0,475,446,51.6,-60.74,-6.6,0,0.06,-10.55,-23.41,110,112,222,-7.26,-39.34,277,265,542,,,,,468,,,,0,-6.07,92.1,1.826,54.8,-3.2,7.7,61.72,-1.0,-1.0,-17.96,3.87,1,9,7,-2.2,-4.2,-10.61,4.39,-11.32,-5.34,-10.55,222,-5.2,1,4.16,5.61,0,2,0,-36.51,0,DIRECAO
P1,-,0.0,-,-,,-,0,-,4.5,-,-,-,zebra,-,1,924,924,1.0,478,446,51.7,-60.83,-6.58,0,0.25,-10.64,-23.61,110,112,222,-7.17,-38.87,278,264,542,,,,,470,,,,0,-6.08,92.4,1.822,54.9,-3.1,7.7,61.81,-1.0,-1.0,-17.96,3.69,1,9,7,-2.2,-4.03,-10.89,4.41,-11.3,-5.3,-10.64,222,-5.33,1,4.17,5.62,0,2,0,-37.45,0,DIRECAO
P1,-,0.0,-,-,,-,0,-,5.5,-,-,-,zebra,-,1,924,924,1.0,477,447,51.6,-61.04,-6.61,0,0.28,-10.55,-23.41,110,112,222,-7.1,-38.49,278,264,542,,,,,470,,,,0,-6.1,92.4,1.824,54.8,-3.2,7.7,62.02,-1.0,-1.0,-17.96,3.87,1,9,7,-2.21,-4.1,-10.83,4.38,-11.33,-5.36,-10.55,222,-5.18,1,4.15,5.6,0,2,0,-37.25,0,DIRECAO
P4,-,0.0,-,-,,-,0,-,7.5,-,-,-,zebra,tot_env<=1,1,789,789,1.0,395,394,50.1,-61.22,-7.76,0,-0.47,-11.57,-22.21,92,100,192,-9.5,-45.04,232,242,474,,,,,422,,,,0,-6.12,78.9,1.857,53.9,-3.8,8.0,62.2,-1.0,-1.0,-13.98,-0.0,0,10,8,-2.35,-5.72,-11.1,3.16,-12.48,-6.53,-11.57,192,-5.03,1,2.94,4.44,0,2,0,-33.2,0,DIRECAO
P2,-,0.0,-,-,,-,0,-,6.5,9.5,1.62,1.86,zebra,-,1,771,771,1.0,418,353,54.2,-61.26,-7.95,0,-0.12,-13.76,-26.14,97,93,190,-11.76,-54.08,240,220,460,,,,,414,,,,0,-6.13,77.1,1.703,58.7,-4.5,7.5,62.13,-1.0,-1.0,-16.97,1.89,2,8,5,-2.6,-4.47,-13.64,2.86,-12.67,-6.04,-13.76,190,-7.71,1,2.66,4.26,0,2,0,-39.84,0,DIRECAO
P4,-,0.0,-,-,,-,0,-,6.5,-,-,-,zebra,tot_env<=0,1,858,858,1.0,439,419,51.2,-61.3,-7.14,0,-0.39,-11.37,-24.56,106,110,216,-8.99,-45.95,256,255,511,,,,,449,,,,0,-6.13,85.8,1.828,54.7,-3.5,7.7,62.28,-1.0,-1.0,-17.87,4.3,1,9,7,-2.29,-4.76,-10.98,3.84,-11.86,-5.72,-11.37,216,-5.65,1,3.61,5.06,0,2,0,-36.13,0,DIRECAO
P1,-,0.0,-,-,,-,0,-,11.5,-,-,-,zebra,-,3,306,176,1.74,123,183,40.2,-61.52,-20.1,0,-6.87,-28.8,-16.99,21,38,59,-26.67,-45.61,63,108,171,,,,,143,,,,0,-6.15,30.6,2.009,49.8,-9.6,12.1,63.41,-1.0,-3.0,-18.22,5.23,3,7,9,-2.95,-19.27,-21.93,-14.93,-26.12,-18.03,-28.8,59,-10.77,1,-14.76,-7.9,0,2,0,-21.05,0,DIRECAO
P2,-,0.0,-,-,,-,0,-,0.5,-,1.32,1.68,zebra,-,3,1509,805,1.87,907,602,60.1,-61.57,-4.08,0,0.27,-7.35,-27.56,217,158,375,-4.63,-41.65,537,362,899,,,,,433,,,,0,-6.16,150.9,1.596,62.7,-2.6,6.4,78.8,-0.8,-3.0,-31.2,10.93,4,6,10,-1.56,-1.88,-7.62,6.91,-8.8,-3.0,-7.35,375,-4.35,1,6.67,8.12,0,2,0,-44.03,0,DIRECAO
P2,-,0.0,-,-,,-,0,-,6.5,7.5,1.32,1.86,zebra,-,2,1037,735,1.41,591,446,57.0,-61.6,-5.94,0,3.11,-7.76,-20.72,149,118,267,-10.14,-63.29,340,284,624,,,,,411,,,,0,-6.16,103.7,1.651,60.6,-3.6,7.0,71.89,-0.9,-2.0,-17.58,4.55,1,9,7,-1.97,-2.67,-10.87,4.64,-10.66,-5.31,-7.76,267,-2.45,5,4.47,6.26,0,2,0,-44.91,0,DIRECAO
P2,-,0.0,-,-,,-,0,-,5.5,9.5,1.62,1.98,zebra,-,1,894,894,1.0,470,424,52.6,-61.88,-6.92,0,-0.47,-12.33,-26.88,109,109,218,-8.91,-47.05,272,256,528,,,,,459,,,,0,-6.19,89.4,1.783,56.1,-3.5,7.6,62.86,-1.0,-1.0,-17.71,1.63,2,8,7,-2.33,-3.97,-11.86,4.07,-11.64,-5.18,-12.33,218,-7.15,1,3.83,5.28,0,2,0,-39.62,0,DIRECAO
P2,-,0.0,-,-,,-,0,-,0.5,7.5,1.32,1.86,zebra,-,3,1606,799,2.01,952,654,59.3,-61.95,-3.86,0,2.6,-5.38,-21.85,236,170,406,-6.84,-65.42,550,407,957,,,,,432,,,,0,-6.2,160.6,1.625,61.6,-2.3,6.3,82.61,-0.7,-3.0,-24.34,17.31,3,7,9,-1.46,-1.29,-7.98,7.13,-8.58,-3.34,-5.38,406,-2.04,1,6.89,8.35,0,2,0,-49.13,0,DIRECAO
P2,-,0.0,-,-,,-,0,-,9.5,9.5,1.62,1.98,zebra,-,1,327,327,1.0,143,184,43.7,-62.01,-18.96,0,-4.93,-23.99,-17.75,30,44,74,-18.61,-36.67,87,110,197,,,,,219,,,,0,-6.2,32.7,1.86,53.8,-10.0,9.5,64.52,-1.0,-1.0,-23.97,4.96,1,8,8,-3.72,-18.91,-19.06,-11.48,-24.98,-17.49,-23.99,74,-6.49,1,-12.04,-6.76,0,2,0,-22.68,0,DIRECAO
P2,-,0.0,-,-,,-,0,-,10.5,-,1.62,1.98,zebra,-,2,307,213,1.44,132,175,43.0,-62.27,-20.28,0,0.06,-33.13,-20.87,23,40,63,-23.44,-39.61,70,99,169,,,,,165,,,,0,-6.23,30.7,1.863,53.7,-10.7,11.0,63.1,-1.0,-2.0,-21.72,5.35,2,8,10,-3.36,-13.57,-33.19,-13.89,-26.3,-16.97,-33.13,63,-16.16,1,-14.16,-8.08,0,2,0,-34.85,0,DIRECAO
P2,-,0.0,-,-,,-,0,-,5.5,-,1.62,-,zebra,-,1,920,920,1.0,473,447,51.4,-62.3,-6.77,0,0.06,-10.55,-23.41,110,112,222,-7.26,-39.34,277,265,542,,,,,468,,,,0,-6.23,92.0,1.828,54.7,-3.3,7.7,63.28,-1.0,-1.0,-17.96,3.87,1,9,7,-2.25,-4.48,-10.61,4.22,-11.49,-5.57,-10.55,222,-4.97,1,3.98,5.43,0,2,0,-36.51,0,DIRECAO
P4,-,0.0,-,-,,-,0,-,6.5,-,-,-,zebra,tot_env 0~3,1,887,887,1.0,454,433,51.2,-62.36,-7.03,0,0.28,-10.33,-22.53,108,110,218,-8.91,-46.95,264,263,527,,,,,457,,,,0,-6.24,88.7,1.829,54.7,-3.5,7.7,63.34,-1.0,-1.0,-17.87,3.12,2,8,7,-2.29,-4.87,-10.61,3.96,-11.75,-5.95,-10.33,218,-4.38,1,3.72,5.17,0,2,0,-35.45,0,DIRECAO
P2,-,0.0,-,-,,-,0,-,9.5,-,1.32,1.86,zebra,-,4,319,227,1.41,146,173,45.8,-62.42,-19.57,0,-12.94,-40.15,-28.91,25,47,72,-20.5,-36.9,82,98,180,,,,,167,,,,0,-6.24,31.9,1.762,56.8,-11.0,10.4,62.42,-1.0,-3.0,-21.36,2.2,2,8,9,-3.56,-15.43,-27.21,-13.04,-25.59,-13.57,-40.15,72,-26.59,3,-13.37,-7.36,0,2,0,-30.47,0,DIRECAO
P4,-,0.0,-,-,,-,0,-,0.5,8.5,-,-,zebra,tot_env>=3,1,358,358,1.0,181,177,50.6,-62.93,-17.58,0,-10.99,-19.3,-16.21,42,42,84,-17.82,-36.71,105,101,206,,,,,262,,,,0,-6.29,35.8,1.678,59.6,-9.0,6.8,64.54,-1.0,-1.0,-20.8,5.73,2,8,8,-3.98,-22.99,-8.31,-9.8,-23.6,-17.05,-19.3,84,-2.25,1,-10.25,-5.38,0,2,0,-10.97,0,DIRECAO
P2,-,0.0,-,-,,-,0,-,9.5,9.5,1.62,1.98,zebra,-,2,328,327,1.0,143,185,43.6,-63.01,-19.21,0,-4.93,-23.99,-17.75,30,44,74,-18.61,-36.67,87,110,197,,,,,219,,,,0,-6.3,32.8,1.861,53.7,-10.1,9.5,65.52,-1.0,-2.0,-24.97,4.96,1,8,9,-3.76,-19.3,-19.06,-11.73,-25.23,-17.82,-23.99,74,-6.17,5,-12.29,-7.01,0,2,0,-22.68,0,DIRECAO
P2,-,0.0,-,-,,-,0,-,5.5,-,1.32,1.68,zebra,-,3,1320,793,1.66,783,537,59.3,-63.09,-4.78,0,0.85,-7.17,-23.95,193,141,334,-5.21,-41.4,469,325,794,,,,,428,,,,0,-6.31,132.0,1.604,62.3,-3.0,6.8,67.29,-0.9,-3.0,-16.51,4.47,2,8,9,-1.75,-2.68,-8.02,6.17,-9.5,-3.97,-7.17,334,-3.2,1,5.94,7.42,0,2,0,-41.56,0,DIRECAO
P2,-,0.0,-,-,,-,0,-,6.5,-,1.32,1.68,zebra,-,4,945,674,1.4,546,399,57.8,-63.13,-6.68,0,-0.17,-11.16,-26.23,129,106,235,-7.8,-44.45,325,245,570,,,,,373,,,,0,-6.31,94.5,1.613,62.0,-4.2,7.3,66.43,-1.0,-3.0,-12.59,1.4,1,9,8,-2.15,-3.88,-10.99,3.52,-11.4,-5.2,-11.16,235,-5.96,3,3.42,5.52,0,2,0,-40.9,0,DIRECAO
P2,-,0.0,-,-,,-,0,-,0.5,9.5,1.32,1.68,zebra,-,4,1584,800,1.98,957,627,60.4,-63.16,-3.99,0,-0.21,-7.6,-29.8,227,165,392,-4.56,-43.06,567,378,945,,,,,432,,,,0,-6.32,158.4,1.59,62.9,-2.5,6.3,82.71,-0.8,-4.0,-31.95,12.74,4,6,11,-1.52,-1.87,-7.39,7.0,-8.71,-2.8,-7.6,392,-4.8,1,6.77,8.22,0,2,0,-44.85,0,DIRECAO
P4,-,0.0,-,-,,-,0,-,0.5,8.5,-,-,zebra,tot_env<=0,6,1702,843,2.02,944,758,55.5,-63.44,-3.73,0,-0.48,-3.54,-15.6,245,196,441,-4.12,-41.78,560,454,1014,,,,,445,,,,0,-6.34,170.2,1.752,57.1,-1.6,7.1,67.98,-0.9,-6.0,-23.83,5.79,2,8,12,-1.33,-4.15,-3.06,7.26,-8.45,-3.79,-3.54,441,0.26,1,7.03,8.48,0,2,0,-20.1,0,DIRECAO
P4,-,0.0,-,-,,-,0,-,7.5,8.5,-,-,zebra,tot_env 0~3,1,814,814,1.0,412,402,50.6,-63.56,-7.81,0,-0.09,-11.51,-23.14,97,104,201,-9.74,-47.35,240,246,486,,,,,432,,,,0,-6.36,81.4,1.84,54.3,-3.7,7.9,64.54,-1.0,-1.0,-13.86,3.36,1,9,8,-2.43,-5.57,-11.42,3.18,-12.53,-6.59,-11.51,201,-4.92,1,2.95,4.39,0,2,0,-35.53,0,DIRECAO
P4,-,0.0,-,-,,-,0,-,9.5,-,-,-,zebra,tot_env<=1,3,291,238,1.22,119,172,40.9,-63.77,-21.91,0,0.71,-31.09,-18.03,21,37,58,-22.25,-37.82,70,100,170,,,,,159,,,,0,-6.38,29.1,1.914,52.3,-11.4,9.7,63.77,-1.0,-2.0,-14.89,-1.11,0,10,13,-3.51,-16.97,-31.8,-15.28,-27.93,-19.63,-31.09,58,-11.46,3,-15.66,-9.71,0,2,0,-30.85,0,DIRECAO
P2,-,0.0,-,-,,-,0,-,10.5,-,1.32,1.98,zebra,-,2,315,216,1.46,136,179,43.2,-63.98,-20.31,0,-0.1,-31.38,-20.71,25,41,66,-22.91,-39.86,73,101,174,,,,,167,,,,0,-6.4,31.5,1.856,53.9,-10.7,11.0,64.81,-1.0,-2.0,-23.72,5.35,2,8,10,-3.41,-14.5,-31.28,-13.89,-26.33,-17.38,-31.38,66,-14.0,1,-14.17,-8.11,0,2,0,-34.1,0,DIRECAO
P2,-,0.0,-,-,,-,0,-,0.5,9.5,1.32,1.68,zebra,-,6,1623,800,2.03,983,640,60.6,-64.49,-3.97,0,-0.46,-7.56,-30.53,235,169,404,-4.52,-43.69,582,385,967,,,,,432,,,,0,-6.45,162.3,1.586,63.0,-2.5,6.2,84.44,-0.8,-6.0,-31.52,12.12,4,6,12,-1.53,-2.01,-7.1,7.02,-8.69,-2.79,-7.56,404,-4.77,1,6.78,8.23,0,2,0,-44.4,0,DIRECAO
P2,-,0.0,-,-,,-,0,-,5.5,7.5,1.32,1.86,zebra,-,3,1451,794,1.83,850,601,58.6,-64.49,-4.44,0,3.2,-4.82,-18.02,218,156,374,-6.89,-60.19,499,374,873,,,,,429,,,,0,-6.45,145.1,1.633,61.2,-2.7,6.5,72.61,-0.9,-3.0,-22.37,5.99,3,7,9,-1.63,-2.14,-8.02,6.51,-9.16,-4.31,-4.82,374,-0.5,1,6.28,7.76,0,2,0,-45.61,0,DIRECAO
P2,-,0.0,-,-,,-,0,-,0.5,9.5,1.32,1.68,zebra,-,-,1626,800,2.03,985,641,60.6,-64.71,-3.98,0,-0.46,-7.56,-30.53,235,169,404,-4.52,-43.69,582,385,967,,,,,432,,,,0,-6.47,162.6,1.586,63.1,-2.5,6.2,84.66,-0.8,-7.0,-31.11,12.12,4,6,12,-1.53,-2.03,-7.1,7.01,-8.7,-2.8,-7.56,404,-4.76,1,6.77,8.22,0,2,0,-44.4,0,DIRECAO
P2,-,0.0,-,-,,-,0,-,6.5,-,1.32,1.68,zebra,-,3,942,674,1.4,543,399,57.6,-64.75,-6.87,0,-0.27,-11.45,-26.8,128,106,234,-8.04,-45.68,323,245,568,,,,,373,,,,0,-6.47,94.2,1.614,62.0,-4.3,7.3,68.05,-1.0,-3.0,-12.59,0.74,1,9,8,-2.21,-4.08,-11.18,3.33,-11.59,-5.36,-11.45,234,-6.09,1,3.22,5.33,0,2,0,-41.47,0,DIRECAO
P4,-,0.0,-,-,,-,0,-,0.5,8.5,-,-,zebra,dif>=2,1,253,253,1.0,114,139,45.1,-64.8,-25.61,0,-0.13,-10.37,-6.43,33,29,62,-21.58,-33.67,74,82,156,,,,,208,,,,0,-6.48,25.3,1.705,58.7,-13.6,6.9,67.95,-1.0,-1.0,-20.06,0.32,1,9,7,-4.87,-35.17,-10.24,-18.84,-31.63,-30.56,-10.37,62,20.19,1,-19.28,-13.41,0,2,0,-9.93,0,DIRECAO
P2,-,0.0,-,-,,-,0,-,0.5,-,1.62,1.98,zebra,-,1,904,904,1.0,474,430,52.4,-64.81,-7.17,0,0.14,-12.73,-27.88,109,110,219,-9.36,-49.69,272,259,531,,,,,461,,,,0,-6.48,90.4,1.784,56.1,-3.6,7.6,65.79,-1.0,-1.0,-17.71,1.6,2,8,7,-2.43,-3.8,-12.87,3.82,-11.89,-5.39,-12.73,219,-7.34,1,3.58,5.03,0,2,0,-43.24,0,DIRECAO
P4,-,0.0,-,-,,-,0,-,6.5,-,-,-,zebra,tot_env<=1,1,878,878,1.0,448,430,51.0,-64.84,-7.38,0,-0.35,-11.37,-24.56,106,110,216,-9.53,-49.77,260,262,522,,,,,455,,,,0,-6.48,87.8,1.828,54.7,-3.7,7.7,65.82,-1.0,-1.0,-17.87,1.33,2,8,7,-2.4,-5.18,-11.02,3.6,-12.1,-6.08,-11.37,216,-5.29,1,3.37,4.82,0,2,0,-36.48,0,DIRECAO
P1,-,0.0,-,-,,-,0,-,0.5,7.5,-,-,zebra,-,2,1474,828,1.78,828,646,56.2,-64.93,-4.41,0,1.24,-3.64,-13.51,210,161,371,-6.59,-57.59,479,395,874,,,,,442,,,,0,-6.49,147.4,1.713,58.4,-2.2,6.8,69.09,-0.9,-2.0,-24.3,9.83,1,9,10,-1.57,-4.1,-4.88,6.58,-9.13,-4.66,-3.64,371,1.02,4,6.35,7.8,0,2,0,-27.83,0,DIRECAO
P2,-,0.0,-,-,,-,0,-,5.5,-,1.32,1.68,zebra,-,4,1337,793,1.69,793,544,59.3,-64.96,-4.86,0,0.83,-7.36,-24.86,195,143,338,-5.25,-42.17,475,329,804,,,,,428,,,,0,-6.5,133.7,1.603,62.4,-3.1,6.7,69.09,-0.9,-4.0,-18.51,4.84,3,7,9,-1.77,-2.71,-8.19,6.09,-9.58,-4.01,-7.36,338,-3.34,1,5.86,7.34,0,2,0,-42.93,0,DIRECAO
P4,-,0.0,-,-,,-,0,-,7.5,-,-,-,zebra,dif<=0,1,778,778,1.0,387,391,49.7,-64.99,-8.35,0,0.57,-10.94,-20.89,92,99,191,-8.4,-38.98,230,234,464,,,,,409,,,,0,-6.5,77.8,1.856,53.9,-4.1,8.0,65.97,-1.0,-1.0,-14.83,3.11,1,9,8,-2.51,-6.41,-11.51,2.5,-13.07,-7.51,-10.94,191,-3.42,1,2.29,3.85,0,2,0,-34.07,0,DIRECAO
P2,-,0.0,-,-,,-,0,-,10.5,-,1.77,1.98,zebra,-,4,298,189,1.58,123,175,41.3,-65.02,-21.82,0,-0.02,-37.37,-20.18,18,36,54,-26.23,-43.02,64,100,164,,,,,151,,,,0,-6.5,29.8,1.899,52.7,-11.4,11.4,65.85,-1.0,-4.0,-18.79,3.36,2,8,9,-3.61,-14.66,-37.35,-16.05,-27.84,-18.38,-37.37,54,-18.99,1,-16.08,-9.62,0,2,0,-35.11,0,DIRECAO
P4,-,0.0,-,-,,-,0,-,0.5,8.5,-,-,zebra,tot_env<=0,-,1708,843,2.03,947,761,55.4,-65.11,-3.81,0,-0.55,-3.76,-16.6,245,197,442,-4.16,-42.3,561,455,1016,,,,,445,,,,0,-6.51,170.8,1.751,57.1,-1.7,7.0,69.65,-0.9,-8.0,-23.83,5.79,2,8,12,-1.36,-4.19,-3.21,7.18,-8.53,-3.83,-3.76,442,0.08,1,6.94,8.39,0,2,0,-21.1,0,DIRECAO
P2,-,0.0,-,-,,-,0,-,0.5,9.5,1.96,-,zebra,-,1,506,506,1.0,216,290,42.7,-65.28,-12.9,0,7.74,-1.73,-2.23,62,67,129,-16.4,-47.23,118,170,288,,,,,341,,,,0,-6.53,50.6,2.045,48.9,-6.2,8.4,70.61,-0.9,-1.0,-18.87,6.8,4,6,10,-2.87,-14.96,-9.47,-3.75,-17.62,-16.72,-1.73,129,15.0,1,-3.68,-0.7,0,2,0,-18.0,0,DIRECAO
P2,-,0.0,-,-,,-,0,-,9.5,9.5,1.32,1.98,zebra,-,1,335,335,1.0,146,189,43.6,-65.31,-19.5,0,-5.86,-25.0,-18.75,30,45,75,-18.67,-37.15,88,111,199,,,,,221,,,,0,-6.53,33.5,1.853,54.0,-10.4,9.5,67.82,-1.0,-1.0,-25.38,2.96,1,8,8,-3.88,-19.7,-19.14,-11.94,-25.52,-17.91,-25.0,75,-7.09,1,-12.47,-7.29,0,2,0,-23.16,0,DIRECAO
P1,-,0.0,-,-,,-,0,-,4.5,7.5,-,-,zebra,-,2,1472,826,1.78,826,646,56.1,-65.34,-4.44,0,1.24,-3.64,-13.51,210,161,371,-6.59,-57.59,479,395,874,,,,,442,,,,0,-6.53,147.2,1.713,58.4,-2.2,6.8,69.5,-0.9,-2.0,-24.3,9.83,1,9,10,-1.58,-4.16,-4.88,6.55,-9.16,-4.71,-3.64,371,1.07,1,6.31,7.76,0,2,0,-27.83,0,DIRECAO
P2,-,0.0,-,-,,-,0,-,6.5,9.5,1.32,1.98,zebra,-,1,902,902,1.0,473,429,52.4,-65.4,-7.25,0,-1.83,-11.96,-26.07,109,109,218,-9.55,-50.81,272,260,532,,,,,462,,,,0,-6.54,90.2,1.782,56.1,-3.7,7.6,66.38,-1.0,-1.0,-17.91,3.47,2,8,7,-2.45,-5.52,-10.13,3.74,-11.97,-5.75,-11.96,218,-6.21,1,3.5,4.95,0,2,0,-34.35,0,DIRECAO
P2,-,0.0,-,-,,-,0,-,5.5,7.5,1.32,1.86,zebra,-,4,1452,794,1.83,850,602,58.5,-65.49,-4.51,0,3.2,-4.82,-18.02,218,156,374,-6.89,-60.19,499,374,873,,,,,429,,,,0,-6.55,145.2,1.633,61.2,-2.7,6.5,73.61,-0.9,-4.0,-22.37,5.99,3,7,9,-1.65,-2.25,-8.02,6.44,-9.23,-4.4,-4.82,374,-0.41,3,6.21,7.69,0,2,0,-45.61,0,DIRECAO
P2,-,0.0,-,-,,-,0,-,6.5,-,1.62,1.86,zebra,-,1,786,786,1.0,424,362,53.9,-65.65,-8.35,0,0.18,-13.74,-26.65,99,95,194,-11.93,-55.94,244,225,469,,,,,420,,,,0,-6.57,78.6,1.704,58.7,-4.7,7.6,66.3,-1.0,-1.0,-16.16,0.68,1,9,5,-2.76,-4.97,-13.92,2.55,-13.07,-6.59,-13.74,194,-7.15,1,2.33,3.85,0,2,0,-41.35,0,DIRECAO
P2,-,0.0,-,-,,-,0,-,0.5,9.5,1.77,-,zebra,-,1,833,833,1.0,399,434,47.9,-65.76,-7.89,0,1.1,-6.57,-13.14,96,104,200,-9.79,-47.87,229,260,489,,,,,450,,,,0,-6.58,83.3,1.924,52.0,-4.1,8.0,66.74,-1.0,-1.0,-20.09,3.93,2,8,8,-2.36,-8.02,-7.67,3.09,-12.61,-8.31,-6.57,200,1.74,1,2.86,4.31,0,2,0,-23.79,0,DIRECAO
P2,-,0.0,-,-,,-,0,-,5.5,-,1.32,1.68,zebra,-,6,1338,793,1.69,793,545,59.3,-65.96,-4.93,0,0.83,-7.36,-24.86,195,143,338,-5.25,-42.17,475,329,804,,,,,428,,,,0,-6.6,133.8,1.603,62.4,-3.1,6.7,70.09,-0.9,-5.0,-19.51,4.84,3,7,9,-1.79,-2.83,-8.19,6.02,-9.65,-4.11,-7.36,338,-3.25,2,5.79,7.27,0,2,0,-42.93,0,DIRECAO
P2,-,0.0,-,-,,-,0,-,5.5,9.5,1.96,-,zebra,-,1,505,505,1.0,215,290,42.6,-66.25,-13.12,0,7.74,-1.73,-2.23,62,67,129,-16.4,-47.23,118,170,288,,,,,340,,,,0,-6.62,50.5,2.045,48.9,-6.3,8.4,70.61,-0.9,-1.0,-19.84,6.8,4,6,10,-2.91,-15.32,-9.47,-3.98,-17.84,-17.03,-1.73,129,15.3,1,-3.9,-0.92,0,2,0,-18.0,0,DIRECAO
P2,-,0.0,-,-,,-,0,-,9.5,9.5,1.32,1.98,zebra,-,2,336,335,1.0,146,190,43.5,-66.31,-19.74,0,-5.86,-25.0,-18.75,30,45,75,-18.67,-37.15,88,111,199,,,,,221,,,,0,-6.63,33.6,1.854,53.9,-10.5,9.5,68.82,-1.0,-2.0,-26.38,2.96,1,8,9,-3.92,-20.07,-19.14,-12.18,-25.76,-18.22,-25.0,75,-6.78,5,-12.71,-7.53,0,2,0,-23.16,0,DIRECAO
P2,-,0.0,-,-,,-,0,-,10.5,-,1.62,1.98,zebra,-,3,347,213,1.63,151,196,43.5,-66.34,-19.12,0,-0.69,-35.15,-23.9,24,44,68,-24.21,-46.25,78,113,191,,,,,165,,,,0,-6.63,34.7,1.864,53.6,-10.1,11.2,67.17,-1.0,-3.0,-21.04,5.57,2,8,10,-3.22,-11.42,-34.46,-12.73,-25.14,-15.21,-35.15,68,-19.94,1,-12.99,-6.92,0,2,0,-39.97,0,DIRECAO
P2,-,0.0,-,-,,-,0,-,5.5,9.5,1.77,-,zebra,-,1,830,830,1.0,397,433,47.8,-66.64,-8.03,0,1.1,-6.57,-13.14,96,104,200,-9.79,-47.87,229,260,489,,,,,449,,,,0,-6.66,83.0,1.925,52.0,-4.1,8.0,67.62,-1.0,-1.0,-20.09,3.93,2,8,8,-2.4,-8.24,-7.67,2.96,-12.75,-8.49,-6.57,200,1.92,1,2.72,4.17,0,2,0,-23.79,0,DIRECAO
P4,-,0.0,-,-,,-,0,-,6.5,-,-,-,zebra,dif<=0,1,879,879,1.0,448,431,51.0,-66.67,-7.58,0,-0.47,-11.78,-25.56,106,111,217,-8.9,-46.28,261,259,520,,,,,453,,,,0,-6.67,87.9,1.828,54.7,-3.7,7.7,67.65,-1.0,-1.0,-17.87,4.57,1,9,7,-2.47,-5.32,-11.31,3.4,-12.3,-6.21,-11.78,217,-5.57,1,3.17,4.62,0,2,0,-37.56,0,DIRECAO
P2,-,0.0,-,-,,-,0,-,10.5,-,1.77,1.98,zebra,-,6,300,189,1.59,123,177,41.0,-67.02,-22.34,0,-0.5,-38.51,-21.18,18,37,55,-27.12,-45.02,64,102,166,,,,,151,,,,0,-6.7,30.0,1.899,52.7,-11.7,11.4,67.85,-1.0,-4.0,-18.79,3.36,1,9,9,-3.71,-15.08,-38.01,-16.57,-28.36,-18.71,-38.51,55,-19.8,2,-16.61,-10.14,0,2,0,-36.11,0,DIRECAO
P2,-,0.0,-,-,,-,0,-,6.5,9.5,1.62,-,zebra,-,1,905,905,1.0,461,444,50.9,-67.34,-7.44,0,-0.41,-10.31,-22.69,109,111,220,-8.84,-47.45,269,268,537,,,,,464,,,,0,-6.73,90.5,1.83,54.6,-3.7,7.7,68.32,-1.0,-1.0,-17.87,1.92,2,8,7,-2.45,-5.96,-9.9,3.55,-12.16,-6.52,-10.31,220,-3.8,1,3.31,4.76,0,2,0,-33.66,0,DIRECAO
P2,-,0.0,-,-,,-,0,-,6.5,7.5,1.62,-,zebra,-,2,1130,765,1.48,601,529,53.2,-67.36,-5.96,0,0.16,-4.85,-14.01,155,134,289,-8.72,-58.98,349,327,676,,,,,422,,,,0,-6.74,113.0,1.784,56.0,-2.9,7.1,71.21,-0.9,-2.0,-32.17,6.9,1,9,7,-1.89,-6.57,-5.01,4.81,-10.68,-6.34,-4.85,289,1.5,1,4.61,6.24,0,2,0,-21.98,0,DIRECAO
P2,-,0.0,-,-,,-,0,-,10.5,-,1.32,1.98,zebra,-,3,356,216,1.65,156,200,43.8,-67.63,-19.0,0,-0.32,-32.39,-23.32,27,45,72,-23.39,-46.08,82,115,197,,,,,167,,,,0,-6.76,35.6,1.856,53.9,-10.1,11.2,68.46,-1.0,-3.0,-23.04,6.11,2,8,10,-3.26,-12.27,-32.07,-12.58,-25.02,-15.6,-32.39,72,-16.79,1,-12.85,-6.79,0,2,0,-38.8,0,DIRECAO
P2,-,0.0,-,-,,-,0,-,5.5,-,1.62,1.98,zebra,-,1,902,902,1.0,471,431,52.2,-67.84,-7.52,0,0.14,-12.73,-27.88,109,110,219,-9.36,-49.69,272,259,531,,,,,460,,,,0,-6.78,90.2,1.784,56.0,-3.8,7.6,68.82,-1.0,-1.0,-17.71,1.6,2,8,7,-2.54,-4.35,-12.87,3.47,-12.24,-5.85,-12.73,219,-6.88,1,3.23,4.68,0,2,0,-43.24,0,DIRECAO
P1,-,0.0,-,-,,-,0,-,6.5,9.5,-,-,zebra,-,1,914,914,1.0,467,447,51.1,-67.97,-7.44,0,-0.37,-10.31,-22.69,109,111,220,-8.86,-47.67,270,268,538,,,,,466,,,,0,-6.8,91.4,1.826,54.8,-3.7,7.7,68.95,-1.0,-1.0,-17.87,2.51,2,8,7,-2.47,-5.95,-9.94,3.55,-12.16,-6.52,-10.31,220,-3.79,1,3.32,4.77,0,2,0,-33.88,0,DIRECAO
P2,-,0.0,-,-,,-,0,-,6.5,7.5,1.62,-,zebra,-,3,1131,765,1.48,601,530,53.1,-68.36,-6.04,0,0.16,-4.85,-14.01,155,134,289,-8.72,-58.98,349,327,676,,,,,422,,,,0,-6.84,113.1,1.784,56.1,-2.9,7.1,72.21,-0.9,-3.0,-32.17,6.9,1,9,8,-1.91,-6.7,-5.01,4.73,-10.76,-6.45,-4.85,289,1.61,4,4.53,6.16,0,2,0,-21.98,0,DIRECAO
P4,-,0.0,-,-,,-,0,-,7.5,8.5,-,-,zebra,tot_env<=0,3,963,708,1.36,497,466,51.6,-68.37,-7.1,0,-0.92,-8.49,-21.73,130,126,256,-7.16,-41.83,301,283,584,,,,,384,,,,0,-6.84,96.3,1.815,55.1,-3.5,7.9,70.0,-1.0,-2.0,-20.12,-0.01,0,10,10,-2.09,-6.79,-7.57,3.31,-11.82,-6.6,-8.49,256,-1.89,3,3.18,5.1,0,2,0,-28.9,0,DIRECAO
P2,-,0.0,-,-,,-,0,-,0.5,9.5,1.62,1.86,zebra,-,2,1263,809,1.56,705,558,55.8,-68.39,-5.41,0,-0.54,-7.79,-24.69,173,144,317,-7.79,-58.42,409,341,750,,,,,430,,,,0,-6.84,126.3,1.699,58.8,-3.0,7.4,69.69,-1.0,-2.0,-16.24,6.01,1,9,8,-1.91,-4.31,-7.25,5.57,-10.13,-4.62,-7.79,317,-3.17,1,5.34,6.79,0,2,0,-34.31,0,DIRECAO
P2,-,0.0,-,-,,-,0,-,8.5,-,1.62,1.86,zebra,-,2,576,423,1.36,291,285,50.5,-68.52,-11.9,0,-6.38,-19.29,-26.24,63,73,136,-9.79,-32.22,171,158,329,,,,,265,,,,0,-6.85,57.6,1.749,57.2,-6.7,9.2,69.19,-1.0,-2.0,-32.71,2.55,3,7,10,-2.97,-11.32,-12.91,-3.51,-16.62,-9.61,-19.29,136,-9.69,1,-3.71,0.31,0,2,0,-26.86,0,DIRECAO
P2,-,0.0,-,-,,-,0,-,7.5,-,1.62,1.86,zebra,-,2,929,620,1.5,499,430,53.7,-68.91,-7.42,0,0.05,-9.95,-22.79,120,109,229,-9.07,-49.0,286,254,540,,,,,348,,,,0,-6.89,92.9,1.727,57.9,-4.2,8.4,70.72,-1.0,-2.0,-21.59,2.53,1,9,9,-2.26,-5.84,-10.0,2.45,-12.14,-6.59,-9.95,229,-3.36,1,2.4,4.78,0,2,0,-35.3,0,DIRECAO
P1,-,0.0,-,-,,-,0,-,7.5,7.5,-,-,zebra,-,1,767,767,1.0,392,375,51.1,-68.95,-8.99,0,1.13,-8.33,-15.99,98,94,192,-10.73,-48.72,227,227,454,,,,,420,,,,0,-6.89,76.7,1.798,55.6,-4.5,7.5,69.6,-1.0,-1.0,-14.2,2.8,1,9,8,-2.77,-8.69,-9.46,1.79,-13.71,-9.21,-8.33,192,0.88,8,1.59,3.21,0,2,0,-28.19,0,DIRECAO
P1,-,0.0,-,-,,-,0,-,5.5,7.5,-,-,zebra,-,2,1464,826,1.77,818,646,55.9,-68.96,-4.71,0,1.19,-3.31,-12.26,210,160,370,-6.77,-59.0,476,395,871,,,,,442,,,,0,-6.9,146.4,1.716,58.3,-2.4,6.9,73.12,-0.9,-2.0,-24.8,9.78,1,9,10,-1.67,-4.84,-4.5,6.28,-9.43,-5.18,-3.31,370,1.87,1,6.04,7.49,0,2,0,-25.58,0,DIRECAO
P2,-,0.0,-,-,,-,0,-,7.5,9.5,1.32,1.86,zebra,-,2,905,625,1.45,489,416,54.0,-69.31,-7.66,0,-2.11,-10.6,-22.79,112,103,215,-8.2,-42.64,280,240,520,,,,,349,,,,0,-6.93,90.5,1.711,58.4,-4.4,8.1,71.12,-1.0,-2.0,-25.86,1.45,1,9,9,-2.28,-7.15,-8.49,2.24,-12.38,-6.74,-10.6,215,-3.86,1,2.18,4.54,0,2,0,-29.11,0,DIRECAO
P2,-,0.0,-,-,,-,0,-,5.5,9.5,1.62,1.86,zebra,-,2,1254,804,1.56,699,555,55.7,-69.51,-5.54,0,-0.42,-7.43,-23.34,172,142,314,-7.61,-56.72,407,338,745,,,,,427,,,,0,-6.95,125.4,1.7,58.8,-3.1,7.4,71.24,-1.0,-2.0,-16.24,4.21,1,9,8,-1.95,-4.66,-7.01,5.45,-10.26,-4.91,-7.43,314,-2.52,1,5.21,6.66,0,2,0,-32.96,0,DIRECAO
P2,-,0.0,-,-,,-,0,-,0.5,9.5,1.32,1.86,zebra,-,2,1594,888,1.8,918,676,57.6,-69.65,-4.37,0,0.0,-6.4,-24.89,219,170,389,-6.27,-58.4,526,406,932,,,,,455,,,,0,-6.96,159.4,1.667,60.0,-2.4,7.1,70.95,-1.0,-2.0,-21.7,7.73,2,8,9,-1.7,-3.15,-6.4,6.62,-9.09,-3.71,-6.4,389,-2.68,1,6.38,7.83,0,2,0,-38.38,0,DIRECAO
P2,-,0.0,-,-,,-,0,-,6.5,9.5,1.96,-,zebra,-,1,502,502,1.0,212,290,42.2,-69.66,-13.88,0,7.74,-1.73,-2.23,62,67,129,-16.4,-47.23,118,170,288,,,,,337,,,,0,-6.97,50.2,2.044,48.9,-6.7,8.4,71.57,-1.0,-1.0,-22.29,6.8,4,6,10,-3.08,-16.56,-9.47,-4.75,-18.6,-18.08,-1.73,129,16.35,1,-4.67,-1.67,0,2,0,-18.0,0,DIRECAO
P2,-,0.0,-,-,,-,0,-,8.5,-,1.32,1.86,zebra,-,2,602,434,1.39,307,295,51.0,-69.89,-11.61,0,-7.57,-19.45,-27.23,65,75,140,-9.07,-30.85,179,161,340,,,,,270,,,,0,-6.99,60.2,1.74,57.5,-6.5,9.2,70.56,-1.0,-2.0,-35.21,3.14,3,7,10,-2.98,-11.46,-11.88,-3.12,-16.33,-9.23,-19.45,140,-10.22,1,-3.28,0.59,0,2,0,-25.65,0,DIRECAO
P4,-,0.0,-,-,,-,0,-,7.5,8.5,-,-,zebra,dif>=0,1,848,848,1.0,428,420,50.5,-70.16,-8.27,0,-1.07,-11.86,-24.55,99,108,207,-9.59,-48.06,248,253,501,,,,,445,,,,0,-7.02,84.8,1.838,54.4,-3.9,7.9,71.14,-1.0,-1.0,-17.35,2.97,1,9,8,-2.63,-6.72,-10.79,2.72,-12.99,-7.12,-11.86,207,-4.74,1,2.48,3.93,0,2,0,-34.86,0,DIRECAO
P1,-,0.0,-,-,,-,0,-,6.5,10.5,-,-,zebra,-,1,914,914,1.0,465,449,50.9,-70.66,-7.73,0,0.08,-10.31,-22.69,109,111,220,-9.08,-48.86,269,269,538,,,,,466,,,,0,-7.07,91.4,1.828,54.7,-3.8,7.7,71.64,-1.0,-1.0,-17.87,2.12,2,8,7,-2.56,-6.15,-10.39,3.26,-12.45,-6.91,-10.31,220,-3.4,1,3.02,4.47,0,2,0,-35.43,0,DIRECAO
P2,-,0.0,-,-,,-,0,-,5.5,9.5,1.62,1.86,zebra,-,3,1361,804,1.69,760,601,55.8,-70.7,-5.19,0,-1.03,-6.81,-23.15,187,153,340,-6.8,-54.91,444,363,807,,,,,427,,,,0,-7.07,136.1,1.702,58.7,-2.9,7.5,73.05,-1.0,-3.0,-20.18,5.39,1,9,9,-1.83,-4.84,-5.78,5.79,-9.91,-4.66,-6.81,340,-2.15,1,5.56,7.01,0,2,0,-29.5,0,DIRECAO
P2,-,0.0,-,-,,-,0,-,0.5,-,1.32,1.68,zebra,-,4,1606,805,2.0,966,640,60.1,-70.75,-4.41,0,-0.12,-7.89,-31.54,231,169,400,-4.96,-47.55,573,386,959,,,,,433,,,,0,-7.07,160.6,1.59,62.9,-2.7,6.3,88.66,-0.8,-4.0,-32.41,10.29,3,7,11,-1.69,-2.3,-7.77,6.58,-9.13,-3.25,-7.89,400,-4.63,1,6.35,7.8,0,2,0,-48.0,0,DIRECAO
P2,-,0.0,-,-,,-,0,-,6.5,9.5,1.77,-,zebra,-,1,826,826,1.0,393,433,47.6,-70.86,-8.58,0,1.12,-6.54,-13.09,96,104,200,-9.98,-48.68,228,260,488,,,,,446,,,,0,-7.09,82.6,1.924,52.0,-4.4,8.0,71.84,-1.0,-1.0,-20.95,3.93,2,8,8,-2.56,-9.13,-7.66,2.41,-13.3,-9.23,-6.54,200,2.68,1,2.17,3.62,0,2,0,-23.74,0,DIRECAO
P2,-,0.0,-,-,,-,0,-,0.5,9.5,1.77,1.98,zebra,-,1,704,704,1.0,336,368,47.7,-70.88,-10.07,0,-0.98,-12.73,-21.0,76,89,165,-14.17,-58.81,189,226,415,,,,,411,,,,0,-7.09,70.4,1.886,53.0,-5.3,8.0,71.86,-1.0,-1.0,-18.33,3.21,2,8,8,-2.83,-9.08,-11.75,0.32,-14.79,-9.25,-12.73,165,-3.47,1,0.19,2.13,0,2,0,-30.67,0,DIRECAO
P4,-,0.0,-,-,,-,0,-,6.5,8.5,-,-,zebra,dif>=1,1,446,446,1.0,214,232,48.0,-70.97,-15.91,0,0.39,-11.11,-12.11,55,54,109,-16.68,-44.19,126,139,265,,,,,305,,,,0,-7.1,44.6,1.792,55.8,-7.8,7.7,71.42,-1.0,-1.0,-25.29,3.17,1,9,8,-3.78,-18.76,-11.5,-7.31,-20.63,-17.47,-11.11,109,6.36,1,-7.43,-3.71,0,2,0,-20.12,0,DIRECAO
P2,-,0.0,-,-,,-,0,-,6.5,-,1.32,1.98,zebra,-,1,905,905,1.0,471,434,52.0,-71.06,-7.85,0,-1.04,-12.36,-27.07,109,110,219,-10.11,-53.97,271,263,534,,,,,463,,,,0,-7.11,90.5,1.784,56.0,-4.0,7.7,72.04,-1.0,-1.0,-17.07,1.88,2,8,7,-2.66,-5.76,-11.32,3.14,-12.57,-6.41,-12.36,219,-5.95,1,2.9,4.35,0,2,0,-38.49,0,DIRECAO
P1,-,0.0,-,-,,-,0,-,7.5,8.5,-,-,zebra,-,1,849,849,1.0,428,421,50.4,-71.16,-8.38,0,-1.07,-11.86,-24.55,99,108,207,-9.77,-49.06,248,254,502,,,,,445,,,,0,-7.12,84.9,1.838,54.4,-4.0,7.9,72.14,-1.0,-1.0,-17.35,2.97,1,9,9,-2.67,-6.9,-10.79,2.61,-13.1,-7.26,-11.86,207,-4.6,1,2.37,3.82,0,2,0,-34.86,0,DIRECAO
P2,-,0.0,-,-,,-,0,-,0.5,7.5,1.32,1.86,zebra,-,4,1713,799,2.14,1017,696,59.4,-71.32,-4.16,0,1.97,-5.92,-25.71,252,182,434,-6.74,-68.72,589,430,1019,,,,,432,,,,0,-7.13,171.3,1.617,61.8,-2.5,6.2,92.45,-0.8,-4.0,-26.18,17.21,3,7,11,-1.6,-1.84,-7.89,6.82,-8.88,-3.57,-5.92,434,-2.36,1,6.58,8.04,0,2,0,-51.9,0,DIRECAO
P2,-,0.0,-,-,,-,0,-,0.5,7.5,1.32,1.86,zebra,-,6,1764,799,2.21,1052,712,59.6,-71.43,-4.05,0,1.59,-5.99,-26.85,261,187,448,-6.44,-67.62,611,439,1050,,,,,432,,,,0,-7.14,176.4,1.613,62.0,-2.4,6.1,91.48,-0.8,-6.0,-25.31,16.13,3,7,13,-1.58,-1.83,-7.58,6.93,-8.77,-3.39,-5.99,448,-2.61,1,6.7,8.15,0,2,0,-51.65,0,DIRECAO
P2,-,0.0,-,-,,-,0,-,0.5,7.5,1.32,1.86,zebra,-,-,1767,799,2.21,1054,713,59.6,-71.64,-4.05,0,1.62,-5.89,-26.43,262,187,449,-6.39,-67.2,612,439,1051,,,,,432,,,,0,-7.16,176.7,1.612,62.0,-2.4,6.1,91.69,-0.8,-7.0,-25.31,16.13,3,7,13,-1.58,-1.88,-7.51,6.93,-8.77,-3.43,-5.89,449,-2.46,1,6.69,8.15,0,2,0,-51.23,0,DIRECAO
P2,-,0.0,-,-,,-,0,-,5.5,9.5,1.77,1.98,zebra,-,1,701,701,1.0,334,367,47.6,-71.76,-10.24,0,-0.98,-12.73,-21.0,76,89,165,-14.17,-58.81,189,226,415,,,,,410,,,,0,-7.18,70.1,1.886,53.0,-5.4,8.0,72.74,-1.0,-1.0,-18.33,3.21,2,8,8,-2.88,-9.34,-11.75,0.13,-14.96,-9.47,-12.73,165,-3.26,1,0.0,1.97,0,2,0,-30.67,0,DIRECAO
P4,-,0.0,-,-,,-,0,-,6.5,-,-,-,zebra,dif 0~1,1,901,901,1.0,457,444,50.7,-71.78,-7.97,0,0.03,-11.26,-24.54,107,111,218,-9.37,-49.57,264,265,529,,,,,463,,,,0,-7.18,90.1,1.829,54.7,-4.0,7.7,72.76,-1.0,-1.0,-17.87,2.99,2,8,7,-2.62,-5.99,-11.29,3.02,-12.69,-6.92,-11.26,218,-4.34,1,2.79,4.24,0,2,0,-37.94,0,DIRECAO
P2,-,0.0,-,-,,-,0,-,0.5,7.5,1.32,1.98,zebra,-,3,1792,826,2.17,1035,757,57.8,-71.93,-4.01,0,1.55,-5.7,-25.87,258,196,454,-7.38,-78.48,594,469,1063,,,,,441,,,,0,-7.19,179.2,1.668,59.9,-2.2,6.5,91.09,-0.8,-3.0,-32.44,14.61,4,6,12,-1.52,-1.99,-7.25,6.98,-8.73,-3.44,-5.7,454,-2.26,1,6.74,8.19,0,2,0,-50.04,0,DIRECAO
P2,-,0.0,-,-,,-,0,-,10.5,-,1.62,1.98,zebra,-,4,360,213,1.69,155,205,43.1,-72.05,-20.01,0,-1.07,-36.09,-24.9,24,45,69,-24.67,-48.6,80,117,197,,,,,165,,,,0,-7.21,36.0,1.865,53.6,-10.6,11.3,72.88,-1.0,-4.0,-23.04,4.21,2,8,10,-3.49,-12.79,-35.02,-13.62,-26.03,-16.2,-36.09,69,-19.88,1,-13.89,-7.81,0,2,0,-40.97,0,DIRECAO
P2,-,0.0,-,-,,-,0,-,0.5,-,1.32,1.68,zebra,-,6,1645,805,2.04,992,653,60.3,-72.08,-4.38,0,-0.35,-7.83,-32.27,239,173,412,-4.91,-48.18,588,393,981,,,,,433,,,,0,-7.21,164.5,1.587,63.0,-2.7,6.2,90.39,-0.8,-6.0,-31.98,9.77,3,7,12,-1.7,-2.43,-7.48,6.61,-9.1,-3.23,-7.83,412,-4.6,1,6.37,7.82,0,2,0,-47.55,0,DIRECAO
P2,-,0.0,-,-,,-,0,-,0.5,-,1.32,1.68,zebra,-,-,1648,805,2.05,994,654,60.3,-72.3,-4.39,0,-0.35,-7.83,-32.27,239,173,412,-4.91,-48.18,588,393,981,,,,,433,,,,0,-7.23,164.8,1.586,63.0,-2.7,6.2,90.61,-0.8,-7.0,-31.57,9.77,3,7,12,-1.7,-2.45,-7.48,6.6,-9.11,-3.24,-7.83,412,-4.59,1,6.37,7.82,0,2,0,-47.55,0,DIRECAO
P2,-,0.0,-,-,,-,0,-,6.5,9.5,1.62,1.98,zebra,-,1,882,882,1.0,455,427,51.6,-72.89,-8.26,0,-0.39,-12.61,-27.23,107,109,216,-11.3,-59.11,261,262,523,,,,,455,,,,0,-7.29,88.2,1.79,55.9,-4.3,7.6,73.87,-1.0,-1.0,-19.5,2.88,2,8,7,-2.75,-5.89,-12.22,2.72,-12.98,-6.86,-12.61,216,-5.75,1,2.49,3.94,0,2,0,-40.46,0,DIRECAO
P4,-,0.0,-,-,,-,0,-,6.5,-,-,-,zebra,dif>=0,1,915,915,1.0,464,451,50.7,-73.25,-8.01,0,0.4,-10.72,-23.69,109,112,221,-9.38,-50.45,268,270,538,,,,,466,,,,0,-7.32,91.5,1.829,54.7,-4.0,7.7,74.23,-1.0,-1.0,-17.87,2.12,2,8,7,-2.65,-6.15,-11.12,2.98,-12.73,-7.14,-10.72,221,-3.58,1,2.75,4.2,0,2,0,-38.02,0,DIRECAO
P4,-,0.0,-,-,,-,0,-,7.5,-,-,-,zebra,tot_env 0~3,1,833,833,1.0,412,421,49.5,-73.25,-8.79,0,0.59,-11.0,-22.21,97,105,202,-9.96,-49.42,241,255,496,,,,,436,,,,0,-7.33,83.3,1.86,53.8,-4.3,8.0,74.23,-1.0,-1.0,-15.18,0.66,1,9,8,-2.74,-7.1,-11.59,2.2,-13.51,-8.09,-11.0,202,-2.91,1,1.96,3.41,0,2,0,-36.4,0,DIRECAO
P2,-,0.0,-,-,,-,0,-,7.5,9.5,1.32,1.98,zebra,-,1,798,798,1.0,403,395,50.5,-73.27,-9.18,0,-0.42,-11.87,-22.56,93,97,190,-10.42,-48.45,231,234,465,,,,,423,,,,0,-7.33,79.8,1.812,55.2,-4.7,8.0,74.25,-1.0,-1.0,-16.3,1.75,1,9,8,-2.87,-7.83,-11.45,1.79,-13.9,-8.34,-11.87,190,-3.53,1,1.56,3.02,0,2,0,-34.11,0,DIRECAO
P2,-,0.0,-,-,,-,0,-,10.5,-,1.32,1.98,zebra,-,4,369,216,1.71,160,209,43.4,-73.34,-19.88,0,-0.7,-33.32,-24.32,27,46,73,-23.86,-48.43,84,119,203,,,,,167,,,,0,-7.33,36.9,1.857,53.9,-10.5,11.3,74.17,-1.0,-4.0,-25.04,4.75,2,8,10,-3.52,-13.58,-32.62,-13.46,-25.9,-16.56,-33.32,73,-16.75,1,-13.73,-7.67,0,2,0,-39.8,0,DIRECAO
P4,-,0.0,-,-,,-,0,-,6.5,8.5,-,-,zebra,tot_env>=1,1,527,527,1.0,260,267,49.3,-73.36,-13.92,0,1.31,-6.79,-8.62,67,60,127,-14.44,-45.5,154,161,315,,,,,338,,,,0,-7.34,52.7,1.786,56.0,-6.7,7.7,74.65,-1.0,-1.0,-24.05,2.42,1,9,8,-3.61,-17.63,-8.1,-4.64,-18.64,-16.18,-6.79,127,9.4,1,-4.59,-1.72,0,2,0,-16.6,0,DIRECAO
P4,-,0.0,-,-,,-,0,-,7.5,-,-,-,zebra,dif 0~1,1,839,839,1.0,415,424,49.5,-73.4,-8.75,0,0.25,-10.62,-21.46,97,105,202,-9.17,-45.28,242,252,494,,,,,438,,,,0,-7.34,83.9,1.86,53.8,-4.3,8.0,74.38,-1.0,-1.0,-17.99,0.53,3,7,8,-2.73,-7.48,-10.87,2.24,-13.47,-8.15,-10.62,202,-2.47,1,2.0,3.45,0,2,0,-34.13,0,DIRECAO
P2,-,0.0,-,-,,-,0,-,5.5,9.5,1.62,1.86,zebra,-,6,1377,804,1.71,768,609,55.8,-73.45,-5.33,0,-0.79,-6.38,-21.82,189,153,342,-6.49,-52.93,450,365,815,,,,,427,,,,0,-7.34,137.7,1.702,58.8,-3.0,7.5,75.8,-1.0,-4.0,-22.56,5.39,1,9,10,-1.89,-5.18,-5.59,5.66,-10.05,-4.99,-6.38,342,-1.39,2,5.42,6.87,0,2,0,-28.86,0,DIRECAO
P2,-,0.0,-,-,,-,0,-,6.5,9.5,1.77,1.98,zebra,-,1,697,697,1.0,331,366,47.5,-73.51,-10.55,0,-0.97,-12.7,-20.95,76,89,165,-14.19,-58.62,188,225,413,,,,,407,,,,0,-7.35,69.7,1.886,53.0,-5.5,8.1,74.49,-1.0,-1.0,-18.19,3.21,2,8,8,-2.95,-9.84,-11.73,-0.2,-15.27,-9.88,-12.7,165,-2.82,1,-0.33,1.66,0,2,0,-30.62,0,DIRECAO
P2,-,0.0,-,-,,-,0,-,6.5,-,1.62,-,zebra,-,1,912,912,1.0,461,451,50.5,-73.92,-8.11,0,0.18,-10.72,-23.69,109,112,221,-9.41,-50.71,268,271,539,,,,,464,,,,0,-7.39,91.2,1.832,54.6,-4.0,7.7,74.9,-1.0,-1.0,-17.87,2.12,2,8,7,-2.68,-6.43,-10.9,2.88,-12.83,-7.27,-10.72,221,-3.45,1,2.65,4.1,0,2,0,-37.28,0,DIRECAO
P2,-,0.0,-,-,,-,0,-,5.5,9.5,1.62,1.86,zebra,-,4,1376,804,1.71,767,609,55.7,-74.07,-5.38,0,-0.66,-6.38,-21.82,189,153,342,-6.58,-53.55,449,365,814,,,,,427,,,,0,-7.41,137.6,1.702,58.8,-3.0,7.5,76.42,-1.0,-4.0,-22.56,5.39,1,9,10,-1.9,-5.18,-5.72,5.61,-10.1,-5.05,-6.38,342,-1.33,1,5.37,6.82,0,2,0,-29.48,0,DIRECAO
P4,-,0.0,-,-,,-,0,-,7.5,8.5,-,-,zebra,dif>=1,1,350,350,1.0,152,198,43.4,-74.21,-21.2,0,-2.46,-20.05,-15.44,33,44,77,-23.29,-46.11,83,115,198,,,,,260,,,,0,-7.42,35.0,1.853,54.0,-10.5,8.1,74.21,-1.0,-1.0,-30.87,2.86,1,9,6,-4.35,-23.34,-17.59,-13.5,-27.22,-21.53,-20.05,77,1.48,1,-13.98,-9.0,0,2,0,-22.87,0,DIRECAO
P1,-,0.0,-,-,,-,0,-,6.5,-,-,-,zebra,-,1,916,916,1.0,464,452,50.7,-74.25,-8.11,0,0.4,-10.72,-23.69,109,112,221,-9.55,-51.45,268,271,539,,,,,466,,,,0,-7.42,91.6,1.83,54.7,-4.0,7.7,75.23,-1.0,-1.0,-17.87,2.12,2,8,7,-2.69,-6.31,-11.12,2.88,-12.83,-7.27,-10.72,221,-3.44,1,2.65,4.1,0,2,0,-38.02,0,DIRECAO
P4,-,0.0,-,-,,-,0,-,7.5,8.5,-,-,zebra,dif<=0,3,1056,750,1.41,545,511,51.6,-74.26,-7.03,0,-1.0,-8.26,-22.79,140,136,276,-7.34,-47.08,330,311,641,,,,,400,,,,0,-7.43,105.6,1.819,55.0,-3.4,7.9,75.95,-1.0,-2.0,-19.9,0.92,1,9,11,-2.14,-6.88,-7.26,3.64,-11.75,-6.6,-8.26,276,-1.66,3,3.46,5.17,0,2,0,-30.34,0,DIRECAO
P2,-,0.0,-,-,,-,0,-,9.5,-,1.62,1.98,zebra,-,1,393,393,1.0,172,221,43.8,-74.26,-18.9,0,-2.0,-24.38,-20.48,34,50,84,-18.43,-41.28,99,125,224,,,,,253,,,,0,-7.43,39.3,1.86,53.8,-10.0,9.7,75.77,-1.0,-1.0,-30.83,1.34,1,9,12,-4.06,-17.05,-22.38,-10.79,-24.92,-17.4,-24.38,84,-6.98,1,-11.11,-6.69,0,2,0,-30.43,0,DIRECAO
P4,-,0.0,-,-,,-,0,-,6.5,8.5,-,-,zebra,tot_env>=3,3,297,247,1.2,132,165,44.4,-74.34,-25.03,0,-9.41,-22.47,-15.28,31,37,68,-24.58,-40.31,73,91,164,,,,,203,,,,0,-7.43,29.7,1.743,57.4,-12.9,7.6,75.79,-1.0,-3.0,-26.24,4.15,3,7,9,-4.58,-32.28,-13.06,-18.31,-31.05,-25.79,-22.47,68,3.32,3,-18.73,-12.83,0,2,0,-14.63,0,DIRECAO
P2,-,0.0,-,-,,-,0,-,5.5,9.5,1.32,1.86,zebra,-,2,1553,883,1.76,888,665,57.2,-74.69,-4.81,0,-0.15,-6.5,-24.89,215,168,383,-6.36,-58.19,515,400,915,,,,,452,,,,0,-7.47,155.3,1.67,59.9,-2.7,7.2,76.23,-1.0,-2.0,-20.25,5.14,1,9,9,-1.86,-3.87,-6.35,6.18,-9.53,-4.26,-6.5,383,-2.24,1,5.94,7.39,0,2,0,-37.46,0,DIRECAO
P2,-,0.0,-,-,,-,0,-,7.5,9.5,1.62,1.98,zebra,-,1,784,784,1.0,393,391,50.1,-74.74,-9.53,0,0.71,-11.87,-22.56,93,97,190,-11.47,-52.77,225,235,460,,,,,418,,,,0,-7.47,78.4,1.817,55.0,-4.9,8.0,75.72,-1.0,-1.0,-13.86,1.16,1,9,8,-2.95,-7.71,-12.58,1.36,-14.25,-8.78,-11.87,190,-3.09,1,1.14,2.67,0,2,0,-36.86,0,DIRECAO
P4,-,0.0,-,-,,-,0,-,7.5,8.5,-,-,zebra,tot_env>=1,1,415,415,1.0,188,227,45.3,-74.78,-18.02,0,-0.96,-13.7,-12.47,42,49,91,-19.31,-46.53,107,134,241,,,,,290,,,,0,-7.48,41.5,1.849,54.1,-8.8,8.1,74.78,-1.0,-1.0,-30.22,4.08,2,8,7,-4.02,-21.2,-12.74,-9.71,-22.74,-19.23,-13.7,91,5.53,1,-9.94,-5.82,0,2,0,-19.87,0,DIRECAO
P1,-,0.0,-,-,,-,0,-,11.5,-,-,-,zebra,-,4,328,176,1.86,127,201,38.7,-75.23,-22.94,0,-6.45,-32.24,-19.99,21,41,62,-29.55,-53.49,64,117,181,,,,,143,,,,0,-7.52,32.8,2.016,49.6,-10.9,12.2,77.12,-1.0,-3.0,-19.28,4.23,2,8,10,-3.65,-21.67,-25.79,-17.76,-28.96,-20.77,-32.24,62,-11.48,1,-17.59,-10.73,0,2,0,-26.05,0,DIRECAO
P2,-,0.0,-,-,,-,0,-,0.5,9.5,1.62,1.86,zebra,-,3,1379,809,1.7,768,611,55.7,-75.28,-5.46,0,-1.26,-7.68,-26.5,188,157,345,-7.34,-59.93,447,370,817,,,,,430,,,,0,-7.53,137.9,1.702,58.8,-3.1,7.4,77.2,-1.0,-3.0,-19.24,6.19,1,9,9,-1.92,-4.89,-6.42,5.53,-10.18,-4.72,-7.68,345,-2.96,1,5.29,6.74,0,2,0,-33.17,0,DIRECAO
P4,-,0.0,-,-,,-,0,-,9.5,-,-,-,zebra,tot_env 0~3,1,361,361,1.0,149,212,41.3,-75.92,-21.03,0,4.62,-21.3,-17.25,33,48,81,-19.92,-41.03,87,119,206,,,,,232,,,,0,-7.59,36.1,1.925,51.9,-10.7,9.5,75.92,-1.0,-1.0,-21.4,0.51,1,9,11,-4.22,-18.34,-25.92,-13.23,-27.05,-20.95,-21.3,81,-0.34,1,-13.66,-8.83,0,2,0,-33.18,0,DIRECAO
P2,-,0.0,-,-,,-,0,-,6.5,9.5,1.62,1.86,zebra,-,2,1139,771,1.48,624,515,54.8,-76.18,-6.69,0,-1.55,-9.47,-27.18,153,134,287,-8.97,-60.72,363,314,677,,,,,414,,,,0,-7.62,113.9,1.707,58.6,-3.8,7.7,77.91,-1.0,-2.0,-19.15,1.22,1,9,8,-2.25,-5.92,-7.92,4.12,-11.41,-5.75,-9.47,287,-3.72,1,3.91,5.51,0,2,0,-34.55,0,DIRECAO
P2,-,0.0,-,-,,-,0,-,6.5,7.5,1.32,1.98,zebra,-,2,1278,805,1.59,708,570,55.4,-76.52,-5.99,0,0.69,-9.05,-29.49,175,151,326,-10.31,-78.47,403,358,761,,,,,435,,,,0,-7.65,127.8,1.703,58.7,-3.3,7.0,83.8,-0.9,-2.0,-19.97,11.6,1,9,10,-2.06,-3.54,-9.74,5.0,-10.71,-4.94,-9.05,326,-4.11,1,4.77,6.22,0,2,0,-49.11,0,DIRECAO
P2,-,0.0,-,-,,-,0,-,9.5,-,1.32,1.98,zebra,-,1,397,397,1.0,173,224,43.6,-76.67,-19.31,0,-1.94,-24.29,-20.89,35,51,86,-18.45,-41.69,100,126,226,,,,,254,,,,0,-7.67,39.7,1.857,53.8,-10.3,9.7,78.18,-1.0,-1.0,-31.83,0.34,1,9,12,-4.18,-17.69,-22.35,-11.17,-25.33,-17.94,-24.29,86,-6.36,1,-11.47,-7.11,0,2,0,-30.84,0,DIRECAO
P2,-,0.0,-,-,,-,0,-,9.5,-,1.77,1.98,zebra,-,1,355,355,1.0,147,208,41.4,-76.85,-21.65,0,-0.29,-26.58,-19.4,28,45,73,-22.39,-45.23,83,119,202,,,,,236,,,,0,-7.69,35.5,1.895,52.8,-11.4,9.9,79.57,-1.0,-1.0,-29.59,1.35,1,9,10,-4.37,-19.25,-26.29,-13.9,-27.67,-20.37,-26.58,73,-6.2,1,-14.36,-9.45,0,2,0,-31.81,0,DIRECAO
P2,-,0.0,-,-,,-,0,-,6.5,7.5,1.32,1.98,zebra,-,3,1280,805,1.59,709,571,55.4,-76.95,-6.01,0,0.69,-9.05,-29.49,175,151,326,-10.22,-77.9,404,358,762,,,,,435,,,,0,-7.7,128.0,1.703,58.7,-3.3,7.0,83.23,-0.9,-3.0,-19.4,11.6,1,9,10,-2.06,-3.59,-9.74,4.98,-10.73,-4.97,-9.05,326,-4.07,4,4.74,6.19,0,2,0,-49.11,0,DIRECAO
P2,-,0.0,-,-,,-,0,-,10.5,-,1.62,1.98,zebra,-,6,365,213,1.71,155,210,42.5,-77.05,-21.11,0,-1.43,-37.0,-25.9,24,46,70,-26.17,-52.6,80,121,201,,,,,165,,,,0,-7.71,36.5,1.865,53.6,-11.1,11.4,77.88,-1.0,-4.0,-23.04,3.21,1,9,10,-3.8,-14.2,-35.57,-14.72,-27.13,-17.34,-37.0,70,-19.66,2,-14.98,-8.91,0,2,0,-41.97,0,DIRECAO
P2,-,0.0,-,-,,-,0,-,7.5,9.5,1.32,1.86,zebra,-,3,966,625,1.55,521,445,53.9,-77.27,-8.0,0,-3.4,-12.13,-27.65,117,111,228,-7.53,-41.89,302,254,556,,,,,349,,,,0,-7.73,96.6,1.708,58.5,-4.6,8.2,79.08,-1.0,-3.0,-32.96,1.07,2,8,10,-2.38,-7.56,-8.73,1.9,-12.72,-6.72,-12.13,228,-5.4,4,1.84,4.2,0,2,0,-31.94,0,DIRECAO
P2,-,0.0,-,-,,-,0,-,10.5,-,1.96,-,zebra,-,1,254,254,1.0,84,170,33.1,-77.69,-30.59,0,-4.08,-33.7,-17.86,16,37,53,-31.83,-45.52,46,97,143,,,,,194,,,,0,-7.77,25.4,2.108,47.4,-14.4,11.0,77.86,-1.0,-1.0,-22.92,-2.12,0,10,10,-4.91,-31.08,-29.62,-23.8,-36.61,-29.77,-33.7,53,-3.93,1,-24.25,-18.38,0,2,0,-25.47,0,DIRECAO
P2,-,0.0,-,-,,-,0,-,0.5,9.5,1.62,1.86,zebra,-,6,1395,809,1.72,776,619,55.6,-78.03,-5.59,0,-1.03,-7.25,-25.17,190,157,347,-7.02,-57.95,453,372,825,,,,,430,,,,0,-7.8,139.5,1.701,58.8,-3.1,7.4,79.95,-1.0,-4.0,-21.62,6.19,1,9,10,-1.98,-5.22,-6.22,5.4,-10.31,-5.04,-7.25,347,-2.21,2,5.16,6.61,0,2,0,-32.53,0,DIRECAO
P2,-,0.0,-,-,,-,0,-,10.5,-,1.32,1.98,zebra,-,6,374,216,1.73,160,214,42.8,-78.34,-20.95,0,-1.05,-34.22,-25.32,27,47,74,-25.33,-52.43,84,123,207,,,,,167,,,,0,-7.83,37.4,1.858,53.8,-11.0,11.4,79.17,-1.0,-4.0,-25.04,3.75,1,9,10,-3.83,-14.96,-33.17,-14.53,-26.97,-17.67,-34.22,74,-16.54,2,-14.8,-8.74,0,2,0,-40.8,0,DIRECAO
P2,-,0.0,-,-,,-,0,-,5.5,7.5,1.32,1.98,zebra,-,3,1695,823,2.06,969,726,57.2,-78.47,-4.63,0,1.29,-6.4,-27.79,244,190,434,-7.55,-76.37,562,449,1011,,,,,440,,,,0,-7.85,169.5,1.675,59.7,-2.5,6.6,87.67,-0.9,-3.0,-25.71,13.04,3,7,9,-1.72,-2.68,-7.69,6.36,-9.35,-4.02,-6.4,434,-2.38,1,6.12,7.57,0,2,0,-50.81,0,DIRECAO
P4,-,0.0,-,-,,-,0,-,7.5,-,-,-,zebra,tot_env>=6,1,266,266,1.0,97,169,36.5,-78.49,-29.51,0,-10.63,-35.21,-20.07,18,39,57,-33.83,-50.75,50,100,150,,,,,206,,,,0,-7.85,26.6,1.975,50.6,-14.2,10.6,78.49,-1.0,-1.0,-21.4,2.7,2,8,14,-5.09,-32.29,-24.58,-22.61,-35.53,-27.95,-35.21,57,-7.26,1,-23.11,-17.3,0,2,0,-23.6,0,DIRECAO
P2,-,0.0,-,-,,-,0,-,0.5,9.5,1.62,1.86,zebra,-,4,1394,809,1.72,775,619,55.6,-78.65,-5.64,0,-0.9,-7.25,-25.17,190,157,347,-7.11,-58.57,452,372,824,,,,,430,,,,0,-7.86,139.4,1.702,58.8,-3.2,7.4,80.57,-1.0,-4.0,-21.62,6.19,1,9,10,-1.99,-5.22,-6.35,5.35,-10.36,-5.11,-7.25,347,-2.15,1,5.11,6.56,0,2,0,-33.15,0,DIRECAO
P2,-,0.0,-,-,,-,0,-,6.5,-,1.62,1.98,zebra,-,1,890,890,1.0,456,434,51.2,-78.85,-8.86,0,0.23,-13.01,-28.23,107,110,217,-11.74,-61.75,261,265,526,,,,,456,,,,0,-7.88,89.0,1.791,55.8,-4.6,7.7,79.83,-1.0,-1.0,-18.52,1.88,2,8,7,-2.96,-6.24,-13.24,2.13,-13.58,-7.52,-13.01,217,-5.49,1,1.89,3.34,0,2,0,-44.08,0,DIRECAO
P2,-,0.0,-,-,,-,0,-,7.5,-,1.32,1.98,zebra,-,1,801,801,1.0,401,400,50.1,-78.93,-9.85,0,0.45,-12.34,-23.56,93,98,191,-11.05,-51.61,230,237,467,,,,,424,,,,0,-7.89,80.1,1.814,55.1,-5.1,8.1,79.91,-1.0,-1.0,-17.21,0.16,1,9,8,-3.08,-8.1,-12.79,1.14,-14.57,-9.08,-12.34,191,-3.26,1,0.9,2.35,0,2,0,-38.25,0,DIRECAO
P2,-,0.0,-,-,,-,0,-,8.5,9.5,1.77,1.98,zebra,-,1,482,482,1.0,214,268,44.4,-78.98,-16.39,0,4.03,-13.4,-15.01,51,61,112,-19.36,-57.1,126,169,295,,,,,307,,,,0,-7.9,48.2,1.889,52.9,-8.5,8.8,80.61,-1.0,-1.0,-17.51,1.6,1,9,10,-3.84,-15.75,-17.43,-7.44,-21.11,-17.29,-13.4,112,3.89,1,-7.43,-4.18,0,2,0,-31.89,0,DIRECAO
P2,-,0.0,-,-,,-,0,-,6.5,9.5,1.62,1.86,zebra,-,3,1220,771,1.58,669,551,54.8,-79.35,-6.5,0,-1.93,-9.64,-29.59,163,144,307,-8.33,-60.41,391,334,725,,,,,414,,,,0,-7.93,122.0,1.709,58.5,-3.7,7.7,81.08,-1.0,-3.0,-23.54,3.05,2,8,10,-2.17,-5.75,-7.71,4.3,-11.22,-5.45,-9.64,307,-4.19,1,4.1,5.7,0,2,0,-36.14,0,DIRECAO
P2,-,0.0,-,-,,-,0,-,8.5,9.5,1.96,-,zebra,-,1,396,396,1.0,155,241,39.1,-79.42,-20.06,0,2.34,-13.82,-14.65,45,61,106,-23.02,-52.48,86,142,228,,,,,290,,,,0,-7.94,39.6,2.049,48.8,-9.7,8.9,80.42,-1.0,-1.0,-24.35,8.81,2,8,10,-3.99,-22.59,-16.16,-11.92,-26.08,-22.33,-13.82,106,8.51,1,-12.23,-7.85,0,2,0,-25.21,0,DIRECAO
P4,-,0.0,-,-,,-,0,-,9.5,-,-,-,zebra,dif<=0,3,390,287,1.36,162,228,41.5,-79.74,-20.45,0,5.52,-18.99,-15.57,34,48,82,-19.62,-46.3,99,137,236,,,,,195,,,,0,-7.97,39.0,1.93,51.8,-10.3,10.1,80.39,-1.0,-3.0,-21.77,6.61,1,9,11,-3.82,-18.25,-24.51,-13.34,-26.47,-20.83,-18.99,82,1.85,1,-13.95,-8.24,0,2,0,-33.58,0,DIRECAO
P2,-,0.0,-,-,,-,0,-,5.5,7.5,1.32,1.98,zebra,-,4,1698,823,2.06,970,728,57.1,-79.9,-4.71,0,1.29,-6.4,-27.79,244,190,434,-7.49,-75.8,563,449,1012,,,,,440,,,,0,-7.99,169.8,1.675,59.7,-2.6,6.6,87.1,-0.9,-4.0,-25.14,13.04,2,8,9,-1.75,-2.81,-7.69,6.28,-9.43,-4.12,-6.4,434,-2.28,3,6.05,7.5,0,2,0,-50.81,0,DIRECAO
P4,-,0.0,-,-,,-,0,-,9.5,-,-,-,zebra,dif<=0,6,394,287,1.37,164,230,41.6,-80.18,-20.35,0,4.84,-18.99,-15.57,34,48,82,-19.47,-46.74,101,139,240,,,,,195,,,,0,-8.02,39.4,1.93,51.8,-10.2,10.2,80.83,-1.0,-3.0,-21.77,6.61,1,9,11,-3.81,-18.47,-23.83,-13.25,-26.37,-20.71,-18.99,82,1.72,2,-13.85,-8.15,0,2,0,-32.89,0,DIRECAO
P2,-,0.0,-,-,,-,0,-,7.5,9.5,1.62,-,zebra,-,1,856,856,1.0,420,436,49.1,-80.24,-9.37,0,-0.29,-11.36,-23.62,99,109,208,-10.26,-52.24,246,263,509,,,,,446,,,,0,-8.02,85.6,1.862,53.7,-4.6,8.0,81.22,-1.0,-1.0,-18.18,0.3,2,8,8,-2.95,-8.34,-11.07,1.62,-14.09,-8.74,-11.36,208,-2.62,1,1.38,2.83,0,2,0,-35.86,0,DIRECAO
P4,-,0.0,-,-,,-,0,-,6.5,8.5,-,-,zebra,tot_env<=0,3,1415,835,1.69,756,659,53.4,-80.35,-5.68,0,-1.43,-7.63,-28.24,193,177,370,-6.89,-58.55,448,402,850,,,,,442,,,,0,-8.03,141.5,1.78,56.2,-2.8,7.5,82.63,-1.0,-3.0,-24.19,2.88,1,9,10,-1.9,-5.34,-6.2,5.31,-10.4,-4.99,-7.63,370,-2.65,3,5.07,6.52,0,2,0,-34.33,0,DIRECAO
P1,-,0.0,-,-,,-,0,-,10.5,10.5,-,-,zebra,-,1,319,319,1.0,123,196,38.6,-80.57,-25.26,0,-4.3,-29.73,-21.7,26,47,73,-24.2,-44.29,71,112,183,,,,,230,,,,0,-8.06,31.9,1.964,50.9,-12.4,10.5,80.73,-1.0,-1.0,-23.33,-2.57,0,10,8,-4.74,-25.16,-25.43,-17.85,-31.28,-23.93,-29.73,73,-5.8,1,-18.44,-13.05,0,2,0,-28.99,0,DIRECAO
P2,-,0.0,-,-,,-,0,-,7.5,-,1.62,1.98,zebra,-,1,792,792,1.0,394,398,49.7,-80.7,-10.19,0,1.38,-12.34,-23.56,93,98,191,-11.97,-55.41,225,238,463,,,,,420,,,,0,-8.07,79.2,1.818,55.0,-5.3,8.1,81.68,-1.0,-1.0,-15.18,0.16,1,9,8,-3.16,-8.09,-13.72,0.75,-14.91,-9.51,-12.34,191,-2.83,1,0.52,2.01,0,2,0,-40.48,0,DIRECAO
P2,-,0.0,-,-,,-,0,-,0.5,-,1.77,-,zebra,-,1,864,864,1.0,407,457,47.1,-80.9,-9.36,0,2.14,-6.75,-13.83,98,107,205,-10.25,-51.96,236,271,507,,,,,457,,,,0,-8.09,86.4,1.927,51.9,-4.8,8.1,81.88,-1.0,-1.0,-20.52,1.45,1,9,8,-2.86,-9.64,-8.89,1.63,-14.08,-10.18,-6.75,205,3.43,1,1.39,2.84,0,2,0,-28.53,0,DIRECAO
P2,-,0.0,-,-,,-,0,-,6.5,9.5,1.62,1.86,zebra,-,4,1227,771,1.59,672,555,54.8,-81.35,-6.63,0,-1.9,-9.64,-29.59,163,144,307,-8.25,-60.03,393,335,728,,,,,414,,,,0,-8.13,122.7,1.709,58.5,-3.8,7.7,83.08,-1.0,-4.0,-24.92,2.05,2,8,10,-2.22,-5.94,-7.74,4.18,-11.35,-5.63,-9.64,307,-4.01,3,3.97,5.57,0,2,0,-36.45,0,DIRECAO
P1,-,0.0,-,-,,-,0,-,0.5,8.5,-,-,zebra,-,2,1716,909,1.89,940,776,54.8,-81.43,-4.75,0,-0.58,-5.46,-23.14,229,195,424,-5.52,-55.8,548,463,1011,,,,,467,,,,0,-8.14,171.6,1.754,57.0,-2.2,7.3,83.71,-1.0,-2.0,-20.52,6.46,2,8,10,-1.76,-4.66,-4.88,6.24,-9.47,-4.51,-5.46,424,-0.95,4,6.01,7.46,0,2,0,-31.91,0,DIRECAO
P2,-,0.0,-,-,,-,0,-,7.5,9.5,1.77,1.98,zebra,-,1,643,643,1.0,298,345,46.3,-81.55,-12.68,0,0.37,-14.46,-22.13,69,84,153,-14.77,-56.55,173,210,383,,,,,383,,,,0,-8.15,64.3,1.888,53.0,-6.6,8.3,82.53,-1.0,-1.0,-20.89,-0.36,0,10,9,-3.42,-11.39,-14.83,-2.68,-17.4,-12.13,-14.46,153,-2.34,1,-2.75,-0.48,0,2,0,-35.89,0,DIRECAO
P4,-,0.0,-,-,,-,0,-,0.5,8.5,-,-,zebra,tot_env>=3,3,478,358,1.34,249,229,52.1,-81.56,-17.06,0,-8.43,-20.62,-22.48,54,55,109,-18.83,-51.41,140,133,273,,,,,262,,,,0,-8.16,47.8,1.644,60.8,-8.7,6.6,83.65,-1.0,-3.0,-25.15,4.95,2,8,10,-4.18,-19.9,-12.19,-9.29,-23.08,-16.01,-20.62,109,-4.61,1,-9.74,-4.86,0,2,0,-21.46,0,DIRECAO
P1,-,0.0,-,-,,-,0,-,10.5,10.5,-,-,zebra,-,2,320,319,1.0,123,197,38.4,-81.57,-25.49,0,-4.6,-30.68,-22.7,26,48,74,-24.61,-45.29,71,113,184,,,,,230,,,,0,-8.16,32.0,1.963,50.9,-12.5,10.5,81.73,-1.0,-2.0,-23.33,-2.57,0,10,8,-4.78,-25.16,-26.08,-18.08,-31.51,-23.93,-30.68,74,-6.74,7,-18.68,-13.29,0,2,0,-29.99,0,DIRECAO
P2,-,0.0,-,-,,-,0,-,7.5,-,1.32,1.86,zebra,-,2,980,638,1.54,524,456,53.5,-81.62,-8.33,0,-1.05,-11.65,-27.37,121,114,235,-9.5,-53.48,298,265,563,,,,,356,,,,0,-8.16,98.0,1.717,58.2,-4.8,8.4,83.43,-1.0,-2.0,-27.49,2.81,1,9,9,-2.6,-6.96,-10.6,1.65,-13.05,-7.28,-11.65,235,-4.36,1,1.58,3.87,0,2,0,-39.1,0,DIRECAO
P2,-,0.0,-,-,,-,0,-,0.5,-,1.32,1.86,zebra,-,2,1653,897,1.84,944,709,57.1,-81.69,-4.94,0,0.27,-7.51,-30.43,225,180,405,-7.03,-68.01,540,427,967,,,,,459,,,,0,-8.17,165.3,1.672,59.8,-2.7,7.3,82.99,-1.0,-2.0,-19.12,7.59,1,9,9,-1.97,-3.23,-7.78,6.05,-9.66,-4.11,-7.51,405,-3.41,1,5.81,7.26,0,2,0,-48.33,0,DIRECAO
P2,-,0.0,-,-,,-,0,-,5.5,-,1.77,-,zebra,-,1,861,861,1.0,405,456,47.0,-81.78,-9.5,0,2.14,-6.75,-13.83,98,107,205,-10.25,-51.96,236,271,507,,,,,456,,,,0,-8.18,86.1,1.927,51.9,-4.9,8.1,82.76,-1.0,-1.0,-21.74,1.45,1,9,8,-2.89,-9.86,-8.89,1.49,-14.22,-10.36,-6.75,205,3.61,1,1.26,2.7,0,2,0,-28.53,0,DIRECAO
P1,-,0.0,-,-,,-,0,-,4.5,8.5,-,-,zebra,-,2,1714,907,1.89,938,776,54.7,-81.84,-4.77,0,-0.58,-5.46,-23.14,229,195,424,-5.52,-55.8,548,463,1011,,,,,467,,,,0,-8.18,171.4,1.755,57.0,-2.3,7.3,84.12,-1.0,-2.0,-20.52,6.46,2,8,10,-1.77,-4.71,-4.88,6.21,-9.49,-4.55,-5.46,424,-0.91,1,5.98,7.43,0,2,0,-31.91,0,DIRECAO
P2,-,0.0,-,-,,-,0,-,0.5,7.5,1.32,1.98,zebra,-,4,1940,826,2.35,1126,814,58.0,-82.0,-4.23,0,0.49,-7.29,-35.59,274,214,488,-7.3,-84.0,648,502,1150,,,,,441,,,,0,-8.2,194.0,1.658,60.3,-2.3,6.3,104.06,-0.8,-4.0,-32.34,18.14,4,6,11,-1.64,-2.02,-7.78,6.76,-8.95,-3.2,-7.29,488,-4.1,1,6.53,7.98,0,2,0,-57.77,0,DIRECAO
P2,-,0.0,-,-,,-,0,-,0.5,-,1.62,1.86,zebra,-,2,1330,824,1.61,735,595,55.3,-82.21,-6.18,0,-0.22,-9.33,-31.17,179,155,334,-8.76,-69.12,425,364,789,,,,,436,,,,0,-8.22,133.0,1.703,58.7,-3.4,7.6,83.51,-1.0,-2.0,-14.61,6.62,1,9,8,-2.25,-4.43,-9.11,4.81,-10.9,-5.12,-9.33,334,-4.21,1,4.57,6.02,0,2,0,-45.35,0,DIRECAO
P1,-,0.0,-,-,,-,0,-,0.5,7.5,-,-,zebra,-,3,1885,828,2.28,1071,814,56.8,-82.27,-4.36,0,1.73,-4.24,-20.32,272,207,479,-6.84,-76.78,622,501,1123,,,,,442,,,,0,-8.23,188.5,1.696,58.9,-2.1,6.6,97.29,-0.8,-3.0,-38.25,14.01,4,6,12,-1.65,-3.36,-5.97,6.62,-9.08,-4.41,-4.24,479,0.16,4,6.39,7.84,0,2,0,-43.38,0,DIRECAO
P1,-,0.0,-,-,,-,0,-,7.5,9.5,-,-,zebra,-,1,865,865,1.0,425,440,49.1,-82.31,-9.52,0,-0.26,-11.36,-23.62,99,109,208,-10.29,-52.46,247,263,510,,,,,448,,,,0,-8.23,86.5,1.858,53.8,-4.7,8.0,83.29,-1.0,-1.0,-19.62,0.6,2,8,8,-3.02,-8.56,-11.1,1.47,-14.24,-8.93,-11.36,208,-2.42,1,1.24,2.69,0,2,0,-36.08,0,DIRECAO
P4,-,0.0,-,-,,-,0,-,0.5,-,-,-,zebra,tot_env>=6,1,287,287,1.0,109,178,38.0,-82.59,-28.78,0,-10.6,-36.92,-23.26,20,43,63,-34.81,-56.05,54,107,161,,,,,216,,,,0,-8.26,28.7,1.932,51.8,-13.8,10.3,82.59,-1.0,-1.0,-18.68,2.7,1,9,14,-5.24,-30.22,-26.32,-21.67,-34.8,-26.49,-36.92,63,-10.43,1,-22.28,-16.57,0,2,0,-27.9,0,DIRECAO
P4,-,0.0,-,-,,-,0,-,0.5,8.5,-,-,zebra,tot_env>=1,1,662,662,1.0,343,319,51.8,-82.87,-12.52,0,2.5,-9.45,-15.02,84,75,159,-14.31,-55.97,198,193,391,,,,,387,,,,0,-8.29,66.2,1.724,58.0,-6.2,7.0,82.87,-1.0,-1.0,-17.82,1.12,1,9,10,-3.76,-12.87,-11.95,-2.39,-17.24,-13.49,-9.45,159,4.04,1,-2.48,-0.32,0,2,0,-30.23,0,DIRECAO
P2,-,0.0,-,-,,-,0,-,0.5,7.5,1.32,1.98,zebra,-,6,2010,826,2.43,1173,837,58.4,-82.9,-4.12,0,0.12,-7.3,-37.03,286,221,507,-7.09,-84.12,673,514,1187,,,,,441,,,,0,-8.29,201.0,1.652,60.5,-2.2,6.2,104.02,-0.8,-6.0,-31.46,17.2,4,6,13,-1.63,-2.07,-7.42,6.86,-8.84,-3.05,-7.3,507,-4.25,1,6.63,8.08,0,2,0,-57.26,0,DIRECAO
P2,-,0.0,-,-,,-,0,-,8.5,-,1.62,1.86,zebra,-,3,617,423,1.46,306,311,49.6,-82.95,-13.44,0,-6.54,-22.53,-32.45,64,80,144,-12.64,-44.51,177,175,352,,,,,265,,,,0,-8.29,61.7,1.751,57.1,-7.5,9.4,83.62,-1.0,-3.0,-35.41,2.07,3,7,10,-3.41,-12.01,-15.99,-5.06,-18.16,-10.68,-22.53,144,-11.86,1,-5.26,-1.24,0,2,0,-35.5,0,DIRECAO
P2,-,0.0,-,-,,-,0,-,10.5,-,1.62,-,zebra,-,1,320,320,1.0,122,198,38.1,-83.16,-25.99,0,-3.22,-30.68,-22.7,26,48,74,-25.48,-46.88,70,114,184,,,,,229,,,,0,-8.32,32.0,1.971,50.7,-12.6,10.5,83.32,-1.0,-1.0,-23.33,-2.57,0,10,8,-4.89,-25.16,-27.46,-18.57,-32.01,-24.58,-30.68,74,-6.1,1,-19.16,-13.78,0,2,0,-31.58,0,DIRECAO
P2,-,0.0,-,-,,-,0,-,0.5,7.5,1.32,1.98,zebra,-,-,2016,826,2.44,1177,839,58.4,-83.22,-4.13,0,0.18,-7.11,-36.2,288,221,509,-6.96,-82.81,676,514,1190,,,,,441,,,,0,-8.32,201.6,1.651,60.6,-2.2,6.2,103.34,-0.8,-7.0,-31.46,16.2,4,6,13,-1.63,-2.16,-7.29,6.86,-8.85,-3.12,-7.11,509,-3.99,1,6.63,8.07,0,2,0,-56.43,0,DIRECAO
P1,-,0.0,-,-,,-,0,-,11.5,-,-,-,zebra,-,5,336,176,1.91,127,209,37.8,-83.23,-24.77,0,-6.8,-33.32,-20.99,21,42,63,-30.7,-56.49,64,120,184,,,,,143,,,,0,-8.32,33.6,2.019,49.5,-11.7,12.3,85.12,-1.0,-3.21,-21.28,4.23,2,8,11,-4.07,-24.01,-26.52,-19.6,-30.79,-22.8,-33.32,63,-10.52,4,-19.42,-12.57,0,2,0,-27.05,0,DIRECAO
P2,-,0.0,-,-,,-,0,-,10.5,-,1.77,-,zebra,-,1,309,309,1.0,113,196,36.6,-83.3,-26.96,0,-4.67,-33.37,-23.36,23,47,70,-27.23,-48.2,64,113,177,,,,,224,,,,0,-8.33,30.9,2.012,49.7,-13.1,10.6,83.46,-1.0,-1.0,-22.88,-3.17,0,10,8,-4.89,-26.01,-28.7,-19.65,-32.98,-25.08,-33.37,70,-8.29,1,-20.27,-14.76,0,2,0,-31.28,0,DIRECAO
P2,-,0.0,-,-,,-,0,-,5.5,-,1.62,1.86,zebra,-,2,1321,819,1.61,729,592,55.2,-83.33,-6.31,0,-0.12,-9.01,-29.82,178,153,331,-8.6,-67.42,423,361,784,,,,,433,,,,0,-8.33,132.1,1.704,58.7,-3.5,7.6,85.06,-1.0,-2.0,-13.66,4.82,1,9,8,-2.29,-4.76,-8.89,4.68,-11.03,-5.41,-9.01,331,-3.6,1,4.45,5.89,0,2,0,-44.0,0,DIRECAO
P2,-,0.0,-,-,,-,0,-,8.5,9.5,1.62,1.98,zebra,-,1,589,589,1.0,278,311,47.2,-83.37,-14.15,0,1.85,-8.96,-12.46,69,70,139,-13.92,-48.85,166,185,351,,,,,340,,,,0,-8.34,58.9,1.831,54.6,-7.4,8.7,85.0,-1.0,-1.0,-22.02,-0.76,0,10,12,-3.77,-16.12,-10.81,-4.49,-18.87,-15.76,-8.96,139,6.79,1,-4.5,-1.95,0,2,0,-23.57,0,DIRECAO
P2,-,0.0,-,-,,-,0,-,8.5,-,1.62,1.86,zebra,-,6,630,423,1.49,313,317,49.7,-83.48,-13.25,0,-7.24,-23.6,-34.45,64,82,146,-13.12,-47.24,180,180,360,,,,,265,,,,0,-8.35,63.0,1.752,57.1,-7.4,9.4,84.15,-1.0,-3.0,-34.59,2.76,2,8,10,-3.36,-11.52,-16.36,-4.86,-17.97,-10.13,-23.6,146,-13.47,2,-5.07,-1.05,0,2,0,-36.81,0,DIRECAO
P2,-,0.0,-,-,,-,0,-,0.5,-,1.77,1.98,zebra,-,1,751,751,1.0,354,397,47.1,-83.69,-11.14,0,-0.9,-14.17,-24.37,78,94,172,-13.81,-60.06,199,236,435,,,,,423,,,,0,-8.37,75.1,1.886,53.0,-5.9,8.2,84.67,-1.0,-1.0,-20.98,2.8,2,8,8,-3.24,-9.94,-13.27,-0.46,-15.86,-10.25,-14.17,172,-3.92,1,-0.65,1.06,0,2,0,-36.09,0,DIRECAO
P1,-,0.0,-,-,,-,0,-,10.5,-,-,-,zebra,-,1,321,321,1.0,122,199,38.0,-84.16,-26.22,0,-3.22,-30.68,-22.7,26,48,74,-25.48,-46.88,70,114,184,,,,,230,,,,0,-8.42,32.1,1.969,50.8,-12.8,10.5,84.32,-1.0,-1.0,-24.33,-2.57,0,10,8,-4.94,-25.52,-27.46,-18.79,-32.24,-24.88,-30.68,74,-5.79,1,-19.38,-14.02,0,2,0,-31.58,0,DIRECAO
P2,-,0.0,-,-,,-,0,-,8.5,-,1.62,1.86,zebra,-,4,629,423,1.49,312,317,49.6,-84.25,-13.39,0,-7.24,-23.6,-34.45,64,82,146,-13.37,-48.01,179,180,359,,,,,265,,,,0,-8.43,62.9,1.752,57.1,-7.5,9.4,84.92,-1.0,-3.0,-34.59,2.76,2,8,10,-3.41,-11.74,-16.36,-5.01,-18.11,-10.31,-23.6,146,-13.29,1,-5.21,-1.19,0,2,0,-36.81,0,DIRECAO
P4,-,0.0,-,-,,-,0,-,0.5,-,-,-,zebra,tot_env<=0,3,1822,866,2.1,991,831,54.4,-84.48,-4.64,0,0.96,-4.6,-21.27,252,210,462,-5.46,-59.19,585,499,1084,,,,,452,,,,0,-8.45,182.2,1.772,56.4,-2.0,7.4,87.38,-1.0,-3.0,-23.35,2.76,3,7,11,-1.7,-4.07,-5.56,6.35,-9.36,-4.65,-4.6,462,0.04,1,6.12,7.57,0,2,0,-38.6,0,DIRECAO
P4,-,0.0,-,-,,-,0,-,0.5,8.5,-,-,zebra,tot_env>=3,6,481,358,1.34,249,232,51.8,-84.56,-17.58,0,-8.43,-20.62,-22.48,54,55,109,-18.83,-51.41,140,133,273,,,,,262,,,,0,-8.46,48.1,1.642,60.9,-9.1,6.6,86.65,-1.0,-5.0,-25.15,4.95,2,8,10,-4.21,-20.69,-12.19,-9.81,-23.6,-16.69,-20.62,109,-3.94,2,-10.25,-5.38,0,2,0,-21.46,0,DIRECAO
P2,-,0.0,-,-,,-,0,-,5.5,-,1.77,1.98,zebra,-,1,748,748,1.0,352,396,47.1,-84.57,-11.31,0,-0.9,-14.17,-24.37,78,94,172,-13.81,-60.06,199,236,435,,,,,422,,,,0,-8.46,74.8,1.886,53.0,-5.9,8.2,85.55,-1.0,-1.0,-22.86,2.8,2,8,8,-3.28,-10.18,-13.27,-0.64,-16.03,-10.45,-14.17,172,-3.72,1,-0.82,0.9,0,2,0,-36.09,0,DIRECAO
P2,-,0.0,-,-,,-,0,-,8.5,9.5,1.32,1.98,zebra,-,1,601,601,1.0,285,316,47.4,-84.64,-14.08,0,0.48,-10.26,-14.46,69,72,141,-13.39,-47.67,170,186,356,,,,,345,,,,0,-8.46,60.1,1.824,54.8,-7.4,8.7,86.27,-1.0,-1.0,-23.06,-0.24,0,10,12,-3.8,-16.05,-10.74,-4.34,-18.8,-15.26,-10.26,141,5.0,1,-4.37,-1.88,0,2,0,-23.96,0,DIRECAO
P1,-,0.0,-,-,,-,0,-,7.5,10.5,-,-,zebra,-,1,865,865,1.0,423,442,48.9,-85.0,-9.83,0,0.22,-11.36,-23.62,99,109,208,-10.52,-53.65,246,264,510,,,,,448,,,,0,-8.5,86.5,1.86,53.8,-4.9,8.0,85.98,-1.0,-1.0,-19.53,0.66,1,9,8,-3.12,-8.77,-11.58,1.16,-14.55,-9.34,-11.36,208,-2.01,1,0.93,2.38,0,2,0,-37.63,0,DIRECAO
P1,-,0.0,-,-,,-,0,-,5.5,8.5,-,-,zebra,-,2,1706,907,1.88,930,776,54.5,-85.46,-5.01,0,-0.62,-5.17,-21.89,229,194,423,-5.68,-57.21,545,463,1008,,,,,467,,,,0,-8.55,170.6,1.758,56.9,-2.4,7.3,87.74,-1.0,-2.0,-21.02,6.41,2,8,10,-1.85,-5.29,-4.55,5.98,-9.73,-4.95,-5.17,423,-0.22,1,5.74,7.19,0,2,0,-29.66,0,DIRECAO
P1,-,0.0,-,-,,-,0,-,4.5,7.5,-,-,zebra,-,3,1877,826,2.27,1064,813,56.7,-85.47,-4.55,0,1.89,-4.04,-19.32,272,206,478,-6.87,-76.94,620,500,1120,,,,,442,,,,0,-8.55,187.7,1.697,58.9,-2.2,6.6,98.61,-0.9,-3.0,-37.25,13.42,4,6,11,-1.72,-3.69,-5.93,6.44,-9.27,-4.73,-4.04,478,0.69,1,6.2,7.65,0,2,0,-42.97,0,DIRECAO
P4,-,0.0,-,-,,-,0,-,9.5,-,-,-,zebra,dif>=2,1,271,271,1.0,94,177,34.7,-85.51,-31.55,0,-14.47,-45.88,-29.82,17,48,65,-33.49,-51.58,51,103,154,,,,,204,,,,0,-8.55,27.1,1.998,50.0,-15.4,10.5,85.51,-1.0,-1.0,-24.33,3.24,2,8,9,-5.47,-31.64,-31.41,-24.61,-37.57,-27.03,-45.88,65,-18.84,1,-25.13,-19.35,0,2,0,-30.78,0,DIRECAO
P2,-,0.0,-,-,,-,0,-,8.5,-,1.32,1.86,zebra,-,3,649,434,1.5,325,324,50.1,-85.83,-13.22,0,-8.14,-22.58,-33.87,67,83,150,-11.62,-42.65,188,179,367,,,,,270,,,,0,-8.58,64.9,1.741,57.5,-7.4,9.4,86.5,-1.0,-3.0,-38.91,2.59,3,7,10,-3.43,-12.54,-14.44,-4.74,-17.94,-10.41,-22.58,150,-12.17,1,-4.9,-1.02,0,2,0,-33.8,0,DIRECAO
P2,-,0.0,-,-,,-,0,-,6.5,-,1.77,-,zebra,-,1,857,857,1.0,401,456,46.8,-86.0,-10.04,0,2.15,-6.72,-13.78,98,107,205,-10.43,-52.77,235,271,506,,,,,453,,,,0,-8.6,85.7,1.927,51.9,-5.1,8.1,86.98,-1.0,-1.0,-24.19,1.5,1,9,8,-3.05,-10.73,-8.87,0.95,-14.76,-11.08,-6.72,205,4.35,1,0.72,2.17,0,2,0,-28.48,0,DIRECAO
P4,-,0.0,-,-,,-,0,-,0.5,8.5,-,-,zebra,tot_env<=1,3,1935,863,2.24,1064,871,55.0,-86.05,-4.45,0,0.42,-5.79,-28.66,268,227,495,-6.45,-74.78,624,535,1159,,,,,452,,,,0,-8.61,193.5,1.757,56.9,-1.9,7.2,93.18,-0.9,-3.0,-28.78,9.34,2,8,12,-1.64,-3.34,-6.21,6.54,-9.17,-3.99,-5.79,495,-1.8,1,6.31,7.76,0,2,0,-46.25,0,DIRECAO
P2,-,0.0,-,-,,-,0,-,6.5,-,1.77,1.98,zebra,-,1,744,744,1.0,349,395,46.9,-86.32,-11.6,0,-0.89,-14.14,-24.32,78,94,172,-13.83,-59.87,198,235,433,,,,,419,,,,0,-8.63,74.4,1.886,53.0,-6.1,8.2,87.3,-1.0,-1.0,-23.84,2.85,2,8,8,-3.36,-10.65,-13.25,-0.96,-16.32,-10.84,-14.14,172,-3.3,1,-1.14,0.6,0,2,0,-36.04,0,DIRECAO
P2,-,0.0,-,-,,-,0,-,8.5,-,1.32,1.86,zebra,-,6,662,434,1.53,332,330,50.2,-86.36,-13.05,0,-8.79,-23.6,-35.87,67,85,152,-12.1,-45.38,191,184,375,,,,,270,,,,0,-8.64,66.2,1.742,57.4,-7.3,9.4,87.03,-1.0,-3.0,-38.09,3.28,3,7,10,-3.38,-12.06,-14.81,-4.56,-17.77,-9.9,-23.6,152,-13.7,2,-4.72,-0.84,0,2,0,-35.11,0,DIRECAO
P2,-,0.0,-,-,,-,0,-,6.5,9.5,1.32,1.86,zebra,-,2,1318,831,1.59,733,585,55.6,-86.37,-6.55,0,-1.34,-10.37,-33.49,172,151,323,-9.11,-71.14,423,358,781,,,,,437,,,,0,-8.64,131.8,1.685,59.4,-3.7,7.5,89.19,-1.0,-2.0,-19.33,4.53,1,9,8,-2.35,-5.01,-9.03,4.44,-11.27,-5.31,-10.37,323,-5.05,1,4.2,5.65,0,2,0,-45.69,0,DIRECAO
P4,-,0.0,-,-,,-,0,-,0.5,8.5,-,-,zebra,dif>=1,1,570,570,1.0,286,284,50.2,-86.6,-15.19,0,0.26,-13.29,-18.34,70,68,138,-16.21,-54.63,167,170,337,,,,,352,,,,0,-8.66,57.0,1.727,57.9,-7.7,7.0,86.6,-1.0,-1.0,-19.11,1.88,2,8,8,-4.23,-16.23,-13.55,-5.64,-19.91,-15.8,-13.29,138,2.51,1,-5.64,-2.99,0,2,0,-29.8,0,DIRECAO
P2,-,0.0,-,-,,-,0,-,5.5,-,1.32,1.86,zebra,-,2,1612,892,1.81,914,698,56.7,-86.73,-5.38,0,0.13,-7.63,-30.43,221,178,399,-7.14,-67.8,529,421,950,,,,,456,,,,0,-8.67,161.2,1.675,59.7,-3.0,7.3,88.03,-1.0,-2.0,-17.67,5.0,1,9,9,-2.13,-3.93,-7.76,5.61,-10.1,-4.64,-7.63,399,-2.99,1,5.37,6.82,0,2,0,-47.41,0,DIRECAO
P2,-,0.0,-,-,,-,0,-,7.5,-,1.62,-,zebra,-,1,863,863,1.0,420,443,48.7,-86.82,-10.06,0,0.33,-11.78,-24.62,99,110,209,-10.86,-55.5,245,266,511,,,,,446,,,,0,-8.68,86.3,1.864,53.7,-5.0,8.0,87.8,-1.0,-1.0,-19.5,0.66,1,9,8,-3.18,-8.82,-12.11,0.93,-14.78,-9.51,-11.78,209,-2.27,1,0.69,2.14,0,2,0,-39.48,0,DIRECAO
P2,-,0.0,-,-,,-,0,-,8.5,-,1.32,1.86,zebra,-,4,661,434,1.52,331,330,50.1,-87.13,-13.18,0,-8.79,-23.6,-35.87,67,85,152,-12.34,-46.15,190,184,374,,,,,270,,,,0,-8.71,66.1,1.741,57.4,-7.3,9.4,87.8,-1.0,-3.0,-38.09,3.28,2,8,10,-3.43,-12.27,-14.81,-4.69,-17.9,-10.07,-23.6,152,-13.53,1,-4.86,-0.98,0,2,0,-35.11,0,DIRECAO
P4,-,0.0,-,-,,-,0,-,6.5,8.5,-,-,zebra,dif<=0,3,1541,852,1.81,825,716,53.5,-87.16,-5.66,0,-1.19,-7.39,-29.28,207,189,396,-7.3,-67.27,484,437,921,,,,,445,,,,0,-8.72,154.1,1.779,56.2,-2.7,7.5,89.44,-1.0,-3.0,-25.45,2.81,2,8,10,-1.95,-5.31,-6.2,5.33,-10.38,-5.06,-7.39,396,-2.34,3,5.1,6.55,0,2,0,-37.15,0,DIRECAO
P4,-,0.0,-,-,,-,0,-,7.5,-,-,-,zebra,dif>=0,1,866,866,1.0,422,444,48.7,-87.59,-10.11,0,0.56,-11.78,-24.62,99,110,209,-10.83,-55.24,245,265,510,,,,,448,,,,0,-8.76,86.6,1.861,53.7,-5.0,8.0,88.57,-1.0,-1.0,-20.53,0.66,1,9,8,-3.21,-8.77,-12.34,0.87,-14.83,-9.58,-11.78,209,-2.2,1,0.64,2.09,0,2,0,-40.22,0,DIRECAO
P4,-,0.0,-,-,,-,0,-,0.5,8.5,-,-,zebra,dif 0~1,3,2166,890,2.43,1203,963,55.5,-88.37,-4.08,0,0.42,-5.08,-27.75,299,247,546,-6.15,-78.93,697,586,1283,,,,,461,,,,0,-8.84,216.6,1.748,57.2,-1.7,7.1,94.12,-0.9,-3.0,-27.34,12.51,2,8,12,-1.59,-3.2,-5.5,6.91,-8.8,-3.74,-5.08,546,-1.34,1,6.67,8.12,0,2,0,-45.63,0,DIRECAO
P2,-,0.0,-,-,,-,0,-,0.5,9.5,1.32,1.98,zebra,-,2,1768,922,1.92,973,795,55.0,-88.38,-5.0,0,-0.43,-7.4,-31.81,231,199,430,-6.96,-72.6,562,481,1043,,,,,468,,,,0,-8.84,176.8,1.741,57.4,-2.4,7.4,90.66,-1.0,-2.0,-25.47,5.22,2,8,11,-1.9,-3.81,-6.97,5.99,-9.72,-4.23,-7.4,430,-3.17,1,5.75,7.2,0,2,0,-46.43,0,DIRECAO
P1,-,0.0,-,-,,-,0,-,7.5,-,-,-,zebra,-,1,867,867,1.0,422,445,48.7,-88.59,-10.22,0,0.56,-11.78,-24.62,99,110,209,-11.01,-56.24,245,266,511,,,,,448,,,,0,-8.86,86.7,1.861,53.7,-5.0,8.0,89.57,-1.0,-1.0,-20.53,0.66,1,9,8,-3.24,-8.94,-12.34,0.77,-14.94,-9.72,-11.78,209,-2.06,1,0.54,1.98,0,2,0,-40.22,0,DIRECAO
P4,-,0.0,-,-,,-,0,-,0.5,8.5,-,-,zebra,tot_env<=1,6,2061,863,2.39,1142,919,55.4,-89.03,-4.32,0,0.16,-5.5,-29.04,289,239,528,-5.87,-72.16,671,559,1230,,,,,452,,,,0,-8.9,206.1,1.747,57.2,-1.8,7.0,96.3,-0.9,-6.0,-27.83,5.45,3,7,12,-1.62,-3.47,-5.66,6.67,-9.04,-3.91,-5.5,528,-1.59,1,6.43,7.88,0,2,0,-45.13,0,DIRECAO
P2,-,0.0,-,-,,-,0,-,10.5,-,1.96,-,zebra,-,2,334,254,1.31,115,219,34.4,-90.03,-26.96,0,-9.75,-29.14,-18.94,21,44,65,-27.28,-51.28,64,124,188,,,,,194,,,,0,-9.0,33.4,2.123,47.1,-12.7,11.3,90.04,-1.0,-2.0,-26.62,1.18,2,8,12,-4.35,-30.57,-19.39,-20.17,-32.98,-26.43,-29.14,65,-2.71,1,-20.62,-14.75,0,2,0,-20.94,0,DIRECAO
P2,-,0.0,-,-,,-,0,-,7.5,9.5,1.96,-,zebra,-,1,488,488,1.0,195,293,40.0,-90.14,-18.47,0,7.08,-7.56,-9.53,57,69,126,-20.73,-58.68,110,173,283,,,,,331,,,,0,-9.01,48.8,2.046,48.9,-8.9,8.5,91.14,-1.0,-1.0,-27.29,5.82,2,8,10,-4.07,-20.85,-14.64,-9.47,-23.19,-22.27,-7.56,126,14.7,1,-9.44,-6.27,0,2,0,-27.37,0,DIRECAO
P4,-,0.0,-,-,,-,0,-,0.5,8.5,-,-,zebra,tot_env<=1,-,2072,863,2.4,1148,924,55.4,-91.49,-4.42,0,0.05,-5.68,-30.21,291,241,532,-5.86,-72.47,675,561,1236,,,,,452,,,,0,-9.15,207.2,1.745,57.3,-1.9,7.0,97.76,-0.9,-8.0,-27.83,4.3,3,7,13,-1.66,-3.59,-5.73,6.57,-9.14,-3.98,-5.68,532,-1.7,1,6.34,7.79,0,2,0,-45.92,0,DIRECAO
P4,-,0.0,-,-,,-,0,-,7.5,8.5,-,-,zebra,dif>=1,3,400,350,1.14,170,230,42.5,-91.67,-22.92,0,-3.06,-21.43,-18.43,36,50,86,-26.12,-58.25,90,133,223,,,,,260,,,,0,-9.17,40.0,1.852,54.0,-11.5,8.1,91.67,-1.0,-2.0,-33.65,3.03,1,9,9,-4.64,-25.51,-18.37,-15.22,-28.94,-23.32,-21.43,86,1.89,3,-15.7,-10.71,0,2,0,-26.63,0,DIRECAO
P2,-,0.0,-,-,,-,0,-,6.5,-,1.62,1.86,zebra,-,2,1208,786,1.54,654,554,54.1,-92.0,-7.62,0,-1.18,-11.07,-33.66,159,145,304,-10.1,-72.42,379,338,717,,,,,420,,,,0,-9.2,120.8,1.711,58.4,-4.3,7.9,93.73,-1.0,-2.0,-17.8,1.83,1,9,8,-2.66,-6.21,-9.89,3.29,-12.34,-6.45,-11.07,304,-4.62,1,3.06,4.59,0,2,0,-45.59,0,DIRECAO
P2,-,0.0,-,-,,-,0,-,7.5,9.5,1.77,-,zebra,-,1,788,788,1.0,361,427,45.8,-92.45,-11.73,0,1.36,-10.69,-20.31,87,103,190,-12.53,-58.63,212,256,468,,,,,433,,,,0,-9.24,78.8,1.932,51.8,-5.9,8.2,93.43,-1.0,-1.0,-27.91,0.93,1,9,10,-3.42,-11.54,-12.05,-0.82,-16.45,-12.06,-10.69,190,1.37,1,-1.04,0.47,0,2,0,-35.92,0,DIRECAO
P4,-,0.0,-,-,,-,0,-,9.5,-,-,-,zebra,dif 0~1,1,422,422,1.0,171,251,40.5,-92.64,-21.95,0,1.41,-18.2,-17.29,40,55,95,-21.72,-52.78,99,144,243,,,,,275,,,,0,-9.26,42.2,1.94,51.5,-11.0,9.6,92.64,-1.0,-1.0,-28.8,2.88,3,7,10,-4.74,-23.27,-19.61,-13.58,-26.67,-23.04,-18.2,95,4.84,1,-13.78,-9.75,0,2,0,-29.81,0,DIRECAO
P2,-,0.0,-,-,,-,0,-,8.5,-,1.62,1.98,zebra,-,1,606,606,1.0,282,324,46.5,-92.95,-15.34,0,1.81,-10.89,-15.46,69,73,142,-14.98,-53.62,167,191,358,,,,,345,,,,0,-9.29,60.6,1.831,54.6,-8.1,8.8,94.58,-1.0,-1.0,-26.34,0.11,1,9,12,-4.14,-16.87,-12.7,-5.56,-20.06,-16.7,-10.89,142,5.81,1,-5.59,-3.14,0,2,0,-28.32,0,DIRECAO
P2,-,0.0,-,-,,-,0,-,7.5,-,1.62,1.86,zebra,-,3,1030,620,1.66,543,487,52.7,-92.96,-9.03,0,-1.98,-14.65,-36.93,125,127,252,-9.9,-59.29,314,285,599,,,,,348,,,,0,-9.3,103.0,1.731,57.8,-5.1,8.6,94.77,-1.0,-3.0,-31.35,2.02,2,8,10,-2.83,-6.8,-12.67,0.84,-13.75,-7.2,-14.65,252,-7.45,1,0.79,3.18,0,2,0,-49.43,0,DIRECAO
P4,-,0.0,-,-,,-,0,-,0.5,8.5,-,-,zebra,dif>=2,3,362,253,1.43,167,195,46.1,-93.17,-25.74,0,-0.72,-16.87,-14.68,44,43,87,-22.52,-49.32,105,114,219,,,,,208,,,,0,-9.32,36.2,1.666,60.0,-13.9,6.5,96.31,-1.0,-3.0,-26.07,0.43,1,9,8,-5.31,-31.57,-16.15,-18.96,-31.76,-28.54,-16.87,87,11.67,1,-19.41,-13.53,0,2,0,-22.13,0,DIRECAO
P2,-,0.0,-,-,,-,0,-,0.5,9.5,1.32,1.86,zebra,-,3,2005,888,2.26,1161,844,57.9,-93.27,-4.65,0,-0.74,-7.3,-35.94,276,216,492,-6.46,-76.12,669,509,1178,,,,,455,,,,0,-9.33,200.5,1.653,60.5,-2.6,6.9,95.19,-1.0,-3.0,-26.71,10.06,3,7,10,-1.9,-3.5,-6.56,6.34,-9.37,-3.79,-7.3,492,-3.52,1,6.1,7.55,0,2,0,-49.59,0,DIRECAO
P4,-,0.0,-,-,,-,0,-,9.5,-,-,-,zebra,tot_env>=6,3,365,230,1.59,136,229,37.3,-93.51,-25.62,0,-5.79,-20.08,-15.86,31,48,79,-29.0,-62.07,75,139,214,,,,,184,,,,0,-9.35,36.5,2.034,49.2,-11.9,11.6,93.51,-1.0,-3.0,-28.47,5.77,3,7,17,-4.23,-32.35,-14.29,-19.07,-31.64,-27.15,-20.08,79,7.07,1,-19.41,-13.42,0,2,0,-19.43,0,DIRECAO
P4,-,0.0,-,-,,-,0,-,9.5,-,-,-,zebra,tot_env>=3,1,383,383,1.0,149,234,38.9,-93.71,-24.47,0,-2.06,-25.2,-21.92,33,54,87,-27.27,-59.72,82,137,219,,,,,266,,,,0,-9.37,38.3,1.971,50.7,-11.8,10.2,93.71,-1.0,-1.0,-30.72,2.74,1,9,12,-5.02,-25.2,-23.14,-16.46,-30.49,-24.25,-25.2,87,-0.94,1,-16.81,-12.26,0,2,0,-31.47,0,DIRECAO
P2,-,0.0,-,-,,-,0,-,8.5,-,1.32,1.98,zebra,-,1,613,613,1.0,286,327,46.7,-93.92,-15.32,0,0.75,-12.13,-17.46,69,75,144,-14.63,-52.96,170,192,362,,,,,349,,,,0,-9.39,61.3,1.827,54.7,-8.1,8.8,95.55,-1.0,-1.0,-26.97,0.63,1,9,12,-4.17,-16.76,-12.88,-5.5,-20.04,-16.3,-12.13,144,4.18,1,-5.54,-3.12,0,2,0,-29.23,0,DIRECAO
P1,-,0.0,-,-,,-,0,-,4.5,7.5,-,-,zebra,-,4,2025,826,2.45,1154,871,57.0,-94.07,-4.65,0,1.06,-5.05,-25.77,288,222,510,-6.89,-83.04,672,534,1206,,,,,442,,,,0,-9.41,202.5,1.689,59.2,-2.2,6.5,107.85,-0.9,-4.0,-40.57,12.08,4,6,11,-1.81,-3.74,-6.11,6.34,-9.37,-4.51,-5.05,510,-0.54,1,6.11,7.56,0,2,0,-47.41,0,DIRECAO
P4,-,0.0,-,-,,-,0,-,7.5,8.5,-,-,zebra,tot_env<=1,3,1134,767,1.48,577,557,50.9,-94.15,-8.3,0,0.67,-9.38,-27.29,146,145,291,-9.55,-65.58,345,342,687,,,,,416,,,,0,-9.42,113.4,1.822,54.9,-4.0,7.9,95.78,-1.0,-2.0,-21.83,-1.08,0,10,11,-2.56,-7.18,-10.05,2.48,-13.02,-7.93,-9.38,291,-1.45,3,2.28,3.9,0,2,0,-44.52,0,DIRECAO
P2,-,0.0,-,-,,-,0,-,7.5,-,1.77,1.98,zebra,-,1,690,690,1.0,316,374,45.8,-94.36,-13.68,0,0.39,-15.94,-25.5,71,89,160,-14.34,-57.8,183,220,403,,,,,395,,,,0,-9.44,69.0,1.888,53.0,-7.2,8.5,95.34,-1.0,-1.0,-29.94,-2.49,0,10,10,-3.82,-12.14,-16.33,-3.37,-18.4,-12.99,-15.94,160,-2.95,1,-3.49,-1.47,0,2,0,-41.31,0,DIRECAO
P2,-,0.0,-,-,,-,0,-,5.5,9.5,1.32,1.98,zebra,-,2,1750,919,1.9,957,793,54.7,-94.89,-5.42,0,-0.52,-7.26,-31.08,230,198,428,-7.15,-74.12,557,480,1037,,,,,467,,,,0,-9.49,175.0,1.744,57.3,-2.7,7.5,97.17,-1.0,-2.0,-26.56,4.43,2,8,11,-2.05,-4.62,-6.74,5.57,-10.14,-4.83,-7.26,428,-2.43,1,5.33,6.78,0,2,0,-44.7,0,DIRECAO
P4,-,0.0,-,-,,-,0,-,0.5,-,-,-,zebra,tot_env<=0,6,1880,866,2.17,1021,859,54.3,-95.04,-5.06,0,0.81,-4.48,-21.19,259,214,473,-5.34,-59.57,605,511,1116,,,,,452,,,,0,-9.5,188.0,1.767,56.6,-2.3,7.3,98.51,-1.0,-6.0,-23.46,2.45,3,7,12,-1.85,-4.91,-5.29,5.93,-9.78,-5.25,-4.48,473,0.77,1,5.7,7.15,0,2,0,-37.7,0,DIRECAO
P2,-,0.0,-,-,,-,0,-,7.5,-,1.62,1.86,zebra,-,6,1052,620,1.7,554,498,52.7,-95.54,-9.08,0,-2.31,-15.66,-39.93,125,130,255,-10.66,-65.02,317,293,610,,,,,348,,,,0,-9.55,105.2,1.732,57.8,-5.1,8.7,97.35,-1.0,-3.0,-30.85,2.73,1,9,10,-2.85,-6.51,-13.35,0.78,-13.8,-6.98,-15.66,255,-8.68,2,0.74,3.12,0,2,0,-52.74,0,DIRECAO
P2,-,0.0,-,-,,-,0,-,5.5,9.5,1.32,1.86,zebra,-,3,1856,883,2.1,1063,793,57.3,-95.66,-5.15,0,-0.55,-6.98,-32.11,258,202,460,-6.43,-70.59,621,477,1098,,,,,452,,,,0,-9.57,185.6,1.662,60.2,-2.9,7.1,98.81,-1.0,-3.0,-26.39,8.32,2,8,10,-2.04,-4.36,-6.43,5.84,-9.87,-4.55,-6.98,460,-2.43,1,5.6,7.05,0,2,0,-45.64,0,DIRECAO
P1,-,0.0,-,-,,-,0,-,4.5,7.5,-,-,zebra,-,5,2027,826,2.45,1154,873,56.9,-96.07,-4.74,0,1.06,-5.05,-25.77,288,222,510,-6.89,-83.04,672,534,1206,,,,,442,,,,0,-9.61,202.7,1.688,59.2,-2.3,6.5,108.85,-0.9,-4.0,-40.57,12.08,4,6,11,-1.85,-3.89,-6.11,6.25,-9.46,-4.63,-5.05,510,-0.42,4,6.01,7.46,0,2,0,-47.41,0,DIRECAO
P2,-,0.0,-,-,,-,0,-,7.5,-,1.62,1.86,zebra,-,4,1049,620,1.69,552,497,52.6,-96.12,-9.16,0,-2.31,-15.66,-39.93,125,130,255,-10.8,-65.79,316,293,609,,,,,348,,,,0,-9.61,104.9,1.731,57.8,-5.1,8.6,97.93,-1.0,-3.0,-30.85,2.73,1,9,10,-2.88,-6.63,-13.35,0.7,-13.88,-7.08,-15.66,255,-8.58,1,0.65,3.04,0,2,0,-52.74,0,DIRECAO
P4,-,0.0,-,-,,-,0,-,0.5,-,-,-,zebra,tot_env<=0,-,1887,866,2.18,1025,862,54.3,-96.15,-5.1,0,0.75,-4.68,-22.19,259,215,474,-5.37,-60.09,606,512,1118,,,,,452,,,,0,-9.62,188.7,1.766,56.6,-2.3,7.3,99.62,-1.0,-8.0,-23.46,2.45,3,7,12,-1.87,-4.89,-5.43,5.89,-9.82,-5.23,-4.68,474,0.55,1,5.66,7.11,0,2,0,-38.7,0,DIRECAO
P1,-,0.0,-,-,,-,0,-,0.5,9.5,-,-,zebra,-,2,1808,924,1.96,973,835,53.8,-96.4,-5.33,0,0.04,-6.42,-28.17,233,206,439,-6.16,-65.58,567,497,1064,,,,,470,,,,0,-9.64,180.8,1.776,56.3,-2.5,7.5,98.68,-1.0,-2.0,-24.21,3.56,2,8,11,-1.99,-4.65,-6.46,5.66,-10.05,-4.98,-6.42,439,-1.43,4,5.42,6.87,0,2,0,-43.9,0,DIRECAO
P1,-,0.0,-,-,,-,0,-,6.5,7.5,-,-,zebra,-,2,1408,817,1.72,761,647,54.0,-96.42,-6.85,0,1.28,-6.35,-22.67,193,164,357,-9.73,-81.8,440,401,841,,,,,438,,,,0,-9.64,140.8,1.738,57.5,-3.5,7.0,100.83,-1.0,-2.0,-30.78,8.85,1,9,10,-2.39,-6.35,-7.63,4.14,-11.57,-7.02,-6.35,357,0.67,1,3.91,5.35,0,2,0,-42.03,0,DIRECAO
P1,-,0.0,-,-,,-,0,-,4.5,9.5,-,-,zebra,-,2,1806,922,1.96,971,835,53.8,-96.81,-5.36,0,0.04,-6.42,-28.17,233,206,439,-6.16,-65.58,567,497,1064,,,,,470,,,,0,-9.68,180.6,1.777,56.3,-2.5,7.5,99.09,-1.0,-2.0,-24.21,3.56,2,8,11,-1.99,-4.7,-6.46,5.63,-10.08,-5.02,-6.42,439,-1.4,1,5.39,6.84,0,2,0,-43.9,0,DIRECAO
P1,-,0.0,-,-,,-,0,-,6.5,7.5,-,-,zebra,-,3,1410,817,1.73,762,648,54.0,-96.85,-6.87,0,1.28,-6.35,-22.67,193,164,357,-9.65,-81.23,441,401,842,,,,,438,,,,0,-9.68,141.0,1.738,57.5,-3.5,7.0,101.26,-1.0,-3.0,-30.21,8.85,1,9,10,-2.39,-6.38,-7.63,4.12,-11.59,-7.04,-6.35,357,0.69,6,3.88,5.33,0,2,0,-42.03,0,DIRECAO
P1,-,0.0,-,-,,-,0,-,5.5,7.5,-,-,zebra,-,3,1826,826,2.21,1023,803,56.0,-96.9,-5.31,0,1.67,-4.51,-20.97,262,203,465,-7.31,-79.7,599,492,1091,,,,,442,,,,0,-9.69,182.6,1.705,58.7,-2.6,6.7,102.32,-0.9,-3.0,-36.52,10.29,3,7,10,-1.99,-4.76,-6.18,5.68,-10.03,-5.58,-4.51,465,1.07,1,5.45,6.9,0,2,0,-43.73,0,DIRECAO
P2,-,0.0,-,-,,-,0,-,8.5,-,1.77,1.98,zebra,-,1,536,536,1.0,233,303,43.5,-96.92,-18.08,0,2.67,-16.84,-20.38,53,68,121,-18.96,-60.48,137,182,319,,,,,323,,,,0,-9.69,53.6,1.89,52.9,-9.4,9.1,98.55,-1.0,-1.0,-26.56,-0.78,0,10,12,-4.47,-17.25,-19.51,-8.75,-22.8,-18.44,-16.84,121,1.6,1,-8.7,-5.88,0,2,0,-38.44,0,DIRECAO
P4,-,0.0,-,-,,-,0,-,0.5,8.5,-,-,zebra,dif>=2,6,366,253,1.45,167,199,45.6,-97.17,-26.55,0,-1.06,-17.82,-15.68,44,44,88,-22.87,-50.32,105,115,220,,,,,208,,,,0,-9.72,36.6,1.663,60.1,-14.5,6.5,100.31,-1.0,-5.0,-27.04,0.43,1,9,8,-5.31,-32.47,-16.76,-19.77,-32.57,-29.31,-17.82,88,11.49,2,-20.22,-14.35,0,2,0,-23.13,0,DIRECAO
P1,-,0.0,-,-,,-,0,-,0.5,7.5,-,-,zebra,-,4,2058,828,2.49,1174,884,57.0,-97.44,-4.73,0,0.58,-5.7,-29.48,291,226,517,-7.08,-86.56,681,541,1222,,,,,442,,,,0,-9.74,205.8,1.686,59.3,-2.3,6.4,114.98,-0.8,-4.0,-42.67,12.67,4,6,11,-1.85,-3.78,-6.28,6.25,-9.45,-4.41,-5.7,517,-1.29,3,6.02,7.47,0,2,0,-49.4,0,DIRECAO
P4,-,0.0,-,-,,-,0,-,9.5,-,-,-,zebra,tot_env>=6,6,377,230,1.64,140,237,37.1,-97.55,-25.88,0,-6.28,-20.08,-15.86,31,48,79,-28.42,-61.67,77,140,217,,,,,184,,,,0,-9.76,37.7,2.036,49.1,-12.0,11.7,97.55,-1.0,-4.0,-29.47,5.77,3,7,17,-4.36,-32.77,-13.8,-19.32,-31.9,-27.41,-20.08,79,7.34,2,-19.66,-13.67,0,2,0,-18.91,0,DIRECAO
P4,-,0.0,-,-,,-,0,-,7.5,8.5,-,-,zebra,tot_env>=1,3,493,415,1.19,218,275,44.2,-97.56,-19.79,0,-2.88,-18.39,-19.49,46,60,106,-22.68,-63.5,119,161,280,,,,,290,,,,0,-9.76,49.3,1.854,53.9,-9.7,8.1,97.56,-1.0,-2.0,-35.29,5.81,1,9,10,-4.41,-22.27,-15.51,-11.48,-24.51,-20.17,-18.39,106,1.79,3,-11.71,-7.59,0,2,0,-28.07,0,DIRECAO
P4,-,0.0,-,-,,-,0,-,9.5,-,-,-,zebra,dif>=1,1,405,405,1.0,157,248,38.8,-97.77,-24.14,0,-4.53,-23.98,-22.06,35,57,92,-24.7,-56.56,88,141,229,,,,,277,,,,0,-9.78,40.5,1.97,50.8,-12.0,9.9,97.77,-1.0,-1.0,-33.86,3.67,1,9,12,-5.06,-26.76,-19.45,-15.92,-28.86,-24.19,-23.98,92,0.21,1,-16.2,-11.94,0,2,0,-28.2,0,DIRECAO
P1,-,0.0,-,-,,-,0,-,8.5,8.5,-,-,zebra,-,1,690,690,1.0,323,367,46.8,-97.98,-14.2,0,-4.14,-15.34,-26.23,78,93,171,-14.23,-58.61,193,219,412,,,,,391,,,,0,-9.8,69.0,1.862,53.7,-6.9,8.5,98.96,-1.0,-1.0,-35.19,1.25,2,8,13,-4.05,-16.08,-11.2,-3.9,-18.92,-13.82,-15.34,171,-1.51,1,-4.02,-2.0,0,2,0,-29.78,0,DIRECAO
P1,-,0.0,-,-,,-,0,-,5.5,7.5,-,-,zebra,-,4,1829,826,2.21,1024,805,56.0,-98.33,-5.38,0,1.67,-4.51,-20.97,262,203,465,-7.25,-79.13,600,492,1092,,,,,442,,,,0,-9.83,182.9,1.705,58.7,-2.7,6.7,103.75,-0.9,-4.0,-35.95,10.29,3,7,10,-2.01,-4.87,-6.18,5.61,-10.1,-5.67,-4.51,465,1.16,5,5.38,6.83,0,2,0,-43.73,0,DIRECAO
P1,-,0.0,-,-,,-,0,-,3.5,7.5,-,-,zebra,-,4,2056,828,2.48,1172,884,57.0,-98.46,-4.79,0,0.55,-5.81,-30.0,290,226,516,-7.18,-87.58,679,541,1220,,,,,442,,,,0,-9.85,205.6,1.686,59.3,-2.3,6.4,116.0,-0.8,-4.0,-43.17,12.67,4,6,11,-1.87,-3.82,-6.36,6.2,-9.51,-4.45,-5.81,516,-1.37,1,5.96,7.41,0,2,0,-49.92,0,DIRECAO
P4,-,0.0,-,-,,-,0,-,0.5,8.5,-,-,zebra,dif 0~1,6,2454,890,2.76,1378,1076,56.2,-98.75,-4.02,0,-0.36,-6.11,-37.76,338,280,618,-6.27,-91.12,797,656,1453,,,,,461,,,,0,-9.88,245.4,1.733,57.7,-1.6,6.9,111.38,-0.9,-6.0,-32.5,10.94,3,7,13,-1.64,-2.95,-5.75,6.97,-8.74,-3.32,-6.11,618,-2.79,1,6.73,8.18,0,2,0,-54.21,0,DIRECAO
P1,-,0.0,-,-,,-,0,-,8.5,8.5,-,-,zebra,-,2,691,690,1.0,323,368,46.7,-98.98,-14.32,0,-4.14,-15.34,-26.23,78,93,171,-14.23,-58.61,193,219,412,,,,,391,,,,0,-9.9,69.1,1.862,53.7,-7.0,8.5,99.96,-1.0,-2.0,-36.19,1.25,2,8,13,-4.08,-16.28,-11.2,-4.02,-19.04,-13.99,-15.34,171,-1.35,7,-4.14,-2.12,0,2,0,-29.78,0,DIRECAO
P4,-,0.0,-,-,,-,0,-,7.5,-,-,-,zebra,tot_env<=0,3,1142,731,1.56,575,567,50.4,-99.41,-8.7,0,1.15,-9.49,-27.32,144,144,288,-8.69,-59.62,346,340,686,,,,,391,,,,0,-9.94,114.2,1.829,54.7,-4.3,8.2,101.04,-1.0,-3.0,-28.5,1.41,1,9,10,-2.64,-7.5,-10.64,1.85,-13.42,-8.44,-9.49,288,-1.04,3,1.69,3.5,0,2,0,-46.5,0,DIRECAO
P2,-,0.0,-,-,,-,0,-,0.5,-,1.32,1.98,zebra,-,2,1800,925,1.95,982,818,54.6,-99.56,-5.53,0,0.08,-7.86,-34.26,233,203,436,-6.97,-73.68,568,489,1057,,,,,469,,,,0,-9.96,180.0,1.747,57.2,-2.7,7.5,101.84,-1.0,-2.0,-21.89,0.37,3,7,11,-2.11,-4.1,-7.94,5.46,-10.25,-4.79,-7.86,436,-3.07,1,5.22,6.67,0,2,0,-53.35,0,DIRECAO
P1,-,0.0,-,-,,-,0,-,0.5,7.5,-,-,zebra,-,5,2121,828,2.56,1214,907,57.2,-99.91,-4.71,0,0.69,-5.63,-29.95,300,232,532,-6.96,-87.46,703,554,1257,,,,,442,,,,0,-9.99,212.1,1.68,59.5,-2.3,6.3,118.15,-0.8,-5.0,-42.27,11.67,4,6,12,-1.86,-3.72,-6.32,6.28,-9.43,-4.4,-5.63,532,-1.23,3,6.04,7.49,0,2,0,-51.19,0,DIRECAO
P2,-,0.0,-,-,,-,0,-,10.5,-,1.96,-,zebra,-,3,357,254,1.41,121,236,33.9,-100.29,-28.09,0,-9.24,-29.61,-20.43,22,47,69,-29.38,-58.76,66,134,200,,,,,194,,,,0,-10.03,35.7,2.125,47.1,-13.2,11.4,100.3,-1.0,-3.0,-28.62,2.95,2,8,12,-4.71,-31.76,-20.37,-21.31,-34.11,-27.73,-29.61,69,-1.88,1,-21.76,-15.89,0,2,0,-23.42,0,DIRECAO
P1,-,0.0,-,-,,-,0,-,5.5,9.5,-,-,zebra,-,2,1798,922,1.95,963,835,53.6,-100.43,-5.59,0,-0.01,-6.15,-26.92,233,205,438,-6.31,-66.99,564,497,1061,,,,,470,,,,0,-10.04,179.8,1.78,56.2,-2.6,7.6,102.71,-1.0,-2.0,-24.7,3.51,1,9,11,-2.07,-5.25,-6.14,5.4,-10.31,-5.41,-6.15,438,-0.74,1,5.17,6.62,0,2,0,-41.65,0,DIRECAO
P1,-,0.0,-,-,,-,0,-,2.5,7.5,-,-,zebra,-,6,2136,828,2.58,1224,912,57.3,-100.59,-4.71,0,0.54,-5.7,-30.61,303,234,537,-6.97,-88.23,708,557,1265,,,,,442,,,,0,-10.06,213.6,1.679,59.6,-2.3,6.3,118.54,-0.8,-6.0,-42.27,11.05,4,6,13,-1.86,-3.76,-6.24,6.28,-9.43,-4.38,-5.7,537,-1.32,3,6.04,7.49,0,2,0,-50.96,0,DIRECAO
P4,-,0.0,-,-,,-,0,-,0.5,8.5,-,-,zebra,dif 0~1,-,2466,890,2.77,1385,1081,56.2,-100.84,-4.09,0,-0.46,-6.26,-38.93,340,282,622,-6.27,-91.43,801,658,1459,,,,,461,,,,0,-10.08,246.6,1.731,57.8,-1.6,6.9,112.47,-0.9,-8.0,-32.5,9.79,3,7,14,-1.67,-3.02,-5.8,6.9,-8.81,-3.36,-6.26,622,-2.9,1,6.66,8.11,0,2,0,-55.0,0,DIRECAO
P1,-,0.0,-,-,,-,0,-,0.5,10.5,-,-,zebra,-,2,1819,924,1.97,975,844,53.6,-100.98,-5.55,0,0.54,-6.21,-27.33,234,206,440,-6.02,-64.4,570,500,1070,,,,,470,,,,0,-10.1,181.9,1.779,56.2,-2.6,7.6,103.26,-1.0,-2.0,-25.17,2.0,2,8,11,-2.07,-4.83,-6.75,5.44,-10.27,-5.34,-6.21,440,-0.87,4,5.2,6.65,0,2,0,-45.96,0,DIRECAO
P1,-,0.0,-,-,,-,0,-,0.5,7.5,-,-,zebra,-,7,2145,828,2.59,1230,915,57.3,-101.02,-4.71,0,0.57,-5.44,-29.38,306,234,540,-6.78,-86.14,713,557,1270,,,,,442,,,,0,-10.1,214.5,1.678,59.6,-2.3,6.3,117.97,-0.9,-7.0,-42.27,10.05,4,6,13,-1.87,-3.9,-6.01,6.28,-9.43,-4.46,-5.44,540,-0.98,3,6.04,7.49,0,2,0,-49.35,0,DIRECAO
P1,-,0.0,-,-,,-,0,-,0.5,7.5,-,-,zebra,-,6,2138,828,2.58,1225,913,57.3,-101.19,-4.73,0,0.56,-5.62,-30.21,304,234,538,-6.94,-87.83,709,557,1266,,,,,442,,,,0,-10.12,213.8,1.679,59.6,-2.3,6.3,119.14,-0.8,-6.0,-42.27,11.05,4,6,13,-1.87,-3.84,-6.18,6.26,-9.45,-4.44,-5.62,538,-1.18,2,6.02,7.47,0,2,0,-50.56,0,DIRECAO
P1,-,0.0,-,-,,-,0,-,4.5,10.5,-,-,zebra,-,2,1817,922,1.97,973,844,53.5,-101.39,-5.58,0,0.54,-6.21,-27.33,234,206,440,-6.02,-64.4,570,500,1070,,,,,470,,,,0,-10.14,181.7,1.78,56.2,-2.6,7.6,103.67,-1.0,-2.0,-25.58,2.0,2,8,11,-2.07,-4.88,-6.75,5.41,-10.3,-5.38,-6.21,440,-0.83,1,5.17,6.62,0,2,0,-45.96,0,DIRECAO
P2,-,0.0,-,-,,-,0,-,6.5,-,1.32,1.86,zebra,-,2,1380,840,1.64,759,621,55.0,-101.41,-7.35,0,-0.95,-11.51,-39.03,178,161,339,-10.01,-81.75,437,380,817,,,,,441,,,,0,-10.14,138.0,1.69,59.2,-4.2,7.7,103.75,-1.0,-2.0,-20.57,4.39,1,9,8,-2.72,-5.37,-10.56,3.64,-12.07,-5.99,-11.51,339,-5.52,1,3.4,4.85,0,2,0,-55.64,0,DIRECAO
P1,-,0.0,-,-,,-,0,-,3.5,7.5,-,-,zebra,-,6,2111,828,2.55,1206,905,57.1,-101.48,-4.81,0,0.73,-5.73,-30.24,297,231,528,-7.14,-89.23,697,553,1250,,,,,442,,,,0,-10.15,211.1,1.681,59.5,-2.3,6.4,118.95,-0.9,-5.0,-43.21,11.67,4,6,12,-1.89,-3.79,-6.46,6.18,-9.53,-4.5,-5.73,528,-1.23,3,5.95,7.4,0,2,0,-52.02,0,DIRECAO
P1,-,0.0,-,-,,-,0,-,0.5,7.5,-,-,zebra,-,-,2147,828,2.59,1231,916,57.3,-101.65,-4.73,0,0.57,-5.44,-29.38,306,234,540,-6.78,-86.14,713,557,1270,,,,,442,,,,0,-10.17,214.7,1.677,59.6,-2.3,6.3,118.6,-0.9,-8.0,-42.27,10.05,4,6,13,-1.87,-3.94,-6.01,6.25,-9.45,-4.5,-5.44,540,-0.94,1,6.02,7.47,0,2,0,-49.35,0,DIRECAO
P4,-,0.0,-,-,,-,0,-,6.5,8.5,-,-,zebra,tot_env<=1,3,1648,856,1.93,877,771,53.2,-101.68,-6.17,0,-0.36,-8.13,-34.13,218,202,420,-8.15,-80.89,517,475,992,,,,,449,,,,0,-10.17,164.8,1.782,56.1,-2.9,7.5,103.96,-1.0,-3.0,-26.08,2.61,1,9,10,-2.14,-5.15,-7.77,4.82,-10.89,-5.5,-8.13,420,-2.63,3,4.58,6.03,0,2,0,-49.67,0,DIRECAO
P1,-,0.0,-,-,,-,0,-,3.5,7.5,-,-,zebra,-,5,2110,828,2.55,1205,905,57.1,-101.89,-4.83,0,0.73,-5.73,-30.24,297,231,528,-7.14,-89.23,697,553,1250,,,,,442,,,,0,-10.19,211.0,1.682,59.5,-2.4,6.4,119.36,-0.9,-5.0,-43.21,11.67,4,6,12,-1.89,-3.82,-6.46,6.16,-9.55,-4.53,-5.73,528,-1.2,1,5.92,7.37,0,2,0,-52.02,0,DIRECAO
P2,-,0.0,-,-,,-,0,-,9.5,-,1.77,1.98,zebra,-,2,483,355,1.36,201,282,41.6,-102.53,-21.23,0,0.88,-28.41,-28.69,38,63,101,-23.15,-64.36,113,165,278,,,,,236,,,,0,-10.25,48.3,1.897,52.7,-11.1,10.2,104.25,-1.0,-2.0,-36.5,6.71,2,8,12,-4.5,-16.89,-29.29,-13.48,-27.25,-19.33,-28.41,101,-9.08,1,-13.94,-9.03,0,2,0,-49.5,0,DIRECAO
P2,-,0.0,-,-,,-,0,-,0.5,9.5,1.62,1.98,zebra,-,2,1623,896,1.81,865,758,53.3,-103.77,-6.39,0,-0.26,-9.11,-36.82,210,194,404,-8.82,-85.48,504,465,969,,,,,460,,,,0,-10.38,162.3,1.768,56.6,-3.3,7.6,106.05,-1.0,-2.0,-26.45,3.57,2,8,10,-2.36,-4.91,-8.85,4.6,-11.11,-5.49,-9.11,404,-3.62,1,4.36,5.81,0,2,0,-54.15,0,DIRECAO
P2,-,0.0,-,-,,-,0,-,0.5,-,1.96,-,zebra,-,1,618,618,1.0,251,367,40.6,-104.74,-16.95,0,5.94,-7.65,-11.25,66,81,147,-19.74,-69.89,139,215,354,,,,,389,,,,0,-10.47,61.8,2.05,48.8,-8.2,8.8,107.08,-1.0,-1.0,-32.67,4.18,3,7,13,-4.18,-18.89,-13.59,-7.1,-21.67,-19.85,-7.65,147,12.2,1,-7.14,-4.75,0,2,0,-30.71,0,DIRECAO
P1,-,0.0,-,-,,-,0,-,5.5,10.5,-,-,zebra,-,2,1809,922,1.96,965,844,53.3,-105.01,-5.8,0,0.5,-5.94,-26.08,234,205,439,-6.17,-65.81,567,500,1067,,,,,470,,,,0,-10.5,180.9,1.782,56.1,-2.8,7.6,107.29,-1.0,-2.0,-27.27,0.9,1,9,11,-2.15,-5.42,-6.44,5.18,-10.52,-5.76,-5.94,439,-0.18,1,4.95,6.4,0,2,0,-43.71,0,DIRECAO
P2,-,0.0,-,-,,-,0,-,5.5,-,1.62,1.86,zebra,-,3,1493,819,1.82,815,678,54.6,-105.26,-7.05,0,-0.78,-10.11,-37.62,197,175,372,-8.83,-77.98,474,409,883,,,,,433,,,,0,-10.53,149.3,1.709,58.5,-3.9,7.8,107.61,-1.0,-3.0,-25.19,5.75,1,9,9,-2.61,-5.69,-9.33,3.94,-11.77,-6.03,-10.11,372,-4.08,1,3.7,5.15,0,2,0,-51.96,0,DIRECAO
P2,-,0.0,-,-,,-,0,-,10.5,-,1.96,-,zebra,-,4,362,254,1.43,121,241,33.4,-105.29,-29.09,0,-8.56,-29.61,-20.43,22,47,69,-29.73,-59.76,66,135,201,,,,,194,,,,0,-10.53,36.2,2.127,47.0,-13.6,11.5,105.3,-1.0,-3.0,-28.62,1.95,2,8,12,-5.04,-32.87,-21.05,-22.3,-35.11,-28.96,-29.61,69,-0.65,3,-22.75,-16.88,0,2,0,-24.42,0,DIRECAO
P2,-,0.0,-,-,,-,0,-,5.5,9.5,1.62,1.98,zebra,-,2,1614,894,1.81,859,755,53.2,-105.36,-6.53,0,-0.18,-8.85,-35.47,209,192,401,-8.71,-84.13,503,463,966,,,,,459,,,,0,-10.54,161.4,1.769,56.5,-3.3,7.6,107.64,-1.0,-2.0,-26.45,3.57,2,8,10,-2.4,-5.23,-8.67,4.46,-11.25,-5.76,-8.85,401,-3.08,1,4.23,5.67,0,2,0,-52.8,0,DIRECAO
P4,-,0.0,-,-,,-,0,-,0.5,8.5,-,-,zebra,tot_env 0~3,3,2175,879,2.47,1193,982,54.9,-105.48,-4.85,0,1.27,-5.19,-28.79,302,253,555,-7.21,-93.83,696,606,1302,,,,,457,,,,0,-10.55,217.5,1.755,57.0,-2.1,7.2,110.04,-1.0,-3.0,-31.32,12.25,1,9,13,-1.86,-3.83,-6.46,6.14,-9.57,-4.73,-5.19,555,-0.45,1,5.9,7.35,0,2,0,-54.56,0,DIRECAO
P2,-,0.0,-,-,,-,0,-,5.5,-,1.96,-,zebra,-,1,617,617,1.0,250,367,40.5,-105.71,-17.13,0,5.94,-7.65,-11.25,66,81,147,-19.74,-69.89,139,215,354,,,,,388,,,,0,-10.57,61.7,2.05,48.8,-8.3,8.8,107.08,-1.0,-1.0,-33.64,4.18,3,7,13,-4.23,-19.18,-13.59,-7.29,-21.85,-20.1,-7.65,147,12.44,1,-7.33,-4.93,0,2,0,-30.71,0,DIRECAO
P2,-,0.0,-,-,,-,0,-,6.5,9.5,1.32,1.86,zebra,-,3,1499,831,1.8,832,667,55.5,-106.0,-7.07,0,-1.65,-10.98,-40.42,195,173,368,-8.96,-79.24,481,403,884,,,,,437,,,,0,-10.6,149.9,1.679,59.6,-4.1,7.6,109.81,-1.0,-3.0,-30.12,4.7,1,9,10,-2.55,-5.66,-9.33,3.92,-11.79,-5.8,-10.98,368,-5.19,1,3.68,5.13,0,2,0,-53.83,0,DIRECAO
P2,-,0.0,-,-,,-,0,-,5.5,-,1.32,1.98,zebra,-,2,1782,922,1.93,966,816,54.2,-106.07,-5.95,0,-0.01,-7.73,-33.53,232,202,434,-7.16,-75.2,563,488,1051,,,,,468,,,,0,-10.61,178.2,1.75,57.2,-2.9,7.6,108.35,-1.0,-2.0,-27.62,0.06,1,9,11,-2.26,-4.89,-7.72,5.04,-10.67,-5.38,-7.73,434,-2.34,1,4.8,6.25,0,2,0,-51.62,0,DIRECAO
P2,-,0.0,-,-,,-,0,-,8.5,9.5,1.77,1.98,zebra,-,2,585,482,1.21,254,331,43.4,-106.08,-18.13,0,2.45,-15.41,-20.81,60,75,135,-21.06,-75.6,150,209,359,,,,,307,,,,0,-10.61,58.5,1.891,52.9,-9.5,9.0,108.68,-1.0,-2.0,-26.73,2.6,1,9,14,-4.24,-18.3,-17.86,-9.19,-22.85,-18.95,-15.41,135,3.53,5,-9.18,-5.93,0,2,0,-39.48,0,DIRECAO
P4,-,0.0,-,-,,-,0,-,0.5,-,-,-,zebra,dif<=0,3,2127,887,2.4,1151,976,54.1,-106.13,-4.99,0,1.15,-5.95,-31.57,284,247,531,-6.6,-84.0,676,596,1272,,,,,456,,,,0,-10.61,212.7,1.78,56.2,-2.1,7.6,112.5,-0.9,-3.0,-33.27,4.69,1,9,11,-1.97,-3.68,-7.1,6.0,-9.71,-4.67,-5.95,531,-1.27,1,5.76,7.21,0,2,0,-57.85,0,DIRECAO
P4,-,0.0,-,-,,-,0,-,6.5,8.5,-,-,zebra,dif>=1,3,555,446,1.24,258,297,46.5,-107.05,-19.29,0,1.3,-14.21,-18.62,64,67,131,-21.08,-69.57,150,180,330,,,,,305,,,,0,-10.7,55.5,1.778,56.2,-9.8,7.6,107.5,-1.0,-3.0,-32.03,3.53,1,9,10,-4.66,-21.71,-15.51,-10.69,-24.01,-20.86,-14.21,131,6.64,3,-10.81,-7.09,0,2,0,-33.66,0,DIRECAO
P2,-,0.0,-,-,,-,0,-,7.5,-,1.77,-,zebra,-,1,819,819,1.0,369,450,45.1,-107.59,-13.14,0,2.39,-10.77,-21.0,89,106,195,-12.91,-62.72,219,267,486,,,,,440,,,,0,-10.76,81.9,1.935,51.7,-6.6,8.3,108.57,-1.0,-1.0,-31.96,-0.86,0,10,11,-3.91,-13.12,-13.16,-2.15,-17.86,-13.88,-10.77,195,3.11,1,-2.38,-0.93,0,2,0,-40.66,0,DIRECAO
P4,-,0.0,-,-,,-,0,-,6.5,-,-,-,zebra,dif>=1,1,639,639,1.0,289,350,45.2,-107.8,-16.87,0,-5.37,-21.3,-33.44,67,90,157,-19.13,-72.11,166,211,377,,,,,380,,,,0,-10.78,63.9,1.874,53.4,-8.1,8.7,107.8,-1.0,-1.0,-32.19,2.13,1,9,8,-4.61,-17.46,-15.93,-6.89,-21.59,-15.43,-21.3,157,-5.87,1,-6.95,-4.67,0,2,0,-39.02,0,DIRECAO
P2,-,0.0,-,-,,-,0,-,7.5,-,1.32,1.86,zebra,-,3,1105,638,1.73,582,523,52.7,-108.35,-9.81,0,-3.05,-15.31,-40.56,131,134,265,-9.92,-63.2,336,301,637,,,,,356,,,,0,-10.83,110.5,1.717,58.2,-5.6,8.6,110.16,-1.0,-3.0,-39.14,2.08,2,8,10,-3.15,-8.31,-12.26,0.17,-14.53,-8.07,-15.31,265,-7.24,1,0.11,2.4,0,2,0,-51.25,0,DIRECAO
P2,-,0.0,-,-,,-,0,-,5.5,-,1.62,1.86,zebra,-,4,1531,819,1.87,835,696,54.5,-108.6,-7.09,0,-0.52,-9.96,-37.74,201,178,379,-9.04,-81.57,483,419,902,,,,,433,,,,0,-10.86,153.1,1.71,58.5,-4.0,7.9,110.95,-1.0,-4.0,-27.07,6.49,1,9,10,-2.64,-5.71,-9.44,3.9,-11.81,-6.15,-9.96,379,-3.81,1,3.66,5.11,0,2,0,-53.7,0,DIRECAO
P2,-,0.0,-,-,,-,0,-,5.5,-,1.62,1.86,zebra,-,6,1538,819,1.88,839,699,54.6,-108.69,-7.07,0,-0.72,-10.19,-38.74,201,179,380,-8.97,-81.18,485,420,905,,,,,433,,,,0,-10.87,153.8,1.71,58.5,-3.9,7.9,111.04,-1.0,-4.0,-27.07,7.2,1,9,10,-2.64,-5.65,-9.47,3.92,-11.79,-6.04,-10.19,380,-4.15,2,3.69,5.14,0,2,0,-54.08,0,DIRECAO
P2,-,0.0,-,-,,-,0,-,8.5,9.5,1.62,-,zebra,-,1,699,699,1.0,315,384,45.1,-109.03,-15.6,0,-3.18,-14.71,-25.3,78,94,172,-15.12,-63.36,190,229,419,,,,,393,,,,0,-10.9,69.9,1.893,52.8,-7.8,8.6,110.01,-1.0,-1.0,-36.42,1.86,2,8,12,-4.4,-18.11,-11.53,-5.24,-20.32,-15.89,-14.71,172,1.18,1,-5.37,-3.4,0,2,0,-30.78,0,DIRECAO
P2,-,0.0,-,-,,-,0,-,6.5,-,1.96,-,zebra,-,1,614,614,1.0,247,367,40.2,-109.12,-17.77,0,5.94,-7.65,-11.25,66,81,147,-19.74,-69.89,139,215,354,,,,,385,,,,0,-10.91,61.4,2.05,48.8,-8.6,8.9,110.1,-1.0,-1.0,-36.09,4.18,2,8,13,-4.38,-20.21,-13.59,-7.95,-22.49,-20.96,-7.65,147,13.3,1,-7.99,-5.57,0,2,0,-30.71,0,DIRECAO
P1,-,0.0,-,-,,-,0,-,8.5,9.5,-,-,zebra,-,1,706,706,1.0,320,386,45.3,-109.13,-15.46,0,-3.14,-14.71,-25.3,78,94,172,-14.76,-62.01,192,228,420,,,,,395,,,,0,-10.91,70.6,1.888,53.0,-7.7,8.6,110.11,-1.0,-1.0,-37.46,1.86,2,8,12,-4.39,-17.84,-11.57,-5.06,-20.18,-15.7,-14.71,172,0.99,1,-5.19,-3.25,0,2,0,-31.0,0,DIRECAO
P4,-,0.0,-,-,,-,0,-,6.5,-,-,-,zebra,tot_env<=0,3,1592,858,1.86,834,758,52.4,-109.39,-6.87,0,0.11,-8.42,-33.83,207,195,402,-7.92,-75.34,493,458,951,,,,,449,,,,0,-10.94,159.2,1.794,55.7,-3.3,7.7,111.67,-1.0,-3.0,-26.87,-0.46,0,10,10,-2.38,-5.85,-8.53,4.12,-11.59,-6.35,-8.42,402,-2.07,1,3.88,5.33,0,2,0,-51.93,0,DIRECAO
P1,-,0.0,-,-,,-,0,-,0.5,-,-,-,zebra,-,2,1823,926,1.97,972,851,53.3,-109.71,-6.02,0,0.84,-6.64,-29.33,234,208,442,-6.49,-69.54,568,504,1072,,,,,470,,,,0,-10.97,182.3,1.781,56.2,-2.8,7.6,111.99,-1.0,-2.0,-27.17,2.0,1,9,11,-2.24,-5.14,-7.48,4.97,-10.74,-5.82,-6.64,442,-0.82,4,4.74,6.18,0,2,0,-51.1,0,DIRECAO
P4,-,0.0,-,-,,-,0,-,7.5,-,-,-,zebra,tot_env>=3,1,484,484,1.0,198,286,40.9,-109.75,-22.68,0,-9.94,-30.14,-33.15,40,70,110,-25.19,-68.52,108,164,272,,,,,320,,,,0,-10.97,48.4,1.928,51.9,-10.9,9.6,109.75,-1.0,-1.0,-41.56,7.24,2,8,11,-5.31,-24.04,-20.2,-13.71,-27.4,-20.48,-30.14,110,-9.66,1,-13.69,-10.47,0,2,0,-34.74,0,DIRECAO
P2,-,0.0,-,-,,-,0,-,0.5,-,1.62,1.86,zebra,-,3,1511,824,1.83,823,688,54.5,-109.84,-7.27,0,-1.01,-10.87,-40.97,198,179,377,-9.29,-83.0,477,416,893,,,,,436,,,,0,-10.98,151.1,1.708,58.5,-4.1,7.8,111.76,-1.0,-3.0,-24.25,6.55,1,9,9,-2.7,-5.72,-9.86,3.72,-11.99,-6.07,-10.87,377,-4.79,1,3.48,4.93,0,2,0,-55.63,0,DIRECAO
P2,-,0.0,-,-,,-,0,-,9.5,9.5,1.77,-,zebra,-,1,447,447,1.0,172,275,38.5,-109.97,-24.6,0,3.86,-21.72,-22.15,40,62,102,-27.55,-71.63,96,164,260,,,,,297,,,,0,-11.0,44.7,1.979,50.5,-12.0,9.5,109.97,-1.0,-1.0,-32.54,1.95,3,7,11,-5.43,-24.03,-25.58,-15.99,-29.32,-25.46,-21.72,102,3.74,1,-16.11,-12.4,0,2,0,-42.2,0,DIRECAO
P2,-,0.0,-,-,,-,0,-,9.5,-,1.77,1.98,zebra,-,3,536,355,1.51,225,311,42.0,-110.06,-20.53,0,0.03,-30.18,-32.9,40,69,109,-24.08,-74.4,124,185,309,,,,,236,,,,0,-11.01,53.6,1.897,52.7,-10.7,10.3,111.78,-1.0,-3.0,-37.84,12.56,1,9,13,-4.38,-15.43,-30.21,-12.79,-26.55,-18.07,-30.18,109,-12.11,1,-13.25,-8.33,0,2,0,-55.89,0,DIRECAO
P1,-,0.0,-,-,,-,0,-,4.5,-,-,-,zebra,-,2,1821,924,1.97,970,851,53.3,-110.12,-6.05,0,0.84,-6.64,-29.33,234,208,442,-6.49,-69.54,568,504,1072,,,,,470,,,,0,-11.01,182.1,1.781,56.1,-2.9,7.6,112.4,-1.0,-2.0,-27.58,2.0,1,9,11,-2.25,-5.19,-7.48,4.94,-10.77,-5.86,-6.64,442,-0.78,1,4.71,6.16,0,2,0,-51.1,0,DIRECAO
P2,-,0.0,-,-,,-,0,-,0.5,9.5,1.62,-,zebra,-,2,1739,914,1.9,912,827,52.4,-110.24,-6.34,0,1.51,-5.97,-25.63,226,203,429,-7.87,-81.49,535,501,1036,,,,,468,,,,0,-11.02,173.9,1.803,55.5,-3.0,7.6,112.52,-1.0,-2.0,-28.06,3.18,2,8,10,-2.32,-5.64,-7.48,4.65,-11.06,-6.46,-5.97,429,0.48,1,4.41,5.86,0,2,0,-49.31,0,DIRECAO
P2,-,0.0,-,-,,-,0,-,8.5,9.5,1.77,-,zebra,-,1,641,641,1.0,274,367,42.7,-110.43,-17.23,0,-1.25,-17.39,-27.47,67,91,158,-19.11,-73.59,161,224,385,,,,,379,,,,0,-11.04,64.1,1.947,51.4,-8.6,8.8,111.41,-1.0,-1.0,-33.73,3.93,2,8,12,-4.54,-17.91,-16.14,-7.23,-21.95,-17.18,-17.39,158,-0.21,1,-7.3,-5.03,0,2,0,-40.03,0,DIRECAO
P2,-,0.0,-,-,,-,0,-,9.5,9.5,1.77,-,zebra,-,2,448,447,1.0,172,276,38.4,-110.97,-24.77,0,3.86,-21.72,-22.15,40,62,102,-27.55,-71.63,96,164,260,,,,,297,,,,0,-11.1,44.8,1.979,50.5,-12.1,9.5,110.97,-1.0,-2.0,-33.54,1.95,3,7,11,-5.47,-24.3,-25.58,-16.16,-29.49,-25.67,-21.72,102,3.95,5,-16.27,-12.57,0,2,0,-42.2,0,DIRECAO
P1,-,0.0,-,-,,-,0,-,6.5,8.5,-,-,zebra,-,2,1650,899,1.84,874,776,53.0,-111.3,-6.75,0,-0.62,-7.88,-32.3,212,198,410,-8.18,-80.01,509,469,978,,,,,463,,,,0,-11.13,165.0,1.778,56.2,-3.3,7.5,113.58,-1.0,-2.0,-27.0,5.48,2,8,10,-2.44,-6.42,-7.26,4.24,-11.47,-6.37,-7.88,410,-1.51,1,4.01,5.46,0,2,0,-46.11,0,DIRECAO
P4,-,0.0,-,-,,-,0,-,6.5,-,-,-,zebra,tot_env<=0,6,1594,858,1.86,834,760,52.3,-111.39,-6.99,0,0.11,-8.42,-33.83,207,195,402,-8.02,-76.34,493,459,952,,,,,449,,,,0,-11.14,159.4,1.794,55.7,-3.4,7.7,113.67,-1.0,-4.0,-26.87,-0.46,0,10,10,-2.41,-6.04,-8.53,4.0,-11.71,-6.51,-8.42,402,-1.91,2,3.77,5.21,0,2,0,-51.93,0,DIRECAO
P2,-,0.0,-,-,,-,0,-,6.5,9.5,1.32,1.86,zebra,-,4,1529,831,1.84,847,682,55.4,-111.43,-7.29,0,-1.19,-10.68,-40.25,201,176,377,-8.92,-80.59,492,411,903,,,,,437,,,,0,-11.14,152.9,1.678,59.6,-4.2,7.6,115.24,-1.0,-4.0,-32.5,3.7,1,9,11,-2.62,-5.91,-9.49,3.7,-12.01,-6.18,-10.68,377,-4.5,3,3.47,4.91,0,2,0,-55.97,0,DIRECAO
P4,-,0.0,-,-,,-,0,-,7.5,-,-,-,zebra,tot_env>=6,3,411,266,1.55,153,258,37.2,-111.56,-27.14,0,-9.29,-25.16,-21.89,32,55,87,-29.52,-67.9,81,149,230,,,,,206,,,,0,-11.16,41.1,1.999,50.0,-12.8,11.2,111.56,-1.0,-3.0,-34.59,5.76,3,7,19,-4.83,-33.55,-15.87,-20.24,-33.16,-27.68,-25.16,87,2.52,1,-20.75,-14.94,0,2,0,-23.65,0,DIRECAO
P2,-,0.0,-,-,,-,0,-,5.5,9.5,1.32,1.86,zebra,-,4,1933,883,2.19,1101,832,57.0,-111.74,-5.78,0,-0.19,-7.38,-35.55,270,212,482,-6.55,-75.05,648,497,1145,,,,,452,,,,0,-11.17,193.3,1.659,60.3,-3.3,7.1,115.37,-1.0,-4.0,-29.4,4.76,1,9,12,-2.29,-4.9,-7.19,5.21,-10.5,-5.25,-7.38,482,-2.12,1,4.97,6.42,0,2,0,-53.29,0,DIRECAO
P1,-,0.0,-,-,,-,0,-,8.5,10.5,-,-,zebra,-,1,706,706,1.0,318,388,45.0,-111.82,-15.84,0,-2.56,-14.71,-25.3,78,94,172,-15.05,-63.2,191,229,420,,,,,395,,,,0,-11.18,70.6,1.89,52.9,-7.9,8.6,112.8,-1.0,-1.0,-37.37,1.86,2,8,12,-4.5,-18.1,-12.15,-5.44,-20.56,-16.2,-14.71,172,1.49,1,-5.57,-3.64,0,2,0,-32.55,0,DIRECAO
P2,-,0.0,-,-,,-,0,-,5.5,9.5,1.62,-,zebra,-,2,1730,913,1.89,906,824,52.4,-111.83,-6.46,0,1.61,-5.7,-24.28,225,201,426,-7.76,-80.14,534,499,1033,,,,,468,,,,0,-11.18,173.0,1.803,55.5,-3.1,7.7,114.11,-1.0,-2.0,-27.06,4.18,2,8,10,-2.36,-5.95,-7.31,4.52,-11.18,-6.71,-5.7,426,1.01,1,4.29,5.74,0,2,0,-47.96,0,DIRECAO
P2,-,0.0,-,-,,-,0,-,6.5,9.5,1.32,1.98,zebra,-,2,1633,902,1.81,870,763,53.3,-112.27,-6.88,0,-0.65,-10.23,-40.53,203,193,396,-9.37,-90.53,501,465,966,,,,,462,,,,0,-11.23,163.3,1.761,56.8,-3.5,7.7,114.55,-1.0,-2.0,-26.61,5.55,1,9,10,-2.53,-5.22,-9.58,4.11,-11.6,-5.8,-10.23,396,-4.44,1,3.88,5.33,0,2,0,-59.3,0,DIRECAO
P2,-,0.0,-,-,,-,0,-,6.5,-,1.62,1.86,zebra,-,3,1354,786,1.72,726,628,53.6,-112.31,-8.29,0,-1.55,-12.74,-43.31,174,166,340,-10.32,-82.73,422,380,802,,,,,420,,,,0,-11.23,135.4,1.716,58.3,-4.7,8.1,114.04,-1.0,-3.0,-28.55,1.91,1,9,10,-2.94,-6.51,-11.19,2.61,-13.01,-6.8,-12.74,340,-5.93,1,2.39,3.91,0,2,0,-57.85,0,DIRECAO
P4,-,0.0,-,-,,-,0,-,7.5,8.5,-,-,zebra,dif 0~1,3,1307,816,1.6,662,645,50.7,-112.42,-8.6,0,-0.57,-9.36,-30.99,165,166,331,-9.59,-75.0,392,390,782,,,,,432,,,,0,-11.24,130.7,1.825,54.8,-4.2,8.0,114.05,-1.0,-2.0,-31.78,-0.3,0,10,12,-2.8,-8.48,-8.79,2.39,-13.32,-8.34,-9.36,331,-1.02,3,2.15,3.6,0,2,0,-44.66,0,DIRECAO
P2,-,0.0,-,-,,-,0,-,10.5,-,1.77,-,zebra,-,2,464,309,1.5,174,290,37.5,-112.79,-24.31,0,-5.34,-31.15,-30.84,33,66,99,-24.74,-64.81,97,165,262,,,,,224,,,,0,-11.28,46.4,2.03,49.3,-11.8,11.0,112.79,-1.0,-2.0,-35.88,-2.55,0,10,12,-4.46,-23.54,-25.81,-17.0,-30.33,-22.45,-31.15,99,-8.7,1,-17.62,-12.11,0,2,0,-40.52,0,DIRECAO
P4,-,0.0,-,-,,-,0,-,7.5,-,-,-,zebra,dif>=2,1,366,366,1.0,131,235,35.8,-113.09,-30.9,0,-13.1,-42.18,-37.54,26,63,89,-34.96,-72.71,69,139,208,,,,,279,,,,0,-11.31,36.6,1.959,51.0,-15.3,9.7,113.09,-1.0,-1.0,-29.63,5.01,2,8,12,-6.31,-31.95,-29.08,-23.05,-36.92,-27.27,-42.18,89,-14.91,1,-23.47,-18.7,0,2,0,-38.97,0,DIRECAO
P2,-,0.0,-,-,,-,0,-,0.5,-,1.62,1.86,zebra,-,4,1549,824,1.88,843,706,54.4,-113.18,-7.31,0,-0.74,-10.7,-41.09,202,182,384,-9.49,-86.59,486,426,912,,,,,436,,,,0,-11.32,154.9,1.709,58.5,-4.1,7.8,115.1,-1.0,-4.0,-26.13,7.29,1,9,10,-2.73,-5.74,-9.96,3.68,-12.03,-6.19,-10.7,384,-4.51,1,3.45,4.9,0,2,0,-57.37,0,DIRECAO
P2,-,0.0,-,-,,-,0,-,0.5,-,1.62,1.86,zebra,-,6,1556,824,1.89,847,709,54.4,-113.27,-7.28,0,-0.94,-10.93,-42.09,202,183,385,-9.42,-86.2,488,427,915,,,,,436,,,,0,-11.33,155.6,1.709,58.5,-4.1,7.8,115.19,-1.0,-4.0,-26.13,8.0,1,9,10,-2.73,-5.68,-9.99,3.71,-12.0,-6.08,-10.93,385,-4.85,2,3.47,4.92,0,2,0,-57.75,0,DIRECAO
P4,-,0.0,-,-,,-,0,-,6.5,-,-,-,zebra,dif>=2,1,398,398,1.0,151,247,37.9,-113.54,-28.53,0,-9.14,-33.95,-33.27,34,64,98,-30.8,-71.76,85,148,233,,,,,290,,,,0,-11.35,39.8,1.924,52.0,-14.0,9.4,114.51,-1.0,-1.0,-28.76,4.05,2,8,12,-6.13,-30.83,-24.81,-20.38,-34.55,-26.76,-33.95,98,-7.19,1,-20.67,-16.33,0,2,0,-37.71,0,DIRECAO
P2,-,0.0,-,-,,-,0,-,9.5,-,1.62,1.98,zebra,-,2,567,393,1.44,245,322,43.2,-113.63,-20.04,0,-0.98,-26.95,-32.88,48,74,122,-20.33,-65.88,140,184,324,,,,,253,,,,0,-11.36,56.7,1.86,53.8,-10.5,10.1,115.14,-1.0,-2.0,-43.46,3.63,2,8,15,-4.55,-16.81,-25.97,-11.94,-26.06,-18.15,-26.95,122,-8.8,1,-12.25,-7.84,0,2,0,-51.94,0,DIRECAO
P1,-,0.0,-,-,,-,0,-,5.5,-,-,-,zebra,-,2,1813,924,1.96,962,851,53.1,-113.74,-6.27,0,0.8,-6.37,-28.08,234,207,441,-6.64,-70.95,565,504,1069,,,,,470,,,,0,-11.37,181.3,1.784,56.1,-3.0,7.6,116.02,-1.0,-2.0,-29.27,-0.69,0,10,11,-2.32,-5.73,-7.17,4.72,-10.99,-6.24,-6.37,441,-0.12,1,4.48,5.93,0,2,0,-48.85,0,DIRECAO
P2,-,0.0,-,-,,-,0,-,7.5,-,1.32,1.86,zebra,-,6,1136,638,1.78,597,539,52.6,-113.8,-10.02,0,-3.15,-16.29,-43.99,132,138,270,-10.73,-69.97,341,311,652,,,,,356,,,,0,-11.38,113.6,1.717,58.2,-5.7,8.6,115.61,-1.0,-4.0,-39.47,2.55,3,7,10,-3.21,-8.14,-13.14,-0.04,-14.74,-8.06,-16.29,270,-8.23,2,-0.11,2.18,0,2,0,-55.99,0,DIRECAO
P2,-,0.0,-,-,,-,0,-,0.5,-,1.62,1.98,zebra,-,2,1671,904,1.85,885,786,53.0,-113.85,-6.81,0,-0.14,-9.58,-39.27,212,198,410,-8.65,-85.63,515,475,990,,,,,461,,,,0,-11.38,167.1,1.772,56.4,-3.5,7.7,116.13,-1.0,-2.0,-24.89,-0.54,0,10,10,-2.54,-5.25,-9.44,4.18,-11.53,-5.91,-9.58,410,-3.66,1,3.94,5.39,0,2,0,-58.73,0,DIRECAO
P4,-,0.0,-,-,,-,0,-,6.5,8.5,-,-,zebra,tot_env>=1,3,681,527,1.29,327,354,48.0,-113.86,-16.72,0,1.4,-12.52,-19.66,78,79,157,-19.52,-78.29,186,215,401,,,,,338,,,,0,-11.39,68.1,1.777,56.3,-8.3,7.7,115.13,-1.0,-3.0,-33.6,6.38,1,9,11,-4.44,-18.47,-13.92,-7.44,-21.44,-17.98,-12.52,157,5.45,3,-7.39,-4.52,0,2,0,-36.48,0,DIRECAO
P2,-,0.0,-,-,,-,0,-,9.5,-,1.77,1.98,zebra,-,4,559,355,1.57,235,324,42.0,-114.04,-20.4,0,-0.3,-30.29,-33.93,41,71,112,-24.8,-79.85,128,194,322,,,,,236,,,,0,-11.4,55.9,1.898,52.7,-10.7,10.5,115.76,-1.0,-4.0,-38.9,15.09,1,9,13,-4.44,-15.46,-29.99,-12.66,-26.42,-17.92,-30.29,112,-12.37,1,-13.11,-8.2,0,2,0,-56.98,0,DIRECAO
P4,-,0.0,-,-,,-,0,-,7.5,-,-,-,zebra,tot_env>=6,6,426,266,1.6,160,266,37.6,-114.29,-26.83,0,-10.55,-25.16,-21.89,32,55,87,-28.33,-66.58,85,150,235,,,,,206,,,,0,-11.43,42.6,1.998,50.1,-12.5,11.2,114.29,-1.0,-4.0,-35.2,5.85,3,7,19,-4.91,-33.61,-14.61,-19.93,-32.85,-27.26,-25.16,87,2.1,2,-20.43,-14.63,0,2,0,-22.21,0,DIRECAO
P2,-,0.0,-,-,,-,0,-,7.5,-,1.32,1.86,zebra,-,4,1133,638,1.78,595,538,52.5,-114.38,-10.1,0,-3.15,-16.29,-43.99,132,138,270,-10.87,-70.74,340,311,651,,,,,356,,,,0,-11.44,113.3,1.717,58.3,-5.7,8.6,116.19,-1.0,-4.0,-39.47,2.55,3,7,10,-3.24,-8.26,-13.14,-0.12,-14.82,-8.16,-16.29,270,-8.14,1,-0.18,2.11,0,2,0,-55.99,0,DIRECAO
P2,-,0.0,-,-,,-,0,-,0.5,9.5,1.96,-,zebra,-,2,641,506,1.27,258,383,40.2,-114.44,-17.85,0,4.01,-5.43,-9.02,77,89,166,-18.19,-67.13,148,221,369,,,,,341,,,,0,-11.44,64.1,2.054,48.7,-8.4,8.5,115.85,-1.0,-2.0,-36.69,8.03,2,8,11,-4.26,-23.17,-9.44,-8.7,-22.57,-22.19,-5.43,166,16.76,1,-8.63,-5.65,0,2,0,-23.4,0,DIRECAO
P2,-,0.0,-,-,,-,0,-,8.5,9.5,1.96,-,zebra,-,2,469,396,1.18,173,296,36.9,-114.95,-24.51,0,3.8,-14.33,-18.05,53,73,126,-25.93,-70.27,98,173,271,,,,,290,,,,0,-11.49,46.9,2.06,48.6,-11.7,9.0,114.95,-1.0,-2.0,-35.29,8.87,2,8,12,-5.01,-28.78,-18.13,-16.38,-30.53,-28.25,-14.33,126,13.93,5,-16.68,-12.31,0,2,0,-34.08,0,DIRECAO
P2,-,0.0,-,-,,-,0,-,0.5,9.5,1.77,1.98,zebra,-,2,943,704,1.34,439,504,46.6,-114.99,-12.19,0,-0.7,-13.89,-30.56,100,120,220,-16.04,-88.68,246,307,553,,,,,411,,,,0,-11.5,94.3,1.888,53.0,-6.4,8.2,117.49,-1.0,-2.0,-26.8,2.94,1,9,10,-3.56,-11.61,-13.19,-1.81,-16.91,-11.68,-13.89,220,-2.21,1,-1.94,0.01,0,2,0,-45.91,0,DIRECAO
P2,-,0.0,-,-,,-,0,-,9.5,-,1.96,-,zebra,-,1,389,389,1.0,133,256,34.2,-115.13,-29.6,0,2.69,-23.25,-20.23,32,55,87,-30.48,-67.05,74,146,220,,,,,276,,,,0,-11.51,38.9,2.074,48.2,-14.0,10.1,115.13,-1.0,-1.0,-29.13,1.97,2,8,12,-5.96,-31.67,-25.94,-21.53,-35.62,-31.42,-23.25,87,8.17,1,-21.86,-17.39,0,2,0,-36.58,0,DIRECAO
P2,-,0.0,-,-,,-,0,-,5.5,9.5,1.32,1.86,zebra,-,6,1944,883,2.2,1106,838,56.9,-115.32,-5.93,0,-0.16,-7.76,-37.55,270,214,484,-6.73,-77.49,651,501,1152,,,,,452,,,,0,-11.53,194.4,1.658,60.3,-3.4,7.1,117.95,-1.0,-5.0,-29.92,5.14,1,9,13,-2.34,-4.9,-7.6,5.06,-10.65,-5.33,-7.76,484,-2.43,2,4.82,6.27,0,2,0,-56.67,0,DIRECAO
P2,-,0.0,-,-,,-,0,-,5.5,9.5,1.96,-,zebra,-,2,640,505,1.27,257,383,40.2,-115.41,-18.03,0,4.01,-5.43,-9.02,77,89,166,-18.19,-67.13,148,221,369,,,,,340,,,,0,-11.54,64.0,2.054,48.7,-8.5,8.5,115.87,-1.0,-2.0,-37.66,8.03,2,8,11,-4.3,-23.47,-9.44,-8.89,-22.75,-22.45,-5.43,166,17.01,1,-8.81,-5.83,0,2,0,-23.4,0,DIRECAO
P1,-,0.0,-,-,,-,0,-,8.5,-,-,-,zebra,-,1,708,708,1.0,317,391,44.8,-115.41,-16.3,0,-2.14,-15.2,-26.3,78,95,173,-15.63,-65.79,190,231,421,,,,,395,,,,0,-11.54,70.8,1.892,52.9,-8.1,8.7,116.39,-1.0,-1.0,-38.37,0.86,2,8,12,-4.64,-18.28,-13.06,-5.89,-21.02,-16.66,-15.2,173,1.45,1,-6.03,-4.1,0,2,0,-35.14,0,DIRECAO
P2,-,0.0,-,-,,-,0,-,5.5,-,1.62,1.98,zebra,-,2,1662,902,1.84,879,783,52.9,-115.44,-6.95,0,-0.05,-9.32,-37.92,211,196,407,-8.54,-84.28,514,473,987,,,,,460,,,,0,-11.54,166.2,1.773,56.4,-3.5,7.7,117.72,-1.0,-2.0,-26.97,-0.54,0,10,10,-2.58,-5.57,-9.27,4.04,-11.67,-6.18,-9.32,407,-3.14,1,3.81,5.26,0,2,0,-57.38,0,DIRECAO
P2,-,0.0,-,-,,-,0,-,8.5,-,1.62,-,zebra,-,1,706,706,1.0,315,391,44.6,-115.61,-16.38,0,-2.41,-15.2,-26.3,78,95,173,-15.82,-66.62,189,232,421,,,,,394,,,,0,-11.56,70.6,1.895,52.8,-8.2,8.7,116.59,-1.0,-1.0,-37.74,0.89,2,8,12,-4.64,-18.58,-12.79,-5.97,-21.1,-16.76,-15.2,173,1.55,1,-6.11,-4.17,0,2,0,-34.4,0,DIRECAO
P4,-,0.0,-,-,,-,0,-,6.5,-,-,-,zebra,tot_env>=3,1,531,531,1.0,224,307,42.2,-116.03,-21.85,0,-5.19,-22.72,-28.63,53,73,126,-23.11,-70.26,127,177,304,,,,,339,,,,0,-11.6,53.1,1.889,52.9,-10.8,9.3,116.97,-1.0,-1.0,-40.59,6.74,3,7,11,-5.43,-24.36,-17.53,-12.55,-26.57,-21.58,-22.72,126,-1.14,1,-12.5,-9.65,0,2,0,-34.18,0,DIRECAO
P4,-,0.0,-,-,,-,0,-,0.5,-,-,-,zebra,tot_env>=3,1,640,640,1.0,296,344,46.2,-116.16,-18.15,0,-5.65,-20.88,-31.95,69,84,153,-20.39,-76.06,170,203,373,,,,,378,,,,0,-11.62,64.0,1.82,54.9,-8.7,8.5,117.69,-1.0,-1.0,-32.87,7.32,3,7,8,-5.1,-19.85,-15.23,-8.16,-22.87,-17.29,-20.88,153,-3.59,1,-8.23,-5.95,0,2,0,-35.78,0,DIRECAO
P2,-,0.0,-,-,,-,0,-,6.5,-,1.62,1.86,zebra,-,6,1388,786,1.77,743,645,53.5,-116.59,-8.4,0,-1.76,-13.48,-46.51,175,170,345,-10.79,-88.28,428,390,818,,,,,420,,,,0,-11.66,138.8,1.717,58.2,-4.7,8.1,118.32,-1.0,-4.0,-29.43,3.36,1,9,10,-3.0,-6.37,-11.72,2.5,-13.12,-6.72,-13.48,345,-6.76,2,2.28,3.8,0,2,0,-61.67,0,DIRECAO
P2,-,0.0,-,-,,-,0,-,6.5,-,1.62,1.86,zebra,-,4,1383,786,1.76,740,643,53.5,-116.88,-8.45,0,-1.76,-13.48,-46.51,175,170,345,-10.9,-89.05,427,390,817,,,,,420,,,,0,-11.69,138.3,1.717,58.3,-4.7,8.1,118.61,-1.0,-4.0,-29.43,2.65,1,9,10,-3.01,-6.44,-11.72,2.45,-13.17,-6.78,-13.48,345,-6.7,1,2.23,3.75,0,2,0,-61.67,0,DIRECAO
P4,-,0.0,-,-,,-,0,-,0.5,-,-,-,zebra,tot_env>=6,3,436,287,1.52,167,269,38.3,-116.96,-26.83,0,-8.88,-26.97,-25.08,34,59,93,-30.4,-73.88,86,157,243,,,,,216,,,,0,-11.7,43.6,1.964,50.9,-12.6,10.9,116.96,-1.0,-3.0,-32.87,5.76,3,7,19,-5.0,-31.89,-18.09,-19.72,-32.85,-26.79,-26.97,93,-0.18,1,-20.33,-14.62,0,2,0,-28.95,0,DIRECAO
P2,-,0.0,-,-,,-,0,-,9.5,-,1.32,1.98,zebra,-,2,577,397,1.45,249,328,43.2,-117.37,-20.34,0,-0.66,-26.18,-32.72,50,75,125,-20.35,-66.75,142,186,328,,,,,254,,,,0,-11.74,57.7,1.854,53.9,-10.8,10.1,118.88,-1.0,-2.0,-44.87,2.17,2,8,15,-4.64,-17.53,-25.52,-12.2,-26.36,-18.73,-26.18,125,-7.45,1,-12.5,-8.14,0,2,0,-51.81,0,DIRECAO
P2,-,0.0,-,-,,-,0,-,7.5,9.5,1.77,1.98,zebra,-,2,841,643,1.31,383,458,45.5,-118.19,-14.05,0,1.63,-14.58,-29.16,90,110,200,-17.12,-86.31,221,283,504,,,,,383,,,,0,-11.82,84.1,1.891,52.9,-7.3,8.5,120.74,-1.0,-2.0,-29.15,-0.37,0,10,12,-3.89,-12.76,-16.21,-4.05,-18.77,-13.89,-14.58,200,-0.69,1,-4.12,-1.85,0,2,0,-51.21,0,DIRECAO
P2,-,0.0,-,-,,-,0,-,5.5,9.5,1.77,1.98,zebra,-,2,939,701,1.34,435,504,46.3,-118.62,-12.63,0,-0.7,-13.89,-30.56,100,120,220,-16.04,-88.68,246,307,553,,,,,410,,,,0,-11.86,93.9,1.888,53.0,-6.6,8.2,121.12,-1.0,-2.0,-28.68,1.14,1,9,10,-3.69,-12.3,-13.19,-2.26,-17.35,-12.25,-13.89,220,-1.64,1,-2.39,-0.43,0,2,0,-45.91,0,DIRECAO
P2,-,0.0,-,-,,-,0,-,6.5,9.5,1.96,-,zebra,-,2,637,502,1.27,254,383,39.9,-118.82,-18.65,0,4.01,-5.43,-9.02,77,89,166,-18.19,-67.13,148,221,369,,,,,337,,,,0,-11.88,63.7,2.054,48.7,-8.8,8.5,118.82,-1.0,-2.0,-40.11,8.03,2,8,11,-4.45,-24.53,-9.44,-9.53,-23.37,-23.31,-5.43,166,17.88,1,-9.45,-6.45,0,2,0,-23.4,0,DIRECAO
P4,-,0.0,-,-,,-,0,-,7.5,-,-,-,zebra,dif>=1,1,588,588,1.0,249,339,42.3,-119.05,-20.25,0,-7.37,-28.42,-40.07,53,88,141,-23.51,-81.12,140,205,345,,,,,369,,,,0,-11.9,58.8,1.91,52.4,-10.0,9.0,119.05,-1.0,-1.0,-37.17,2.63,2,8,8,-5.22,-19.75,-21.05,-10.58,-24.97,-17.67,-28.42,141,-10.75,1,-10.6,-8.04,0,2,0,-47.37,0,DIRECAO
P2,-,0.0,-,-,,-,0,-,10.5,-,1.62,-,zebra,-,2,492,320,1.54,189,303,38.4,-119.28,-24.24,0,-4.82,-30.73,-32.88,37,70,107,-24.43,-67.91,106,172,278,,,,,229,,,,0,-11.93,49.2,1.992,50.2,-11.8,10.9,119.28,-1.0,-2.0,-36.1,-4.55,0,10,13,-4.67,-23.37,-25.91,-16.83,-30.26,-22.44,-30.73,107,-8.29,1,-17.42,-12.04,0,2,0,-43.79,0,DIRECAO
P4,-,0.0,-,-,,-,0,-,0.5,-,-,-,zebra,tot_env>=6,6,451,287,1.57,174,277,38.6,-119.69,-26.54,0,-10.09,-26.97,-25.08,34,59,93,-29.26,-72.56,90,158,248,,,,,216,,,,0,-11.97,45.1,1.964,50.9,-12.3,11.0,119.69,-1.0,-4.0,-33.48,5.76,3,7,19,-5.08,-32.01,-16.88,-19.44,-32.56,-26.43,-26.97,93,-0.54,2,-20.04,-14.34,0,2,0,-27.51,0,DIRECAO
P2,-,0.0,-,-,,-,0,-,9.5,9.5,1.62,-,zebra,-,1,510,510,1.0,203,307,39.8,-119.96,-23.52,0,0.72,-22.16,-26.15,47,71,118,-23.65,-70.47,119,179,298,,,,,318,,,,0,-12.0,51.0,1.946,51.4,-11.6,9.5,119.96,-1.0,-1.0,-37.4,0.95,1,9,12,-5.62,-23.9,-22.88,-14.35,-28.24,-23.93,-22.16,118,1.77,1,-14.28,-11.32,0,2,0,-43.01,0,DIRECAO
P2,-,0.0,-,-,,-,0,-,9.5,-,1.77,1.98,zebra,-,6,565,355,1.59,235,330,41.6,-120.04,-21.25,0,-0.55,-30.91,-34.93,41,72,113,-25.49,-82.85,128,197,325,,,,,236,,,,0,-12.0,56.5,1.898,52.7,-11.1,10.5,121.76,-1.0,-5.0,-38.9,12.09,1,9,13,-4.68,-16.59,-30.36,-13.5,-27.27,-18.83,-30.91,113,-12.08,2,-13.96,-9.04,0,2,0,-57.98,0,DIRECAO
P4,-,0.0,-,-,,-,0,-,9.5,-,-,-,zebra,tot_env>=1,1,463,463,1.0,177,286,38.2,-120.08,-25.94,0,-1.26,-22.82,-25.1,43,67,110,-25.37,-67.99,103,165,268,,,,,306,,,,0,-12.01,46.3,1.96,51.0,-12.8,9.8,120.08,-1.0,-1.0,-41.27,1.32,1,9,12,-5.89,-28.47,-21.56,-17.17,-30.66,-26.91,-22.82,110,4.09,1,-17.23,-13.73,0,2,0,-36.66,0,DIRECAO
P4,-,0.0,-,-,,-,0,-,6.5,-,-,-,zebra,tot_env>=1,1,706,706,1.0,320,386,45.3,-120.14,-17.02,0,-0.61,-17.22,-29.97,78,96,174,-18.64,-78.09,186,233,419,,,,,403,,,,0,-12.01,70.6,1.869,53.5,-8.2,8.6,120.14,-1.0,-1.0,-34.94,-2.14,0,10,10,-4.91,-17.27,-16.61,-6.62,-21.74,-16.95,-17.22,174,-0.27,1,-6.75,-4.81,0,2,0,-45.01,0,DIRECAO
P2,-,0.0,-,-,,-,0,-,0.5,9.5,1.32,1.86,zebra,-,4,2173,888,2.45,1252,921,57.6,-120.29,-5.54,0,-0.51,-7.66,-41.14,302,235,537,-6.54,-83.83,731,550,1281,,,,,455,,,,0,-12.03,217.3,1.645,60.8,-3.2,6.8,122.78,-1.0,-4.0,-26.41,4.86,3,7,12,-2.28,-4.55,-7.15,5.45,-10.26,-4.84,-7.66,537,-2.82,1,5.22,6.67,0,2,0,-58.78,0,DIRECAO
P2,-,0.0,-,-,,-,0,-,0.5,9.5,1.96,-,zebra,-,3,660,506,1.3,264,396,40.0,-120.48,-18.25,0,3.75,-4.94,-8.5,80,92,172,-18.53,-71.14,153,231,384,,,,,341,,,,0,-12.05,66.0,2.056,48.6,-8.6,8.5,121.89,-1.0,-3.0,-37.69,8.03,2,8,11,-4.36,-24.4,-8.69,-9.11,-22.97,-22.95,-4.94,172,18.0,4,-9.03,-6.05,0,2,0,-22.41,0,DIRECAO
P2,-,0.0,-,-,,-,0,-,9.5,9.5,1.62,-,zebra,-,2,511,510,1.0,203,308,39.7,-120.96,-23.67,0,0.72,-22.16,-26.15,47,71,118,-23.65,-70.47,119,179,298,,,,,318,,,,0,-12.1,51.1,1.946,51.4,-11.7,9.5,120.96,-1.0,-2.0,-38.4,0.95,1,9,12,-5.65,-24.13,-22.88,-14.5,-28.39,-24.12,-22.16,118,1.96,5,-14.43,-11.47,0,2,0,-43.01,0,DIRECAO
P1,-,0.0,-,-,,-,0,-,10.5,-,-,-,zebra,-,2,497,321,1.55,191,306,38.4,-121.1,-24.37,0,-5.19,-30.54,-33.29,38,71,109,-24.1,-67.73,108,173,281,,,,,230,,,,0,-12.11,49.7,1.986,50.3,-11.9,10.9,121.1,-1.0,-2.0,-38.1,-3.96,0,10,13,-4.72,-23.84,-25.35,-16.94,-30.39,-22.63,-30.54,109,-7.91,1,-17.52,-12.16,0,2,0,-43.61,0,DIRECAO
P4,-,0.0,-,-,,-,0,-,9.5,-,-,-,zebra,tot_env 0~3,3,531,361,1.47,214,317,40.3,-121.36,-22.85,0,0.94,-27.96,-31.32,42,70,112,-21.95,-65.2,122,175,297,,,,,232,,,,0,-12.14,53.1,1.924,52.0,-11.7,9.9,121.36,-1.0,-3.0,-35.27,-2.58,0,10,13,-4.62,-19.91,-28.9,-15.05,-28.87,-21.49,-27.96,112,-6.48,1,-15.49,-10.65,0,2,0,-50.29,0,DIRECAO
P4,-,0.0,-,-,,-,0,-,0.5,-,-,-,zebra,dif>=1,1,761,761,1.0,361,400,47.4,-121.43,-15.96,0,-4.39,-20.9,-38.67,82,103,185,-18.2,-81.55,207,241,448,,,,,421,,,,0,-12.14,76.1,1.812,55.2,-7.7,8.0,121.43,-1.0,-1.0,-26.16,3.07,1,9,11,-4.9,-15.62,-16.51,-5.21,-20.68,-14.37,-20.9,185,-6.53,1,-5.41,-3.75,0,2,0,-47.7,0,DIRECAO
P2,-,0.0,-,-,,-,0,-,5.5,9.5,1.96,-,zebra,-,3,659,505,1.3,263,396,39.9,-121.45,-18.43,0,3.75,-4.94,-8.5,80,92,172,-18.53,-71.14,153,231,384,,,,,340,,,,0,-12.14,65.9,2.057,48.6,-8.7,8.5,121.91,-1.0,-3.0,-38.66,8.03,2,8,11,-4.4,-24.7,-8.69,-9.29,-23.15,-23.19,-4.94,172,18.25,4,-9.21,-6.23,0,2,0,-22.41,0,DIRECAO
P2,-,0.0,-,-,,-,0,-,0.5,9.5,1.32,1.86,zebra,-,-,2259,888,2.54,1310,949,58.0,-121.47,-5.38,0,-0.97,-8.22,-45.96,314,245,559,-6.35,-84.5,764,566,1330,,,,,455,,,,0,-12.15,225.9,1.639,61.0,-3.0,6.7,123.96,-1.0,-7.0,-28.42,3.89,3,7,14,-2.26,-4.23,-7.25,5.61,-10.1,-4.44,-8.22,559,-3.78,1,5.38,6.83,0,2,0,-62.29,0,DIRECAO
P4,-,0.0,-,-,,-,0,-,9.5,-,-,-,zebra,tot_env 0~3,6,535,361,1.48,216,319,40.4,-121.48,-22.71,0,0.71,-28.6,-32.32,42,71,113,-22.21,-66.2,122,176,298,,,,,232,,,,0,-12.15,53.5,1.924,52.0,-11.6,9.9,121.48,-1.0,-4.0,-34.26,-2.58,0,10,13,-4.56,-19.5,-29.31,-14.9,-28.73,-21.13,-28.6,113,-7.47,2,-15.34,-10.5,0,2,0,-51.29,0,DIRECAO
P2,-,0.0,-,-,,-,0,-,0.5,-,1.62,-,zebra,-,2,1766,921,1.92,920,846,52.1,-121.66,-6.89,0,1.98,-6.2,-26.79,227,205,432,-7.9,-82.82,541,508,1049,,,,,468,,,,0,-12.17,176.6,1.805,55.4,-3.3,7.7,123.94,-1.0,-2.0,-27.76,1.18,1,9,10,-2.54,-6.11,-8.18,4.1,-11.61,-7.11,-6.2,432,0.91,1,3.86,5.31,0,2,0,-54.47,0,DIRECAO
P2,-,0.0,-,-,,-,0,-,0.5,9.5,1.32,1.86,zebra,-,6,2255,888,2.54,1307,948,58.0,-121.67,-5.4,0,-1.0,-8.31,-46.38,313,245,558,-6.39,-84.92,763,566,1329,,,,,455,,,,0,-12.17,225.5,1.639,61.0,-3.1,6.7,124.16,-1.0,-6.0,-28.42,4.52,3,7,14,-2.26,-4.22,-7.31,5.59,-10.12,-4.44,-8.31,558,-3.88,1,5.36,6.81,0,2,0,-62.71,0,DIRECAO
P2,-,0.0,-,-,,-,0,-,6.5,9.5,1.77,1.98,zebra,-,2,933,697,1.34,430,503,46.1,-122.0,-13.08,0,-1.01,-14.74,-32.14,98,120,218,-16.42,-90.12,243,306,549,,,,,407,,,,0,-12.2,93.3,1.889,52.9,-6.9,8.2,124.5,-1.0,-2.0,-29.66,1.14,1,9,10,-3.81,-12.69,-13.73,-2.73,-17.8,-12.57,-14.74,218,-2.18,1,-2.86,-0.87,0,2,0,-47.49,0,DIRECAO
P2,-,0.0,-,-,,-,0,-,10.5,-,1.77,-,zebra,-,3,531,309,1.72,203,328,38.2,-122.23,-23.02,0,-4.65,-30.47,-33.52,37,73,110,-25.79,-77.36,110,190,300,,,,,224,,,,0,-12.22,53.1,2.027,49.3,-11.1,11.2,123.07,-1.0,-3.0,-37.19,-0.04,0,10,13,-4.4,-21.63,-25.82,-15.71,-29.04,-21.07,-30.47,110,-9.4,1,-16.34,-10.82,0,2,0,-45.45,0,DIRECAO
P1,-,0.0,-,-,,-,0,-,9.5,9.5,-,-,zebra,-,1,517,517,1.0,206,311,39.8,-122.26,-23.65,0,0.07,-22.82,-27.15,47,72,119,-23.65,-70.95,120,180,300,,,,,320,,,,0,-12.23,51.7,1.941,51.5,-11.7,9.5,122.26,-1.0,-1.0,-38.81,0.95,1,9,12,-5.7,-24.09,-22.89,-14.43,-28.37,-23.9,-22.82,119,1.08,1,-14.37,-11.45,0,2,0,-43.49,0,DIRECAO
P2,-,0.0,-,-,,-,0,-,6.5,9.5,1.62,1.98,zebra,-,2,1542,882,1.75,803,739,52.1,-122.96,-7.97,0,-0.81,-10.75,-41.19,194,189,383,-10.12,-93.34,470,452,922,,,,,455,,,,0,-12.3,154.2,1.778,56.2,-4.2,7.8,125.24,-1.0,-2.0,-27.93,1.25,1,9,10,-2.86,-6.77,-9.94,3.02,-12.69,-7.06,-10.75,383,-3.7,1,2.78,4.23,0,2,0,-58.27,0,DIRECAO
P2,-,0.0,-,-,,-,0,-,5.5,-,1.62,-,zebra,-,2,1757,920,1.91,914,843,52.0,-123.25,-7.01,0,2.08,-5.93,-25.44,226,203,429,-7.79,-81.47,540,506,1046,,,,,468,,,,0,-12.32,175.7,1.805,55.4,-3.4,7.7,125.53,-1.0,-2.0,-30.05,2.18,1,9,10,-2.57,-6.41,-8.01,3.97,-11.73,-7.37,-5.93,429,1.44,1,3.74,5.19,0,2,0,-53.12,0,DIRECAO
P2,-,0.0,-,-,,-,0,-,6.5,-,1.32,1.98,zebra,-,2,1665,905,1.84,879,786,52.8,-123.45,-7.41,0,-0.09,-10.69,-42.98,205,197,402,-9.35,-91.61,507,473,980,,,,,463,,,,0,-12.35,166.5,1.767,56.6,-3.8,7.8,125.73,-1.0,-2.0,-30.52,0.7,1,9,10,-2.74,-5.5,-10.6,3.57,-12.13,-6.37,-10.69,402,-4.32,1,3.34,4.79,0,2,0,-66.22,0,DIRECAO
P2,-,0.0,-,-,,-,0,-,7.5,9.5,1.77,1.98,zebra,-,3,865,643,1.35,393,472,45.4,-123.53,-14.28,0,0.7,-14.37,-29.31,92,112,204,-17.18,-89.0,227,291,518,,,,,383,,,,0,-12.35,86.5,1.891,52.9,-7.5,8.5,127.05,-1.0,-3.0,-30.28,-1.0,0,10,12,-3.95,-13.81,-15.07,-4.27,-19.0,-14.25,-14.37,204,-0.11,4,-4.34,-2.08,0,2,0,-48.68,0,DIRECAO
P2,-,0.0,-,-,,-,0,-,0.5,9.5,1.77,1.98,zebra,-,3,980,704,1.39,454,526,46.3,-123.75,-12.63,0,-1.27,-13.6,-30.74,103,123,226,-16.29,-93.64,255,320,575,,,,,411,,,,0,-12.38,98.0,1.889,52.9,-6.6,8.2,127.22,-1.0,-3.0,-28.08,2.57,2,8,10,-3.72,-12.8,-12.33,-2.24,-17.35,-12.34,-13.6,226,-1.27,4,-2.37,-0.42,0,2,0,-44.65,0,DIRECAO
P1,-,0.0,-,-,,-,0,-,9.5,9.5,-,-,zebra,-,2,519,517,1.0,206,313,39.7,-124.26,-23.94,0,0.07,-22.82,-27.15,47,72,119,-23.65,-70.95,120,180,300,,,,,320,,,,0,-12.43,51.9,1.94,51.5,-11.9,9.5,124.26,-1.0,-2.0,-39.81,0.95,1,9,12,-5.76,-24.55,-22.89,-14.72,-28.66,-24.28,-22.82,119,1.46,7,-14.66,-11.74,0,2,0,-43.49,0,DIRECAO
P4,-,0.0,-,-,,-,0,-,9.5,-,-,-,zebra,dif>=2,3,413,271,1.52,147,266,35.6,-124.3,-30.1,0,-17.11,-47.3,-43.52,24,68,92,-34.3,-77.86,75,152,227,,,,,204,,,,0,-12.43,41.3,2.004,49.9,-14.3,10.9,124.3,-1.0,-3.0,-36.07,4.94,2,8,12,-5.59,-30.05,-30.19,-23.15,-36.12,-25.17,-47.3,92,-22.14,1,-23.68,-17.89,0,2,0,-42.57,0,DIRECAO
P4,-,0.0,-,-,,-,0,-,6.5,8.5,-,-,zebra,dif 0~1,3,1876,879,2.13,995,881,53.0,-124.48,-6.64,0,-0.51,-7.78,-37.05,248,228,476,-8.67,-96.92,580,538,1118,,,,,457,,,,0,-12.45,187.6,1.78,56.2,-3.1,7.5,126.76,-1.0,-3.0,-30.21,6.63,1,9,11,-2.41,-6.23,-7.27,4.35,-11.36,-6.24,-7.78,476,-1.54,3,4.12,5.57,0,2,0,-52.87,0,DIRECAO
P2,-,0.0,-,-,,-,0,-,6.5,9.5,1.96,-,zebra,-,3,656,502,1.31,260,396,39.6,-124.86,-19.03,0,3.75,-4.94,-8.5,80,92,172,-18.53,-71.14,153,231,384,,,,,337,,,,0,-12.49,65.6,2.056,48.6,-9.0,8.5,124.86,-1.0,-3.0,-41.11,8.03,2,8,11,-4.54,-25.74,-8.69,-9.91,-23.75,-24.04,-4.94,172,19.1,4,-9.83,-6.83,0,2,0,-22.41,0,DIRECAO
P2,-,0.0,-,-,,-,0,-,8.5,-,1.96,-,zebra,-,1,514,514,1.0,190,324,37.0,-124.88,-24.3,0,0.66,-19.09,-23.67,49,75,124,-26.31,-78.14,107,190,297,,,,,343,,,,0,-12.49,51.4,2.055,48.7,-11.7,9.4,125.86,-1.0,-1.0,-39.15,6.19,2,8,15,-5.56,-27.01,-19.75,-15.1,-29.02,-25.95,-19.09,124,6.86,1,-15.03,-12.09,0,2,0,-37.92,0,DIRECAO
P1,-,0.0,-,-,,-,0,-,9.5,10.5,-,-,zebra,-,1,517,517,1.0,204,313,39.5,-124.95,-24.17,0,0.89,-22.82,-27.15,47,72,119,-24.05,-72.14,119,181,300,,,,,320,,,,0,-12.5,51.7,1.944,51.4,-12.0,9.5,124.95,-1.0,-1.0,-38.72,0.95,1,9,12,-5.82,-24.44,-23.71,-14.95,-28.89,-24.57,-22.82,119,1.76,1,-14.89,-11.97,0,2,0,-45.04,0,DIRECAO
P2,-,0.0,-,-,,-,0,-,9.5,-,1.77,-,zebra,-,1,498,498,1.0,190,308,38.2,-125.16,-25.13,0,3.55,-21.57,-24.16,44,68,112,-26.24,-76.11,109,181,290,,,,,314,,,,0,-12.52,49.8,1.98,50.5,-12.3,9.6,125.16,-1.0,-1.0,-37.57,0.95,2,8,12,-5.86,-25.14,-25.12,-16.04,-29.85,-26.17,-21.57,112,4.59,1,-15.97,-12.93,0,2,0,-45.97,0,DIRECAO
P2,-,0.0,-,-,,-,0,-,0.5,-,1.32,1.86,zebra,-,3,2125,897,2.37,1210,915,56.9,-125.89,-5.92,0,-0.92,-9.5,-49.69,286,237,523,-7.96,-99.43,696,553,1249,,,,,459,,,,0,-12.59,212.5,1.66,60.2,-3.3,7.2,127.81,-1.0,-3.0,-25.83,10.42,2,8,10,-2.51,-4.32,-8.58,5.06,-10.64,-4.76,-9.5,523,-4.74,1,4.83,6.28,0,2,0,-68.74,0,DIRECAO
P2,-,0.0,-,-,,-,0,-,5.5,9.5,1.77,1.98,zebra,-,3,975,701,1.39,450,525,46.2,-126.38,-12.96,0,-1.27,-13.6,-30.74,103,123,226,-16.29,-93.64,255,320,575,,,,,410,,,,0,-12.64,97.5,1.889,52.9,-6.8,8.3,129.85,-1.0,-3.0,-29.96,2.57,2,8,10,-3.8,-13.33,-12.33,-2.59,-17.68,-12.77,-13.6,226,-0.83,4,-2.72,-0.76,0,2,0,-44.65,0,DIRECAO
P2,-,0.0,-,-,,-,0,-,9.5,-,1.62,-,zebra,-,1,517,517,1.0,203,314,39.3,-126.54,-24.48,0,1.72,-22.82,-27.15,47,72,119,-24.58,-73.73,118,182,300,,,,,319,,,,0,-12.65,51.7,1.948,51.3,-12.1,9.5,126.54,-1.0,-1.0,-38.72,0.95,1,9,12,-5.89,-24.44,-24.54,-15.26,-29.2,-24.97,-22.82,119,2.16,1,-15.19,-12.27,0,2,0,-46.63,0,DIRECAO
P2,-,0.0,-,-,,-,0,-,8.5,-,1.77,-,zebra,-,1,673,673,1.0,282,391,41.9,-126.57,-18.81,0,0.01,-17.28,-28.16,69,94,163,-19.28,-77.68,168,235,403,,,,,387,,,,0,-12.66,67.3,1.949,51.3,-9.4,8.9,127.55,-1.0,-1.0,-38.78,2.93,1,9,14,-5.08,-19.76,-17.29,-8.61,-23.53,-19.3,-17.28,163,2.02,1,-8.71,-6.6,0,2,0,-44.77,0,DIRECAO
P4,-,0.0,-,-,,-,0,-,0.5,-,-,-,zebra,tot_env>=1,1,838,838,1.0,403,435,48.1,-126.65,-15.11,0,0.88,-17.25,-35.37,95,110,205,-17.72,-87.56,230,264,494,,,,,446,,,,0,-12.67,83.8,1.807,55.3,-7.3,7.9,126.65,-1.0,-1.0,-22.47,-2.63,0,10,13,-4.9,-13.27,-18.13,-4.12,-19.83,-14.42,-17.25,205,-2.83,1,-4.36,-2.91,0,2,0,-57.64,0,DIRECAO
P1,-,0.0,-,-,,-,0,-,6.5,9.5,-,-,zebra,-,2,1744,914,1.91,908,836,52.1,-126.65,-7.26,0,0.01,-8.78,-37.33,216,209,425,-8.64,-89.17,529,503,1032,,,,,466,,,,0,-12.66,174.4,1.799,55.6,-3.5,7.7,128.93,-1.0,-2.0,-30.04,2.58,1,9,10,-2.65,-6.33,-8.79,3.73,-11.98,-6.77,-8.78,425,-2.01,1,3.49,4.94,0,2,0,-58.1,0,DIRECAO
P4,-,0.0,-,-,,-,0,-,0.5,-,-,-,zebra,dif>=2,1,466,466,1.0,188,278,40.3,-126.9,-27.23,0,-7.23,-28.82,-33.72,46,71,117,-27.83,-77.65,112,167,279,,,,,326,,,,0,-12.69,46.6,1.86,53.8,-13.4,8.7,128.46,-1.0,-1.0,-28.98,3.83,2,8,13,-6.52,-30.66,-21.59,-18.44,-31.95,-26.7,-28.82,117,-2.12,1,-18.49,-15.03,0,2,0,-38.0,0,DIRECAO
P4,-,0.0,-,-,,-,0,-,9.5,-,-,-,zebra,dif>=0,1,518,518,1.0,203,315,39.2,-127.44,-24.6,0,1.48,-23.46,-28.15,47,73,120,-24.54,-73.63,118,182,300,,,,,319,,,,0,-12.74,51.8,1.947,51.4,-12.2,9.5,127.44,-1.0,-1.0,-39.72,0.95,1,9,12,-5.93,-24.41,-24.94,-15.38,-29.32,-24.95,-23.46,120,1.49,1,-15.32,-12.4,0,2,0,-47.63,0,DIRECAO
P2,-,0.0,-,-,,-,0,-,9.5,-,1.62,1.98,zebra,-,3,643,393,1.64,278,365,43.2,-127.55,-19.84,0,-2.18,-28.19,-38.62,53,84,137,-20.96,-77.34,158,211,369,,,,,253,,,,0,-12.76,64.3,1.862,53.7,-10.5,10.3,128.52,-1.0,-3.0,-46.87,7.61,2,8,15,-4.52,-16.51,-26.01,-11.73,-25.86,-17.58,-28.19,137,-10.61,1,-12.05,-7.63,0,2,0,-58.53,0,DIRECAO
P4,-,0.0,-,-,,-,0,-,7.5,8.5,-,-,zebra,tot_env 0~3,3,1318,814,1.62,658,660,49.9,-128.06,-9.72,0,1.85,-9.12,-30.64,168,168,336,-11.35,-90.03,389,404,793,,,,,432,,,,0,-12.81,131.8,1.831,54.6,-4.7,8.0,129.69,-1.0,-2.0,-32.15,2.5,1,9,12,-3.17,-8.9,-10.97,1.27,-14.44,-9.92,-9.12,336,0.8,3,1.04,2.49,0,2,0,-56.94,0,DIRECAO
P2,-,0.0,-,-,,-,0,-,5.5,-,1.32,1.86,zebra,-,3,1976,892,2.22,1112,864,56.3,-128.28,-6.49,0,-0.76,-9.34,-45.86,268,223,491,-8.03,-93.9,648,521,1169,,,,,456,,,,0,-12.83,197.6,1.669,59.9,-3.6,7.4,131.43,-1.0,-3.0,-30.57,8.68,1,9,10,-2.68,-5.2,-8.58,4.5,-11.21,-5.55,-9.34,491,-3.79,1,4.26,5.71,0,2,0,-64.79,0,DIRECAO
P2,-,0.0,-,-,,-,0,-,7.5,9.5,1.62,1.98,zebra,-,2,1295,784,1.65,651,644,50.3,-128.53,-9.93,0,1.12,-9.73,-30.95,160,158,318,-11.32,-87.54,383,390,773,,,,,418,,,,0,-12.85,129.5,1.803,55.5,-5.2,8.2,131.2,-1.0,-2.0,-32.96,-2.36,0,10,10,-3.25,-9.36,-10.85,0.96,-14.65,-9.99,-9.73,318,0.26,1,0.75,2.28,0,2,0,-53.4,0,DIRECAO
P1,-,0.0,-,-,,-,0,-,9.5,-,-,-,zebra,-,1,519,519,1.0,203,316,39.1,-128.54,-24.77,0,1.48,-23.46,-28.15,47,73,120,-24.83,-74.73,118,183,301,,,,,320,,,,0,-12.85,51.9,1.946,51.4,-12.3,9.5,128.54,-1.0,-1.0,-39.72,0.95,1,9,12,-5.98,-24.67,-24.94,-15.54,-29.49,-25.16,-23.46,120,1.7,1,-15.48,-12.56,0,2,0,-47.63,0,DIRECAO
P2,-,0.0,-,-,,-,0,-,6.5,9.5,1.77,1.98,zebra,-,3,968,697,1.39,445,523,46.0,-128.76,-13.3,0,-1.44,-14.04,-31.32,101,122,223,-16.51,-94.08,252,318,570,,,,,407,,,,0,-12.88,96.8,1.889,52.9,-7.0,8.3,132.23,-1.0,-3.0,-30.94,2.57,2,8,10,-3.88,-13.72,-12.6,-2.96,-18.02,-13.08,-14.04,223,-0.97,4,-3.08,-1.1,0,2,0,-45.23,0,DIRECAO
P2,-,0.0,-,-,,-,0,-,8.5,9.5,1.62,1.98,zebra,-,2,853,589,1.45,399,454,46.8,-129.21,-15.15,0,-1.53,-14.09,-27.9,93,105,198,-14.04,-71.9,243,269,512,,,,,340,,,,0,-12.92,85.3,1.827,54.7,-7.9,8.9,131.81,-1.0,-2.0,-43.44,1.24,1,9,12,-4.11,-16.65,-12.56,-5.48,-19.87,-15.47,-14.09,198,1.38,1,-5.49,-2.95,0,2,0,-39.45,0,DIRECAO
P4,-,0.0,-,-,,-,0,-,7.5,-,-,-,zebra,tot_env>=1,1,654,654,1.0,280,374,42.8,-130.12,-19.9,0,-2.56,-22.47,-35.72,65,94,159,-22.07,-85.86,162,227,389,,,,,393,,,,0,-13.01,65.4,1.904,52.5,-9.7,8.9,130.12,-1.0,-1.0,-38.92,-0.64,0,10,9,-5.45,-19.89,-19.91,-9.82,-24.62,-19.07,-22.47,159,-3.39,1,-9.9,-7.69,0,2,0,-50.38,0,DIRECAO
P2,-,0.0,-,-,,-,0,-,8.5,9.5,1.62,1.98,zebra,-,3,854,589,1.45,399,455,46.7,-130.21,-15.25,0,-1.53,-14.09,-27.9,93,105,198,-14.04,-71.9,243,269,512,,,,,340,,,,0,-13.02,85.4,1.828,54.7,-8.0,8.9,132.81,-1.0,-2.0,-44.44,1.24,1,9,12,-4.14,-16.81,-12.56,-5.58,-19.97,-15.6,-14.09,198,1.51,4,-5.59,-3.04,0,2,0,-39.45,0,DIRECAO
P4,-,0.0,-,-,,-,0,-,9.5,-,-,-,zebra,dif>=2,6,437,271,1.61,156,281,35.7,-130.23,-29.8,0,-15.35,-47.32,-44.95,25,70,95,-35.59,-83.29,76,158,234,,,,,204,,,,0,-13.02,43.7,2.007,49.8,-14.1,11.1,130.23,-1.0,-3.0,-38.06,8.47,2,8,14,-5.68,-28.7,-31.97,-22.85,-35.82,-24.94,-47.32,95,-22.38,2,-23.38,-17.6,0,2,0,-47.0,0,DIRECAO
P2,-,0.0,-,-,,-,0,-,7.5,-,1.96,-,zebra,-,1,601,601,1.0,230,371,38.3,-130.6,-21.73,0,5.09,-12.88,-18.55,61,83,144,-23.31,-81.34,131,218,349,,,,,381,,,,0,-13.06,60.1,2.051,48.8,-10.5,9.0,131.58,-1.0,-1.0,-41.09,3.2,1,9,13,-5.35,-23.95,-17.97,-11.99,-26.45,-24.52,-12.88,144,11.64,1,-12.01,-9.53,0,2,0,-40.08,0,DIRECAO
P2,-,0.0,-,-,,-,0,-,8.5,9.5,1.32,1.98,zebra,-,2,876,601,1.46,413,463,47.1,-130.8,-14.93,0,-2.83,-14.95,-29.9,93,107,200,-13.48,-70.21,250,271,521,,,,,345,,,,0,-13.08,87.6,1.82,55.0,-7.8,8.9,133.4,-1.0,-2.0,-44.94,1.76,1,9,12,-4.13,-16.55,-12.12,-5.19,-19.65,-14.93,-14.95,200,-0.02,1,-5.21,-2.73,0,2,0,-38.92,0,DIRECAO
P1,-,0.0,-,-,,-,0,-,6.5,10.5,-,-,zebra,-,2,1755,914,1.92,910,845,51.9,-131.23,-7.48,0,0.52,-8.57,-36.49,217,209,426,-8.48,-87.99,532,506,1038,,,,,466,,,,0,-13.12,175.5,1.802,55.5,-3.6,7.7,133.51,-1.0,-2.0,-32.1,-0.03,0,10,10,-2.72,-6.5,-9.09,3.51,-12.2,-7.13,-8.57,426,-1.44,1,3.28,4.73,0,2,0,-60.16,0,DIRECAO
P2,-,0.0,-,-,,-,0,-,9.5,-,1.62,1.98,zebra,-,4,677,393,1.72,294,383,43.4,-131.35,-19.4,0,-2.67,-29.33,-41.65,54,88,142,-21.57,-83.92,165,224,389,,,,,253,,,,0,-13.13,67.7,1.863,53.7,-10.3,10.4,132.32,-1.0,-4.0,-47.01,10.53,1,9,15,-4.5,-15.54,-26.66,-11.3,-25.42,-16.77,-29.33,142,-12.56,1,-11.61,-7.2,0,2,0,-62.65,0,DIRECAO
P2,-,0.0,-,-,,-,0,-,8.5,9.5,1.32,1.98,zebra,-,3,877,601,1.46,413,464,47.1,-131.8,-15.03,0,-2.83,-14.95,-29.9,93,107,200,-13.48,-70.21,250,271,521,,,,,345,,,,0,-13.18,87.7,1.82,55.0,-7.9,8.9,134.4,-1.0,-2.0,-45.94,1.76,1,9,12,-4.16,-16.71,-12.12,-5.28,-19.75,-15.05,-14.95,200,0.1,4,-5.31,-2.83,0,2,0,-38.92,0,DIRECAO
P2,-,0.0,-,-,,-,0,-,9.5,-,1.32,1.98,zebra,-,3,659,397,1.66,285,374,43.2,-132.73,-20.14,0,-2.56,-27.49,-39.04,56,86,142,-20.6,-77.65,163,214,377,,,,,254,,,,0,-13.27,65.9,1.854,53.9,-10.7,10.3,133.7,-1.0,-3.0,-50.28,6.15,2,8,15,-4.66,-17.54,-24.93,-12.0,-26.16,-18.12,-27.49,142,-9.37,1,-12.3,-7.94,0,2,0,-57.84,0,DIRECAO
P4,-,0.0,-,-,,-,0,-,0.5,8.5,-,-,zebra,tot_env>=1,6,1124,662,1.7,605,519,53.8,-132.9,-11.82,0,-0.86,-14.18,-38.01,139,129,268,-15.0,-99.45,345,318,663,,,,,387,,,,0,-13.29,112.4,1.679,59.6,-5.7,6.5,132.9,-1.0,-5.0,-34.74,6.85,1,9,8,-4.07,-10.9,-13.32,-1.7,-16.54,-11.09,-14.18,268,-3.1,2,-1.79,0.38,0,2,0,-57.03,0,DIRECAO
P2,-,0.0,-,-,,-,0,-,6.5,-,1.62,1.98,zebra,-,2,1590,890,1.79,823,767,51.8,-133.04,-8.37,0,-0.67,-11.22,-43.64,196,193,389,-9.91,-93.49,481,462,943,,,,,456,,,,0,-13.3,159.0,1.782,56.1,-4.3,7.9,135.32,-1.0,-2.0,-32.14,-2.39,0,10,10,-3.04,-7.06,-10.55,2.62,-13.09,-7.44,-11.22,389,-3.77,1,2.39,3.84,0,2,0,-62.85,0,DIRECAO
P4,-,0.0,-,-,,-,0,-,0.5,8.5,-,-,zebra,tot_env>=1,3,1086,662,1.64,579,507,53.3,-133.1,-12.26,0,0.04,-13.93,-36.07,134,125,259,-15.74,-100.88,329,312,641,,,,,387,,,,0,-13.31,108.6,1.685,59.3,-6.0,6.6,133.1,-1.0,-3.0,-35.83,5.8,1,9,12,-4.14,-11.21,-13.97,-2.13,-16.98,-11.73,-13.93,259,-2.19,1,-2.22,-0.05,0,2,0,-57.69,0,DIRECAO
P4,-,0.0,-,-,,-,0,-,0.5,8.5,-,-,zebra,dif>=0,3,2347,908,2.58,1285,1062,54.8,-134.0,-5.71,0,0.69,-5.22,-30.8,323,267,590,-7.38,-103.02,749,646,1395,,,,,467,,,,0,-13.4,234.7,1.742,57.4,-2.7,7.1,136.9,-1.0,-3.0,-37.53,12.06,2,8,14,-2.27,-5.58,-5.91,5.28,-10.43,-5.87,-5.22,590,0.65,1,5.04,6.49,0,2,0,-53.54,0,DIRECAO
P2,-,0.0,-,-,,-,0,-,7.5,9.5,1.32,1.98,zebra,-,2,1332,798,1.67,671,661,50.4,-134.95,-10.13,0,0.19,-10.85,-34.95,160,162,322,-11.37,-89.71,392,397,789,,,,,423,,,,0,-13.49,133.2,1.796,55.7,-5.3,8.2,137.62,-1.0,-2.0,-35.86,-1.62,0,10,10,-3.37,-9.58,-11.04,0.85,-14.85,-9.9,-10.85,322,-0.95,1,0.61,2.07,0,2,0,-55.73,0,DIRECAO
P1,-,0.0,-,-,,-,0,-,0.5,8.5,-,-,zebra,-,3,2350,909,2.59,1286,1064,54.7,-135.19,-5.75,0,0.59,-5.49,-32.37,322,268,590,-7.56,-105.59,748,648,1396,,,,,467,,,,0,-13.52,235.0,1.742,57.4,-2.7,7.1,138.09,-1.0,-3.0,-38.53,12.06,2,8,14,-2.28,-5.55,-6.08,5.24,-10.47,-5.84,-5.49,590,0.36,4,5.0,6.45,0,2,0,-55.11,0,DIRECAO
P4,-,0.0,-,-,,-,0,-,0.5,8.5,-,-,zebra,tot_env 0~3,6,2515,879,2.86,1390,1125,55.3,-135.31,-5.38,0,1.3,-5.77,-36.63,348,287,635,-7.57,-113.0,806,687,1493,,,,,457,,,,0,-13.53,251.5,1.735,57.6,-2.4,6.9,142.06,-1.0,-6.0,-40.93,6.16,1,9,14,-2.17,-4.33,-7.07,5.61,-10.1,-5.25,-5.77,635,-0.52,1,5.37,6.82,0,2,0,-68.29,0,DIRECAO
P2,-,0.0,-,-,,-,0,-,7.5,9.5,1.96,-,zebra,-,2,611,488,1.25,233,378,38.1,-135.34,-22.15,0,2.78,-10.79,-17.26,70,90,160,-22.16,-79.55,137,222,359,,,,,331,,,,0,-13.53,61.1,2.054,48.7,-10.6,8.6,135.34,-1.0,-2.0,-42.11,7.05,2,8,12,-5.16,-27.74,-13.57,-13.15,-26.87,-26.18,-10.79,160,15.39,1,-13.12,-9.95,0,2,0,-32.71,0,DIRECAO
P4,-,0.0,-,-,,-,0,-,0.5,-,-,-,zebra,dif<=0,6,2307,887,2.6,1243,1064,53.9,-135.45,-5.87,0,0.56,-6.14,-35.02,305,265,570,-6.63,-91.49,737,643,1380,,,,,456,,,,0,-13.54,230.7,1.775,56.3,-2.5,7.5,136.92,-1.0,-6.0,-39.4,8.99,2,8,12,-2.39,-5.36,-6.7,5.12,-10.59,-5.78,-6.14,570,-0.36,1,4.88,6.33,0,2,0,-58.7,0,DIRECAO
P2,-,0.0,-,-,,-,0,-,10.5,-,1.62,-,zebra,-,3,578,320,1.81,224,354,38.8,-135.93,-23.52,0,-4.65,-31.41,-38.95,42,82,124,-25.6,-84.22,123,206,329,,,,,229,,,,0,-13.59,57.8,1.994,50.1,-11.4,11.1,136.77,-1.0,-3.0,-41.36,-3.79,0,10,14,-4.63,-21.84,-26.76,-16.1,-29.54,-21.36,-31.41,124,-10.05,1,-16.69,-11.31,0,2,0,-52.71,0,DIRECAO
P2,-,0.0,-,-,,-,0,-,9.5,-,1.32,1.98,zebra,-,4,694,397,1.75,302,392,43.5,-135.94,-19.59,0,-3.02,-28.62,-42.07,57,90,147,-21.22,-84.23,170,227,397,,,,,254,,,,0,-13.59,69.4,1.855,53.9,-10.4,10.4,136.91,-1.0,-4.0,-50.42,9.07,1,9,15,-4.63,-16.37,-25.6,-11.45,-25.61,-17.16,-28.62,147,-11.46,1,-11.75,-7.39,0,2,0,-61.96,0,DIRECAO
P4,-,0.0,-,-,,-,0,-,0.5,8.5,-,-,zebra,tot_env 0~3,-,2528,879,2.88,1398,1130,55.3,-136.99,-5.42,0,1.19,-5.92,-37.8,350,289,639,-7.56,-113.31,810,689,1499,,,,,457,,,,0,-13.7,252.8,1.734,57.7,-2.4,6.8,143.15,-1.0,-8.0,-40.93,5.01,1,9,15,-2.19,-4.36,-7.11,5.57,-10.14,-5.25,-5.92,639,-0.66,1,5.33,6.78,0,2,0,-69.08,0,DIRECAO
P2,-,0.0,-,-,,-,0,-,6.5,-,1.32,1.86,zebra,-,3,1623,840,1.93,884,739,54.5,-137.21,-8.45,0,-1.77,-13.36,-53.42,206,194,400,-10.55,-100.99,510,447,957,,,,,441,,,,0,-13.72,162.3,1.687,59.3,-4.8,7.8,141.02,-1.0,-3.0,-35.3,5.06,1,9,10,-3.21,-6.5,-11.59,2.54,-13.17,-6.85,-13.36,400,-6.5,1,2.3,3.75,0,2,0,-72.23,0,DIRECAO
P1,-,0.0,-,-,,-,0,-,10.5,-,-,-,zebra,-,3,587,321,1.83,229,358,39.0,-137.22,-23.38,0,-4.47,-29.98,-38.37,45,83,128,-25.09,-84.05,127,208,335,,,,,230,,,,0,-13.72,58.7,1.987,50.3,-11.3,11.1,138.06,-1.0,-3.0,-43.36,-2.46,0,10,15,-4.64,-22.25,-25.51,-15.95,-29.4,-21.54,-29.98,128,-8.44,1,-16.54,-11.17,0,2,0,-51.54,0,DIRECAO
P2,-,0.0,-,-,,-,0,-,10.5,-,1.77,-,zebra,-,4,562,309,1.82,211,351,37.5,-137.54,-24.47,0,-5.45,-31.18,-35.55,38,76,114,-27.28,-86.49,114,203,317,,,,,224,,,,0,-13.75,56.2,2.026,49.4,-11.8,11.3,138.38,-1.0,-4.0,-36.3,0.93,1,9,13,-4.99,-23.86,-25.73,-17.16,-30.49,-22.77,-31.18,114,-8.42,1,-17.79,-12.27,0,2,0,-47.35,0,DIRECAO
P4,-,0.0,-,-,,-,0,-,0.5,-,-,-,zebra,dif<=0,-,2315,887,2.61,1247,1068,53.9,-137.56,-5.94,0,0.5,-6.31,-36.02,305,266,571,-6.66,-92.01,738,644,1382,,,,,456,,,,0,-13.76,231.5,1.774,56.4,-2.5,7.5,139.03,-1.0,-8.0,-39.4,8.99,2,8,13,-2.42,-5.41,-6.81,5.05,-10.66,-5.82,-6.31,571,-0.49,1,4.81,6.26,0,2,0,-59.7,0,DIRECAO
P2,-,0.0,-,-,,-,0,-,7.5,9.5,1.96,-,zebra,-,3,627,488,1.28,239,388,38.1,-138.38,-22.07,0,2.75,-9.54,-15.74,73,92,165,-21.71,-80.56,142,229,371,,,,,331,,,,0,-13.84,62.7,2.056,48.6,-10.5,8.6,138.38,-1.0,-3.0,-43.11,7.05,2,8,12,-5.09,-28.56,-12.29,-13.07,-26.79,-26.55,-9.54,165,17.01,4,-13.04,-9.87,0,2,0,-30.72,0,DIRECAO
P1,-,0.0,-,-,,-,0,-,4.5,8.5,-,-,zebra,-,3,2342,907,2.58,1279,1063,54.6,-138.39,-5.91,0,0.72,-5.33,-31.37,322,267,589,-7.59,-105.75,746,647,1393,,,,,467,,,,0,-13.84,234.2,1.743,57.4,-2.8,7.2,141.29,-1.0,-3.0,-37.53,11.47,2,8,14,-2.34,-5.82,-6.05,5.08,-10.63,-6.1,-5.33,589,0.78,1,4.84,6.29,0,2,0,-54.7,0,DIRECAO
P2,-,0.0,-,-,,-,0,-,6.5,9.5,1.62,-,zebra,-,2,1694,905,1.87,864,830,51.0,-138.68,-8.19,0,0.58,-8.24,-34.54,213,206,419,-9.42,-95.29,510,502,1012,,,,,464,,,,0,-13.87,169.4,1.817,55.0,-4.0,7.8,140.96,-1.0,-2.0,-32.99,-0.12,0,10,10,-2.93,-7.8,-8.82,2.8,-12.91,-8.17,-8.24,419,-0.08,1,2.57,4.02,0,2,0,-56.91,0,DIRECAO
P2,-,0.0,-,-,,-,0,-,9.5,-,1.62,1.98,zebra,-,6,692,393,1.76,298,394,43.1,-139.06,-20.1,0,-3.03,-30.31,-43.65,54,90,144,-22.23,-88.27,167,230,397,,,,,253,,,,0,-13.91,69.2,1.863,53.7,-10.6,10.5,140.03,-1.0,-5.0,-48.01,8.17,1,9,15,-4.81,-16.35,-27.28,-11.99,-26.12,-17.41,-30.31,144,-12.9,1,-12.31,-7.89,0,2,0,-64.65,0,DIRECAO
P2,-,0.0,-,-,,-,0,-,7.5,-,1.62,1.98,zebra,-,2,1349,792,1.7,674,675,50.0,-139.2,-10.32,0,1.24,-10.31,-33.4,162,162,324,-10.93,-86.88,395,400,795,,,,,420,,,,0,-13.92,134.9,1.807,55.3,-5.4,8.3,141.87,-1.0,-2.0,-43.13,-3.47,0,10,10,-3.44,-9.59,-11.55,0.62,-15.04,-10.32,-10.31,324,0.01,1,0.39,1.88,0,2,0,-57.98,0,DIRECAO
P4,-,0.0,-,-,,-,0,-,0.5,8.5,-,-,zebra,dif>=1,3,883,570,1.55,451,432,51.1,-139.63,-15.81,0,-0.28,-15.37,-32.89,109,105,214,-18.48,-96.47,259,263,522,,,,,352,,,,0,-13.96,88.3,1.687,59.3,-8.2,6.6,139.63,-1.0,-3.0,-37.43,3.05,2,8,13,-4.79,-16.26,-15.09,-6.26,-20.53,-15.96,-15.37,214,0.59,1,-6.26,-3.61,0,2,0,-51.0,0,DIRECAO
P1,-,0.0,-,-,,-,0,-,6.5,-,-,-,zebra,-,2,1759,916,1.92,907,852,51.6,-139.96,-7.96,0,0.84,-8.99,-38.49,217,211,428,-8.95,-93.13,530,510,1040,,,,,466,,,,0,-14.0,175.9,1.803,55.5,-3.9,7.8,142.24,-1.0,-2.0,-34.1,-0.91,0,10,10,-2.9,-6.82,-9.83,3.03,-12.68,-7.62,-8.99,428,-1.37,1,2.8,4.25,0,2,0,-65.3,0,DIRECAO
P2,-,0.0,-,-,,-,0,-,9.5,-,1.62,1.98,zebra,-,-,693,393,1.76,298,395,43.0,-140.06,-20.21,0,-3.03,-30.31,-43.65,54,90,144,-22.43,-89.27,167,231,398,,,,,253,,,,0,-14.01,69.3,1.863,53.7,-10.7,10.5,141.03,-1.0,-5.0,-48.01,8.17,1,9,15,-4.85,-16.54,-27.28,-12.11,-26.23,-17.56,-30.31,144,-12.75,1,-12.42,-8.01,0,2,0,-64.65,0,DIRECAO
P4,-,0.0,-,-,,-,0,-,0.5,8.5,-,-,zebra,dif>=1,6,911,570,1.6,469,442,51.5,-140.63,-15.44,0,-0.67,-15.46,-34.16,113,108,221,-17.97,-96.48,269,268,537,,,,,352,,,,0,-14.06,91.1,1.681,59.5,-8.0,6.5,140.63,-1.0,-5.0,-36.34,4.1,2,8,9,-4.7,-15.84,-14.79,-5.89,-20.16,-15.43,-15.46,221,-0.03,2,-5.88,-3.23,0,2,0,-51.32,0,DIRECAO
P2,-,0.0,-,-,,-,0,-,8.5,-,1.77,1.98,zebra,-,2,764,536,1.43,330,434,43.2,-140.81,-18.43,0,1.99,-18.96,-32.43,73,98,171,-19.77,-90.35,194,263,457,,,,,323,,,,0,-14.08,76.4,1.893,52.8,-9.6,9.4,143.41,-1.0,-2.0,-38.77,-0.77,0,10,17,-4.75,-16.97,-20.95,-9.09,-23.15,-18.28,-18.96,171,-0.69,1,-9.05,-6.23,0,2,0,-58.67,0,DIRECAO
P2,-,0.0,-,-,,-,0,-,10.5,-,1.62,-,zebra,-,4,617,320,1.93,241,376,39.1,-141.8,-22.98,0,-5.88,-31.22,-40.27,44,85,129,-26.09,-91.07,130,219,349,,,,,229,,,,0,-14.18,61.7,1.992,50.2,-11.1,11.3,142.64,-1.0,-4.0,-39.55,-2.75,0,10,14,-4.65,-21.8,-25.34,-15.57,-29.0,-20.81,-31.22,129,-10.41,1,-16.15,-10.78,0,2,0,-52.21,0,DIRECAO
P4,-,0.0,-,-,,-,0,-,6.5,8.5,-,-,zebra,tot_env 0~3,3,1884,868,2.17,986,898,52.3,-142.37,-7.56,0,1.26,-7.9,-38.09,250,232,482,-9.98,-113.28,579,556,1135,,,,,453,,,,0,-14.24,188.4,1.787,56.0,-3.6,7.5,144.65,-1.0,-3.0,-30.88,2.99,1,9,11,-2.73,-6.51,-9.16,3.43,-12.28,-7.44,-7.9,482,-0.46,3,3.2,4.65,0,2,0,-68.0,0,DIRECAO
P1,-,0.0,-,-,,-,0,-,10.5,-,-,-,zebra,-,4,626,321,1.95,246,380,39.3,-143.09,-22.86,0,-5.65,-29.84,-39.69,47,86,133,-25.61,-90.9,134,221,355,,,,,230,,,,0,-14.31,62.6,1.986,50.4,-11.1,11.3,143.93,-1.0,-4.0,-41.55,-1.49,0,10,15,-4.65,-22.18,-24.19,-15.43,-28.88,-20.97,-29.84,133,-8.87,1,-16.02,-10.66,0,2,0,-51.04,0,DIRECAO
P2,-,0.0,-,-,,-,0,-,9.5,-,1.32,1.98,zebra,-,6,709,397,1.79,306,403,43.2,-143.65,-20.26,0,-3.37,-29.58,-44.07,57,92,149,-21.87,-88.58,172,233,405,,,,,254,,,,0,-14.37,70.9,1.856,53.9,-10.7,10.5,144.62,-1.0,-5.0,-51.42,6.71,1,9,15,-4.93,-17.14,-26.21,-12.12,-26.28,-17.78,-29.58,149,-11.8,1,-12.42,-8.06,0,2,0,-63.96,0,DIRECAO
P4,-,0.0,-,-,,-,0,-,7.5,-,-,-,zebra,dif<=0,3,1409,778,1.81,693,716,49.2,-143.85,-10.21,0,1.31,-10.31,-35.98,171,178,349,-10.61,-90.27,417,434,851,,,,,409,,,,0,-14.38,140.9,1.847,54.1,-5.0,8.5,144.54,-1.0,-3.0,-37.67,2.74,1,9,12,-3.38,-9.33,-11.62,0.64,-14.93,-10.18,-10.31,349,-0.13,1,0.43,1.99,0,2,0,-62.75,0,DIRECAO
P2,-,0.0,-,-,,-,0,-,9.5,-,1.32,1.98,zebra,-,-,710,397,1.79,306,404,43.1,-144.65,-20.37,0,-3.37,-29.58,-44.07,57,92,149,-22.06,-89.58,172,234,406,,,,,254,,,,0,-14.46,71.0,1.856,53.9,-10.8,10.5,145.62,-1.0,-5.0,-51.42,6.71,1,9,15,-4.97,-17.32,-26.21,-12.23,-26.39,-17.93,-29.58,149,-11.65,1,-12.53,-8.17,0,2,0,-63.96,0,DIRECAO
P2,-,0.0,-,-,,-,0,-,8.5,-,1.62,1.98,zebra,-,2,958,606,1.58,447,511,46.7,-145.33,-15.17,0,-0.11,-14.54,-31.4,101,115,216,-13.18,-73.78,268,292,560,,,,,345,,,,0,-14.53,95.8,1.831,54.6,-7.9,9.1,147.93,-1.0,-2.0,-55.01,-0.16,0,10,14,-4.33,-15.58,-14.43,-5.4,-19.89,-15.35,-14.54,216,0.82,1,-5.43,-2.97,0,2,0,-49.64,0,DIRECAO
P4,-,0.0,-,-,,-,0,-,0.5,-,-,-,zebra,tot_env<=1,3,2212,885,2.5,1177,1035,53.2,-145.4,-6.57,0,0.82,-8.28,-45.69,289,263,552,-8.3,-109.78,692,631,1323,,,,,458,,,,0,-14.54,221.2,1.778,56.2,-3.0,7.5,147.3,-1.0,-3.0,-32.99,0.79,1,9,13,-2.5,-5.03,-9.1,4.42,-11.29,-6.01,-8.28,552,-2.27,1,4.18,5.63,0,2,0,-76.28,0,DIRECAO
P2,-,0.0,-,-,,-,0,-,6.5,-,1.32,1.86,zebra,-,4,1690,840,2.01,919,771,54.4,-145.82,-8.63,0,-1.39,-13.67,-57.16,215,203,418,-10.86,-108.01,529,466,995,,,,,441,,,,0,-14.58,169.0,1.686,59.3,-4.9,7.9,149.63,-1.0,-4.0,-38.01,4.8,1,9,11,-3.28,-6.36,-12.28,2.36,-13.35,-6.97,-13.67,418,-6.7,1,2.12,3.57,0,2,0,-79.59,0,DIRECAO
P2,-,0.0,-,-,,-,0,-,5.5,-,1.32,1.86,zebra,-,4,2092,892,2.35,1172,920,56.0,-145.87,-6.97,0,-0.35,-9.86,-51.46,284,238,522,-8.21,-101.47,685,551,1236,,,,,456,,,,0,-14.59,209.2,1.668,60.0,-3.9,7.4,149.5,-1.0,-4.0,-34.91,5.12,1,9,13,-2.89,-5.41,-9.51,4.02,-11.69,-6.01,-9.86,522,-3.84,1,3.78,5.23,0,2,0,-75.91,0,DIRECAO
P2,-,0.0,-,-,,-,0,-,8.5,-,1.32,1.98,zebra,-,2,973,613,1.59,456,517,46.9,-146.59,-15.07,0,-0.66,-14.98,-32.81,102,117,219,-13.0,-73.56,272,294,566,,,,,349,,,,0,-14.66,97.3,1.826,54.8,-7.9,9.1,149.19,-1.0,-2.0,-56.05,0.36,1,9,14,-4.33,-15.48,-14.32,-5.25,-19.79,-15.09,-14.98,219,0.11,1,-5.29,-2.86,0,2,0,-49.99,0,DIRECAO
P2,-,0.0,-,-,,-,0,-,7.5,-,1.32,1.98,zebra,-,2,1372,801,1.71,684,688,49.9,-146.85,-10.7,0,0.67,-11.4,-37.4,162,166,328,-11.18,-90.11,400,406,806,,,,,424,,,,0,-14.68,137.2,1.802,55.5,-5.6,8.3,149.52,-1.0,-2.0,-45.57,-2.73,0,10,10,-3.59,-9.89,-12.07,0.29,-15.42,-10.48,-11.4,328,-0.92,1,0.05,1.5,0,2,0,-61.78,0,DIRECAO
P4,-,0.0,-,-,,-,0,-,6.5,-,-,-,zebra,dif<=0,3,1864,879,2.12,961,903,51.6,-147.83,-7.93,0,0.7,-9.47,-43.86,234,229,463,-9.73,-108.52,563,552,1115,,,,,453,,,,0,-14.78,186.4,1.808,55.3,-3.8,7.9,149.11,-1.0,-3.0,-36.66,1.36,1,9,11,-2.94,-6.54,-10.17,3.06,-12.65,-7.42,-9.47,463,-2.05,1,2.82,4.27,0,2,0,-72.52,0,DIRECAO
P2,-,0.0,-,-,,-,0,-,6.5,-,1.32,1.86,zebra,-,6,1699,840,2.02,923,776,54.3,-147.96,-8.71,0,-1.2,-13.51,-56.59,216,203,419,-10.88,-108.67,531,468,999,,,,,441,,,,0,-14.8,169.9,1.686,59.3,-5.0,7.9,151.77,-1.0,-5.0,-39.01,5.51,1,9,11,-3.3,-6.48,-12.31,2.28,-13.43,-7.14,-13.51,419,-6.37,2,2.04,3.49,0,2,0,-80.02,0,DIRECAO
P2,-,0.0,-,-,,-,0,-,0.5,-,1.77,1.98,zebra,-,2,1103,751,1.47,505,598,45.8,-149.46,-13.55,0,-0.81,-16.23,-41.07,112,141,253,-15.87,-101.87,286,356,642,,,,,423,,,,0,-14.95,110.3,1.89,52.9,-7.1,8.6,150.96,-1.0,-2.0,-38.55,-1.48,0,10,12,-4.21,-12.48,-15.42,-2.87,-18.27,-12.75,-16.23,253,-3.48,1,-3.05,-1.35,0,2,0,-61.99,0,DIRECAO
P1,-,0.0,-,-,,-,0,-,5.5,8.5,-,-,zebra,-,3,2291,907,2.53,1238,1053,54.0,-149.82,-6.54,0,0.52,-5.73,-33.02,312,264,576,-7.96,-108.51,725,639,1364,,,,,467,,,,0,-14.98,229.1,1.75,57.2,-3.1,7.2,152.72,-1.0,-3.0,-36.8,8.34,2,8,14,-2.57,-6.72,-6.25,4.45,-11.26,-6.81,-5.73,576,1.08,1,4.21,5.66,0,2,0,-55.46,0,DIRECAO
P2,-,0.0,-,-,,-,0,-,6.5,-,1.62,-,zebra,-,2,1721,912,1.89,872,849,50.7,-150.1,-8.72,0,1.06,-8.46,-35.7,214,208,422,-9.43,-96.62,516,509,1025,,,,,464,,,,0,-15.01,172.1,1.82,55.0,-4.3,7.8,152.38,-1.0,-2.0,-37.74,-3.18,0,10,10,-3.14,-8.23,-9.52,2.27,-13.44,-8.81,-8.46,422,0.35,1,2.03,3.48,0,2,0,-62.07,0,DIRECAO
P2,-,0.0,-,-,,-,0,-,0.5,9.5,1.62,1.98,zebra,-,3,1963,896,2.19,1030,933,52.5,-151.65,-7.73,0,-0.45,-8.91,-42.94,250,232,482,-9.77,-114.04,600,567,1167,,,,,460,,,,0,-15.16,196.3,1.772,56.4,-4.0,7.7,154.55,-1.0,-3.0,-33.27,6.82,1,9,11,-2.94,-7.28,-8.46,3.26,-12.45,-7.34,-8.91,482,-1.57,1,3.03,4.48,0,2,0,-62.29,0,DIRECAO
P4,-,0.0,-,-,,-,0,-,9.5,-,-,-,zebra,dif 0~1,3,694,422,1.64,281,413,40.5,-151.68,-21.86,0,4.79,-18.2,-28.21,65,90,155,-21.59,-87.44,165,240,405,,,,,275,,,,0,-15.17,69.4,1.943,51.5,-11.0,10.1,151.68,-1.0,-3.0,-45.2,5.46,2,8,14,-4.99,-21.22,-22.99,-13.48,-26.58,-22.91,-18.2,155,4.71,1,-13.69,-9.65,0,2,0,-57.02,0,DIRECAO
P2,-,0.0,-,-,,-,0,-,5.5,-,1.32,1.86,zebra,-,6,2114,892,2.37,1182,932,55.9,-151.85,-7.18,0,-0.24,-10.25,-53.89,285,241,526,-8.46,-105.57,690,558,1248,,,,,456,,,,0,-15.18,211.4,1.667,60.0,-4.1,7.4,154.48,-1.0,-6.0,-36.43,6.95,1,9,14,-2.97,-5.44,-10.01,3.81,-11.9,-6.17,-10.25,526,-4.08,2,3.57,5.02,0,2,0,-80.72,0,DIRECAO
P2,-,0.0,-,-,,-,0,-,5.5,-,1.77,1.98,zebra,-,2,1099,748,1.47,501,598,45.6,-153.09,-13.93,0,-0.81,-16.23,-41.07,112,141,253,-15.87,-101.87,286,356,642,,,,,422,,,,0,-15.31,109.9,1.89,52.9,-7.3,8.6,154.59,-1.0,-2.0,-40.43,-3.28,0,10,12,-4.32,-13.07,-15.42,-3.27,-18.65,-13.24,-16.23,253,-2.99,1,-3.45,-1.73,0,2,0,-61.99,0,DIRECAO
P4,-,0.0,-,-,,-,0,-,0.5,-,-,-,zebra,tot_env<=1,6,2351,885,2.66,1260,1091,53.6,-153.36,-6.52,0,0.47,-8.03,-47.07,310,276,586,-7.86,-109.98,741,659,1400,,,,,458,,,,0,-15.34,235.1,1.768,56.6,-3.0,7.3,155.83,-1.0,-6.0,-34.03,-1.48,0,10,13,-2.53,-5.31,-8.5,4.47,-11.24,-6.02,-8.03,586,-2.01,1,4.23,5.68,0,2,0,-75.98,0,DIRECAO
P2,-,0.0,-,-,,-,0,-,5.5,9.5,1.62,1.98,zebra,-,3,1949,894,2.18,1021,928,52.4,-153.37,-7.87,0,-0.39,-8.68,-41.59,249,230,479,-9.66,-112.02,597,563,1160,,,,,459,,,,0,-15.34,194.9,1.773,56.4,-4.0,7.7,156.27,-1.0,-3.0,-35.56,5.02,1,9,10,-2.98,-7.61,-8.29,3.12,-12.59,-7.6,-8.68,479,-1.08,1,2.88,4.33,0,2,0,-60.62,0,DIRECAO
P2,-,0.0,-,-,,-,0,-,10.5,-,1.77,-,zebra,-,6,582,309,1.88,213,369,36.6,-153.48,-26.37,0,-5.82,-33.52,-39.55,38,80,118,-28.86,-94.37,115,212,327,,,,,224,,,,0,-15.35,58.2,2.03,49.3,-12.7,11.5,154.32,-1.0,-4.0,-38.36,-0.07,0,10,13,-5.67,-25.73,-27.7,-19.06,-32.39,-24.55,-33.52,118,-8.96,2,-19.69,-14.17,0,2,0,-52.35,0,DIRECAO
P2,-,0.0,-,-,,-,0,-,7.5,-,1.77,1.98,zebra,-,2,1004,690,1.46,450,554,44.8,-153.81,-15.32,0,1.16,-17.03,-39.67,102,131,233,-16.78,-99.5,261,332,593,,,,,395,,,,0,-15.38,100.4,1.892,52.8,-8.0,8.9,156.18,-1.0,-2.0,-41.9,-4.63,0,10,14,-4.56,-13.65,-18.19,-5.02,-20.04,-14.8,-17.03,233,-2.22,1,-5.14,-3.12,0,2,0,-67.29,0,DIRECAO
P2,-,0.0,-,-,,-,0,-,0.5,-,1.32,1.86,zebra,-,4,2332,897,2.6,1323,1009,56.7,-154.42,-6.62,0,-0.63,-9.89,-57.05,316,261,577,-8.04,-110.25,768,604,1372,,,,,459,,,,0,-15.44,233.2,1.654,60.5,-3.7,7.1,156.91,-1.0,-4.0,-33.45,5.22,2,8,13,-2.84,-5.03,-9.26,4.37,-11.34,-5.55,-9.89,577,-4.34,1,4.13,5.58,0,2,0,-81.4,0,DIRECAO
P4,-,0.0,-,-,,-,0,-,7.5,-,-,-,zebra,dif<=0,6,1450,778,1.86,709,741,48.9,-154.44,-10.65,0,0.65,-10.72,-38.36,174,184,358,-10.65,-93.82,431,450,881,,,,,409,,,,0,-15.44,145.0,1.849,54.1,-5.2,8.5,154.44,-1.0,-4.0,-41.67,6.36,1,9,12,-3.58,-10.2,-11.37,0.2,-15.37,-10.63,-10.72,358,-0.09,2,-0.01,1.55,0,2,0,-63.23,0,DIRECAO
P4,-,0.0,-,-,,-,0,-,0.5,-,-,-,zebra,tot_env<=1,-,2363,885,2.67,1267,1096,53.6,-155.26,-6.57,0,0.36,-8.18,-48.24,312,278,590,-7.84,-110.29,745,661,1406,,,,,458,,,,0,-15.53,236.3,1.766,56.6,-3.0,7.3,157.73,-1.0,-8.0,-34.62,-1.48,0,10,13,-2.55,-5.36,-8.54,4.42,-11.29,-6.04,-8.18,590,-2.14,1,4.18,5.63,0,2,0,-76.77,0,DIRECAO
P2,-,0.0,-,-,,-,0,-,9.5,-,1.96,-,zebra,-,2,545,389,1.4,187,358,34.3,-156.1,-28.64,0,1.85,-20.66,-24.59,45,74,119,-29.61,-91.48,104,205,309,,,,,276,,,,0,-15.61,54.5,2.094,47.7,-13.4,10.4,156.23,-1.0,-2.0,-40.37,5.57,1,9,15,-5.98,-32.01,-22.51,-20.58,-34.66,-30.87,-20.66,119,10.21,1,-20.91,-16.44,0,2,0,-43.44,0,DIRECAO
P2,-,0.0,-,-,,-,0,-,6.5,-,1.77,1.98,zebra,-,2,1093,744,1.47,496,597,45.4,-156.47,-14.32,0,-1.1,-16.99,-42.65,110,141,251,-16.19,-103.31,283,355,638,,,,,419,,,,0,-15.65,109.3,1.89,52.9,-7.5,8.6,157.97,-1.0,-2.0,-41.41,-3.28,0,10,12,-4.44,-13.41,-15.89,-3.68,-19.04,-13.52,-16.99,251,-3.47,1,-3.85,-2.11,0,2,0,-63.57,0,DIRECAO
P1,-,0.0,-,-,,-,0,-,10.5,-,-,-,zebra,-,5,648,321,2.02,250,398,38.6,-156.8,-24.2,0,-5.45,-31.39,-42.69,47,89,136,-27.06,-98.78,135,230,365,,,,,230,,,,0,-15.68,64.8,1.99,50.2,-11.7,11.4,157.64,-1.0,-4.0,-42.61,-1.59,0,10,15,-5.2,-23.32,-25.94,-16.77,-30.22,-22.29,-31.39,136,-9.1,1,-17.36,-11.99,0,2,0,-56.04,0,DIRECAO
P2,-,0.0,-,-,,-,0,-,0.5,9.5,1.32,1.98,zebra,-,3,2416,922,2.62,1320,1096,54.6,-157.66,-6.53,0,-0.08,-7.99,-47.4,319,274,593,-8.62,-123.3,764,666,1430,,,,,468,,,,0,-15.77,241.6,1.727,57.9,-3.3,7.3,160.56,-1.0,-3.0,-42.73,8.01,2,8,14,-2.69,-5.68,-7.91,4.46,-11.25,-6.05,-7.99,593,-1.94,1,4.23,5.68,0,2,0,-72.47,0,DIRECAO
P4,-,0.0,-,-,,-,0,-,7.5,-,-,-,zebra,tot_env<=1,3,1425,789,1.81,696,729,48.8,-157.92,-11.08,0,0.97,-12.99,-45.32,167,182,349,-12.07,-103.4,415,442,857,,,,,422,,,,0,-15.79,142.5,1.841,54.3,-5.5,8.3,158.55,-1.0,-3.0,-36.72,-2.19,0,10,11,-3.53,-9.33,-13.96,-0.16,-15.8,-10.46,-12.99,349,-2.52,3,-0.39,1.12,0,2,0,-75.37,0,DIRECAO
P2,-,0.0,-,-,,-,0,-,0.5,-,1.32,1.86,zebra,-,-,2429,897,2.71,1386,1043,57.1,-158.0,-6.5,0,-0.98,-10.37,-62.3,329,272,601,-7.89,-112.58,803,623,1426,,,,,459,,,,0,-15.8,242.9,1.647,60.7,-3.6,7.0,160.49,-1.0,-7.0,-37.04,5.7,2,8,14,-2.84,-4.75,-9.39,4.48,-11.22,-5.24,-10.37,601,-5.13,1,4.25,5.7,0,2,0,-86.34,0,DIRECAO
P2,-,0.0,-,-,,-,0,-,0.5,-,1.32,1.86,zebra,-,6,2424,897,2.7,1382,1042,57.0,-158.57,-6.54,0,-0.95,-10.45,-62.72,328,272,600,-7.96,-113.37,801,623,1424,,,,,459,,,,0,-15.86,242.4,1.648,60.7,-3.7,7.0,161.06,-1.0,-6.0,-37.04,6.33,2,8,14,-2.85,-4.74,-9.5,4.45,-11.26,-5.25,-10.45,600,-5.2,1,4.21,5.66,0,2,0,-87.13,0,DIRECAO
P2,-,0.0,-,-,,-,0,-,7.5,9.5,1.62,1.98,zebra,-,3,1459,784,1.86,726,733,49.8,-159.11,-10.91,0,-0.45,-11.74,-41.81,175,181,356,-11.84,-103.01,429,441,870,,,,,418,,,,0,-15.91,145.9,1.804,55.4,-5.7,8.3,162.75,-1.0,-3.0,-45.83,-2.58,0,10,11,-3.64,-10.67,-11.29,-0.02,-15.63,-10.63,-11.74,356,-1.11,4,-0.24,1.3,0,2,0,-62.44,0,DIRECAO
P2,-,0.0,-,-,,-,0,-,9.5,-,1.96,-,zebra,-,3,588,389,1.51,205,383,34.9,-159.68,-27.16,0,0.52,-20.17,-25.61,48,79,127,-28.03,-92.51,113,217,330,,,,,276,,,,0,-15.97,58.8,2.1,47.6,-12.7,10.6,159.68,-1.0,-3.0,-42.14,5.93,3,7,16,-5.73,-30.64,-20.69,-19.09,-33.18,-29.08,-20.17,127,8.92,1,-19.42,-14.95,0,2,0,-42.63,0,DIRECAO
P4,-,0.0,-,-,,-,0,-,9.5,-,-,-,zebra,dif 0~1,6,735,422,1.74,298,437,40.5,-159.82,-21.74,0,4.51,-16.08,-25.89,69,92,161,-20.98,-90.43,177,254,431,,,,,275,,,,0,-15.98,73.5,1.946,51.4,-10.8,10.3,159.82,-1.0,-4.0,-46.36,6.46,2,8,14,-5.15,-22.38,-20.59,-13.37,-26.46,-23.33,-16.08,161,7.25,2,-13.58,-9.54,0,2,0,-53.53,0,DIRECAO
P4,-,0.0,-,-,,-,0,-,0.5,-,-,-,zebra,dif 0~1,3,2528,912,2.77,1348,1180,53.3,-159.87,-6.32,0,1.02,-6.85,-42.1,326,289,615,-7.9,-117.81,782,709,1491,,,,,467,,,,0,-15.99,252.8,1.782,56.1,-2.8,7.6,161.77,-1.0,-3.0,-36.49,1.34,1,9,13,-2.54,-5.4,-7.87,4.67,-11.04,-6.16,-6.85,615,-0.69,1,4.43,5.88,0,2,0,-74.66,0,DIRECAO
P4,-,0.0,-,-,,-,0,-,6.5,-,-,-,zebra,tot_env<=1,3,1925,878,2.19,990,935,51.4,-161.03,-8.37,0,0.16,-10.73,-51.16,239,238,477,-10.03,-115.89,585,571,1156,,,,,455,,,,0,-16.1,192.5,1.803,55.5,-4.0,7.8,162.31,-1.0,-3.0,-33.95,-4.08,0,10,12,-3.0,-6.82,-10.89,2.62,-13.09,-7.59,-10.73,477,-3.14,1,2.39,3.84,0,2,0,-79.7,0,DIRECAO
P2,-,0.0,-,-,,-,0,-,10.5,-,1.62,-,zebra,-,6,647,320,2.02,245,402,37.9,-163.51,-25.27,0,-5.83,-33.29,-44.27,44,89,133,-28.16,-101.95,131,231,362,,,,,229,,,,0,-16.35,64.7,1.998,50.0,-12.2,11.4,164.35,-1.0,-4.0,-42.61,-1.59,0,10,14,-5.54,-24.21,-27.46,-17.86,-31.29,-23.2,-33.29,133,-10.09,2,-18.44,-13.07,0,2,0,-58.21,0,DIRECAO
P2,-,0.0,-,-,,-,0,-,8.5,-,1.77,1.98,zebra,-,3,842,536,1.57,359,483,42.6,-164.18,-19.5,0,2.04,-21.06,-38.96,77,108,185,-21.95,-109.95,207,294,501,,,,,323,,,,0,-16.42,84.2,1.893,52.8,-10.2,9.6,166.78,-1.0,-3.0,-45.2,3.89,1,9,19,-5.27,-17.45,-23.1,-10.16,-24.22,-19.06,-21.06,185,-2.0,1,-10.12,-7.3,0,2,0,-70.47,0,DIRECAO
P2,-,0.0,-,-,,-,0,-,5.5,9.5,1.32,1.98,zebra,-,3,2324,919,2.53,1257,1067,54.1,-164.37,-7.07,0,-0.35,-8.61,-49.32,305,268,573,-8.75,-120.69,733,646,1379,,,,,467,,,,0,-16.44,232.4,1.734,57.7,-3.6,7.5,167.27,-1.0,-3.0,-36.53,6.29,2,8,11,-2.87,-6.34,-8.26,3.92,-11.79,-6.57,-8.61,573,-2.04,1,3.68,5.13,0,2,0,-73.24,0,DIRECAO
P1,-,0.0,-,-,,-,0,-,10.5,-,-,-,zebra,-,6,656,321,2.04,250,406,38.1,-164.8,-25.12,0,-5.6,-31.89,-43.69,47,90,137,-27.66,-101.78,135,233,368,,,,,230,,,,0,-16.48,65.6,1.992,50.2,-12.1,11.4,165.64,-1.0,-4.0,-44.61,-1.59,0,10,15,-5.53,-24.55,-26.29,-17.7,-31.14,-23.34,-31.89,137,-8.56,3,-18.28,-12.92,0,2,0,-57.04,0,DIRECAO
P4,-,0.0,-,-,,-,0,-,6.5,-,-,-,zebra,tot_env<=1,6,1939,878,2.21,996,943,51.4,-165.45,-8.53,0,0.03,-10.91,-52.16,239,239,478,-10.22,-118.71,587,575,1162,,,,,455,,,,0,-16.54,193.9,1.802,55.5,-4.1,7.8,166.73,-1.0,-4.0,-34.95,-4.08,0,10,13,-3.06,-7.06,-10.94,2.46,-13.25,-7.75,-10.91,478,-3.16,2,2.22,3.67,0,2,0,-80.52,0,DIRECAO
P4,-,0.0,-,-,,-,0,-,7.5,8.5,-,-,zebra,dif>=0,3,1456,848,1.72,715,741,49.1,-165.93,-11.4,0,-1.27,-11.39,-41.22,176,186,362,-12.19,-105.33,420,444,864,,,,,445,,,,0,-16.59,145.6,1.828,54.7,-5.6,8.0,167.56,-1.0,-2.0,-50.39,-1.08,0,10,14,-3.88,-12.2,-10.12,-0.41,-16.12,-11.4,-11.39,362,0.01,3,-0.64,0.81,0,2,0,-56.97,0,DIRECAO
P1,-,0.0,-,-,,-,0,-,7.5,8.5,-,-,zebra,-,2,1457,849,1.72,715,742,49.1,-166.93,-11.46,0,-1.35,-11.63,-42.22,176,187,363,-12.39,-107.33,420,446,866,,,,,445,,,,0,-16.69,145.7,1.828,54.7,-5.6,8.0,168.56,-1.0,-2.0,-49.39,-1.08,0,10,15,-3.9,-12.2,-10.28,-0.47,-16.18,-11.4,-11.63,363,-0.23,1,-0.7,0.75,0,2,0,-57.97,0,DIRECAO
P2,-,0.0,-,-,,-,0,-,9.5,-,1.96,-,zebra,-,4,604,389,1.55,209,395,34.6,-167.02,-27.65,0,0.93,-20.08,-26.1,49,81,130,-28.78,-97.0,114,223,337,,,,,276,,,,0,-16.7,60.4,2.103,47.6,-13.0,10.7,167.02,-1.0,-4.0,-44.14,7.44,3,7,17,-5.95,-31.19,-21.01,-19.59,-33.67,-29.73,-20.08,130,9.65,1,-19.92,-15.45,0,2,0,-44.12,0,DIRECAO
P4,-,0.0,-,-,,-,0,-,6.5,-,-,-,zebra,dif<=0,6,1935,879,2.2,989,946,51.1,-167.34,-8.65,0,0.12,-9.38,-44.85,241,237,478,-9.82,-114.01,585,576,1161,,,,,453,,,,0,-16.73,193.5,1.81,55.3,-4.1,8.0,167.62,-1.0,-4.0,-40.54,5.14,2,8,11,-3.25,-8.12,-9.5,2.34,-13.37,-8.41,-9.38,478,-0.98,2,2.11,3.55,0,2,0,-70.04,0,DIRECAO
P1,-,0.0,-,-,,-,0,-,7.5,8.5,-,-,zebra,-,3,1458,849,1.72,715,743,49.0,-167.93,-11.52,0,-1.35,-11.63,-42.22,176,187,363,-12.39,-107.33,420,446,866,,,,,445,,,,0,-16.79,145.8,1.828,54.7,-5.7,8.0,169.56,-1.0,-2.0,-50.39,-1.08,0,10,15,-3.92,-12.3,-10.28,-0.53,-16.24,-11.48,-11.63,363,-0.15,6,-0.76,0.68,0,2,0,-57.97,0,DIRECAO
P2,-,0.0,-,-,,-,0,-,8.5,-,1.77,1.98,zebra,-,4,875,536,1.63,374,501,42.7,-168.89,-19.3,0,1.99,-21.69,-40.99,78,111,189,-22.74,-118.49,213,308,521,,,,,323,,,,0,-16.89,87.5,1.893,52.8,-10.1,9.7,171.49,-1.0,-4.0,-45.46,7.98,1,9,19,-5.23,-16.84,-23.68,-9.96,-24.02,-18.64,-21.69,189,-3.04,1,-9.92,-7.1,0,2,0,-74.59,0,DIRECAO
P2,-,0.0,-,-,,-,0,-,9.5,-,1.96,-,zebra,-,6,606,389,1.56,209,397,34.5,-169.02,-27.89,0,0.93,-20.08,-26.1,49,81,130,-28.78,-97.0,114,223,337,,,,,276,,,,0,-16.9,60.6,2.103,47.6,-13.1,10.7,169.02,-1.0,-4.0,-44.14,7.44,3,7,17,-6.05,-31.54,-21.01,-19.83,-33.91,-30.03,-20.08,130,9.95,2,-20.16,-15.69,0,2,0,-44.12,0,DIRECAO
P2,-,0.0,-,-,,-,0,-,5.5,9.5,1.62,1.98,zebra,-,6,2008,894,2.25,1045,963,52.0,-169.83,-8.46,0,-0.3,-8.53,-41.96,256,236,492,-10.15,-121.45,612,584,1196,,,,,459,,,,0,-16.98,200.8,1.773,56.4,-4.4,7.7,173.24,-1.0,-4.0,-38.73,3.75,1,9,10,-3.25,-8.59,-8.23,2.53,-13.18,-8.43,-8.53,492,-0.09,2,2.3,3.74,0,2,0,-61.92,0,DIRECAO
P4,-,0.0,-,-,,-,0,-,0.5,-,-,-,zebra,tot_env 0~3,3,2549,898,2.84,1351,1198,53.0,-171.45,-6.73,0,1.48,-7.56,-47.54,330,299,629,-8.51,-128.81,787,726,1513,,,,,461,,,,0,-17.14,254.9,1.784,56.1,-3.1,7.6,173.35,-1.0,-3.0,-34.65,0.57,1,9,14,-2.67,-5.33,-9.04,4.26,-11.45,-6.45,-7.56,629,-1.1,1,4.03,5.48,0,2,0,-86.88,0,DIRECAO
P2,-,0.0,-,-,,-,0,-,0.5,9.5,1.62,1.98,zebra,-,6,2029,896,2.26,1056,973,52.0,-171.58,-8.46,0,-0.48,-9.12,-45.31,257,240,497,-10.49,-126.47,615,591,1206,,,,,460,,,,0,-17.16,202.9,1.772,56.4,-4.4,7.7,174.48,-1.0,-4.0,-35.94,4.55,1,9,11,-3.26,-8.35,-8.64,2.53,-13.18,-8.24,-9.12,497,-0.87,2,2.3,3.75,0,2,0,-65.59,0,DIRECAO
P2,-,0.0,-,-,,-,0,-,5.5,9.5,1.62,1.98,zebra,-,4,2005,894,2.24,1042,963,52.0,-171.78,-8.57,0,-0.3,-8.83,-43.29,254,236,490,-10.34,-123.4,609,584,1193,,,,,459,,,,0,-17.18,200.5,1.773,56.4,-4.4,7.7,174.96,-1.0,-4.0,-38.73,3.75,1,9,10,-3.28,-8.59,-8.53,2.42,-13.29,-8.48,-8.83,490,-0.35,1,2.19,3.64,0,2,0,-63.87,0,DIRECAO
P2,-,0.0,-,-,,-,0,-,6.5,9.5,1.62,1.98,zebra,-,3,1818,882,2.06,930,888,51.2,-171.96,-9.46,0,-0.59,-10.31,-46.0,226,220,446,-11.29,-122.49,545,540,1085,,,,,455,,,,0,-17.2,181.8,1.783,56.1,-4.9,7.9,174.24,-1.0,-3.0,-41.93,0.18,1,9,12,-3.48,-9.3,-9.72,1.53,-14.18,-9.18,-10.31,446,-1.13,1,1.29,2.74,0,2,0,-67.23,0,DIRECAO
P2,-,0.0,-,-,,-,0,-,0.5,9.5,1.62,1.98,zebra,-,4,2025,896,2.26,1053,972,52.0,-172.53,-8.52,0,-0.49,-9.42,-46.64,255,240,495,-10.67,-128.42,612,591,1203,,,,,460,,,,0,-17.25,202.5,1.773,56.4,-4.4,7.7,175.43,-1.0,-4.0,-35.94,5.55,1,9,11,-3.27,-8.27,-8.93,2.47,-13.24,-8.23,-9.42,495,-1.19,1,2.23,3.68,0,2,0,-67.54,0,DIRECAO
P2,-,0.0,-,-,,-,0,-,8.5,-,1.77,1.98,zebra,-,6,885,536,1.65,377,508,42.6,-173.1,-19.56,0,1.82,-22.1,-41.99,78,112,190,-22.98,-120.62,214,311,525,,,,,323,,,,0,-17.31,88.5,1.894,52.8,-10.2,9.8,175.7,-1.0,-5.0,-45.52,5.96,1,9,19,-5.32,-17.14,-23.92,-10.22,-24.28,-18.86,-22.1,190,-3.24,2,-10.18,-7.36,0,2,0,-75.59,0,DIRECAO
P2,-,0.0,-,-,,-,0,-,0.5,-,1.32,1.98,zebra,-,3,2551,925,2.76,1381,1170,54.1,-175.49,-6.88,0,0.2,-8.43,-52.09,330,288,618,-8.72,-130.96,797,704,1501,,,,,469,,,,0,-17.55,255.1,1.737,57.6,-3.4,7.5,178.39,-1.0,-3.0,-35.2,1.71,2,8,14,-2.9,-5.83,-8.63,4.11,-11.6,-6.38,-8.43,618,-2.04,1,3.87,5.32,0,2,0,-82.44,0,DIRECAO
P2,-,0.0,-,-,,-,0,-,7.5,9.5,1.32,1.98,zebra,-,4,1534,798,1.92,764,770,49.8,-176.08,-11.48,0,-1.11,-12.66,-46.45,179,188,367,-11.93,-108.13,449,457,906,,,,,423,,,,0,-17.61,153.4,1.79,55.9,-6.0,8.3,179.72,-1.0,-3.0,-52.45,-0.55,0,10,11,-3.89,-11.44,-11.55,-0.5,-16.2,-11.11,-12.66,367,-1.55,3,-0.74,0.72,0,2,0,-66.86,0,DIRECAO
P2,-,0.0,-,-,,-,0,-,0.5,-,1.77,1.98,zebra,-,3,1222,751,1.63,554,668,45.3,-176.27,-14.42,0,-0.9,-17.11,-46.89,120,154,274,-17.42,-123.86,311,400,711,,,,,423,,,,0,-17.63,122.2,1.89,52.9,-7.6,8.8,179.63,-1.0,-3.0,-44.36,-3.75,0,10,12,-4.63,-13.41,-16.21,-3.74,-19.14,-13.65,-17.11,274,-3.47,1,-3.93,-2.22,0,2,0,-71.64,0,DIRECAO
P2,-,0.0,-,-,,-,0,-,7.5,9.5,1.32,1.98,zebra,-,3,1533,798,1.92,763,770,49.8,-176.45,-11.51,0,-1.11,-12.66,-46.45,179,188,367,-11.93,-108.13,449,457,906,,,,,423,,,,0,-17.64,153.3,1.791,55.8,-6.1,8.3,180.09,-1.0,-3.0,-52.82,-0.55,0,10,11,-3.9,-11.49,-11.55,-0.53,-16.23,-11.15,-12.66,367,-1.51,1,-0.77,0.69,0,2,0,-66.86,0,DIRECAO
P2,-,0.0,-,-,,-,0,-,7.5,-,1.77,1.98,zebra,-,3,1110,690,1.61,494,616,44.5,-177.08,-15.95,0,0.82,-18.36,-46.46,109,144,253,-18.48,-121.22,283,373,656,,,,,395,,,,0,-17.71,111.0,1.892,52.8,-8.3,9.1,180.49,-1.0,-3.0,-46.56,-1.24,0,10,14,-4.87,-14.1,-19.18,-5.65,-20.67,-15.24,-18.36,253,-3.12,1,-5.77,-3.75,0,2,0,-77.67,0,DIRECAO
P4,-,0.0,-,-,,-,0,-,7.5,-,-,-,zebra,dif>=2,3,556,366,1.52,197,359,35.4,-177.13,-31.86,0,-14.41,-43.7,-53.75,35,88,123,-35.46,-108.14,101,204,305,,,,,279,,,,0,-17.71,55.6,1.966,50.9,-15.4,10.1,177.13,-1.0,-3.0,-54.05,4.02,2,8,14,-7.03,-33.23,-29.29,-24.01,-37.88,-28.49,-43.7,123,-15.2,1,-24.43,-19.66,0,2,0,-56.83,0,DIRECAO
P4,-,0.0,-,-,,-,0,-,9.5,-,-,-,zebra,tot_env>=3,3,694,383,1.81,264,430,38.0,-177.74,-25.61,0,-4.85,-25.77,-40.46,59,98,157,-28.3,-111.8,144,251,395,,,,,266,,,,0,-17.77,69.4,1.987,50.3,-12.3,10.8,177.87,-1.0,-3.0,-55.63,3.52,1,9,18,-5.76,-28.24,-20.92,-17.6,-31.63,-25.56,-25.77,157,-0.21,1,-17.96,-13.41,0,2,0,-52.09,0,DIRECAO
P2,-,0.0,-,-,,-,0,-,0.5,-,1.62,1.98,zebra,-,3,2129,904,2.36,1105,1024,51.9,-178.37,-8.38,0,-0.1,-9.78,-49.98,262,249,511,-10.04,-125.75,640,613,1253,,,,,461,,,,0,-17.84,212.9,1.779,56.2,-4.3,7.9,181.27,-1.0,-3.0,-43.17,0.95,1,9,12,-3.27,-7.62,-9.68,2.61,-13.1,-7.94,-9.78,511,-1.85,1,2.38,3.82,0,2,0,-75.76,0,DIRECAO
P2,-,0.0,-,-,,-,0,-,6.5,9.5,1.62,1.98,zebra,-,4,1855,882,2.1,947,908,51.1,-178.67,-9.63,0,-0.99,-10.69,-48.73,230,226,456,-11.51,-127.55,555,553,1108,,,,,455,,,,0,-17.87,185.5,1.783,56.1,-5.0,7.9,181.23,-1.0,-4.0,-42.07,-0.09,0,10,12,-3.57,-9.59,-9.7,1.36,-14.35,-9.29,-10.69,456,-1.4,3,1.12,2.57,0,2,0,-68.51,0,DIRECAO
P2,-,0.0,-,-,,-,0,-,5.5,-,1.77,1.98,zebra,-,3,1217,748,1.63,550,667,45.2,-178.9,-14.7,0,-0.9,-17.11,-46.89,120,154,274,-17.42,-123.86,311,400,711,,,,,422,,,,0,-17.89,121.7,1.891,52.9,-7.7,8.8,182.26,-1.0,-3.0,-46.24,-3.75,0,10,12,-4.7,-13.84,-16.21,-4.04,-19.42,-14.0,-17.11,274,-3.11,1,-4.22,-2.5,0,2,0,-71.64,0,DIRECAO
P2,-,0.0,-,-,,-,0,-,5.5,-,1.62,1.98,zebra,-,3,2115,902,2.34,1096,1019,51.8,-180.09,-8.51,0,-0.05,-9.57,-48.63,261,247,508,-9.93,-123.73,637,609,1246,,,,,460,,,,0,-18.01,211.5,1.78,56.2,-4.4,8.0,182.99,-1.0,-3.0,-45.46,-0.85,0,10,11,-3.32,-7.93,-9.52,2.47,-13.23,-8.18,-9.57,508,-1.39,1,2.24,3.69,0,2,0,-74.09,0,DIRECAO
P2,-,0.0,-,-,,-,0,-,0.5,9.5,1.77,-,zebra,-,2,1280,833,1.54,568,712,44.4,-180.38,-14.09,0,1.4,-12.34,-38.49,140,172,312,-17.44,-131.65,322,433,755,,,,,450,,,,0,-18.04,128.0,1.945,51.4,-7.0,8.2,180.38,-1.0,-2.0,-46.09,5.96,2,8,12,-4.55,-14.3,-13.74,-3.1,-18.81,-14.66,-12.34,312,2.32,1,-3.34,-1.89,0,2,0,-66.25,0,DIRECAO
P2,-,0.0,-,-,,-,0,-,6.5,-,1.77,1.98,zebra,-,3,1210,744,1.63,545,665,45.0,-181.28,-14.98,0,-1.07,-17.52,-47.47,118,153,271,-17.61,-124.3,308,398,706,,,,,419,,,,0,-18.13,121.0,1.891,52.9,-7.9,8.8,184.64,-1.0,-3.0,-47.22,-3.75,0,10,12,-4.78,-14.15,-16.45,-4.34,-19.7,-14.25,-17.52,271,-3.27,1,-4.52,-2.78,0,2,0,-72.22,0,DIRECAO
P2,-,0.0,-,-,,-,0,-,5.5,-,1.32,1.98,zebra,-,3,2459,922,2.67,1318,1141,53.6,-182.2,-7.41,0,-0.04,-9.03,-54.01,316,282,598,-8.85,-128.35,766,684,1450,,,,,468,,,,0,-18.22,245.9,1.745,57.3,-3.7,7.7,185.1,-1.0,-3.0,-45.14,-0.01,0,10,11,-3.07,-6.46,-8.99,3.58,-12.13,-6.89,-9.03,598,-2.14,1,3.34,4.79,0,2,0,-83.21,0,DIRECAO
P1,-,0.0,-,-,,-,0,-,4.5,8.5,-,-,zebra,-,4,2644,907,2.92,1437,1207,54.3,-182.27,-6.89,0,0.58,-6.52,-43.39,361,304,665,-8.46,-133.47,843,734,1577,,,,,467,,,,0,-18.23,264.4,1.736,57.6,-3.2,7.0,185.74,-1.0,-4.0,-54.21,7.46,2,8,12,-2.88,-6.76,-7.1,4.1,-11.61,-7.02,-6.52,665,0.49,1,3.86,5.31,0,2,0,-72.15,0,DIRECAO
P1,-,0.0,-,-,,-,0,-,7.5,9.5,-,-,zebra,-,2,1551,865,1.79,749,802,48.3,-182.28,-11.75,0,-0.64,-12.5,-47.25,180,198,378,-12.66,-116.49,440,480,920,,,,,448,,,,0,-18.23,155.1,1.85,54.1,-5.8,8.2,183.91,-1.0,-2.0,-54.09,-3.59,0,10,12,-4.03,-11.69,-11.86,-0.76,-16.47,-11.51,-12.5,378,-0.99,1,-1.0,0.45,0,2,0,-69.96,0,DIRECAO
P2,-,0.0,-,-,,-,0,-,8.5,-,1.62,1.98,zebra,-,3,1112,606,1.83,510,602,45.9,-182.78,-16.44,0,-0.03,-17.31,-43.27,113,137,250,-15.82,-102.51,300,348,648,,,,,345,,,,0,-18.28,111.2,1.835,54.5,-8.6,9.4,185.38,-1.0,-3.0,-63.05,-2.89,0,10,15,-4.83,-15.96,-17.28,-6.66,-21.16,-16.18,-17.31,250,-1.12,1,-6.69,-4.23,0,2,0,-68.95,0,DIRECAO
P2,-,0.0,-,-,,-,0,-,7.5,9.5,1.62,-,zebra,-,2,1527,856,1.78,733,794,48.0,-182.86,-11.98,0,0.24,-12.27,-46.25,180,197,377,-13.34,-121.75,432,481,913,,,,,446,,,,0,-18.29,152.7,1.856,53.9,-5.9,8.2,184.49,-1.0,-2.0,-51.19,-2.59,0,10,12,-4.08,-11.64,-12.51,-0.99,-16.7,-11.88,-12.27,377,-0.39,1,-1.22,0.23,0,2,0,-73.06,0,DIRECAO
P1,-,0.0,-,-,,-,0,-,0.5,9.5,-,-,zebra,-,3,2592,924,2.81,1378,1214,53.2,-183.68,-7.09,0,0.68,-7.9,-50.63,336,305,641,-8.82,-135.36,800,734,1534,,,,,470,,,,0,-18.37,259.2,1.771,56.5,-3.3,7.5,185.58,-1.0,-3.0,-41.22,9.35,1,9,14,-2.88,-6.16,-8.58,3.9,-11.81,-6.82,-7.9,641,-1.08,4,3.67,5.12,0,2,0,-84.88,0,DIRECAO
P4,-,0.0,-,-,,-,0,-,7.5,-,-,-,zebra,dif>=2,6,586,366,1.6,209,377,35.7,-183.74,-31.35,0,-14.43,-43.79,-55.18,36,90,126,-35.96,-113.62,104,212,316,,,,,279,,,,0,-18.37,58.6,1.97,50.8,-15.1,10.3,183.74,-1.0,-3.0,-56.67,7.55,2,8,14,-7.11,-32.4,-29.36,-23.51,-37.37,-27.95,-43.79,126,-15.85,2,-23.92,-19.15,0,2,0,-59.31,0,DIRECAO
P2,-,0.0,-,-,,-,0,-,5.5,9.5,1.77,-,zebra,-,2,1276,830,1.54,564,712,44.2,-184.01,-14.42,0,1.4,-12.34,-38.49,140,172,312,-17.44,-131.65,322,433,755,,,,,449,,,,0,-18.4,127.6,1.946,51.4,-7.2,8.2,184.01,-1.0,-2.0,-47.97,4.16,2,8,12,-4.65,-14.83,-13.74,-3.43,-19.14,-15.1,-12.34,312,2.76,1,-3.67,-2.22,0,2,0,-66.25,0,DIRECAO
P1,-,0.0,-,-,,-,0,-,0.5,8.5,-,-,zebra,-,4,2677,909,2.94,1457,1220,54.4,-185.64,-6.93,0,0.22,-7.01,-47.1,364,308,672,-8.6,-136.99,852,741,1593,,,,,467,,,,0,-18.56,267.7,1.733,57.7,-3.3,7.0,189.11,-1.0,-4.0,-56.31,8.05,2,8,12,-2.91,-6.75,-7.23,4.05,-11.65,-6.91,-7.01,672,-0.1,3,3.82,5.27,0,2,0,-74.14,0,DIRECAO
P2,-,0.0,-,-,,-,0,-,8.5,-,1.32,1.98,zebra,-,3,1138,613,1.86,525,613,46.1,-185.71,-16.32,0,-0.67,-17.13,-43.69,116,139,255,-15.24,-100.57,309,351,660,,,,,349,,,,0,-18.57,113.8,1.828,54.7,-8.6,9.4,188.31,-1.0,-3.0,-67.09,-3.83,0,10,15,-4.86,-16.24,-16.46,-6.5,-21.04,-16.08,-17.13,255,-1.05,1,-6.54,-4.12,0,2,0,-67.17,0,DIRECAO
P1,-,0.0,-,-,,-,0,-,3.5,8.5,-,-,zebra,-,4,2675,909,2.94,1455,1220,54.4,-186.66,-6.98,0,0.18,-7.1,-47.62,363,308,671,-8.67,-138.01,850,741,1591,,,,,467,,,,0,-18.67,267.5,1.733,57.7,-3.3,7.0,190.13,-1.0,-4.0,-56.81,8.05,2,8,12,-2.93,-6.79,-7.28,4.01,-11.7,-6.94,-7.1,671,-0.16,1,3.78,5.22,0,2,0,-74.66,0,DIRECAO
P1,-,0.0,-,-,,-,0,-,7.5,10.5,-,-,zebra,-,2,1562,865,1.81,751,811,48.1,-186.86,-11.96,0,-0.06,-12.25,-46.41,181,198,379,-12.45,-115.31,443,483,926,,,,,448,,,,0,-18.69,156.2,1.853,54.0,-5.9,8.2,188.49,-1.0,-2.0,-56.66,-3.59,0,10,12,-4.1,-11.83,-12.19,-0.97,-16.68,-11.87,-12.25,379,-0.37,1,-1.21,0.24,0,2,0,-72.02,0,DIRECAO
P1,-,0.0,-,-,,-,0,-,4.5,9.5,-,-,zebra,-,3,2584,922,2.8,1371,1213,53.1,-186.88,-7.23,0,0.81,-7.75,-49.63,336,304,640,-8.85,-135.52,798,733,1531,,,,,470,,,,0,-18.69,258.4,1.772,56.4,-3.4,7.5,188.78,-1.0,-3.0,-40.22,8.76,1,9,14,-2.93,-6.41,-8.56,3.76,-11.95,-7.06,-7.75,640,-0.69,1,3.52,4.97,0,2,0,-84.47,0,DIRECAO
P2,-,0.0,-,-,,-,0,-,7.5,-,1.77,1.98,zebra,-,4,1152,690,1.67,511,641,44.4,-187.2,-16.25,0,0.72,-19.18,-49.49,110,148,258,-19.44,-131.83,289,389,678,,,,,395,,,,0,-18.72,115.2,1.893,52.8,-8.5,9.2,190.54,-1.0,-4.0,-49.93,3.62,1,9,14,-5.03,-14.19,-19.9,-5.95,-20.97,-15.4,-19.18,258,-3.78,1,-6.07,-4.05,0,2,0,-82.79,0,DIRECAO
P2,-,0.0,-,-,,-,0,-,7.5,-,1.62,1.98,zebra,-,3,1649,792,2.08,813,836,49.3,-187.79,-11.39,0,-0.02,-12.65,-49.45,190,201,391,-11.98,-115.95,475,493,968,,,,,420,,,,0,-18.78,164.9,1.81,55.2,-5.9,8.6,191.43,-1.0,-3.0,-58.73,-5.23,0,10,13,-3.95,-10.66,-12.63,-0.45,-16.11,-11.0,-12.65,391,-1.65,1,-0.68,0.81,0,2,0,-77.07,0,DIRECAO
P2,-,0.0,-,-,,-,0,-,6.5,9.5,1.77,-,zebra,-,2,1270,826,1.54,559,711,44.0,-188.07,-14.81,0,1.31,-12.63,-39.28,139,172,311,-17.59,-132.3,320,432,752,,,,,446,,,,0,-18.81,127.0,1.946,51.4,-7.4,8.3,188.07,-1.0,-2.0,-50.42,4.16,1,9,12,-4.77,-15.34,-13.94,-3.82,-19.53,-15.52,-12.63,311,2.88,1,-4.06,-2.61,0,2,0,-67.04,0,DIRECAO
P2,-,0.0,-,-,,-,0,-,0.5,-,1.77,1.98,zebra,-,4,1266,751,1.69,571,695,45.1,-188.39,-14.88,0,-0.88,-18.19,-50.92,121,159,280,-18.57,-136.47,317,418,735,,,,,423,,,,0,-18.84,126.6,1.891,52.9,-7.8,8.9,190.75,-1.0,-4.0,-47.73,0.57,1,9,12,-4.85,-13.52,-17.31,-4.2,-19.6,-13.94,-18.19,280,-4.24,1,-4.38,-2.68,0,2,0,-78.76,0,DIRECAO
P1,-,0.0,-,-,,-,0,-,0.5,10.5,-,-,zebra,-,3,2671,924,2.89,1414,1257,52.9,-188.42,-7.05,0,0.59,-8.11,-53.15,342,313,655,-8.49,-134.19,824,757,1581,,,,,470,,,,0,-18.84,267.1,1.779,56.2,-3.3,7.6,190.32,-1.0,-3.0,-39.16,4.69,1,9,14,-2.87,-6.05,-8.7,3.93,-11.77,-6.71,-8.11,655,-1.4,4,3.7,5.15,0,2,0,-88.03,0,DIRECAO
P2,-,0.0,-,-,,-,0,-,6.5,9.5,1.32,1.98,zebra,-,3,2043,902,2.26,1064,979,52.1,-190.16,-9.31,0,-0.1,-10.85,-54.37,256,245,501,-11.3,-137.46,620,596,1216,,,,,462,,,,0,-19.02,204.3,1.756,57.0,-4.9,7.8,193.83,-1.0,-3.0,-45.89,1.94,1,9,13,-3.58,-8.41,-10.75,1.68,-14.03,-8.81,-10.85,501,-2.05,1,1.45,2.89,0,2,0,-84.17,0,DIRECAO
P2,-,0.0,-,-,,-,0,-,7.5,-,1.77,1.98,zebra,-,6,1165,690,1.69,516,649,44.3,-190.55,-16.36,0,0.79,-19.49,-50.49,110,149,259,-19.59,-134.02,291,393,684,,,,,395,,,,0,-19.05,116.5,1.893,52.8,-8.5,9.2,193.89,-1.0,-5.0,-49.07,1.6,1,9,14,-5.07,-14.16,-20.28,-6.06,-21.08,-15.46,-19.49,259,-4.04,2,-6.18,-4.15,0,2,0,-84.79,0,DIRECAO
P2,-,0.0,-,-,,-,0,-,0.5,-,1.77,1.98,zebra,-,6,1280,751,1.7,577,703,45.1,-190.77,-14.9,0,-0.81,-18.48,-51.92,121,160,281,-18.71,-138.66,319,422,741,,,,,423,,,,0,-19.08,128.0,1.891,52.9,-7.8,9.0,193.13,-1.0,-5.0,-46.87,-0.48,0,10,12,-4.85,-13.37,-17.67,-4.22,-19.62,-13.9,-18.48,281,-4.58,2,-4.41,-2.7,0,2,0,-80.76,0,DIRECAO
P2,-,0.0,-,-,,-,0,-,5.5,-,1.77,1.98,zebra,-,4,1261,748,1.69,567,694,45.0,-191.02,-15.15,0,-0.88,-18.19,-50.92,121,159,280,-18.57,-136.47,317,418,735,,,,,422,,,,0,-19.1,126.1,1.891,52.9,-7.9,8.9,193.38,-1.0,-4.0,-49.61,0.62,1,9,12,-4.93,-13.93,-17.31,-4.48,-19.87,-14.28,-18.19,280,-3.9,1,-4.67,-2.95,0,2,0,-78.76,0,DIRECAO
P1,-,0.0,-,-,,-,0,-,4.5,10.5,-,-,zebra,-,3,2663,922,2.89,1407,1256,52.8,-191.62,-7.2,0,0.71,-7.97,-52.15,342,312,654,-8.51,-134.35,822,756,1578,,,,,470,,,,0,-19.16,266.3,1.78,56.2,-3.3,7.6,193.52,-1.0,-3.0,-38.16,4.1,1,9,14,-2.92,-6.29,-8.68,3.79,-11.92,-6.94,-7.97,654,-1.03,1,3.56,5.01,0,2,0,-87.62,0,DIRECAO
P4,-,0.0,-,-,,-,0,-,6.5,-,-,-,zebra,dif>=2,3,626,398,1.57,232,394,37.1,-192.35,-30.73,0,-10.63,-38.02,-54.37,47,96,143,-33.07,-117.73,127,229,356,,,,,290,,,,0,-19.24,62.6,1.922,52.0,-15.0,9.7,193.32,-1.0,-3.0,-55.19,3.14,2,8,14,-7.26,-32.64,-27.39,-22.58,-36.75,-28.57,-38.02,143,-9.45,1,-22.87,-18.52,0,2,0,-62.46,0,DIRECAO
P4,-,0.0,-,-,,-,0,-,6.5,8.5,-,-,zebra,dif>=0,3,2095,898,2.33,1083,1012,51.7,-193.21,-9.22,0,-0.41,-9.09,-47.9,271,256,527,-10.87,-135.84,634,616,1250,,,,,463,,,,0,-19.32,209.5,1.779,56.2,-4.5,7.5,194.88,-1.0,-3.0,-48.14,4.83,1,9,12,-3.5,-9.57,-8.68,1.77,-13.94,-9.27,-9.09,527,0.18,1,1.53,2.98,0,2,0,-70.81,0,DIRECAO
P2,-,0.0,-,-,,-,0,-,6.5,-,1.77,1.98,zebra,-,4,1254,744,1.69,562,692,44.8,-193.4,-15.42,0,-1.04,-18.59,-51.5,119,158,277,-18.75,-136.91,314,416,730,,,,,419,,,,0,-19.34,125.4,1.891,52.9,-8.1,9.0,195.76,-1.0,-4.0,-50.59,-0.34,0,10,12,-5.0,-14.22,-17.55,-4.78,-20.14,-14.52,-18.59,277,-4.07,1,-4.96,-3.22,0,2,0,-79.34,0,DIRECAO
P2,-,0.0,-,-,,-,0,-,5.5,-,1.77,1.98,zebra,-,6,1275,748,1.7,573,702,44.9,-193.4,-15.17,0,-0.81,-18.48,-51.92,121,160,281,-18.71,-138.66,319,422,741,,,,,422,,,,0,-19.34,127.5,1.891,52.9,-7.9,9.0,195.76,-1.0,-5.0,-48.75,-0.43,0,10,12,-4.93,-13.77,-17.67,-4.5,-19.89,-14.23,-18.48,281,-4.24,2,-4.69,-2.97,0,2,0,-80.76,0,DIRECAO
P1,-,0.0,-,-,,-,0,-,4.5,8.5,-,-,zebra,-,5,2717,907,3.0,1477,1240,54.4,-194.05,-7.14,0,-0.23,-7.64,-52.0,366,315,681,-8.75,-141.65,865,753,1618,,,,,467,,,,0,-19.41,271.7,1.733,57.7,-3.4,7.0,196.52,-1.0,-5.0,-57.87,8.06,2,8,14,-3.03,-6.98,-7.41,3.85,-11.86,-6.98,-7.64,681,-0.66,1,3.61,5.06,0,2,0,-77.19,0,DIRECAO
P4,-,0.0,-,-,,-,0,-,6.5,8.5,-,-,zebra,dif>=0,6,2096,898,2.33,1083,1013,51.7,-194.21,-9.27,0,-0.41,-9.09,-47.9,271,256,527,-10.94,-136.84,634,617,1251,,,,,463,,,,0,-19.42,209.6,1.779,56.2,-4.5,7.5,195.88,-1.0,-3.0,-48.14,4.83,1,9,12,-3.52,-9.64,-8.68,1.72,-13.99,-9.33,-9.09,527,0.24,2,1.49,2.94,0,2,0,-70.81,0,DIRECAO
P2,-,0.0,-,-,,-,0,-,7.5,-,1.62,-,zebra,-,2,1554,863,1.8,741,813,47.7,-194.28,-12.5,0,0.76,-12.48,-47.41,181,199,380,-13.29,-123.08,438,488,926,,,,,446,,,,0,-19.43,155.4,1.858,53.8,-6.1,8.2,195.91,-1.0,-2.0,-56.22,-4.59,0,10,12,-4.28,-12.05,-13.24,-1.51,-17.22,-12.51,-12.48,380,0.03,1,-1.75,-0.3,0,2,0,-78.22,0,DIRECAO
P4,-,0.0,-,-,,-,0,-,9.5,-,-,-,zebra,dif>=1,3,715,405,1.77,266,449,37.2,-194.36,-27.18,0,-6.47,-29.24,-46.78,57,103,160,-27.99,-111.39,146,252,398,,,,,277,,,,0,-19.44,71.5,1.984,50.4,-13.2,10.6,194.49,-1.0,-3.0,-60.16,1.12,1,9,15,-6.29,-29.57,-22.77,-18.97,-31.9,-26.59,-29.24,160,-2.65,1,-19.24,-14.98,0,2,0,-57.16,0,DIRECAO
P2,-,0.0,-,-,,-,0,-,8.5,-,1.62,1.98,zebra,-,4,1178,606,1.94,539,639,45.8,-194.45,-16.51,0,-0.88,-19.0,-49.77,116,146,262,-16.53,-113.86,316,373,689,,,,,345,,,,0,-19.45,117.8,1.837,54.4,-8.7,9.5,197.05,-1.0,-4.0,-66.34,0.11,1,9,15,-4.9,-15.61,-18.12,-6.73,-21.23,-15.79,-19.0,262,-3.2,1,-6.76,-4.3,0,2,0,-76.3,0,DIRECAO
P1,-,0.0,-,-,,-,0,-,6.5,8.5,-,-,zebra,-,3,2100,899,2.34,1085,1015,51.7,-194.83,-9.28,0,-0.47,-9.26,-48.9,271,257,528,-11.08,-138.84,634,619,1253,,,,,463,,,,0,-19.48,210.0,1.779,56.2,-4.6,7.5,196.5,-1.0,-3.0,-47.52,4.83,1,9,12,-3.53,-9.59,-8.79,1.71,-14.0,-9.28,-9.26,528,0.02,1,1.48,2.92,0,2,0,-71.81,0,DIRECAO
P1,-,0.0,-,-,,-,0,-,4.5,8.5,-,-,zebra,-,6,2718,907,3.0,1477,1241,54.3,-195.05,-7.18,0,-0.23,-7.64,-52.0,366,315,681,-8.75,-141.65,865,753,1618,,,,,467,,,,0,-19.5,271.8,1.733,57.7,-3.4,7.0,197.52,-1.0,-5.0,-57.87,8.06,2,8,14,-3.04,-7.03,-7.41,3.81,-11.9,-7.02,-7.64,681,-0.61,3,3.58,5.03,0,2,0,-77.19,0,DIRECAO
P1,-,0.0,-,-,,-,0,-,5.5,8.5,-,-,zebra,-,4,2518,907,2.78,1347,1171,53.5,-195.31,-7.76,0,0.13,-7.42,-47.2,340,296,636,-9.1,-136.74,793,710,1503,,,,,467,,,,0,-19.53,251.8,1.748,57.2,-3.7,7.2,197.21,-1.0,-4.0,-52.25,6.27,2,8,12,-3.17,-7.89,-7.55,3.23,-12.48,-7.87,-7.42,636,0.45,1,3.0,4.45,0,2,0,-73.51,0,DIRECAO
P1,-,0.0,-,-,,-,0,-,7.5,-,-,-,zebra,-,2,1566,867,1.81,748,818,47.8,-195.59,-12.49,0,0.3,-12.71,-48.41,181,200,381,-12.98,-120.45,441,487,928,,,,,448,,,,0,-19.56,156.6,1.854,53.9,-6.2,8.2,197.22,-1.0,-2.0,-58.66,-5.59,0,10,12,-4.28,-12.17,-13.01,-1.5,-17.21,-12.42,-12.71,381,-0.29,1,-1.74,-0.29,0,2,0,-77.16,0,DIRECAO
P2,-,0.0,-,-,,-,0,-,6.5,-,1.77,1.98,zebra,-,6,1268,744,1.7,568,700,44.8,-195.78,-15.44,0,-0.96,-18.88,-52.5,119,159,278,-18.9,-139.1,316,420,736,,,,,419,,,,0,-19.58,126.8,1.891,52.9,-8.1,9.0,198.14,-1.0,-5.0,-49.73,-1.39,0,10,12,-5.0,-14.06,-17.92,-4.8,-20.16,-14.47,-18.88,278,-4.41,2,-4.98,-3.24,0,2,0,-81.34,0,DIRECAO
P1,-,0.0,-,-,,-,0,-,0.5,8.5,-,-,zebra,-,5,2794,909,3.07,1527,1267,54.7,-195.8,-7.01,0,-0.33,-7.53,-52.59,377,321,698,-8.56,-142.02,892,767,1659,,,,,467,,,,0,-19.58,279.4,1.726,57.9,-3.3,6.9,198.27,-1.0,-5.0,-59.09,6.65,2,8,14,-3.0,-6.89,-7.2,3.98,-11.73,-6.83,-7.53,698,-0.7,3,3.75,5.19,0,2,0,-76.94,0,DIRECAO
P1,-,0.0,-,-,,-,0,-,6.5,8.5,-,-,zebra,-,4,2101,899,2.34,1085,1016,51.6,-195.83,-9.32,0,-0.47,-9.26,-48.9,271,257,528,-11.15,-139.84,634,620,1254,,,,,463,,,,0,-19.58,210.1,1.779,56.2,-4.6,7.5,197.5,-1.0,-3.0,-47.52,4.83,1,9,12,-3.55,-9.66,-8.79,1.67,-14.04,-9.34,-9.26,528,0.08,5,1.43,2.88,0,2,0,-71.81,0,DIRECAO
P4,-,0.0,-,-,,-,0,-,0.5,8.5,-,-,zebra,dif>=0,6,2819,908,3.1,1544,1275,54.8,-196.33,-6.96,0,-0.42,-7.57,-53.44,382,324,706,-8.45,-141.44,902,771,1673,,,,,467,,,,0,-19.63,281.9,1.724,58.0,-3.2,6.8,198.8,-1.0,-6.0,-58.57,6.17,2,8,15,-2.99,-6.85,-7.15,4.02,-11.68,-6.76,-7.57,706,-0.81,1,3.79,5.24,0,2,0,-77.34,0,DIRECAO
P4,-,0.0,-,-,,-,0,-,9.5,-,-,-,zebra,tot_env>=3,6,756,383,1.97,285,471,37.7,-196.51,-25.99,0,-4.32,-25.97,-43.37,62,105,167,-28.77,-121.11,152,269,421,,,,,266,,,,0,-19.65,75.6,1.996,50.1,-12.4,11.0,196.51,-1.0,-4.0,-62.62,6.95,2,8,18,-6.09,-28.34,-21.65,-17.98,-32.01,-26.0,-25.97,167,0.03,2,-18.34,-13.79,0,2,0,-57.36,0,DIRECAO
P2,-,0.0,-,-,,-,0,-,8.5,-,1.96,-,zebra,-,2,732,514,1.42,260,472,35.5,-197.02,-26.92,0,1.22,-18.37,-32.15,69,106,175,-27.39,-115.33,148,273,421,,,,,343,,,,0,-19.7,73.2,2.077,48.1,-12.6,9.8,198.11,-1.0,-2.0,-57.65,7.72,2,8,17,-6.63,-31.22,-19.59,-17.72,-31.64,-29.6,-18.37,175,11.23,1,-17.65,-14.71,0,2,0,-53.08,0,DIRECAO
P4,-,0.0,-,-,,-,0,-,6.5,-,-,-,zebra,dif 0~1,3,2249,901,2.5,1146,1103,51.0,-197.03,-8.76,0,0.3,-9.24,-50.43,276,270,546,-10.2,-135.78,668,663,1331,,,,,463,,,,0,-19.7,224.9,1.813,55.2,-4.2,8.0,198.31,-1.0,-3.0,-51.07,-2.65,0,10,12,-3.32,-8.29,-9.54,2.23,-13.48,-8.61,-9.24,546,-0.63,1,1.99,3.44,0,2,0,-80.93,0,DIRECAO
P1,-,0.0,-,-,,-,0,-,5.5,8.5,-,-,zebra,-,5,2520,907,2.78,1347,1173,53.5,-197.31,-7.83,0,0.13,-7.42,-47.2,340,296,636,-9.16,-137.74,793,711,1504,,,,,467,,,,0,-19.73,252.0,1.748,57.2,-3.8,7.2,199.21,-1.0,-5.0,-53.25,6.27,2,8,12,-3.2,-8.01,-7.55,3.16,-12.55,-7.97,-7.42,636,0.55,4,2.92,4.37,0,2,0,-73.51,0,DIRECAO
P2,-,0.0,-,-,,-,0,-,8.5,-,1.32,1.98,zebra,-,4,1210,613,1.97,558,652,46.1,-197.33,-16.31,0,-1.87,-19.1,-51.19,119,149,268,-15.91,-112.0,327,377,704,,,,,349,,,,0,-19.73,121.0,1.829,54.7,-8.5,9.5,199.93,-1.0,-4.0,-69.84,-1.33,0,10,15,-4.93,-15.8,-17.23,-6.49,-21.03,-15.51,-19.1,268,-3.59,1,-6.53,-4.11,0,2,0,-74.6,0,DIRECAO
P2,-,0.0,-,-,,-,0,-,8.5,9.5,1.77,-,zebra,-,2,918,641,1.43,370,548,40.3,-197.52,-21.52,0,1.06,-19.68,-44.29,92,133,225,-24.54,-134.95,213,337,550,,,,,379,,,,0,-19.75,91.8,1.965,50.9,-10.6,9.0,197.52,-1.0,-2.0,-56.79,-0.71,0,10,18,-5.97,-22.01,-20.74,-11.52,-26.24,-22.11,-19.68,225,2.43,5,-11.59,-9.31,0,2,0,-73.83,0,DIRECAO
P4,-,0.0,-,-,,-,0,-,0.5,-,-,-,zebra,dif>=0,3,2684,925,2.9,1415,1269,52.7,-197.7,-7.37,0,1.07,-7.95,-52.37,345,314,659,-8.45,-134.24,828,761,1589,,,,,470,,,,0,-19.77,268.4,1.781,56.1,-3.4,7.6,199.6,-1.0,-3.0,-40.49,0.49,1,9,14,-3.0,-6.36,-9.02,3.62,-12.09,-7.18,-7.95,659,-0.77,1,3.39,4.84,0,2,0,-91.69,0,DIRECAO
P1,-,0.0,-,-,,-,0,-,3.5,8.5,-,-,zebra,-,5,2783,909,3.06,1518,1265,54.5,-197.78,-7.11,0,-0.31,-7.62,-52.88,374,320,694,-8.7,-143.79,886,766,1652,,,,,467,,,,0,-19.78,278.3,1.727,57.9,-3.3,6.9,200.25,-1.0,-5.0,-60.03,6.65,2,8,14,-3.03,-6.98,-7.31,3.88,-11.83,-6.94,-7.62,694,-0.68,1,3.65,5.1,0,2,0,-77.77,0,DIRECAO
P4,-,0.0,-,-,,-,0,-,0.5,8.5,-,-,zebra,dif>=0,-,2832,908,3.12,1552,1280,54.8,-198.01,-6.99,0,-0.5,-7.69,-54.61,384,326,710,-8.44,-141.75,906,773,1679,,,,,467,,,,0,-19.8,283.2,1.722,58.1,-3.3,6.8,200.48,-1.0,-8.0,-58.57,5.02,2,8,16,-3.01,-6.87,-7.19,4.0,-11.71,-6.76,-7.69,710,-0.93,1,3.76,5.21,0,2,0,-78.13,0,DIRECAO
P1,-,0.0,-,-,,-,0,-,5.5,9.5,-,-,zebra,-,3,2533,922,2.75,1330,1203,52.5,-198.31,-7.83,0,0.61,-8.18,-51.28,326,301,627,-9.21,-138.28,777,725,1502,,,,,470,,,,0,-19.83,253.3,1.779,56.2,-3.7,7.6,200.21,-1.0,-3.0,-44.1,5.63,1,9,14,-3.15,-7.23,-8.79,3.16,-12.55,-7.71,-8.18,627,-0.46,1,2.92,4.37,0,2,0,-85.23,0,DIRECAO
P1,-,0.0,-,-,,-,0,-,2.5,8.5,-,-,zebra,-,6,2823,909,3.11,1545,1278,54.7,-198.35,-7.03,0,-0.49,-7.77,-54.84,381,325,706,-8.65,-144.84,901,774,1675,,,,,467,,,,0,-19.84,282.3,1.724,58.0,-3.3,6.9,200.82,-1.0,-6.0,-59.57,6.17,2,8,15,-3.02,-6.87,-7.28,3.96,-11.75,-6.78,-7.77,706,-0.99,1,3.73,5.18,0,2,0,-78.74,0,DIRECAO
P2,-,0.0,-,-,,-,0,-,0.5,-,1.96,-,zebra,-,2,889,618,1.44,337,552,37.9,-198.35,-22.31,0,2.76,-11.51,-24.4,91,121,212,-22.36,-114.02,193,317,510,,,,,389,,,,0,-19.84,88.9,2.067,48.4,-10.5,9.2,198.35,-1.0,-2.0,-57.05,5.76,2,8,15,-6.14,-26.92,-14.27,-12.46,-27.03,-25.69,-11.51,212,14.18,1,-12.51,-10.11,0,2,0,-46.23,0,DIRECAO
P2,-,0.0,-,-,,-,0,-,7.5,-,1.32,1.98,zebra,-,3,1704,801,2.13,842,862,49.4,-198.4,-11.64,0,-0.54,-12.89,-51.67,195,206,401,-11.71,-116.48,492,503,995,,,,,424,,,,0,-19.84,170.4,1.801,55.5,-6.1,8.6,202.04,-1.0,-3.0,-66.43,-3.11,0,10,13,-4.1,-11.23,-12.35,-0.65,-16.36,-11.26,-12.89,401,-1.62,1,-0.89,0.56,0,2,0,-77.92,0,DIRECAO
P1,-,0.0,-,-,,-,0,-,0.5,-,-,-,zebra,-,3,2687,926,2.9,1416,1271,52.7,-198.55,-7.39,0,0.99,-8.19,-53.94,344,315,659,-8.58,-136.47,827,763,1590,,,,,470,,,,0,-19.86,268.7,1.781,56.1,-3.4,7.6,200.45,-1.0,-3.0,-39.87,0.49,1,9,14,-3.0,-6.3,-9.18,3.6,-12.11,-7.13,-8.19,659,-1.05,4,3.36,4.81,0,2,0,-93.26,0,DIRECAO
P2,-,0.0,-,-,,-,0,-,6.5,-,1.62,1.98,zebra,-,3,1988,890,2.23,1007,981,50.7,-198.86,-10.0,0,-0.25,-11.17,-53.04,238,237,475,-11.54,-135.2,585,587,1172,,,,,456,,,,0,-19.89,198.8,1.789,55.9,-5.2,8.2,201.14,-1.0,-3.0,-52.83,-3.7,0,10,12,-3.8,-9.46,-10.92,0.99,-14.72,-9.64,-11.17,475,-1.53,1,0.75,2.2,0,2,0,-80.7,0,DIRECAO
P1,-,0.0,-,-,,-,0,-,0.5,8.5,-,-,zebra,-,6,2825,909,3.11,1546,1279,54.7,-198.95,-7.04,0,-0.46,-7.7,-54.44,382,325,707,-8.62,-144.44,902,774,1676,,,,,467,,,,0,-19.9,282.5,1.724,58.0,-3.3,6.8,201.42,-1.0,-6.0,-59.57,6.17,2,8,15,-3.03,-6.92,-7.24,3.95,-11.76,-6.82,-7.7,707,-0.88,2,3.71,5.16,0,2,0,-78.34,0,DIRECAO
P2,-,0.0,-,-,,-,0,-,5.5,-,1.96,-,zebra,-,2,888,617,1.44,336,552,37.8,-199.32,-22.45,0,2.76,-11.51,-24.4,91,121,212,-22.36,-114.02,193,317,510,,,,,388,,,,0,-19.93,88.8,2.067,48.4,-10.5,9.2,199.32,-1.0,-2.0,-58.02,5.76,2,8,15,-6.17,-27.14,-14.27,-12.6,-27.17,-25.88,-11.51,212,14.37,1,-12.64,-10.24,0,2,0,-46.23,0,DIRECAO
P1,-,0.0,-,-,,-,0,-,2.5,8.5,-,-,zebra,-,7,2827,909,3.11,1547,1280,54.7,-199.57,-7.06,0,-0.57,-8.03,-56.84,381,327,708,-8.76,-146.84,901,776,1677,,,,,467,,,,0,-19.96,282.7,1.724,58.0,-3.3,6.8,202.04,-1.0,-7.0,-59.57,6.17,2,8,16,-3.03,-6.81,-7.46,3.93,-11.78,-6.74,-8.03,708,-1.29,2,3.69,5.14,0,2,0,-80.74,0,DIRECAO
P4,-,0.0,-,-,,-,0,-,6.5,-,-,-,zebra,dif>=2,6,657,398,1.65,244,413,37.1,-199.96,-30.44,0,-10.7,-38.22,-55.8,48,98,146,-33.57,-123.21,130,237,367,,,,,290,,,,0,-20.0,65.7,1.927,51.9,-14.8,9.9,200.93,-1.0,-4.0,-58.81,6.67,2,8,14,-7.34,-32.07,-27.52,-22.28,-36.46,-28.21,-38.22,146,-10.01,2,-22.58,-18.23,0,2,0,-64.94,0,DIRECAO
P1,-,0.0,-,-,,-,0,-,1.5,8.5,-,-,zebra,-,-,2836,909,3.12,1553,1283,54.8,-200.0,-7.05,0,-0.54,-7.82,-55.61,384,327,711,-8.61,-144.75,906,776,1682,,,,,467,,,,0,-20.0,283.6,1.723,58.1,-3.3,6.8,202.47,-1.0,-7.0,-59.57,5.65,2,8,16,-3.04,-6.91,-7.28,3.94,-11.77,-6.79,-7.82,711,-1.03,1,3.7,5.15,0,2,0,-79.13,0,DIRECAO
P1,-,0.0,-,-,,-,0,-,3.5,8.5,-,-,zebra,-,7,2802,909,3.08,1529,1273,54.6,-200.46,-7.15,0,-0.44,-8.08,-56.47,375,324,699,-8.9,-147.84,890,772,1662,,,,,467,,,,0,-20.05,280.2,1.726,57.9,-3.4,6.9,202.93,-1.0,-6.0,-60.51,6.65,2,8,15,-3.06,-6.85,-7.64,3.83,-11.87,-6.85,-8.08,699,-1.23,2,3.6,5.05,0,2,0,-81.8,0,DIRECAO
P1,-,0.0,-,-,,-,0,-,0.5,8.5,-,-,zebra,-,-,2838,909,3.12,1554,1284,54.8,-200.63,-7.07,0,-0.54,-7.82,-55.61,384,327,711,-8.61,-144.75,906,776,1682,,,,,467,,,,0,-20.06,283.8,1.722,58.1,-3.3,6.8,203.1,-1.0,-8.0,-59.57,5.02,2,8,16,-3.04,-6.94,-7.28,3.92,-11.79,-6.82,-7.82,711,-1.0,1,3.68,5.13,0,2,0,-79.13,0,DIRECAO
P2,-,0.0,-,-,,-,0,-,0.5,9.5,1.32,1.98,zebra,-,4,2738,922,2.97,1495,1243,54.6,-200.68,-7.33,0,-0.02,-8.64,-58.15,362,311,673,-9.07,-147.5,873,754,1627,,,,,468,,,,0,-20.07,273.8,1.713,58.4,-3.8,7.2,204.15,-1.0,-4.0,-44.49,5.63,2,8,12,-3.13,-6.54,-8.62,3.66,-12.05,-6.9,-8.64,673,-1.74,1,3.42,4.87,0,2,0,-89.54,0,DIRECAO
P1,-,0.0,-,-,,-,0,-,0.5,8.5,-,-,zebra,-,7,2834,909,3.12,1551,1283,54.7,-200.83,-7.09,0,-0.59,-7.96,-56.44,382,327,709,-8.67,-145.58,904,776,1680,,,,,467,,,,0,-20.08,283.4,1.723,58.0,-3.3,6.8,203.3,-1.0,-7.0,-59.57,5.65,2,8,16,-3.05,-6.91,-7.37,3.9,-11.81,-6.79,-7.96,709,-1.17,2,3.67,5.12,0,2,0,-79.96,0,DIRECAO
P1,-,0.0,-,-,,-,0,-,3.5,8.5,-,-,zebra,-,6,2801,909,3.08,1528,1273,54.6,-200.87,-7.17,0,-0.44,-8.08,-56.47,375,324,699,-8.9,-147.84,890,772,1662,,,,,467,,,,0,-20.09,280.1,1.726,57.9,-3.4,6.9,203.34,-1.0,-6.0,-60.51,6.65,2,8,15,-3.06,-6.88,-7.64,3.82,-11.89,-6.87,-8.08,699,-1.21,1,3.58,5.03,0,2,0,-81.8,0,DIRECAO
P2,-,0.0,-,-,,-,0,-,9.5,-,1.77,-,zebra,-,2,786,498,1.58,296,490,37.7,-201.04,-25.58,0,0.1,-26.55,-47.26,65,113,178,-26.22,-119.28,169,286,455,,,,,314,,,,0,-20.1,78.6,1.995,50.1,-12.5,10.0,201.17,-1.0,-2.0,-57.74,-1.35,0,10,16,-6.24,-24.97,-26.65,-16.48,-30.3,-25.29,-26.55,178,-1.26,1,-16.41,-13.38,0,2,0,-75.95,0,DIRECAO
P1,-,0.0,-,-,,-,0,-,4.5,-,-,-,zebra,-,3,2679,924,2.9,1409,1270,52.6,-201.75,-7.53,0,1.11,-8.05,-52.94,344,314,658,-8.61,-136.63,825,762,1587,,,,,470,,,,0,-20.17,267.9,1.782,56.1,-3.5,7.6,203.65,-1.0,-3.0,-41.75,-0.1,0,10,14,-3.06,-6.54,-9.16,3.46,-12.25,-7.36,-8.05,658,-0.68,1,3.22,4.67,0,2,0,-92.85,0,DIRECAO
P2,-,0.0,-,-,,-,0,-,6.5,-,1.96,-,zebra,-,2,885,614,1.44,333,552,37.6,-202.73,-22.91,0,2.76,-11.51,-24.4,91,121,212,-22.36,-114.02,193,317,510,,,,,385,,,,0,-20.27,88.5,2.067,48.4,-10.8,9.3,202.73,-1.0,-2.0,-60.47,5.76,2,8,15,-6.3,-27.9,-14.27,-13.08,-27.63,-26.5,-11.51,212,14.99,1,-13.12,-10.7,0,2,0,-46.23,0,DIRECAO
P1,-,0.0,-,-,,-,0,-,5.5,10.5,-,-,zebra,-,3,2612,922,2.83,1366,1246,52.3,-203.05,-7.77,0,0.51,-8.39,-53.8,332,309,641,-8.85,-137.11,801,748,1549,,,,,470,,,,0,-20.3,261.2,1.787,56.0,-3.7,7.7,204.95,-1.0,-3.0,-47.49,0.97,1,9,14,-3.13,-7.08,-8.9,3.22,-12.49,-7.57,-8.39,641,-0.82,1,2.98,4.43,0,2,0,-88.38,0,DIRECAO
P2,-,0.0,-,-,,-,0,-,5.5,9.5,1.32,1.98,zebra,-,4,2542,919,2.77,1367,1175,53.8,-203.21,-7.99,0,0.05,-8.76,-55.02,335,293,628,-9.38,-142.04,804,711,1515,,,,,467,,,,0,-20.32,254.2,1.727,57.9,-4.1,7.4,207.67,-1.0,-4.0,-44.51,3.53,1,9,12,-3.32,-7.49,-8.81,3.0,-12.71,-7.74,-8.76,628,-1.02,1,2.76,4.21,0,2,0,-85.68,0,DIRECAO
P1,-,0.0,-,-,,-,0,-,9.5,10.5,-,-,zebra,-,2,837,517,1.62,329,508,39.3,-203.83,-24.35,0,-1.6,-25.44,-48.85,73,119,192,-23.86,-115.24,191,292,483,,,,,320,,,,0,-20.38,83.7,1.949,51.3,-12.0,9.9,203.96,-1.0,-2.0,-62.14,-1.62,0,10,17,-6.19,-24.64,-23.84,-15.13,-29.07,-24.03,-25.44,192,-1.41,1,-15.07,-12.15,0,2,0,-72.48,0,DIRECAO
P2,-,0.0,-,-,,-,0,-,7.5,9.5,1.77,-,zebra,-,2,1189,788,1.51,508,681,42.7,-204.14,-17.17,0,1.37,-16.23,-47.73,126,168,294,-20.07,-143.11,294,419,713,,,,,433,,,,0,-20.41,118.9,1.952,51.2,-8.5,8.4,204.14,-1.0,-2.0,-54.86,-1.72,0,10,16,-5.37,-16.9,-17.6,-6.26,-21.89,-17.48,-16.23,294,1.24,1,-6.48,-4.97,0,2,0,-80.24,0,DIRECAO
P2,-,0.0,-,-,,-,0,-,8.5,-,1.62,1.98,zebra,-,6,1217,606,2.01,554,663,45.5,-205.26,-16.87,0,-1.22,-20.07,-53.8,117,151,268,-17.35,-123.5,323,389,712,,,,,345,,,,0,-20.53,121.7,1.839,54.4,-8.9,9.6,207.86,-1.0,-4.38,-67.48,0.08,1,9,15,-5.13,-15.78,-18.85,-7.09,-21.59,-15.96,-20.07,268,-4.11,1,-7.12,-4.66,0,2,0,-81.42,0,DIRECAO
P1,-,0.0,-,-,,-,0,-,9.5,10.5,-,-,zebra,-,3,839,517,1.62,329,510,39.2,-205.83,-24.53,0,-1.74,-25.83,-49.85,73,120,193,-24.02,-116.24,191,293,484,,,,,320,,,,0,-20.58,83.9,1.949,51.3,-12.1,9.9,205.96,-1.0,-3.0,-63.14,-1.62,0,10,17,-6.24,-24.78,-24.09,-15.31,-29.25,-24.15,-25.83,193,-1.68,6,-15.25,-12.33,0,2,0,-73.48,0,DIRECAO
P2,-,0.0,-,-,,-,0,-,8.5,-,1.62,1.98,zebra,-,-,1219,606,2.01,554,665,45.4,-207.26,-17.0,0,-1.22,-20.07,-53.8,117,151,268,-17.46,-124.5,323,390,713,,,,,345,,,,0,-20.73,121.9,1.839,54.4,-8.9,9.6,209.86,-1.0,-4.38,-67.48,-0.92,0,10,15,-5.2,-15.99,-18.85,-7.23,-21.72,-16.14,-20.07,268,-3.94,1,-7.26,-4.8,0,2,0,-81.42,0,DIRECAO
P2,-,0.0,-,-,,-,0,-,8.5,-,1.96,-,zebra,-,3,806,514,1.57,288,518,35.7,-208.08,-25.82,0,-0.64,-19.37,-36.99,74,117,191,-26.8,-123.55,162,299,461,,,,,343,,,,0,-20.81,80.6,2.087,47.9,-12.2,10.0,208.08,-1.0,-3.0,-61.91,9.05,1,9,18,-6.45,-29.99,-18.73,-16.62,-30.54,-27.82,-19.37,191,8.45,1,-16.55,-13.61,0,2,0,-56.01,0,DIRECAO
P2,-,0.0,-,-,,-,0,-,9.5,-,1.62,-,zebra,-,2,835,517,1.62,325,510,38.9,-208.12,-24.92,0,-0.72,-25.83,-49.85,73,120,193,-24.66,-119.35,189,295,484,,,,,319,,,,0,-20.81,83.5,1.955,51.1,-12.2,9.9,208.25,-1.0,-2.0,-62.73,-1.62,0,10,17,-6.33,-24.82,-25.11,-15.71,-29.64,-24.65,-25.83,193,-1.18,1,-15.64,-12.72,0,2,0,-76.59,0,DIRECAO
P2,-,0.0,-,-,,-,0,-,8.5,-,1.32,1.98,zebra,-,6,1249,613,2.04,573,676,45.9,-208.14,-16.66,0,-2.2,-20.15,-55.22,120,154,274,-16.73,-121.64,334,393,727,,,,,349,,,,0,-20.81,124.9,1.831,54.6,-8.7,9.6,210.74,-1.0,-4.38,-70.98,-1.36,0,10,15,-5.16,-15.95,-17.95,-6.85,-21.38,-15.68,-20.15,274,-4.47,1,-6.88,-4.46,0,2,0,-79.72,0,DIRECAO
P2,-,0.0,-,-,,-,0,-,6.5,9.5,1.32,1.98,zebra,-,4,2157,902,2.39,1122,1035,52.0,-208.75,-9.68,0,-0.62,-11.29,-59.39,268,258,526,-11.54,-148.11,654,629,1283,,,,,462,,,,0,-20.88,215.7,1.751,57.1,-5.1,7.8,213.39,-1.0,-4.0,-49.65,2.06,1,9,13,-3.76,-9.06,-10.67,1.31,-14.4,-9.16,-11.29,526,-2.13,3,1.08,2.52,0,2,0,-88.03,0,DIRECAO
P4,-,0.0,-,-,,-,0,-,9.5,-,-,-,zebra,dif>=1,6,777,405,1.92,290,487,37.3,-208.87,-26.88,0,-6.62,-31.76,-55.27,60,114,174,-29.88,-126.98,152,273,425,,,,,277,,,,0,-20.89,77.7,1.989,50.3,-13.0,10.8,208.87,-1.0,-4.0,-66.15,6.93,1,9,16,-6.43,-27.8,-25.14,-18.67,-31.6,-25.47,-31.76,174,-6.29,1,-18.94,-14.68,0,2,0,-67.64,0,DIRECAO
P4,-,0.0,-,-,,-,0,-,6.5,-,-,-,zebra,tot_env 0~3,3,2259,887,2.55,1144,1115,50.6,-209.34,-9.27,0,1.46,-10.22,-56.84,278,278,556,-11.08,-149.26,670,677,1347,,,,,457,,,,0,-20.93,225.9,1.814,55.1,-4.5,8.0,210.62,-1.0,-3.0,-46.8,-4.59,0,10,12,-3.48,-7.79,-11.68,1.72,-13.99,-8.95,-10.22,556,-1.27,1,1.49,2.94,0,2,0,-100.32,0,DIRECAO
P2,-,0.0,-,-,,-,0,-,6.5,-,1.32,1.98,zebra,-,3,2185,905,2.41,1128,1057,51.6,-209.36,-9.58,0,0.22,-11.23,-59.06,267,259,526,-11.27,-145.31,654,635,1289,,,,,463,,,,0,-20.94,218.5,1.766,56.6,-5.0,8.0,212.55,-1.0,-3.0,-56.5,-3.39,0,10,13,-3.78,-8.45,-11.45,1.41,-14.3,-9.06,-11.23,526,-2.17,1,1.17,2.62,0,2,0,-94.14,0,DIRECAO
P4,-,0.0,-,-,,-,0,-,9.5,-,-,-,zebra,dif>=1,-,778,405,1.92,290,488,37.3,-209.87,-26.98,0,-6.62,-31.76,-55.27,60,114,174,-29.88,-126.98,152,273,425,,,,,277,,,,0,-20.99,77.8,1.989,50.3,-13.0,10.8,209.87,-1.0,-4.0,-66.15,6.93,1,9,16,-6.48,-27.94,-25.14,-18.76,-31.7,-25.6,-31.76,174,-6.17,1,-19.03,-14.77,0,2,0,-67.64,0,DIRECAO
P2,-,0.0,-,-,,-,0,-,8.5,-,1.32,1.98,zebra,-,-,1251,613,2.04,573,678,45.8,-210.14,-16.8,0,-2.2,-20.15,-55.22,120,154,274,-16.85,-122.64,334,394,728,,,,,349,,,,0,-21.01,125.1,1.831,54.6,-8.8,9.6,212.74,-1.0,-4.38,-70.98,-2.36,0,10,15,-5.23,-16.16,-17.95,-6.98,-21.52,-15.86,-20.15,274,-4.3,1,-7.02,-4.6,0,2,0,-79.72,0,DIRECAO
P2,-,0.0,-,-,,-,0,-,5.5,9.5,1.32,1.98,zebra,-,6,2575,919,2.8,1383,1192,53.7,-211.7,-8.22,0,0.04,-9.1,-57.69,337,297,634,-9.52,-146.01,813,720,1533,,,,,467,,,,0,-21.17,257.5,1.724,58.0,-4.3,7.4,215.16,-1.0,-6.0,-46.09,3.5,1,9,14,-3.43,-7.66,-9.14,2.77,-12.94,-7.93,-9.1,634,-1.16,2,2.53,3.98,0,2,0,-89.73,0,DIRECAO
P1,-,0.0,-,-,,-,0,-,9.5,-,-,-,zebra,-,2,841,519,1.62,326,515,38.8,-212.56,-25.27,0,-0.84,-26.21,-50.85,73,121,194,-24.82,-120.38,189,296,485,,,,,320,,,,0,-21.26,84.1,1.952,51.2,-12.5,9.9,212.69,-1.0,-2.0,-64.14,-1.62,0,10,17,-6.43,-25.22,-25.37,-16.04,-29.99,-24.99,-26.21,194,-1.22,1,-15.98,-13.07,0,2,0,-77.62,0,DIRECAO
P1,-,0.0,-,-,,-,0,-,5.5,-,-,-,zebra,-,3,2628,924,2.84,1368,1260,52.1,-213.18,-8.11,0,0.93,-8.46,-54.59,334,311,645,-8.95,-139.39,804,754,1558,,,,,470,,,,0,-21.32,262.8,1.789,55.9,-3.8,7.7,215.08,-1.0,-3.0,-52.15,-3.23,0,10,14,-3.27,-7.33,-9.39,2.88,-12.83,-8.0,-8.46,645,-0.47,1,2.64,4.09,0,2,0,-93.61,0,DIRECAO
P2,-,0.0,-,-,,-,0,-,0.5,9.5,1.32,1.98,zebra,-,6,2880,922,3.12,1582,1298,54.9,-213.5,-7.41,0,-0.58,-9.21,-64.93,379,326,705,-8.93,-152.33,923,783,1706,,,,,468,,,,0,-21.35,288.0,1.703,58.7,-3.8,7.0,216.97,-1.0,-6.0,-46.16,4.24,2,8,15,-3.25,-6.67,-8.63,3.58,-12.13,-6.83,-9.21,705,-2.38,1,3.34,4.79,0,2,0,-94.18,0,DIRECAO
P2,-,0.0,-,-,,-,0,-,0.5,9.5,1.62,-,zebra,-,3,2296,914,2.51,1158,1138,50.4,-213.89,-9.32,0,0.28,-9.36,-53.83,289,286,575,-11.33,-155.26,677,693,1370,,,,,468,,,,0,-21.39,229.6,1.821,54.9,-4.5,7.8,215.79,-1.0,-3.0,-45.99,8.3,1,9,13,-3.62,-9.11,-9.64,1.67,-14.04,-9.3,-9.36,575,-0.06,1,1.44,2.89,0,2,0,-84.29,0,DIRECAO
P4,-,0.0,-,-,,-,0,-,0.5,-,-,-,zebra,dif>=2,3,764,466,1.64,309,455,40.4,-214.67,-28.1,0,-8.36,-32.51,-58.2,68,111,179,-28.91,-127.5,177,264,441,,,,,326,,,,0,-21.47,76.4,1.848,54.1,-13.7,8.9,216.71,-1.0,-3.0,-56.48,1.71,2,8,14,-7.48,-30.33,-24.15,-19.31,-32.82,-26.75,-32.51,179,-5.77,1,-19.35,-15.9,0,2,0,-66.65,0,DIRECAO
P4,-,0.0,-,-,,-,0,-,7.5,-,-,-,zebra,tot_env 0~3,3,1780,833,2.14,854,926,48.0,-214.7,-12.06,0,2.0,-11.68,-50.33,207,224,431,-12.65,-133.16,503,550,1053,,,,,436,,,,0,-21.47,178.0,1.855,53.9,-5.9,8.4,215.33,-1.0,-3.0,-59.35,0.34,1,9,14,-4.1,-11.08,-13.68,-1.07,-16.78,-12.18,-11.68,431,0.51,1,-1.31,0.14,0,2,0,-91.67,0,DIRECAO
P2,-,0.0,-,-,,-,0,-,0.5,9.5,1.32,1.98,zebra,-,-,2893,922,3.14,1590,1303,55.0,-215.02,-7.43,0,-0.61,-9.32,-66.1,381,328,709,-8.94,-153.02,926,785,1711,,,,,468,,,,0,-21.5,289.3,1.702,58.7,-3.8,7.0,218.49,-1.0,-7.0,-46.16,4.24,2,8,16,-3.27,-6.66,-8.71,3.56,-12.15,-6.82,-9.32,709,-2.5,1,3.32,4.77,0,2,0,-95.35,0,DIRECAO
P2,-,0.0,-,-,,-,0,-,0.5,-,1.77,-,zebra,-,2,1439,864,1.67,631,808,43.8,-215.41,-14.97,0,1.22,-13.82,-47.41,151,192,343,-17.07,-144.62,362,485,847,,,,,457,,,,0,-21.54,143.9,1.95,51.3,-7.4,8.5,215.41,-1.0,-2.0,-60.54,0.47,1,9,14,-4.98,-14.93,-15.04,-3.98,-19.69,-15.33,-13.82,343,1.51,1,-4.22,-2.77,0,2,0,-80.3,0,DIRECAO
P2,-,0.0,-,-,,-,0,-,5.5,9.5,1.62,-,zebra,-,3,2282,913,2.5,1149,1133,50.4,-215.61,-9.45,0,0.34,-9.17,-52.48,288,284,572,-11.24,-153.24,674,689,1363,,,,,468,,,,0,-21.56,228.2,1.822,54.9,-4.5,7.8,217.51,-1.0,-3.0,-48.28,6.5,1,9,13,-3.66,-9.41,-9.51,1.54,-14.17,-9.54,-9.17,572,0.36,1,1.31,2.75,0,2,0,-82.62,0,DIRECAO
P2,-,0.0,-,-,,-,0,-,7.5,-,1.62,1.98,zebra,-,4,1762,792,2.22,858,904,48.7,-217.55,-12.35,0,-0.21,-14.76,-61.68,198,220,418,-13.49,-139.75,499,537,1036,,,,,420,,,,0,-21.76,176.2,1.814,55.1,-6.4,8.8,221.19,-1.0,-4.0,-66.65,-3.98,0,10,14,-4.4,-11.05,-14.55,-1.41,-17.07,-11.6,-14.76,418,-3.16,1,-1.63,-0.14,0,2,0,-95.17,0,DIRECAO
P2,-,0.0,-,-,,-,0,-,0.5,-,1.96,-,zebra,-,3,983,618,1.59,371,612,37.7,-218.01,-22.18,0,2.12,-11.07,-25.8,100,133,233,-22.58,-127.56,212,353,565,,,,,389,,,,0,-21.8,98.3,2.077,48.2,-10.4,9.4,218.07,-1.0,-3.0,-64.31,6.85,2,8,15,-6.22,-27.37,-13.19,-12.33,-26.9,-25.63,-11.07,233,14.56,1,-12.37,-9.98,0,2,0,-47.48,0,DIRECAO
P2,-,0.0,-,-,,-,0,-,8.5,-,1.96,-,zebra,-,4,827,514,1.61,293,534,35.4,-218.22,-26.39,0,-0.49,-19.73,-38.48,75,120,195,-27.55,-130.03,164,308,472,,,,,343,,,,0,-21.82,82.7,2.088,47.9,-12.5,10.1,218.22,-1.0,-4.0,-63.91,10.56,2,8,18,-6.71,-30.54,-19.24,-17.19,-31.11,-28.44,-19.73,195,8.71,1,-17.12,-14.18,0,2,0,-58.5,0,DIRECAO
P4,-,0.0,-,-,,-,0,-,7.5,-,-,-,zebra,dif 0~1,3,1832,839,2.18,879,953,48.0,-218.33,-11.92,0,0.08,-11.49,-50.8,212,230,442,-12.53,-135.6,516,566,1082,,,,,438,,,,0,-21.83,183.2,1.858,53.8,-5.8,8.5,218.96,-1.0,-3.0,-67.65,-0.58,0,10,15,-4.17,-12.13,-11.57,-0.93,-16.64,-12.05,-11.49,442,0.56,1,-1.16,0.29,0,2,0,-79.47,0,DIRECAO
P2,-,0.0,-,-,,-,0,-,5.5,-,1.96,-,zebra,-,3,982,617,1.59,370,612,37.7,-218.98,-22.3,0,2.12,-11.07,-25.8,100,133,233,-22.58,-127.56,212,353,565,,,,,388,,,,0,-21.9,98.2,2.077,48.1,-10.5,9.5,219.04,-1.0,-3.0,-65.28,6.85,2,8,15,-6.26,-27.57,-13.19,-12.46,-27.02,-25.79,-11.07,233,14.72,1,-12.5,-10.1,0,2,0,-47.48,0,DIRECAO
P2,-,0.0,-,-,,-,0,-,5.5,-,1.77,-,zebra,-,2,1435,861,1.67,627,808,43.7,-219.04,-15.26,0,1.22,-13.82,-47.41,151,192,343,-17.07,-144.62,362,485,847,,,,,456,,,,0,-21.9,143.5,1.95,51.3,-7.6,8.5,219.04,-1.0,-2.0,-62.42,0.47,1,9,14,-5.07,-15.4,-15.04,-4.28,-19.98,-15.72,-13.82,343,1.89,1,-4.51,-3.06,0,2,0,-80.3,0,DIRECAO
P2,-,0.0,-,-,,-,0,-,7.5,-,1.96,-,zebra,-,2,861,601,1.43,313,548,36.4,-219.28,-25.47,0,1.68,-15.84,-32.64,84,122,206,-25.29,-126.44,182,318,500,,,,,381,,,,0,-21.93,86.1,2.067,48.4,-12.0,9.4,219.28,-1.0,-2.0,-63.47,4.78,2,8,15,-6.88,-30.1,-17.52,-15.72,-30.19,-28.49,-15.84,206,12.65,1,-15.75,-13.27,0,2,0,-55.54,0,DIRECAO
P2,-,0.0,-,-,,-,0,-,8.5,9.5,1.62,-,zebra,-,2,1185,699,1.7,515,670,43.5,-219.65,-18.54,0,-1.4,-17.84,-51.38,125,163,288,-18.67,-131.25,306,397,703,,,,,393,,,,0,-21.96,118.5,1.902,52.6,-9.1,8.9,219.65,-1.0,-2.0,-72.5,0.58,1,9,18,-5.66,-19.82,-16.44,-8.18,-23.26,-18.76,-17.84,288,0.92,1,-8.31,-6.33,0,2,0,-73.8,0,DIRECAO
P1,-,0.0,-,-,,-,0,-,8.5,9.5,-,-,zebra,-,2,1207,706,1.71,529,678,43.8,-220.24,-18.25,0,-2.34,-18.41,-53.38,125,165,290,-18.2,-129.56,313,399,712,,,,,395,,,,0,-22.02,120.7,1.895,52.8,-8.9,8.9,220.24,-1.0,-2.0,-74.0,1.1,1,9,18,-5.65,-19.57,-16.07,-7.85,-22.97,-18.2,-18.41,290,-0.21,1,-7.98,-6.04,0,2,0,-73.27,0,DIRECAO
P2,-,0.0,-,-,,-,0,-,8.5,-,1.96,-,zebra,-,6,831,514,1.62,294,537,35.4,-220.24,-26.5,0,-0.49,-19.73,-38.48,75,120,195,-27.55,-130.03,164,308,472,,,,,343,,,,0,-22.02,83.1,2.089,47.9,-12.5,10.1,220.24,-1.0,-4.0,-63.91,10.56,2,8,18,-6.77,-30.69,-19.24,-17.3,-31.22,-28.58,-19.73,195,8.85,2,-17.24,-14.3,0,2,0,-58.5,0,DIRECAO
P2,-,0.0,-,-,,-,0,-,8.5,9.5,1.62,-,zebra,-,3,1187,699,1.7,515,672,43.4,-221.65,-18.67,0,-1.4,-17.84,-51.38,125,163,288,-18.67,-131.25,306,397,703,,,,,393,,,,0,-22.16,118.7,1.903,52.6,-9.2,8.9,221.65,-1.0,-3.0,-74.5,0.58,1,9,18,-5.7,-20.03,-16.44,-8.32,-23.39,-18.94,-17.84,288,1.1,4,-8.45,-6.47,0,2,0,-73.8,0,DIRECAO
P2,-,0.0,-,-,,-,0,-,6.5,-,1.96,-,zebra,-,3,979,614,1.59,367,612,37.5,-222.39,-22.72,0,2.12,-11.07,-25.8,100,133,233,-22.58,-127.56,212,353,565,,,,,385,,,,0,-22.24,97.9,2.077,48.2,-10.7,9.5,222.45,-1.0,-3.0,-67.73,6.85,2,8,15,-6.37,-28.26,-13.19,-12.89,-27.44,-26.35,-11.07,233,15.28,1,-12.93,-10.51,0,2,0,-47.48,0,DIRECAO
P2,-,0.0,-,-,,-,0,-,6.5,-,1.77,-,zebra,-,2,1429,857,1.67,622,807,43.5,-223.1,-15.61,0,1.12,-14.09,-48.2,150,192,342,-17.21,-145.27,360,484,844,,,,,453,,,,0,-22.31,142.9,1.95,51.3,-7.7,8.5,223.1,-1.0,-2.0,-64.87,-1.32,0,10,14,-5.18,-15.85,-15.21,-4.62,-20.33,-16.09,-14.09,342,2.0,1,-4.86,-3.41,0,2,0,-81.09,0,DIRECAO
P1,-,0.0,-,-,,-,0,-,8.5,9.5,-,-,zebra,-,3,1210,706,1.71,529,681,43.7,-223.24,-18.45,0,-2.34,-18.41,-53.38,125,165,290,-18.2,-129.56,313,399,712,,,,,395,,,,0,-22.32,121.0,1.895,52.8,-9.0,8.9,223.24,-1.0,-3.0,-76.0,1.1,1,9,18,-5.7,-19.89,-16.07,-8.05,-23.17,-18.46,-18.41,290,0.06,6,-8.19,-6.25,0,2,0,-73.27,0,DIRECAO
P2,-,0.0,-,-,,-,0,-,0.5,-,1.96,-,zebra,-,4,1014,618,1.64,382,632,37.7,-224.27,-22.12,0,0.41,-12.32,-29.44,101,138,239,-22.54,-131.41,218,365,583,,,,,389,,,,0,-22.43,101.4,2.081,48.1,-10.4,9.5,224.27,-1.0,-4.0,-66.31,8.21,2,8,15,-6.23,-27.56,-12.73,-12.27,-26.84,-25.14,-12.32,239,12.82,1,-12.31,-9.91,0,2,0,-47.34,0,DIRECAO
P1,-,0.0,-,-,,-,0,-,8.5,10.5,-,-,zebra,-,2,1218,706,1.73,531,687,43.6,-224.82,-18.46,0,-1.57,-18.05,-52.54,126,165,291,-17.88,-128.38,316,402,718,,,,,395,,,,0,-22.48,121.8,1.899,52.7,-9.1,9.0,224.82,-1.0,-2.0,-76.57,1.1,1,9,18,-5.71,-19.64,-16.48,-8.06,-23.18,-18.58,-18.05,291,0.53,1,-8.19,-6.26,0,2,0,-75.33,0,DIRECAO
P2,-,0.0,-,-,,-,0,-,9.5,-,1.77,-,zebra,-,3,923,498,1.85,351,572,38.0,-224.97,-24.37,0,-0.73,-26.12,-53.02,74,129,203,-25.92,-137.66,197,334,531,,,,,314,,,,0,-22.5,92.3,2.004,49.9,-11.9,10.3,224.97,-1.0,-3.0,-68.41,-1.41,0,10,17,-6.08,-23.82,-25.39,-15.28,-29.09,-23.88,-26.12,203,-2.24,1,-15.21,-12.17,0,2,0,-82.78,0,DIRECAO
P2,-,0.0,-,-,,-,0,-,5.5,-,1.96,-,zebra,-,4,1013,617,1.64,381,632,37.6,-225.24,-22.23,0,0.41,-12.32,-29.44,101,138,239,-22.54,-131.41,218,365,583,,,,,388,,,,0,-22.52,101.3,2.081,48.1,-10.4,9.5,225.24,-1.0,-4.0,-67.28,8.21,2,8,15,-6.26,-27.75,-12.73,-12.39,-26.95,-25.3,-12.32,239,12.98,1,-12.43,-10.03,0,2,0,-47.34,0,DIRECAO
P2,-,0.0,-,-,,-,0,-,0.5,-,1.96,-,zebra,-,6,1022,618,1.65,385,637,37.7,-225.77,-22.09,0,0.52,-12.0,-28.93,102,139,241,-22.38,-130.9,219,366,585,,,,,389,,,,0,-22.58,102.2,2.081,48.0,-10.4,9.6,225.77,-1.0,-4.0,-66.31,9.72,2,8,15,-6.24,-27.61,-12.52,-12.24,-26.81,-25.2,-12.0,241,13.2,2,-12.28,-9.89,0,2,0,-46.83,0,DIRECAO
P2,-,0.0,-,-,,-,0,-,5.5,-,1.96,-,zebra,-,6,1021,617,1.65,384,637,37.6,-226.74,-22.21,0,0.52,-12.0,-28.93,102,139,241,-22.38,-130.9,219,366,585,,,,,388,,,,0,-22.67,102.1,2.081,48.0,-10.4,9.6,226.74,-1.0,-4.0,-67.28,9.72,2,8,15,-6.28,-27.81,-12.52,-12.36,-26.93,-25.36,-12.0,241,13.36,2,-12.41,-10.01,0,2,0,-46.83,0,DIRECAO
P4,-,0.0,-,-,,-,0,-,0.5,-,-,-,zebra,dif>=2,6,803,466,1.72,323,480,40.2,-227.4,-28.32,0,-8.52,-33.13,-60.63,69,114,183,-29.43,-133.61,181,273,454,,,,,326,,,,0,-22.74,80.3,1.851,54.0,-13.8,9.0,229.44,-1.0,-5.0,-65.1,3.7,2,8,14,-7.58,-30.36,-24.61,-19.53,-33.04,-26.9,-33.13,183,-6.23,2,-19.57,-16.12,0,2,0,-70.13,0,DIRECAO
P2,-,0.0,-,-,,-,0,-,0.5,9.5,1.77,-,zebra,-,3,1422,833,1.71,616,806,43.3,-227.89,-16.03,0,0.18,-13.23,-45.37,152,191,343,-18.38,-152.89,350,482,832,,,,,450,,,,0,-22.79,142.2,1.952,51.2,-7.9,8.3,227.89,-1.0,-3.0,-61.13,3.55,2,8,12,-5.35,-17.59,-13.41,-5.04,-20.75,-16.92,-13.23,343,3.69,1,-5.27,-3.82,0,2,0,-71.49,0,DIRECAO
P2,-,0.0,-,-,,-,0,-,6.5,-,1.96,-,zebra,-,4,1010,614,1.64,378,632,37.4,-228.65,-22.64,0,0.41,-12.32,-29.44,101,138,239,-22.54,-131.41,218,365,583,,,,,385,,,,0,-22.86,101.0,2.081,48.1,-10.6,9.6,228.65,-1.0,-4.0,-69.73,8.21,2,8,15,-6.37,-28.42,-12.73,-12.81,-27.36,-25.84,-12.32,239,13.52,1,-12.85,-10.44,0,2,0,-47.34,0,DIRECAO
P4,-,0.0,-,-,,-,0,-,9.5,-,-,-,zebra,tot_env>=1,3,880,463,1.9,334,546,38.0,-229.24,-26.05,0,-4.31,-28.58,-58.59,74,131,205,-26.6,-134.59,190,316,506,,,,,306,,,,0,-22.92,88.0,1.973,50.7,-12.7,10.4,229.24,-1.0,-3.0,-74.91,0.5,1,9,17,-6.54,-27.07,-24.27,-17.29,-30.77,-25.28,-28.58,205,-3.3,1,-17.34,-13.85,0,2,0,-77.92,0,DIRECAO
P2,-,0.0,-,-,,-,0,-,6.5,-,1.96,-,zebra,-,6,1018,614,1.66,381,637,37.4,-230.15,-22.61,0,0.52,-12.0,-28.93,102,139,241,-22.38,-130.9,219,366,585,,,,,385,,,,0,-23.01,101.8,2.081,48.0,-10.6,9.6,230.15,-1.0,-4.0,-69.73,9.72,2,8,15,-6.39,-28.47,-12.52,-12.78,-27.33,-25.9,-12.0,241,13.89,2,-12.82,-10.41,0,2,0,-46.83,0,DIRECAO
P2,-,0.0,-,-,,-,0,-,5.5,-,1.62,1.98,zebra,-,4,2292,902,2.54,1165,1127,50.8,-230.9,-10.07,0,-0.41,-11.79,-64.6,274,274,548,-11.79,-159.58,676,677,1353,,,,,460,,,,0,-23.09,229.2,1.785,56.0,-5.2,8.2,234.08,-1.0,-4.0,-58.16,-1.55,0,10,11,-4.07,-9.31,-11.38,0.91,-14.79,-9.54,-11.79,548,-2.25,1,0.68,2.13,0,2,0,-96.04,0,DIRECAO
P2,-,0.0,-,-,,-,0,-,8.5,-,1.62,-,zebra,-,2,1212,706,1.72,523,689,43.2,-231.07,-19.07,0,-0.73,-18.05,-52.54,126,165,291,-18.52,-132.58,312,404,716,,,,,394,,,,0,-23.11,121.2,1.904,52.5,-9.4,9.0,231.07,-1.0,-2.0,-77.53,0.58,1,9,18,-5.87,-20.12,-17.32,-8.66,-23.79,-19.38,-18.05,291,1.33,1,-8.8,-6.86,0,2,0,-78.96,0,DIRECAO
P2,-,0.0,-,-,,-,0,-,5.5,9.5,1.77,-,zebra,-,3,1418,830,1.71,612,806,43.2,-231.52,-16.33,0,0.18,-13.23,-45.37,152,191,343,-18.38,-152.89,350,482,832,,,,,449,,,,0,-23.15,141.8,1.953,51.2,-8.1,8.3,231.52,-1.0,-3.0,-63.01,1.75,2,8,12,-5.44,-18.08,-13.41,-5.34,-21.05,-17.32,-13.23,343,4.09,1,-5.57,-4.12,0,2,0,-71.49,0,DIRECAO
P2,-,0.0,-,-,,-,0,-,0.5,-,1.62,1.98,zebra,-,4,2312,904,2.56,1176,1136,50.9,-231.65,-10.02,0,-0.57,-12.29,-67.95,275,278,553,-12.08,-164.6,679,684,1363,,,,,461,,,,0,-23.16,231.2,1.784,56.1,-5.2,8.1,234.55,-1.0,-4.0,-55.34,0.25,1,9,12,-4.05,-9.03,-11.72,0.97,-14.74,-9.31,-12.29,553,-2.98,1,0.73,2.18,0,2,0,-99.71,0,DIRECAO
P2,-,0.0,-,-,,-,0,-,0.5,-,1.62,-,zebra,-,3,2428,921,2.64,1217,1211,50.1,-232.56,-9.58,0,0.58,-9.65,-57.5,298,298,596,-10.93,-157.63,713,729,1442,,,,,468,,,,0,-23.26,242.8,1.827,54.7,-4.6,8.0,234.46,-1.0,-3.0,-56.33,0.26,1,9,13,-3.74,-9.19,-10.23,1.41,-14.3,-9.56,-9.65,596,-0.09,1,1.18,2.62,0,2,0,-93.07,0,DIRECAO
P2,-,0.0,-,-,,-,0,-,7.5,-,1.62,1.98,zebra,-,6,1821,792,2.3,881,940,48.4,-233.16,-12.8,0,-0.33,-15.89,-67.71,199,227,426,-14.37,-153.61,509,560,1069,,,,,420,,,,0,-23.32,182.1,1.816,55.1,-6.7,8.9,236.8,-1.0,-4.38,-68.87,-3.48,0,10,15,-4.64,-11.2,-15.56,-1.86,-17.52,-11.86,-15.89,426,-4.03,1,-2.09,-0.6,0,2,0,-104.41,0,DIRECAO
P2,-,0.0,-,-,,-,0,-,9.5,-,1.77,-,zebra,-,4,983,498,1.97,377,606,38.4,-233.31,-23.73,0,-1.09,-26.61,-56.67,77,136,213,-26.57,-150.1,208,357,565,,,,,314,,,,0,-23.33,98.3,2.005,49.9,-11.5,10.4,233.31,-1.0,-4.0,-69.73,-0.57,0,10,17,-6.02,-22.78,-25.52,-14.64,-28.45,-22.94,-26.61,213,-3.67,1,-14.57,-11.53,0,2,0,-87.53,0,DIRECAO
P1,-,0.0,-,-,,-,0,-,8.5,-,-,-,zebra,-,2,1222,708,1.73,528,694,43.2,-233.55,-19.11,0,-1.08,-18.61,-54.54,126,167,293,-18.54,-133.52,314,406,720,,,,,395,,,,0,-23.35,122.2,1.9,52.6,-9.4,9.0,233.55,-1.0,-2.0,-78.57,1.1,1,9,18,-5.91,-20.06,-17.53,-8.7,-23.83,-19.27,-18.61,293,0.65,1,-8.84,-6.91,0,2,0,-80.47,0,DIRECAO
P2,-,0.0,-,-,,-,0,-,7.5,-,1.32,1.98,zebra,-,4,1841,801,2.3,899,942,48.8,-233.57,-12.69,0,-0.67,-14.79,-63.74,205,226,431,-13.31,-143.09,522,553,1075,,,,,424,,,,0,-23.36,184.1,1.802,55.5,-6.7,8.8,237.21,-1.0,-4.0,-74.64,-6.45,0,10,14,-4.59,-11.84,-14.12,-1.7,-17.41,-12.04,-14.79,431,-2.74,1,-1.93,-0.48,0,2,0,-96.42,0,DIRECAO
P2,-,0.0,-,-,,-,0,-,0.5,9.5,1.77,-,zebra,-,4,1444,833,1.73,624,820,43.2,-233.62,-16.18,0,-0.44,-13.66,-47.4,153,194,347,-18.48,-156.32,355,491,846,,,,,450,,,,0,-23.36,144.4,1.954,51.2,-8.0,8.3,233.62,-1.0,-3.0,-64.29,4.06,2,8,12,-5.42,-17.97,-13.22,-5.19,-20.9,-16.98,-13.66,347,3.32,3,-5.43,-3.98,0,2,0,-71.92,0,DIRECAO
P2,-,0.0,-,-,,-,0,-,5.5,-,1.62,-,zebra,-,3,2414,920,2.62,1208,1206,50.0,-234.28,-9.71,0,0.63,-9.47,-56.15,297,296,593,-10.84,-155.61,710,725,1435,,,,,468,,,,0,-23.43,241.4,1.828,54.7,-4.7,8.0,236.18,-1.0,-3.0,-58.62,-1.54,0,10,13,-3.79,-9.47,-10.1,1.28,-14.43,-9.78,-9.47,593,0.31,1,1.05,2.5,0,2,0,-91.4,0,DIRECAO
P2,-,0.0,-,-,,-,0,-,7.5,-,1.96,-,zebra,-,3,951,601,1.58,347,604,36.5,-234.74,-24.68,0,1.23,-14.62,-33.04,93,133,226,-24.82,-136.98,201,351,552,,,,,381,,,,0,-23.47,95.1,2.077,48.1,-11.7,9.6,234.8,-1.0,-3.0,-69.73,5.87,1,9,15,-6.76,-29.87,-15.85,-14.94,-29.4,-27.82,-14.62,226,13.2,1,-14.97,-12.48,0,2,0,-55.79,0,DIRECAO
P2,-,0.0,-,-,,-,0,-,6.5,9.5,1.77,-,zebra,-,3,1410,826,1.71,606,804,43.0,-235.37,-16.69,0,0.09,-13.51,-45.95,150,190,340,-18.54,-153.33,347,480,827,,,,,446,,,,0,-23.54,141.0,1.953,51.2,-8.2,8.4,235.37,-1.0,-3.0,-65.46,1.75,2,8,12,-5.54,-18.56,-13.6,-5.7,-21.41,-17.7,-13.51,340,4.19,1,-5.94,-4.49,0,2,0,-72.07,0,DIRECAO
P2,-,0.0,-,-,,-,0,-,7.5,-,1.62,1.98,zebra,-,-,1824,792,2.3,881,943,48.3,-236.16,-12.95,0,-0.33,-15.89,-67.71,199,227,426,-14.53,-155.61,509,562,1071,,,,,420,,,,0,-23.62,182.4,1.816,55.1,-6.8,8.9,239.8,-1.0,-4.38,-68.87,-4.48,0,10,15,-4.72,-11.43,-15.56,-2.01,-17.67,-12.05,-15.89,426,-3.85,1,-2.24,-0.74,0,2,0,-104.41,0,DIRECAO
P2,-,0.0,-,-,,-,0,-,5.5,9.5,1.77,-,zebra,-,4,1439,830,1.73,620,819,43.1,-236.25,-16.42,0,-0.44,-13.66,-47.4,153,194,347,-18.48,-156.32,355,491,846,,,,,449,,,,0,-23.62,143.9,1.954,51.2,-8.1,8.4,236.25,-1.0,-3.0,-66.17,4.06,2,8,12,-5.49,-18.36,-13.22,-5.43,-21.14,-17.29,-13.66,347,3.63,3,-5.66,-4.22,0,2,0,-71.92,0,DIRECAO
P2,-,0.0,-,-,,-,0,-,6.5,-,1.62,1.98,zebra,-,4,2146,890,2.41,1072,1074,50.0,-238.07,-11.09,0,-0.88,-13.45,-69.29,251,264,515,-12.91,-163.98,623,647,1270,,,,,456,,,,0,-23.81,214.6,1.794,55.7,-5.8,8.3,240.63,-1.0,-4.0,-62.5,-5.39,0,10,12,-4.34,-10.21,-12.57,-0.1,-15.81,-10.35,-13.45,515,-3.11,1,-0.34,1.11,0,2,0,-100.93,0,DIRECAO
P4,-,0.0,-,-,,-,0,-,7.5,-,-,-,zebra,tot_env>=3,3,885,484,1.83,337,548,38.1,-238.75,-26.98,0,-8.45,-27.96,-54.81,72,124,196,-28.28,-139.71,183,311,494,,,,,320,,,,0,-23.88,88.5,1.954,51.2,-13.1,10.2,238.86,-1.0,-3.0,-83.7,8.63,1,9,20,-6.93,-31.08,-19.51,-18.02,-31.7,-26.7,-27.96,196,-1.27,1,-18.0,-14.77,0,2,0,-61.26,0,DIRECAO
P2,-,0.0,-,-,,-,0,-,7.5,9.5,1.77,-,zebra,-,3,1308,788,1.66,550,758,42.0,-239.64,-18.32,0,0.35,-16.37,-52.23,136,183,319,-20.46,-159.15,318,460,778,,,,,433,,,,0,-23.96,130.8,1.958,51.1,-9.0,8.5,239.64,-1.0,-3.0,-68.03,-0.58,0,10,19,-5.83,-19.3,-16.72,-7.41,-23.04,-18.95,-16.37,319,2.58,4,-7.63,-6.12,0,2,0,-83.28,0,DIRECAO
P2,-,0.0,-,-,,-,0,-,6.5,9.5,1.77,-,zebra,-,4,1431,826,1.73,614,817,42.9,-240.1,-16.78,0,-0.55,-13.95,-47.98,151,193,344,-18.64,-156.76,352,489,841,,,,,446,,,,0,-24.01,143.1,1.954,51.2,-8.3,8.4,240.1,-1.0,-3.0,-68.62,4.06,2,8,12,-5.59,-18.83,-13.4,-5.79,-21.5,-17.67,-13.95,344,3.73,3,-6.03,-4.58,0,2,0,-72.5,0,DIRECAO
P2,-,0.0,-,-,,-,0,-,7.5,-,1.77,-,zebra,-,2,1349,819,1.65,571,778,42.3,-240.17,-17.8,0,1.13,-17.43,-56.65,137,188,325,-19.39,-156.08,334,471,805,,,,,440,,,,0,-24.02,134.9,1.956,51.1,-8.8,8.7,240.17,-1.0,-2.0,-69.31,-3.98,0,10,16,-5.76,-17.35,-18.56,-6.81,-22.52,-17.92,-17.43,325,0.49,1,-7.05,-5.6,0,2,0,-94.29,0,DIRECAO
P2,-,0.0,-,-,,-,0,-,7.5,-,1.96,-,zebra,-,4,982,601,1.63,358,624,36.5,-241.16,-24.56,0,-0.52,-15.81,-36.68,94,138,232,-24.71,-140.83,207,363,570,,,,,381,,,,0,-24.12,98.2,2.081,48.1,-11.6,9.6,241.16,-1.0,-4.0,-71.73,7.23,2,8,15,-6.76,-30.02,-15.29,-14.81,-29.28,-27.26,-15.81,232,11.45,1,-14.84,-12.36,0,2,0,-55.65,0,DIRECAO
P2,-,0.0,-,-,,-,0,-,8.5,-,1.77,-,zebra,-,2,1095,673,1.63,437,658,39.9,-242.47,-22.14,0,0.55,-21.28,-55.32,104,156,260,-23.41,-152.86,256,397,653,,,,,387,,,,0,-24.25,109.5,1.969,50.8,-10.9,9.3,242.47,-1.0,-2.0,-70.22,-2.55,0,10,19,-6.46,-22.34,-21.83,-11.95,-26.86,-22.41,-21.28,260,1.14,1,-12.05,-9.94,0,2,0,-90.59,0,DIRECAO
P2,-,0.0,-,-,,-,0,-,5.5,-,1.62,1.98,zebra,-,6,2367,902,2.62,1199,1168,50.7,-242.82,-10.26,0,-0.08,-11.92,-66.86,280,281,561,-12.27,-171.05,692,702,1394,,,,,460,,,,0,-24.28,236.7,1.787,56.0,-5.3,8.3,246.0,-1.0,-4.38,-62.71,-0.87,0,10,11,-4.2,-9.34,-11.84,0.73,-14.98,-9.74,-11.92,561,-2.17,1,0.49,1.94,0,2,0,-102.89,0,DIRECAO
P2,-,0.0,-,-,,-,0,-,9.5,-,1.62,-,zebra,-,3,1006,517,1.95,392,614,39.0,-243.24,-24.18,0,-1.71,-26.24,-59.03,84,141,225,-24.16,-139.38,225,352,577,,,,,319,,,,0,-24.32,100.6,1.969,50.8,-11.8,10.2,243.24,-1.0,-3.0,-75.5,-3.68,0,10,18,-6.28,-23.99,-24.53,-14.96,-28.9,-23.59,-26.24,225,-2.65,1,-14.9,-11.98,0,2,0,-87.8,0,DIRECAO
P1,-,0.0,-,-,,-,0,-,6.5,9.5,-,-,zebra,-,3,2342,914,2.56,1177,1165,50.3,-243.32,-10.39,0,-0.31,-11.6,-67.16,285,294,579,-12.12,-168.61,686,705,1391,,,,,466,,,,0,-24.33,234.2,1.807,55.3,-5.1,7.8,243.95,-1.0,-3.0,-61.94,2.12,1,9,14,-4.04,-9.83,-11.29,0.6,-15.11,-9.99,-11.6,579,-1.61,1,0.36,1.81,0,2,0,-101.58,0,DIRECAO
P2,-,0.0,-,-,,-,0,-,7.5,-,1.96,-,zebra,-,6,989,601,1.65,360,629,36.4,-243.67,-24.64,0,-0.39,-15.46,-36.17,95,139,234,-24.53,-140.32,208,364,572,,,,,381,,,,0,-24.37,98.9,2.082,48.0,-11.6,9.7,243.67,-1.0,-4.0,-71.73,8.74,2,8,15,-6.82,-30.26,-15.07,-14.89,-29.36,-27.48,-15.46,234,12.03,2,-14.92,-12.44,0,2,0,-55.14,0,DIRECAO
P2,-,0.0,-,-,,-,0,-,0.5,-,1.62,1.98,zebra,-,6,2388,904,2.64,1210,1178,50.7,-244.57,-10.24,0,-0.24,-12.4,-70.21,281,285,566,-12.54,-176.07,695,709,1404,,,,,461,,,,0,-24.46,238.8,1.786,56.0,-5.3,8.2,247.47,-1.0,-4.38,-59.89,-0.07,0,10,12,-4.2,-9.13,-12.16,0.75,-14.96,-9.57,-12.4,566,-2.83,1,0.51,1.96,0,2,0,-106.56,0,DIRECAO
P2,-,0.0,-,-,,-,0,-,6.5,9.5,1.62,-,zebra,-,3,2178,905,2.41,1066,1112,48.9,-246.06,-11.3,0,-0.33,-10.97,-59.69,266,278,544,-13.04,-169.77,626,676,1302,,,,,464,,,,0,-24.61,217.8,1.836,54.5,-5.5,8.0,246.69,-1.0,-3.0,-60.38,2.51,1,9,13,-4.29,-11.71,-10.64,-0.31,-16.02,-11.41,-10.97,544,0.43,1,-0.54,0.91,0,2,0,-88.94,0,DIRECAO
P2,-,0.0,-,-,,-,0,-,5.5,-,1.62,1.98,zebra,-,-,2373,902,2.63,1200,1173,50.6,-246.88,-10.4,0,-0.13,-12.07,-67.86,280,282,562,-12.46,-174.05,692,705,1397,,,,,460,,,,0,-24.69,237.3,1.787,55.9,-5.4,8.3,250.06,-1.0,-4.38,-61.77,-0.87,0,10,12,-4.29,-9.51,-11.94,0.59,-15.12,-9.89,-12.07,562,-2.19,1,0.35,1.8,0,2,0,-103.89,0,DIRECAO
P1,-,0.0,-,-,,-,0,-,9.5,-,-,-,zebra,-,3,1016,519,1.96,396,620,39.0,-247.05,-24.32,0,-1.91,-26.21,-60.02,86,143,229,-24.02,-139.78,228,354,582,,,,,320,,,,0,-24.7,101.6,1.963,50.9,-12.0,10.2,247.05,-1.0,-3.0,-76.91,-3.68,0,10,18,-6.36,-24.33,-24.3,-15.09,-29.04,-23.76,-26.21,229,-2.44,1,-15.02,-12.11,0,2,0,-88.2,0,DIRECAO
P2,-,0.0,-,-,,-,0,-,0.5,-,1.62,1.98,zebra,-,-,2394,904,2.65,1211,1183,50.6,-248.63,-10.39,0,-0.3,-12.56,-71.21,281,286,567,-12.73,-179.07,695,712,1407,,,,,461,,,,0,-24.86,239.4,1.787,56.0,-5.4,8.3,251.53,-1.0,-4.38,-58.95,-0.07,0,10,13,-4.29,-9.3,-12.26,0.6,-15.11,-9.71,-12.56,567,-2.85,1,0.37,1.82,0,2,0,-107.56,0,DIRECAO
P4,-,0.0,-,-,,-,0,-,9.5,-,-,-,zebra,dif>=0,3,1014,518,1.96,394,620,38.9,-249.04,-24.56,0,-1.91,-26.21,-60.02,86,143,229,-24.44,-141.77,226,354,580,,,,,319,,,,0,-24.9,101.4,1.963,50.9,-12.1,10.2,249.04,-1.0,-3.0,-76.91,-3.68,0,10,18,-6.44,-24.71,-24.3,-15.34,-29.28,-24.08,-26.21,229,-2.13,1,-15.27,-12.36,0,2,0,-88.2,0,DIRECAO
P1,-,0.0,-,-,,-,0,-,6.5,10.5,-,-,zebra,-,3,2422,914,2.65,1213,1209,50.1,-249.06,-10.28,0,-0.4,-11.75,-69.68,291,302,593,-11.71,-168.44,710,729,1439,,,,,466,,,,0,-24.91,242.2,1.815,55.1,-5.0,8.0,249.69,-1.0,-3.0,-65.33,-2.54,0,10,14,-4.01,-9.63,-11.35,0.71,-15.0,-9.81,-11.75,593,-1.94,1,0.47,1.92,0,2,0,-104.73,0,DIRECAO
P4,-,0.0,-,-,,-,0,-,7.5,-,-,-,zebra,tot_env 0~3,6,1853,833,2.22,874,979,47.2,-249.54,-13.47,0,1.58,-14.02,-62.96,210,239,449,-14.32,-156.23,511,580,1091,,,,,436,,,,0,-24.95,185.3,1.858,53.8,-6.7,8.5,249.54,-1.0,-4.0,-66.41,-2.79,0,10,16,-4.64,-12.19,-15.6,-2.48,-18.19,-13.29,-14.02,449,-0.73,2,-2.71,-1.26,0,2,0,-108.23,0,DIRECAO
P2,-,0.0,-,-,,-,0,-,7.5,-,1.32,1.98,zebra,-,6,1905,801,2.38,924,981,48.5,-251.42,-13.2,0,-0.93,-16.27,-71.77,206,235,441,-14.27,-158.56,533,578,1111,,,,,424,,,,0,-25.14,190.5,1.803,55.5,-6.9,8.9,255.06,-1.0,-5.0,-77.49,-7.38,0,10,15,-4.86,-11.95,-15.34,-2.21,-17.92,-12.27,-16.27,441,-4.0,1,-2.44,-1.0,0,2,0,-107.66,0,DIRECAO
P4,-,0.0,-,-,,-,0,-,7.5,-,-,-,zebra,tot_env>=3,-,959,484,1.98,367,592,38.3,-252.96,-26.38,0,-8.37,-28.37,-58.72,75,132,207,-28.65,-150.1,193,331,524,,,,,320,,,,0,-25.3,95.9,1.963,50.9,-12.7,10.4,252.96,-1.0,-4.0,-87.73,8.23,2,8,17,-6.99,-29.77,-20.0,-17.42,-31.1,-25.83,-28.37,207,-2.54,1,-17.4,-14.17,0,2,0,-66.61,0,DIRECAO
P2,-,0.0,-,-,,-,0,-,6.5,-,1.62,1.98,zebra,-,6,2216,890,2.49,1101,1115,49.7,-253.66,-11.45,0,-0.78,-14.19,-74.63,254,272,526,-13.63,-178.15,635,672,1307,,,,,456,,,,0,-25.37,221.6,1.796,55.7,-6.0,8.5,256.22,-1.0,-4.38,-66.05,-4.71,0,10,12,-4.56,-10.29,-13.41,-0.46,-16.17,-10.59,-14.19,526,-3.59,1,-0.69,0.76,0,2,0,-110.48,0,DIRECAO
P4,-,0.0,-,-,,-,0,-,7.5,-,-,-,zebra,tot_env>=3,6,958,484,1.98,366,592,38.2,-254.12,-26.53,0,-8.37,-28.37,-58.72,75,132,207,-28.65,-150.1,193,331,524,,,,,320,,,,0,-25.41,95.8,1.963,50.9,-12.7,10.4,254.12,-1.0,-4.0,-87.73,7.63,2,8,17,-7.07,-30.0,-20.0,-17.57,-31.25,-26.02,-28.37,207,-2.35,1,-17.54,-14.32,0,2,0,-66.61,0,DIRECAO
P2,-,0.0,-,-,,-,0,-,7.5,-,1.32,1.98,zebra,-,-,1908,801,2.38,924,984,48.4,-254.42,-13.33,0,-0.93,-16.27,-71.77,206,235,441,-14.43,-160.56,533,580,1113,,,,,424,,,,0,-25.44,190.8,1.804,55.4,-7.0,8.9,258.06,-1.0,-5.0,-77.49,-7.38,0,10,15,-4.94,-12.17,-15.34,-2.35,-18.05,-12.45,-16.27,441,-3.82,1,-2.58,-1.13,0,2,0,-107.66,0,DIRECAO
P2,-,0.0,-,-,,-,0,-,6.5,-,1.62,1.98,zebra,-,-,2220,890,2.49,1102,1118,49.6,-255.72,-11.52,0,-0.78,-14.19,-74.63,254,272,526,-13.76,-180.15,635,674,1309,,,,,456,,,,0,-25.57,222.0,1.797,55.7,-6.0,8.5,258.28,-1.0,-4.38,-65.11,-4.71,0,10,12,-4.6,-10.4,-13.41,-0.53,-16.24,-10.69,-14.19,526,-3.5,1,-0.77,0.68,0,2,0,-110.48,0,DIRECAO
P2,-,0.0,-,-,,-,0,-,0.5,-,1.32,1.98,zebra,-,4,3001,925,3.24,1605,1396,53.5,-256.57,-8.55,0,-0.14,-10.4,-75.62,382,345,727,-10.13,-179.47,933,839,1772,,,,,469,,,,0,-25.66,300.1,1.728,57.9,-4.4,7.6,260.04,-1.0,-4.0,-46.16,-1.26,0,10,13,-3.8,-7.52,-10.26,2.44,-13.27,-7.96,-10.4,727,-2.44,1,2.2,3.65,0,2,0,-115.78,0,DIRECAO
P2,-,0.0,-,-,,-,0,-,9.5,-,1.62,-,zebra,-,4,1089,517,2.11,427,662,39.2,-256.89,-23.59,0,-2.04,-26.9,-65.1,89,153,242,-24.67,-154.69,242,385,627,,,,,319,,,,0,-25.69,108.9,1.972,50.7,-11.5,10.4,256.89,-1.0,-4.0,-78.76,-2.84,0,10,18,-6.24,-22.89,-24.86,-14.37,-28.31,-22.64,-26.9,242,-4.26,1,-14.31,-11.39,0,2,0,-95.72,0,DIRECAO
P4,-,0.0,-,-,,-,0,-,6.5,-,-,-,zebra,tot_env>=3,3,977,531,1.84,386,591,39.5,-257.16,-26.32,0,-6.36,-25.23,-56.26,89,134,223,-27.41,-151.55,214,339,553,,,,,339,,,,0,-25.72,97.7,1.912,52.3,-12.8,9.8,258.74,-1.0,-3.0,-84.83,7.67,1,9,17,-7.26,-30.6,-18.87,-17.02,-31.04,-26.64,-25.23,223,1.42,1,-16.97,-14.12,0,2,0,-67.16,0,DIRECAO
P4,-,0.0,-,-,,-,0,-,0.5,-,-,-,zebra,dif 0~1,6,3175,912,3.48,1669,1506,52.6,-257.75,-8.12,0,0.61,-8.45,-65.67,405,372,777,-9.62,-180.53,971,906,1877,,,,,467,,,,0,-25.77,317.5,1.781,56.2,-3.6,7.7,258.22,-1.0,-6.0,-62.53,1.02,2,8,14,-3.62,-7.54,-9.06,2.87,-12.84,-8.01,-8.45,777,-0.44,1,2.64,4.08,0,2,0,-108.76,0,DIRECAO
P4,-,0.0,-,-,,-,0,-,6.5,-,-,-,zebra,dif>=0,3,2433,915,2.66,1213,1220,49.9,-257.91,-10.6,0,0.11,-11.66,-69.47,293,303,596,-11.63,-168.06,713,732,1445,,,,,466,,,,0,-25.79,243.3,1.817,55.0,-5.2,8.0,258.54,-1.0,-3.0,-70.61,-5.8,0,10,14,-4.14,-9.88,-11.77,0.39,-15.32,-10.26,-11.66,596,-1.4,1,0.15,1.6,0,2,0,-108.96,0,DIRECAO
P4,-,0.0,-,-,,-,0,-,9.5,-,-,-,zebra,tot_env>=1,6,992,463,2.14,376,616,37.9,-258.01,-26.01,0,-5.57,-29.13,-65.25,80,144,224,-27.7,-155.93,208,355,563,,,,,306,,,,0,-25.8,99.2,1.981,50.5,-12.6,10.7,258.01,-1.0,-4.0,-82.24,3.67,2,8,19,-6.89,-27.36,-23.56,-17.25,-30.73,-25.1,-29.13,224,-4.03,1,-17.3,-13.81,0,2,0,-82.93,0,DIRECAO
P2,-,0.0,-,-,,-,0,-,5.5,-,1.32,1.98,zebra,-,4,2806,922,3.04,1478,1328,52.7,-258.13,-9.2,0,-0.09,-10.63,-72.49,355,327,682,-10.48,-174.01,864,796,1660,,,,,468,,,,0,-25.81,280.6,1.741,57.4,-4.8,7.8,262.59,-1.0,-4.0,-64.68,-2.39,0,10,13,-3.98,-8.38,-10.54,1.79,-13.92,-8.74,-10.63,682,-1.89,1,1.55,3.0,0,2,0,-111.92,0,DIRECAO
P4,-,0.0,-,-,,-,0,-,0.5,-,-,-,zebra,tot_env 0~3,6,3044,898,3.39,1601,1443,52.6,-258.19,-8.48,0,1.24,-9.29,-69.36,389,358,747,-10.03,-179.61,927,863,1790,,,,,461,,,,0,-25.82,304.4,1.769,56.5,-3.9,7.4,259.66,-1.0,-6.0,-47.49,-5.94,0,10,15,-3.59,-7.26,-10.53,2.51,-13.2,-8.22,-9.29,747,-1.06,1,2.27,3.72,0,2,0,-119.99,0,DIRECAO
P4,-,0.0,-,-,,-,0,-,0.5,-,-,-,zebra,tot_env 0~3,-,3063,898,3.41,1614,1449,52.7,-258.47,-8.44,0,1.18,-9.32,-70.12,392,360,752,-9.99,-179.51,932,865,1797,,,,,461,,,,0,-25.85,306.3,1.767,56.6,-3.9,7.4,259.94,-1.0,-8.0,-48.08,-5.94,0,10,15,-3.59,-7.2,-10.5,2.55,-13.16,-8.15,-9.32,752,-1.17,1,2.31,3.76,0,2,0,-120.37,0,DIRECAO
P4,-,0.0,-,-,,-,0,-,9.5,-,-,-,zebra,tot_env>=1,-,993,463,2.14,376,617,37.9,-259.01,-26.08,0,-5.57,-29.13,-65.25,80,144,224,-27.7,-155.93,208,355,563,,,,,306,,,,0,-25.9,99.3,1.981,50.5,-12.6,10.8,259.01,-1.0,-4.0,-82.24,3.67,2,8,19,-6.94,-27.47,-23.56,-17.32,-30.8,-25.2,-29.13,224,-3.93,1,-17.38,-13.88,0,2,0,-82.93,0,DIRECAO
P1,-,0.0,-,-,,-,0,-,6.5,-,-,-,zebra,-,3,2438,916,2.66,1215,1223,49.8,-259.19,-10.63,0,0.06,-11.8,-70.47,293,304,597,-11.79,-170.72,713,735,1448,,,,,466,,,,0,-25.92,243.8,1.817,55.0,-5.2,8.0,259.82,-1.0,-3.0,-69.99,-5.8,0,10,14,-4.14,-9.88,-11.86,0.36,-15.35,-10.25,-11.8,597,-1.55,1,0.12,1.57,0,2,0,-109.96,0,DIRECAO
P4,-,0.0,-,-,,-,0,-,0.5,-,-,-,zebra,dif 0~1,-,3201,912,3.51,1683,1518,52.6,-260.66,-8.14,0,0.7,-8.28,-64.82,409,374,783,-9.62,-181.86,978,912,1890,,,,,467,,,,0,-26.07,320.1,1.781,56.2,-3.6,7.7,261.13,-1.0,-8.0,-63.12,1.43,1,9,14,-3.66,-7.63,-8.98,2.85,-12.86,-8.1,-8.28,783,-0.18,1,2.61,4.06,0,2,0,-108.53,0,DIRECAO
P2,-,0.0,-,-,,-,0,-,9.5,-,1.77,-,zebra,-,6,1027,498,2.06,385,642,37.5,-261.45,-25.46,0,-1.34,-28.05,-61.7,78,142,220,-28.16,-165.0,211,375,586,,,,,314,,,,0,-26.14,102.7,2.007,49.8,-12.3,10.6,261.45,-1.0,-5.0,-70.9,-0.75,0,10,17,-6.94,-24.8,-26.71,-16.36,-30.18,-24.75,-28.05,220,-3.29,1,-16.29,-13.26,0,2,0,-94.55,0,DIRECAO
P1,-,0.0,-,-,,-,0,-,9.5,-,-,-,zebra,-,4,1105,519,2.13,434,671,39.3,-262.07,-23.72,0,-2.29,-26.53,-65.52,92,155,247,-24.41,-155.0,247,388,635,,,,,320,,,,0,-26.21,110.5,1.965,50.9,-11.6,10.4,262.07,-1.0,-4.0,-82.17,-2.84,0,10,18,-6.32,-23.43,-24.24,-14.49,-28.44,-22.91,-26.53,247,-3.62,1,-14.43,-11.51,0,2,0,-95.03,0,DIRECAO
P4,-,0.0,-,-,,-,0,-,0.5,-,-,-,zebra,tot_env>=3,3,1155,640,1.8,502,653,43.5,-262.75,-22.75,0,-6.42,-24.04,-63.46,112,152,264,-24.66,-163.02,280,381,661,,,,,378,,,,0,-26.27,115.5,1.846,54.2,-10.7,9.1,264.94,-1.0,-3.0,-74.57,8.47,1,9,17,-7.07,-25.68,-17.62,-12.76,-27.47,-22.37,-24.04,264,-1.67,1,-12.83,-10.55,0,2,0,-73.99,0,DIRECAO
P2,-,0.0,-,-,,-,0,-,6.5,-,1.32,1.98,zebra,-,4,2427,905,2.68,1237,1190,51.0,-262.84,-10.83,0,-0.65,-13.25,-77.11,289,293,582,-12.64,-180.96,716,716,1432,,,,,463,,,,0,-26.28,242.7,1.765,56.7,-5.7,8.2,267.48,-1.0,-4.0,-69.82,-3.12,0,10,13,-4.41,-9.76,-12.6,0.16,-15.55,-10.07,-13.25,582,-3.18,1,-0.08,1.37,0,2,0,-115.52,0,DIRECAO
P4,-,0.0,-,-,,-,0,-,6.5,-,-,-,zebra,tot_env 0~3,6,2419,887,2.73,1202,1217,49.7,-263.85,-10.91,0,1.18,-11.83,-70.41,292,303,595,-12.52,-179.48,701,732,1433,,,,,457,,,,0,-26.39,241.9,1.818,55.0,-5.3,8.1,264.13,-1.0,-5.0,-62.46,-6.68,0,10,13,-4.17,-9.62,-13.01,0.08,-15.63,-10.61,-11.83,595,-1.23,2,-0.15,1.3,0,2,0,-119.29,0,DIRECAO
P2,-,0.0,-,-,,-,0,-,9.5,-,1.77,-,zebra,-,-,1030,498,2.07,385,645,37.4,-264.45,-25.67,0,-1.34,-28.05,-61.7,78,142,220,-28.28,-166.0,211,376,587,,,,,314,,,,0,-26.45,103.0,2.008,49.8,-12.4,10.6,264.45,-1.0,-5.0,-71.9,-0.75,0,10,17,-7.05,-25.13,-26.71,-16.58,-30.39,-25.03,-28.05,220,-3.01,1,-16.51,-13.47,0,2,0,-94.55,0,DIRECAO
P2,-,0.0,-,-,,-,0,-,6.5,-,1.62,-,zebra,-,3,2311,912,2.53,1125,1186,48.7,-265.73,-11.5,0,0.0,-11.21,-63.36,275,290,565,-12.59,-173.14,662,713,1375,,,,,464,,,,0,-26.57,231.1,1.842,54.3,-5.6,8.1,266.36,-1.0,-3.0,-70.72,-2.49,0,10,13,-4.39,-11.68,-11.21,-0.51,-16.22,-11.59,-11.21,565,0.38,1,-0.75,0.7,0,2,0,-97.72,0,DIRECAO
P1,-,0.0,-,-,,-,0,-,9.5,-,-,-,zebra,-,5,1145,519,2.21,452,693,39.5,-267.35,-23.35,0,-2.95,-26.52,-66.84,94,158,252,-24.71,-161.85,254,401,655,,,,,320,,,,0,-26.74,114.5,1.965,50.9,-11.4,10.5,267.35,-1.0,-5.0,-81.36,-2.15,0,10,19,-6.33,-23.23,-23.57,-14.12,-28.07,-22.45,-26.52,252,-4.07,1,-14.06,-11.15,0,2,0,-94.53,0,DIRECAO
P4,-,0.0,-,-,,-,0,-,7.5,-,-,-,zebra,dif 0~1,6,2038,839,2.43,960,1078,47.1,-268.24,-13.16,0,1.11,-11.56,-56.88,234,258,492,-13.5,-163.43,569,642,1211,,,,,438,,,,0,-26.82,203.8,1.868,53.5,-6.4,8.8,268.24,-1.0,-4.0,-78.14,5.05,1,9,17,-4.84,-13.46,-12.67,-2.17,-17.88,-13.67,-11.56,492,2.11,1,-2.41,-0.96,0,2,0,-97.19,0,DIRECAO
P4,-,0.0,-,-,,-,0,-,6.5,-,-,-,zebra,tot_env>=3,-,1053,531,1.98,417,636,39.6,-270.85,-25.72,0,-5.86,-24.96,-58.65,93,142,235,-27.59,-161.42,225,360,585,,,,,339,,,,0,-27.09,105.3,1.925,52.0,-12.4,10.1,271.43,-1.0,-4.0,-88.86,8.21,2,8,17,-7.28,-29.42,-19.1,-16.42,-30.44,-25.94,-24.96,235,0.98,1,-16.37,-13.52,0,2,0,-71.99,0,DIRECAO
P1,-,0.0,-,-,,-,0,-,4.5,9.5,-,-,zebra,-,4,3071,922,3.33,1609,1462,52.4,-271.83,-8.85,0,0.49,-8.53,-65.42,401,366,767,-10.29,-187.96,943,884,1827,,,,,470,,,,0,-27.18,307.1,1.768,56.5,-4.2,7.4,274.3,-1.0,-4.0,-60.11,6.29,2,8,14,-3.85,-8.75,-9.02,2.14,-13.57,-8.96,-8.53,767,0.43,1,1.9,3.35,0,2,0,-106.15,0,DIRECAO
P4,-,0.0,-,-,,-,0,-,6.5,-,-,-,zebra,tot_env>=3,6,1052,531,1.98,416,636,39.5,-272.01,-25.86,0,-5.86,-24.96,-58.65,93,142,235,-27.59,-161.42,225,360,585,,,,,339,,,,0,-27.2,105.2,1.924,52.0,-12.4,10.0,272.59,-1.0,-4.0,-88.86,7.05,2,8,17,-7.36,-29.63,-19.1,-16.55,-30.58,-26.12,-24.96,235,1.16,1,-16.5,-13.65,0,2,0,-71.99,0,DIRECAO
P4,-,0.0,-,-,,-,0,-,7.5,-,-,-,zebra,dif 0~1,-,2042,839,2.43,960,1082,47.0,-272.24,-13.33,0,1.23,-11.56,-56.88,234,258,492,-13.64,-165.43,569,644,1213,,,,,438,,,,0,-27.22,204.2,1.869,53.5,-6.5,8.8,272.24,-1.0,-4.0,-78.14,5.05,1,9,17,-4.94,-13.66,-12.79,-2.34,-18.05,-13.89,-11.56,492,2.33,1,-2.58,-1.13,0,2,0,-98.19,0,DIRECAO
P2,-,0.0,-,-,,-,0,-,5.5,9.5,1.62,-,zebra,-,4,2452,913,2.69,1207,1245,49.2,-274.21,-11.18,0,-0.23,-9.95,-60.69,303,307,610,-12.44,-180.94,707,748,1455,,,,,468,,,,0,-27.42,245.2,1.832,54.6,-5.3,7.9,275.11,-1.0,-4.0,-73.78,5.49,2,8,13,-4.48,-12.07,-9.72,-0.19,-15.9,-11.59,-9.95,610,1.64,1,-0.43,1.02,0,2,0,-90.0,0,DIRECAO
P2,-,0.0,-,-,,-,0,-,7.5,9.5,1.62,-,zebra,-,3,1901,856,2.22,883,1018,46.4,-274.22,-14.43,0,-0.41,-13.74,-64.73,219,252,471,-15.32,-173.16,520,610,1130,,,,,446,,,,0,-27.42,190.1,1.87,53.5,-7.0,8.4,274.85,-1.0,-3.0,-82.58,-2.0,0,10,15,-5.19,-15.1,-13.33,-3.44,-19.15,-14.65,-13.74,471,0.91,1,-3.67,-2.22,0,2,0,-97.04,0,DIRECAO
P2,-,0.0,-,-,,-,0,-,0.5,9.5,1.62,-,zebra,-,4,2472,914,2.7,1218,1254,49.3,-274.96,-11.12,0,-0.37,-10.41,-64.04,304,311,615,-12.69,-185.96,710,755,1465,,,,,468,,,,0,-27.5,247.2,1.831,54.6,-5.3,7.9,275.86,-1.0,-4.0,-70.96,7.29,1,9,13,-4.47,-11.78,-10.04,-0.13,-15.84,-11.36,-10.41,615,0.95,1,-0.37,1.08,0,2,0,-93.67,0,DIRECAO
P1,-,0.0,-,-,,-,0,-,0.5,9.5,-,-,zebra,-,4,3104,924,3.36,1629,1475,52.5,-275.2,-8.87,0,0.18,-8.93,-69.13,404,370,774,-10.39,-191.48,952,891,1843,,,,,470,,,,0,-27.52,310.4,1.766,56.6,-4.2,7.4,277.67,-1.0,-4.0,-62.21,6.88,2,8,14,-3.88,-8.71,-9.11,2.12,-13.59,-8.84,-8.93,774,-0.09,3,1.89,3.34,0,2,0,-108.14,0,DIRECAO
P2,-,0.0,-,-,,-,0,-,7.5,9.5,1.62,-,zebra,-,4,1902,856,2.22,883,1019,46.4,-275.22,-14.47,0,-0.41,-13.74,-64.73,219,252,471,-15.32,-173.16,520,610,1130,,,,,446,,,,0,-27.52,190.2,1.871,53.5,-7.0,8.4,275.85,-1.0,-3.0,-83.58,-2.0,0,10,15,-5.2,-15.18,-13.33,-3.48,-19.19,-14.71,-13.74,471,0.97,3,-3.72,-2.27,0,2,0,-97.04,0,DIRECAO
P1,-,0.0,-,-,,-,0,-,3.5,9.5,-,-,zebra,-,4,3102,924,3.36,1627,1475,52.5,-276.22,-8.9,0,0.15,-9.01,-69.65,403,370,773,-10.46,-192.5,950,891,1841,,,,,470,,,,0,-27.62,310.2,1.766,56.6,-4.2,7.4,278.69,-1.0,-4.0,-62.71,6.88,2,8,14,-3.89,-8.75,-9.16,2.08,-13.62,-8.87,-9.01,773,-0.14,1,1.85,3.3,0,2,0,-108.66,0,DIRECAO
P2,-,0.0,-,-,,-,0,-,9.5,-,1.62,-,zebra,-,6,1150,517,2.22,448,702,39.0,-276.47,-24.04,0,-2.65,-27.77,-69.42,91,159,250,-25.79,-169.42,250,407,657,,,,,319,,,,0,-27.65,115.0,1.974,50.7,-11.7,10.5,276.47,-1.0,-5.0,-79.01,-3.14,0,10,19,-6.71,-23.47,-25.12,-14.82,-28.76,-23.01,-27.77,250,-4.76,1,-14.76,-11.84,0,2,0,-100.22,0,DIRECAO
P2,-,0.0,-,-,,-,0,-,5.5,9.5,1.62,-,zebra,-,6,2472,913,2.71,1215,1257,49.2,-279.7,-11.31,0,-0.01,-9.56,-58.62,306,307,613,-12.55,-184.13,712,755,1467,,,,,468,,,,0,-27.97,247.2,1.833,54.6,-5.4,7.9,280.6,-1.0,-5.0,-74.94,5.56,1,9,13,-4.56,-12.39,-9.55,-0.33,-16.03,-11.89,-9.56,613,2.33,2,-0.56,0.89,0,2,0,-89.19,0,DIRECAO
P4,-,0.0,-,-,,-,0,-,6.5,-,-,-,zebra,dif 0~1,6,2602,901,2.89,1291,1311,49.6,-279.87,-10.76,0,0.71,-10.15,-64.55,316,320,636,-12.05,-185.92,755,788,1543,,,,,463,,,,0,-27.99,260.2,1.826,54.8,-5.2,8.3,279.87,-1.0,-5.0,-73.75,2.16,1,9,14,-4.36,-10.69,-10.86,0.23,-15.48,-10.95,-10.15,636,0.8,1,-0.0,1.45,0,2,0,-107.01,0,DIRECAO
P1,-,0.0,-,-,,-,0,-,9.5,-,-,-,zebra,-,6,1167,519,2.25,456,711,39.1,-281.06,-24.08,0,-2.88,-27.39,-69.84,94,161,255,-25.52,-169.73,255,410,665,,,,,320,,,,0,-28.11,116.7,1.968,50.8,-11.7,10.5,281.06,-1.0,-5.0,-82.42,-2.55,0,10,19,-6.78,-23.85,-24.51,-14.85,-28.8,-23.16,-27.39,255,-4.23,1,-14.79,-11.88,0,2,0,-99.53,0,DIRECAO
P4,-,0.0,-,-,,-,0,-,0.5,-,-,-,zebra,tot_env>=3,-,1237,640,1.93,534,703,43.2,-281.07,-22.72,0,-5.99,-23.86,-65.85,116,160,276,-24.86,-172.52,292,402,694,,,,,378,,,,0,-28.11,123.7,1.859,53.8,-10.6,9.3,282.26,-1.0,-5.0,-83.6,7.99,2,8,12,-7.15,-25.41,-17.87,-12.73,-27.44,-22.4,-23.86,276,-1.46,1,-12.8,-10.52,0,2,0,-78.82,0,DIRECAO
P2,-,0.0,-,-,,-,0,-,0.5,9.5,1.62,-,zebra,-,6,2493,914,2.73,1226,1267,49.2,-281.45,-11.29,0,-0.16,-10.03,-61.97,307,311,618,-12.81,-189.15,715,762,1477,,,,,468,,,,0,-28.14,249.3,1.832,54.6,-5.4,7.9,282.35,-1.0,-5.0,-72.12,6.36,1,9,13,-4.56,-12.15,-9.87,-0.3,-16.01,-11.71,-10.03,618,1.68,2,-0.54,0.91,0,2,0,-92.86,0,DIRECAO
P4,-,0.0,-,-,,-,0,-,9.5,-,-,-,zebra,dif>=0,6,1164,518,2.25,454,710,39.0,-282.05,-24.23,0,-2.88,-27.39,-69.84,94,161,255,-25.79,-170.72,253,409,662,,,,,319,,,,0,-28.21,116.4,1.968,50.8,-11.8,10.5,282.05,-1.0,-5.0,-82.42,-2.55,0,10,19,-6.81,-24.08,-24.51,-15.01,-28.95,-23.35,-27.39,255,-4.04,1,-14.94,-12.03,0,2,0,-99.53,0,DIRECAO
P4,-,0.0,-,-,,-,0,-,0.5,-,-,-,zebra,tot_env>=3,6,1236,640,1.93,533,703,43.1,-282.23,-22.83,0,-5.99,-23.86,-65.85,116,160,276,-24.86,-172.52,292,402,694,,,,,378,,,,0,-28.22,123.6,1.858,53.8,-10.7,9.3,283.42,-1.0,-5.0,-83.6,7.47,2,8,12,-7.22,-25.59,-17.87,-12.85,-27.55,-22.54,-23.86,276,-1.32,1,-12.91,-10.63,0,2,0,-78.82,0,DIRECAO
P4,-,0.0,-,-,,-,0,-,7.5,-,-,-,zebra,dif>=1,3,1079,588,1.84,418,661,38.7,-283.67,-26.29,0,-4.83,-27.09,-65.01,90,150,240,-27.82,-168.86,229,378,607,,,,,369,,,,0,-28.37,107.9,1.935,51.7,-13.0,9.6,283.67,-1.0,-3.0,-90.69,2.52,1,9,15,-7.54,-28.55,-22.26,-16.63,-31.01,-26.06,-27.09,240,-1.03,1,-16.64,-14.09,0,2,0,-86.13,0,DIRECAO
P4,-,0.0,-,-,,-,0,-,6.5,-,-,-,zebra,dif 0~1,-,2611,901,2.9,1293,1318,49.5,-284.3,-10.89,0,0.9,-9.88,-62.94,317,320,637,-12.09,-187.35,757,792,1549,,,,,463,,,,0,-28.43,261.1,1.827,54.7,-5.2,8.3,284.3,-1.0,-5.0,-73.75,2.16,1,9,15,-4.44,-10.95,-10.78,0.1,-15.61,-11.21,-9.88,637,1.33,1,-0.14,1.31,0,2,0,-106.4,0,DIRECAO
P2,-,0.0,-,-,,-,0,-,9.5,-,1.62,-,zebra,-,-,1158,517,2.24,448,710,38.7,-284.47,-24.57,0,-2.76,-28.06,-70.42,91,160,251,-26.12,-172.42,250,410,660,,,,,319,,,,0,-28.45,115.8,1.975,50.6,-11.9,10.6,284.47,-1.0,-5.0,-81.01,-3.14,0,10,19,-6.98,-24.18,-25.3,-15.35,-29.29,-23.6,-28.06,251,-4.46,1,-15.28,-12.36,0,2,0,-101.22,0,DIRECAO
P1,-,0.0,-,-,,-,0,-,5.5,9.5,-,-,zebra,-,4,2945,922,3.19,1519,1426,51.6,-284.87,-9.67,0,0.09,-9.38,-69.23,380,358,738,-10.91,-191.23,893,860,1753,,,,,470,,,,0,-28.49,294.5,1.779,56.2,-4.6,7.6,285.77,-1.0,-4.0,-70.06,5.1,2,8,14,-4.12,-9.8,-9.47,1.32,-14.39,-9.77,-9.38,738,0.39,1,1.08,2.53,0,2,0,-107.51,0,DIRECAO
P2,-,0.0,-,-,,-,0,-,6.5,-,1.32,1.98,zebra,-,6,2526,905,2.79,1280,1246,50.7,-285.91,-11.32,0,-0.53,-14.12,-84.71,295,305,600,-13.41,-199.42,737,750,1487,,,,,463,,,,0,-28.59,252.6,1.766,56.6,-5.9,8.3,290.55,-1.0,-6.0,-75.63,-2.56,0,10,14,-4.7,-9.95,-13.59,-0.33,-16.04,-10.45,-14.12,600,-3.67,1,-0.57,0.88,0,2,0,-128.83,0,DIRECAO
P2,-,0.0,-,-,,-,0,-,5.5,-,1.32,1.98,zebra,-,6,2940,922,3.19,1540,1400,52.4,-286.83,-9.76,0,0.13,-11.6,-82.01,364,343,707,-11.31,-196.32,896,840,1736,,,,,468,,,,0,-28.68,294.0,1.741,57.4,-5.1,7.9,290.29,-1.0,-6.0,-71.07,-2.09,0,10,15,-4.31,-8.57,-11.73,1.23,-14.48,-9.17,-11.6,707,-2.43,1,1.0,2.45,0,2,0,-129.53,0,DIRECAO
P2,-,0.0,-,-,,-,0,-,6.5,-,1.32,1.98,zebra,-,-,2531,905,2.8,1282,1249,50.7,-287.09,-11.34,0,-0.53,-14.12,-84.71,295,305,600,-13.46,-200.54,738,752,1490,,,,,463,,,,0,-28.71,253.1,1.766,56.6,-6.0,8.3,291.73,-1.0,-6.0,-74.69,-2.56,0,10,14,-4.72,-10.0,-13.59,-0.35,-16.06,-10.48,-14.12,600,-3.64,1,-0.59,0.86,0,2,0,-128.83,0,DIRECAO
P2,-,0.0,-,-,,-,0,-,0.5,-,1.32,1.98,zebra,-,6,3244,925,3.51,1738,1506,53.6,-289.0,-8.91,0,-0.39,-11.47,-89.25,406,372,778,-10.64,-203.01,1005,903,1908,,,,,469,,,,0,-28.9,324.4,1.721,58.1,-4.5,7.5,292.47,-1.0,-6.0,-53.72,-2.66,0,10,15,-4.12,-7.61,-11.08,2.08,-13.63,-8.1,-11.47,778,-3.37,1,1.84,3.29,0,2,0,-134.35,0,DIRECAO
P1,-,0.0,-,-,,-,0,-,9.5,-,-,-,zebra,-,7,1175,519,2.26,456,719,38.8,-289.06,-24.6,0,-2.97,-27.67,-70.84,94,162,256,-25.86,-172.73,255,413,668,,,,,320,,,,0,-28.91,117.5,1.969,50.8,-12.0,10.6,289.06,-1.0,-5.0,-84.42,-2.55,0,10,19,-7.05,-24.55,-24.7,-15.37,-29.32,-23.75,-27.67,256,-3.93,2,-15.31,-12.4,0,2,0,-100.53,0,DIRECAO
P2,-,0.0,-,-,,-,0,-,6.5,9.5,1.62,-,zebra,-,4,2318,905,2.56,1116,1202,48.1,-290.01,-12.51,0,-0.54,-11.33,-65.39,280,297,577,-13.79,-190.23,655,724,1379,,,,,464,,,,0,-29.0,231.8,1.845,54.2,-6.1,8.1,290.64,-1.0,-4.0,-79.75,1.72,2,8,14,-4.87,-13.58,-10.79,-1.52,-17.23,-12.9,-11.33,577,1.57,3,-1.76,-0.31,0,2,0,-95.78,0,DIRECAO
P2,-,0.0,-,-,,-,0,-,5.5,-,1.32,1.98,zebra,-,-,2949,922,3.2,1543,1406,52.3,-290.04,-9.84,0,0.09,-11.72,-83.01,364,344,708,-11.4,-198.44,897,843,1740,,,,,468,,,,0,-29.0,294.9,1.741,57.4,-5.1,7.9,293.5,-1.0,-7.0,-71.13,-1.12,0,10,15,-4.36,-8.65,-11.81,1.15,-14.56,-9.24,-11.72,708,-2.49,1,0.92,2.37,0,2,0,-130.53,0,DIRECAO
P4,-,0.0,-,-,,-,0,-,9.5,-,-,-,zebra,dif>=0,-,1172,518,2.26,454,718,38.7,-290.05,-24.75,0,-2.97,-27.67,-70.84,94,162,256,-26.12,-173.72,253,412,665,,,,,319,,,,0,-29.01,117.2,1.969,50.8,-12.0,10.6,290.05,-1.0,-5.0,-84.42,-2.55,0,10,19,-7.08,-24.77,-24.7,-15.52,-29.47,-23.93,-27.67,256,-3.74,1,-15.46,-12.55,0,2,0,-100.53,0,DIRECAO
P1,-,0.0,-,-,,-,0,-,7.5,9.5,-,-,zebra,-,3,1974,865,2.28,920,1054,46.6,-290.56,-14.72,0,-0.93,-14.39,-69.37,223,259,482,-15.29,-178.28,540,626,1166,,,,,448,,,,0,-29.06,197.4,1.858,53.8,-7.2,8.4,291.19,-1.0,-3.0,-89.57,-0.13,0,10,16,-5.37,-15.5,-13.46,-3.73,-19.44,-14.83,-14.39,482,0.43,1,-3.97,-2.52,0,2,0,-101.46,0,DIRECAO
P1,-,0.0,-,-,,-,0,-,7.5,9.5,-,-,zebra,-,4,1977,865,2.29,921,1056,46.6,-292.19,-14.78,0,-0.93,-14.39,-69.37,223,259,482,-15.29,-178.28,540,626,1166,,,,,448,,,,0,-29.22,197.7,1.858,53.8,-7.2,8.4,292.82,-1.0,-4.0,-90.2,-0.13,0,10,16,-5.39,-15.6,-13.46,-3.79,-19.5,-14.9,-14.39,482,0.51,5,-4.03,-2.58,0,2,0,-101.46,0,DIRECAO
P2,-,0.0,-,-,,-,0,-,0.5,-,1.32,1.98,zebra,-,-,3267,925,3.53,1750,1517,53.6,-293.36,-8.98,0,-0.5,-11.68,-91.42,408,375,783,-10.71,-205.45,1010,908,1918,,,,,469,,,,0,-29.34,326.7,1.72,58.1,-4.6,7.5,296.83,-1.0,-7.0,-54.78,-2.37,0,10,16,-4.17,-7.67,-11.18,2.01,-13.7,-8.13,-11.68,783,-3.55,1,1.77,3.22,0,2,0,-136.15,0,DIRECAO
P2,-,0.0,-,-,,-,0,-,7.5,-,1.62,-,zebra,-,3,2035,863,2.36,942,1093,46.3,-294.89,-14.49,0,-0.12,-14.08,-69.4,228,265,493,-14.75,-177.53,556,648,1204,,,,,446,,,,0,-29.49,203.5,1.874,53.4,-7.1,8.6,295.52,-1.0,-3.0,-92.92,-3.22,0,10,16,-5.24,-14.81,-13.96,-3.5,-19.21,-14.62,-14.08,493,0.55,1,-3.74,-2.29,0,2,0,-106.82,0,DIRECAO
P1,-,0.0,-,-,,-,0,-,7.5,10.5,-,-,zebra,-,3,2054,865,2.37,956,1098,46.5,-296.3,-14.43,0,-1.03,-14.49,-71.89,229,267,496,-14.67,-178.11,564,650,1214,,,,,448,,,,0,-29.63,205.4,1.866,53.6,-7.1,8.5,296.93,-1.0,-3.0,-92.96,-1.69,0,10,16,-5.28,-15.01,-13.46,-3.44,-19.15,-14.4,-14.49,496,-0.09,1,-3.67,-2.22,0,2,0,-104.61,0,DIRECAO
P4,-,0.0,-,-,,-,0,-,6.5,-,-,-,zebra,dif>=1,3,1222,639,1.91,500,722,40.9,-298.77,-24.45,0,-3.53,-24.4,-68.8,115,167,282,-25.48,-179.65,285,420,705,,,,,380,,,,0,-29.88,122.2,1.891,52.9,-12.0,9.2,298.87,-1.0,-3.0,-88.44,2.14,1,9,14,-7.6,-26.56,-20.87,-14.47,-29.17,-24.46,-24.4,282,0.07,1,-14.53,-12.25,0,2,0,-94.76,0,DIRECAO
P4,-,0.0,-,-,,-,0,-,7.5,-,-,-,zebra,dif>=1,6,1175,588,2.0,459,716,39.1,-300.7,-25.59,0,-5.58,-28.35,-73.7,96,164,260,-28.58,-185.23,242,406,648,,,,,369,,,,0,-30.07,117.5,1.942,51.5,-12.4,9.9,300.7,-1.0,-4.0,-99.8,8.8,1,9,16,-7.54,-27.13,-22.77,-15.93,-30.31,-24.81,-28.35,260,-3.54,1,-15.94,-13.39,0,2,0,-94.27,0,DIRECAO
P4,-,0.0,-,-,,-,0,-,7.5,-,-,-,zebra,dif>=1,-,1178,588,2.0,460,718,39.0,-301.54,-25.6,0,-5.58,-28.35,-73.7,96,164,260,-28.58,-185.23,242,406,648,,,,,369,,,,0,-30.15,117.8,1.943,51.5,-12.4,9.9,301.54,-1.0,-4.0,-99.8,9.96,1,9,16,-7.55,-27.13,-22.77,-15.94,-30.32,-24.82,-28.35,260,-3.53,1,-15.95,-13.4,0,2,0,-94.27,0,DIRECAO
P1,-,0.0,-,-,,-,0,-,8.5,10.5,-,-,zebra,-,3,1527,706,2.16,652,875,42.7,-301.81,-19.76,0,-2.74,-20.68,-75.08,151,212,363,-19.42,-173.85,384,511,895,,,,,395,,,,0,-30.18,152.7,1.909,52.4,-9.7,9.3,301.81,-1.0,-3.0,-97.33,-1.47,0,10,20,-6.37,-20.85,-17.94,-9.36,-24.48,-19.48,-20.68,363,-1.2,1,-9.5,-7.56,0,2,0,-102.26,0,DIRECAO
P1,-,0.0,-,-,,-,0,-,8.5,10.5,-,-,zebra,-,4,1530,706,2.17,652,878,42.6,-304.81,-19.92,0,-2.82,-20.9,-76.08,151,213,364,-19.51,-174.85,384,512,896,,,,,395,,,,0,-30.48,153.0,1.91,52.4,-9.8,9.3,304.81,-1.0,-4.0,-99.33,-1.47,0,10,20,-6.42,-21.02,-18.08,-9.52,-24.64,-19.62,-20.9,364,-1.28,5,-9.66,-7.72,0,2,0,-103.26,0,DIRECAO
P4,-,0.0,-,-,,-,0,-,7.5,-,-,-,zebra,dif>=0,3,2067,866,2.39,957,1110,46.3,-305.39,-14.77,0,-0.41,-14.36,-71.68,231,268,499,-14.7,-179.35,566,654,1220,,,,,448,,,,0,-30.54,206.7,1.867,53.6,-7.3,8.5,306.02,-1.0,-3.0,-97.62,-1.69,0,10,16,-5.4,-15.27,-13.95,-3.79,-19.49,-14.9,-14.36,499,0.54,1,-4.02,-2.57,0,2,0,-108.84,0,DIRECAO
P2,-,0.0,-,-,,-,0,-,8.5,-,1.77,-,zebra,-,3,1322,673,1.96,518,804,39.2,-305.66,-23.12,0,-0.75,-23.56,-73.26,120,191,311,-24.85,-194.6,299,484,783,,,,,387,,,,0,-30.57,132.2,1.98,50.5,-11.3,9.6,305.66,-1.0,-3.0,-86.01,-5.75,0,10,22,-7.04,-23.3,-22.81,-12.93,-27.84,-22.99,-23.56,311,-0.57,1,-13.03,-10.92,0,2,0,-112.47,0,DIRECAO
P1,-,0.0,-,-,,-,0,-,7.5,-,-,-,zebra,-,3,2070,867,2.39,958,1112,46.3,-306.43,-14.8,0,-0.48,-14.54,-72.68,231,269,500,-14.75,-180.39,567,656,1223,,,,,448,,,,0,-30.64,207.0,1.867,53.6,-7.3,8.5,307.06,-1.0,-3.0,-97.62,-1.69,0,10,16,-5.41,-15.25,-14.06,-3.81,-19.52,-14.89,-14.54,500,0.35,1,-4.05,-2.6,0,2,0,-109.84,0,DIRECAO
P2,-,0.0,-,-,,-,0,-,8.5,-,1.62,-,zebra,-,3,1525,706,2.16,644,881,42.2,-309.18,-20.27,0,-1.47,-20.41,-74.29,152,212,364,-19.8,-177.39,381,515,896,,,,,394,,,,0,-30.92,152.5,1.917,52.2,-9.9,9.3,309.18,-1.0,-3.0,-99.95,-1.99,0,10,20,-6.48,-21.06,-18.94,-9.87,-24.99,-20.23,-20.41,364,-0.18,1,-10.01,-8.07,0,2,0,-107.59,0,DIRECAO
P1,-,0.0,-,-,,-,0,-,8.5,-,-,-,zebra,-,3,1543,708,2.18,654,889,42.4,-311.94,-20.22,0,-1.94,-20.67,-75.87,153,214,367,-19.48,-176.13,387,517,904,,,,,395,,,,0,-31.19,154.3,1.912,52.3,-9.9,9.3,311.94,-1.0,-3.0,-101.99,-1.47,0,10,20,-6.5,-21.1,-18.73,-9.8,-24.94,-20.07,-20.67,367,-0.6,1,-9.94,-8.01,0,2,0,-107.49,0,DIRECAO
P2,-,0.0,-,-,,-,0,-,0.5,-,1.77,-,zebra,-,3,1758,864,2.03,741,1017,42.2,-315.85,-17.97,0,0.59,-15.16,-62.62,178,235,413,-19.5,-199.64,423,601,1024,,,,,457,,,,0,-31.59,175.8,1.961,51.0,-8.8,8.8,315.85,-1.0,-3.0,-87.38,-2.7,0,10,15,-6.37,-19.24,-15.75,-6.98,-22.69,-18.83,-15.16,413,3.67,1,-7.21,-5.76,0,2,0,-100.95,0,DIRECAO
P4,-,0.0,-,-,,-,0,-,6.5,-,-,-,zebra,dif>=1,6,1330,639,2.08,547,783,41.1,-316.08,-23.77,0,-3.39,-24.23,-73.89,124,181,305,-26.03,-196.55,302,453,755,,,,,380,,,,0,-31.61,133.0,1.9,52.6,-11.5,9.5,316.08,-1.0,-4.0,-98.18,9.3,1,9,14,-7.51,-25.45,-20.84,-13.78,-28.49,-23.63,-24.23,305,-0.6,1,-13.85,-11.56,0,2,0,-101.3,0,DIRECAO
P4,-,0.0,-,-,,-,0,-,6.5,-,-,-,zebra,dif>=1,-,1333,639,2.09,548,785,41.1,-316.92,-23.77,0,-3.39,-24.23,-73.89,124,181,305,-26.03,-196.55,302,453,755,,,,,380,,,,0,-31.69,133.3,1.901,52.6,-11.5,9.5,316.92,-1.0,-4.0,-98.18,10.46,1,9,14,-7.53,-25.46,-20.84,-13.79,-28.49,-23.64,-24.23,305,-0.59,1,-13.86,-11.57,0,2,0,-101.3,0,DIRECAO
P1,-,0.0,-,-,,-,0,-,4.5,10.5,-,-,zebra,-,4,3267,922,3.54,1684,1583,51.5,-317.25,-9.71,0,0.37,-9.84,-79.7,415,395,810,-11.18,-216.75,984,955,1939,,,,,470,,,,0,-31.73,326.7,1.782,56.1,-4.6,7.6,318.72,-1.0,-4.0,-68.35,4.59,1,9,15,-4.3,-9.4,-10.21,1.28,-14.43,-9.67,-9.84,810,-0.17,1,1.04,2.49,0,2,0,-126.96,0,DIRECAO
P1,-,0.0,-,-,,-,0,-,4.5,9.5,-,-,zebra,-,6,3235,922,3.51,1682,1553,52.0,-318.82,-9.86,0,-0.09,-9.89,-79.15,413,387,800,-11.08,-212.6,985,933,1918,,,,,470,,,,0,-31.88,323.5,1.766,56.6,-4.6,7.4,320.29,-1.0,-6.0,-70.0,7.1,2,8,14,-4.42,-9.89,-9.8,1.13,-14.58,-9.84,-9.89,800,-0.05,1,0.9,2.35,0,2,0,-120.68,0,DIRECAO
P1,-,0.0,-,-,,-,0,-,4.5,9.5,-,-,zebra,-,5,3219,922,3.49,1672,1547,51.9,-318.91,-9.91,0,0.1,-9.86,-78.66,412,386,798,-11.1,-212.15,981,930,1911,,,,,470,,,,0,-31.89,321.9,1.767,56.6,-4.7,7.4,320.38,-1.0,-5.0,-69.0,6.54,2,8,14,-4.44,-9.87,-9.96,1.08,-14.63,-9.92,-9.86,798,0.07,1,0.85,2.3,0,2,0,-122.23,0,DIRECAO
P1,-,0.0,-,-,,-,0,-,6.5,9.5,-,-,zebra,-,4,2619,914,2.87,1291,1328,49.3,-319.09,-12.18,0,-0.3,-11.75,-76.05,318,329,647,-13.56,-210.79,754,800,1554,,,,,466,,,,0,-31.91,261.9,1.811,55.2,-5.9,7.9,319.73,-1.0,-4.0,-87.33,3.87,2,8,15,-4.96,-12.64,-11.45,-1.19,-16.9,-12.32,-11.75,647,0.57,1,-1.43,0.02,0,2,0,-115.3,0,DIRECAO
P1,-,0.0,-,-,,-,0,-,4.5,9.5,-,-,zebra,-,7,3237,922,3.51,1683,1554,52.0,-319.31,-9.86,0,-0.09,-9.89,-79.15,413,387,800,-11.08,-212.6,985,933,1918,,,,,470,,,,0,-31.93,323.7,1.766,56.6,-4.6,7.4,320.78,-1.0,-6.0,-70.0,7.1,2,8,14,-4.42,-9.91,-9.8,1.12,-14.58,-9.85,-9.89,800,-0.04,2,0.89,2.34,0,2,0,-120.68,0,DIRECAO
P2,-,0.0,-,-,,-,0,-,5.5,-,1.77,-,zebra,-,3,1754,861,2.04,737,1017,42.0,-319.48,-18.21,0,0.59,-15.16,-62.62,178,235,413,-19.5,-199.64,423,601,1024,,,,,456,,,,0,-31.95,175.4,1.962,51.0,-9.0,8.8,319.48,-1.0,-3.0,-89.26,-2.7,0,10,15,-6.45,-19.63,-15.75,-7.23,-22.93,-19.15,-15.16,413,3.99,1,-7.46,-6.01,0,2,0,-100.95,0,DIRECAO
P1,-,0.0,-,-,,-,0,-,5.5,9.5,-,-,zebra,-,5,3037,922,3.29,1553,1484,51.1,-319.57,-10.52,0,0.2,-9.85,-74.35,387,368,755,-11.57,-208.69,913,891,1804,,,,,470,,,,0,-31.96,303.7,1.781,56.2,-5.0,7.6,320.47,-1.0,-5.0,-82.3,5.31,2,8,14,-4.57,-10.82,-10.05,0.47,-15.24,-10.75,-9.85,755,0.9,1,0.23,1.68,0,2,0,-117.0,0,DIRECAO
P1,-,0.0,-,-,,-,0,-,6.5,9.5,-,-,zebra,-,5,2620,914,2.87,1291,1329,49.3,-320.09,-12.22,0,-0.3,-11.75,-76.05,318,329,647,-13.56,-210.79,754,800,1554,,,,,466,,,,0,-32.01,262.0,1.811,55.2,-6.0,7.9,320.73,-1.0,-5.0,-87.33,3.87,2,8,15,-4.97,-12.7,-11.45,-1.23,-16.94,-12.37,-11.75,647,0.61,4,-1.46,-0.01,0,2,0,-115.3,0,DIRECAO
P1,-,0.0,-,-,,-,0,-,0.5,10.5,-,-,zebra,-,4,3300,924,3.57,1704,1596,51.6,-320.62,-9.72,0,0.08,-10.21,-83.41,418,399,817,-11.27,-220.27,993,962,1955,,,,,470,,,,0,-32.06,330.0,1.779,56.2,-4.6,7.6,322.09,-1.0,-4.0,-66.5,5.18,1,9,15,-4.32,-9.36,-10.29,1.27,-14.44,-9.55,-10.21,817,-0.66,3,1.04,2.49,0,2,0,-128.95,0,DIRECAO
P1,-,0.0,-,-,,-,0,-,0.5,9.5,-,-,zebra,-,5,3296,924,3.57,1722,1574,52.2,-320.66,-9.73,0,0.01,-9.72,-79.25,423,392,815,-10.89,-212.52,1008,944,1952,,,,,470,,,,0,-32.07,329.6,1.76,56.8,-4.6,7.3,322.13,-1.0,-5.0,-68.84,5.13,2,8,15,-4.4,-9.73,-9.73,1.26,-14.45,-9.73,-9.72,815,0.01,3,1.02,2.47,0,2,0,-121.98,0,DIRECAO
P1,-,0.0,-,-,,-,0,-,5.5,9.5,-,-,zebra,-,6,3039,922,3.3,1553,1486,51.1,-321.57,-10.58,0,0.2,-9.85,-74.35,387,368,755,-11.57,-208.69,913,891,1804,,,,,470,,,,0,-32.16,303.9,1.781,56.2,-5.1,7.6,322.47,-1.0,-6.0,-82.3,5.31,2,8,14,-4.59,-10.91,-10.05,0.41,-15.3,-10.82,-9.85,755,0.98,3,0.17,1.62,0,2,0,-117.0,0,DIRECAO
P1,-,0.0,-,-,,-,0,-,3.5,10.5,-,-,zebra,-,4,3298,924,3.57,1702,1596,51.6,-321.64,-9.75,0,0.05,-10.29,-83.93,417,399,816,-11.33,-221.29,991,962,1953,,,,,470,,,,0,-32.16,329.8,1.779,56.2,-4.6,7.6,323.11,-1.0,-4.0,-67.0,5.18,1,9,15,-4.33,-9.39,-10.34,1.24,-14.47,-9.58,-10.29,816,-0.71,1,1.0,2.45,0,2,0,-129.47,0,DIRECAO
P1,-,0.0,-,-,,-,0,-,3.5,9.5,-,-,zebra,-,5,3285,924,3.56,1713,1572,52.1,-322.64,-9.82,0,0.02,-9.81,-79.54,420,391,811,-11.02,-214.29,1002,943,1945,,,,,470,,,,0,-32.26,328.5,1.761,56.8,-4.6,7.3,324.11,-1.0,-5.0,-69.78,5.13,2,8,15,-4.43,-9.81,-9.83,1.17,-14.54,-9.83,-9.81,811,0.02,1,0.93,2.38,0,2,0,-122.81,0,DIRECAO
P2,-,0.0,-,-,,-,0,-,6.5,-,1.77,-,zebra,-,3,1746,857,2.04,731,1015,41.9,-323.33,-18.52,0,0.5,-15.41,-63.2,176,234,410,-19.63,-200.08,420,599,1019,,,,,453,,,,0,-32.33,174.6,1.962,51.0,-9.1,8.8,323.33,-1.0,-3.0,-91.71,-3.49,0,10,15,-6.54,-20.02,-15.91,-7.53,-23.24,-19.47,-15.41,410,4.06,1,-7.76,-6.32,0,2,0,-101.53,0,DIRECAO
P2,-,0.0,-,-,,-,0,-,8.5,-,1.77,-,zebra,-,4,1424,673,2.12,559,865,39.3,-323.5,-22.72,0,-1.31,-23.37,-77.13,127,203,330,-24.84,-208.67,320,520,840,,,,,387,,,,0,-32.35,142.4,1.986,50.3,-11.1,9.7,323.5,-1.0,-4.0,-93.74,-1.26,0,10,23,-7.06,-23.1,-22.06,-12.52,-27.44,-22.52,-23.37,330,-0.85,1,-12.63,-10.52,0,2,0,-115.6,0,DIRECAO
P1,-,0.0,-,-,,-,0,-,2.5,9.5,-,-,zebra,-,6,3337,924,3.61,1747,1590,52.4,-323.55,-9.7,0,-0.34,-10.0,-82.4,427,397,824,-10.95,-216.2,1020,954,1974,,,,,470,,,,0,-32.35,333.7,1.758,56.9,-4.5,7.3,325.02,-1.0,-6.0,-70.32,5.73,2,8,15,-4.4,-9.72,-9.66,1.29,-14.42,-9.6,-10.0,824,-0.4,1,1.06,2.51,0,2,0,-122.64,0,DIRECAO
P1,-,0.0,-,-,,-,0,-,2.5,9.5,-,-,zebra,-,-,3346,924,3.62,1753,1593,52.4,-323.83,-9.68,0,-0.4,-10.16,-83.99,428,399,827,-11.02,-217.79,1021,956,1977,,,,,470,,,,0,-32.38,334.6,1.757,56.9,-4.5,7.3,325.3,-1.0,-7.0,-70.32,5.73,2,8,16,-4.4,-9.63,-9.76,1.31,-14.4,-9.52,-10.16,827,-0.63,1,1.08,2.52,0,2,0,-124.23,0,DIRECAO
P1,-,0.0,-,-,,-,0,-,0.5,9.5,-,-,zebra,-,6,3339,924,3.61,1748,1591,52.4,-324.15,-9.71,0,-0.32,-9.94,-82.0,428,397,825,-10.93,-215.8,1021,954,1975,,,,,470,,,,0,-32.41,333.9,1.758,56.9,-4.5,7.3,325.62,-1.0,-6.0,-70.32,5.73,2,8,15,-4.41,-9.76,-9.62,1.28,-14.43,-9.63,-9.94,825,-0.31,2,1.05,2.49,0,2,0,-122.24,0,DIRECAO
P1,-,0.0,-,-,,-,0,-,2.5,9.5,-,-,zebra,-,7,3345,924,3.62,1752,1593,52.4,-324.24,-9.69,0,-0.4,-10.16,-83.99,428,399,827,-11.02,-217.79,1021,956,1977,,,,,470,,,,0,-32.42,334.5,1.757,56.9,-4.5,7.3,325.71,-1.0,-7.0,-70.32,5.73,2,8,16,-4.41,-9.65,-9.76,1.3,-14.41,-9.54,-10.16,827,-0.61,1,1.06,2.51,0,2,0,-124.23,0,DIRECAO
P1,-,0.0,-,-,,-,0,-,1.5,9.5,-,-,zebra,-,-,3355,924,3.63,1759,1596,52.4,-324.26,-9.66,0,-0.37,-9.97,-82.76,431,399,830,-10.88,-215.7,1026,956,1982,,,,,470,,,,0,-32.43,335.5,1.756,56.9,-4.5,7.2,325.73,-1.0,-7.0,-70.32,5.73,2,8,16,-4.4,-9.7,-9.6,1.32,-14.38,-9.56,-9.97,830,-0.41,1,1.09,2.54,0,2,0,-122.62,0,DIRECAO
P1,-,0.0,-,-,,-,0,-,3.5,9.5,-,-,zebra,-,-,3321,924,3.59,1735,1586,52.2,-324.72,-9.78,0,-0.28,-10.22,-83.62,422,396,818,-11.15,-218.79,1010,952,1962,,,,,470,,,,0,-32.47,332.1,1.759,56.8,-4.6,7.3,326.19,-1.0,-6.0,-71.26,5.69,2,8,15,-4.42,-9.68,-9.94,1.21,-14.5,-9.63,-10.22,818,-0.59,1,0.98,2.42,0,2,0,-125.29,0,DIRECAO
P1,-,0.0,-,-,,-,0,-,0.5,9.5,-,-,zebra,-,-,3357,924,3.63,1760,1597,52.4,-324.89,-9.68,0,-0.37,-9.97,-82.76,431,399,830,-10.88,-215.7,1026,956,1982,,,,,470,,,,0,-32.49,335.7,1.756,56.9,-4.5,7.2,326.36,-1.0,-8.0,-70.32,5.73,2,8,16,-4.41,-9.72,-9.6,1.31,-14.4,-9.58,-9.97,830,-0.39,1,1.08,2.52,0,2,0,-122.62,0,DIRECAO
P1,-,0.0,-,-,,-,0,-,3.5,9.5,-,-,zebra,-,7,3320,924,3.59,1734,1586,52.2,-325.13,-9.79,0,-0.28,-10.22,-83.62,422,396,818,-11.15,-218.79,1010,952,1962,,,,,470,,,,0,-32.51,332.0,1.759,56.8,-4.6,7.3,326.6,-1.0,-6.0,-71.26,5.69,2,8,15,-4.43,-9.71,-9.94,1.2,-14.51,-9.65,-10.22,818,-0.57,1,0.96,2.41,0,2,0,-125.29,0,DIRECAO
P1,-,0.0,-,-,,-,0,-,0.5,9.5,-,-,zebra,-,7,3352,924,3.63,1756,1596,52.4,-325.5,-9.71,0,-0.42,-10.1,-83.59,429,399,828,-10.94,-216.53,1024,956,1980,,,,,470,,,,0,-32.55,335.2,1.757,56.9,-4.5,7.2,326.97,-1.0,-7.0,-70.32,5.73,2,8,16,-4.41,-9.73,-9.68,1.28,-14.43,-9.58,-10.1,828,-0.51,2,1.04,2.49,0,2,0,-123.45,0,DIRECAO
P1,-,0.0,-,-,,-,0,-,3.5,9.5,-,-,zebra,-,6,3315,924,3.59,1730,1585,52.2,-326.07,-9.84,0,-0.31,-10.29,-84.03,421,396,817,-11.18,-219.2,1009,952,1961,,,,,470,,,,0,-32.61,331.5,1.76,56.8,-4.6,7.3,327.54,-1.0,-6.0,-71.26,5.69,2,8,15,-4.44,-9.75,-9.98,1.15,-14.56,-9.69,-10.29,817,-0.6,1,0.92,2.37,0,2,0,-125.7,0,DIRECAO
P4,-,0.0,-,-,,-,0,-,7.5,-,-,-,zebra,tot_env>=1,3,1304,654,1.99,517,787,39.6,-326.7,-25.05,0,-3.32,-25.95,-77.34,114,184,298,-25.99,-194.68,292,457,749,,,,,393,,,,0,-32.67,130.4,1.925,52.0,-12.3,9.5,326.7,-1.0,-3.0,-106.03,-1.98,0,10,17,-7.83,-26.46,-22.63,-14.98,-29.77,-24.79,-25.95,298,-1.17,1,-15.06,-12.85,0,2,0,-108.15,0,DIRECAO
P1,-,0.0,-,-,,-,0,-,4.5,-,-,-,zebra,-,4,3349,924,3.62,1720,1629,51.4,-327.14,-9.77,0,0.32,-10.17,-83.69,420,403,823,-11.09,-220.29,1006,980,1986,,,,,470,,,,0,-32.71,334.9,1.787,56.0,-4.6,7.8,328.61,-1.0,-4.0,-76.43,-1.32,0,10,15,-4.34,-9.33,-10.49,1.22,-14.49,-9.64,-10.17,823,-0.53,1,0.99,2.43,0,2,0,-132.62,0,DIRECAO
P2,-,0.0,-,-,,-,0,-,7.5,-,1.77,-,zebra,-,3,1647,819,2.01,676,971,41.0,-328.2,-19.93,0,0.41,-18.07,-70.48,162,228,390,-21.14,-205.5,392,580,972,,,,,440,,,,0,-32.82,164.7,1.967,50.8,-9.8,9.0,328.2,-1.0,-3.0,-94.28,-6.34,0,10,20,-6.78,-20.78,-18.48,-8.94,-24.65,-20.5,-18.07,390,2.43,1,-9.17,-7.72,0,2,0,-112.34,0,DIRECAO
P1,-,0.0,-,-,,-,0,-,5.5,10.5,-,-,zebra,-,4,3141,922,3.41,1594,1547,50.7,-330.29,-10.52,0,-0.01,-10.69,-83.51,394,387,781,-11.8,-220.02,934,931,1865,,,,,470,,,,0,-33.03,314.1,1.793,55.8,-5.0,7.8,330.29,-1.0,-4.0,-83.39,3.4,1,9,15,-4.56,-10.41,-10.68,0.47,-15.24,-10.46,-10.69,781,-0.24,1,0.24,1.69,0,2,0,-128.32,0,DIRECAO
P1,-,0.0,-,-,,-,0,-,0.5,-,-,-,zebra,-,4,3382,926,3.65,1740,1642,51.4,-330.51,-9.77,0,0.04,-10.53,-87.4,423,407,830,-11.18,-223.81,1015,987,2002,,,,,470,,,,0,-33.05,338.2,1.784,56.0,-4.6,7.7,331.98,-1.0,-4.0,-71.44,-0.73,0,10,15,-4.36,-9.29,-10.57,1.22,-14.49,-9.53,-10.53,830,-1.0,3,0.98,2.43,0,2,0,-134.61,0,DIRECAO
P4,-,0.0,-,-,,-,0,-,0.5,-,-,-,zebra,dif>=1,3,1537,761,2.02,685,852,44.6,-330.92,-21.53,0,-2.89,-22.71,-82.44,159,204,363,-23.4,-208.49,389,502,891,,,,,421,,,,0,-33.09,153.7,1.817,55.0,-10.5,8.3,330.92,-1.0,-3.0,-76.34,0.54,1,9,16,-7.7,-22.54,-19.82,-10.79,-26.25,-21.17,-22.71,363,-1.55,1,-10.98,-9.33,0,2,0,-113.19,0,DIRECAO
P1,-,0.0,-,-,,-,0,-,3.5,-,-,-,zebra,-,4,3380,926,3.65,1738,1642,51.4,-331.53,-9.81,0,0.01,-10.61,-87.92,422,407,829,-11.24,-224.83,1013,987,2000,,,,,470,,,,0,-33.15,338.0,1.784,56.0,-4.6,7.7,333.0,-1.0,-4.0,-71.44,-0.73,0,10,15,-4.37,-9.32,-10.62,1.18,-14.53,-9.55,-10.61,829,-1.06,1,0.94,2.39,0,2,0,-135.13,0,DIRECAO
P1,-,0.0,-,-,,-,0,-,5.5,-,-,-,zebra,-,4,3223,924,3.49,1630,1593,50.6,-340.18,-10.55,0,-0.06,-11.02,-87.5,399,395,794,-11.69,-223.56,956,956,1912,,,,,470,,,,0,-34.02,322.3,1.798,55.6,-5.0,7.9,340.18,-1.0,-4.0,-91.47,-2.51,0,10,15,-4.59,-10.3,-10.96,0.43,-15.27,-10.4,-11.02,794,-0.62,1,0.2,1.65,0,2,0,-133.98,0,DIRECAO
P4,-,0.0,-,-,,-,0,-,6.5,-,-,-,zebra,tot_env>=1,3,1476,706,2.09,617,859,41.8,-342.78,-23.22,0,-1.94,-22.96,-79.2,143,202,345,-24.34,-209.06,353,506,859,,,,,403,,,,0,-34.28,147.6,1.881,53.2,-11.4,9.1,342.78,-1.0,-3.0,-102.71,-3.26,0,10,18,-7.88,-24.54,-21.02,-12.82,-27.94,-23.31,-22.96,345,0.35,1,-12.96,-11.02,0,2,0,-116.25,0,DIRECAO
P2,-,0.0,-,-,,-,0,-,8.5,-,1.62,-,zebra,-,4,1691,706,2.4,709,982,41.9,-343.04,-20.29,0,-2.24,-21.53,-85.26,162,234,396,-20.26,-200.15,415,573,988,,,,,394,,,,0,-34.3,169.1,1.929,51.8,-9.9,9.5,343.04,-1.0,-4.0,-110.59,-4.05,0,10,22,-6.66,-20.86,-19.29,-9.89,-25.01,-19.91,-21.53,396,-1.62,1,-10.02,-8.08,0,2,0,-119.59,0,DIRECAO
P2,-,0.0,-,-,,-,0,-,8.5,-,1.77,-,zebra,-,6,1492,673,2.22,582,910,39.0,-344.94,-23.12,0,-1.29,-24.44,-83.84,130,213,343,-25.98,-227.32,328,547,875,,,,,387,,,,0,-34.49,149.2,1.989,50.3,-11.3,9.9,344.94,-1.0,-5.0,-94.09,-0.78,0,10,23,-7.44,-23.1,-23.15,-12.92,-27.84,-22.72,-24.44,343,-1.72,1,-13.03,-10.92,0,2,0,-126.18,0,DIRECAO
P1,-,0.0,-,-,,-,0,-,8.5,-,-,-,zebra,-,4,1718,708,2.43,724,994,42.1,-346.99,-20.2,0,-2.9,-21.76,-87.25,164,237,401,-19.82,-198.23,424,576,1000,,,,,395,,,,0,-34.7,171.8,1.923,52.0,-9.9,9.5,346.99,-1.0,-4.0,-114.09,-3.53,0,10,22,-6.7,-20.97,-18.86,-9.78,-24.92,-19.72,-21.76,401,-2.04,1,-9.92,-7.99,0,2,0,-118.83,0,DIRECAO
P4,-,0.0,-,-,,-,0,-,0.5,-,-,-,zebra,dif>=1,-,1689,761,2.22,759,930,44.9,-350.5,-20.75,0,-3.33,-22.64,-89.43,173,222,395,-23.23,-223.46,421,541,962,,,,,421,,,,0,-35.05,168.9,1.823,54.9,-9.9,8.5,350.5,-1.0,-6.0,-90.51,11.03,1,9,14,-7.53,-21.58,-19.31,-10.01,-25.47,-20.18,-22.64,395,-2.47,1,-10.2,-8.55,0,2,0,-118.96,0,DIRECAO
P2,-,0.0,-,-,,-,0,-,8.5,-,1.77,-,zebra,-,-,1500,673,2.23,583,917,38.9,-351.0,-23.4,0,-1.29,-24.44,-83.84,130,213,343,-26.15,-229.32,328,549,877,,,,,387,,,,0,-35.1,150.0,1.99,50.2,-11.4,9.9,351.0,-1.0,-5.0,-95.15,-0.78,0,10,23,-7.63,-23.54,-23.15,-13.21,-28.12,-23.09,-24.44,343,-1.35,1,-13.31,-11.2,0,2,0,-126.18,0,DIRECAO
P4,-,0.0,-,-,,-,0,-,0.5,-,-,-,zebra,dif>=1,6,1684,761,2.21,756,928,44.9,-351.47,-20.87,0,-3.33,-22.64,-89.43,173,222,395,-23.23,-223.46,421,541,962,,,,,421,,,,0,-35.15,168.4,1.822,54.9,-10.0,8.5,351.47,-1.0,-6.0,-90.51,8.47,1,9,14,-7.58,-21.77,-19.31,-10.13,-25.59,-20.33,-22.64,395,-2.31,1,-10.32,-8.67,0,2,0,-118.96,0,DIRECAO
P2,-,0.0,-,-,,-,0,-,5.5,-,1.62,-,zebra,-,4,2792,920,3.03,1341,1451,48.0,-354.51,-12.7,0,-0.69,-13.01,-88.37,324,355,679,-13.96,-230.33,782,868,1650,,,,,468,,,,0,-35.45,279.2,1.847,54.1,-6.1,8.2,354.51,-1.0,-4.0,-97.02,-2.58,0,10,14,-5.27,-12.92,-12.32,-1.71,-17.42,-12.6,-13.01,679,-0.42,1,-1.94,-0.49,0,2,0,-127.17,0,DIRECAO
P2,-,0.0,-,-,,-,0,-,0.5,-,1.62,-,zebra,-,4,2812,921,3.05,1352,1460,48.1,-355.26,-12.63,0,-0.82,-13.41,-91.72,325,359,684,-14.18,-235.35,785,875,1660,,,,,468,,,,0,-35.53,281.2,1.846,54.2,-6.1,8.2,355.26,-1.0,-4.0,-94.2,-0.89,0,10,14,-5.26,-12.66,-12.59,-1.64,-17.35,-12.38,-13.41,684,-1.02,1,-1.88,-0.43,0,2,0,-130.84,0,DIRECAO
P4,-,0.0,-,-,,-,0,-,7.5,-,-,-,zebra,tot_env>=1,6,1477,654,2.26,590,887,39.9,-355.53,-24.07,0,-4.85,-25.68,-84.74,126,204,330,-26.08,-219.31,326,515,841,,,,,393,,,,0,-35.55,147.7,1.938,51.6,-11.7,9.8,355.53,-1.0,-4.0,-118.47,8.34,1,9,18,-7.74,-25.9,-20.83,-14.0,-28.79,-23.61,-25.68,330,-2.07,1,-14.08,-11.87,0,2,0,-111.0,0,DIRECAO
P4,-,0.0,-,-,,-,0,-,7.5,-,-,-,zebra,tot_env>=1,-,1486,654,2.27,594,892,40.0,-356.57,-24.0,0,-4.85,-25.68,-84.74,126,204,330,-26.03,-219.43,327,516,843,,,,,393,,,,0,-35.66,148.6,1.939,51.6,-11.6,9.9,356.57,-1.0,-4.0,-117.53,9.48,1,9,18,-7.76,-25.77,-20.83,-13.92,-28.72,-23.51,-25.68,330,-2.16,1,-14.0,-11.79,0,2,0,-111.0,0,DIRECAO
P4,-,0.0,-,-,,-,0,-,0.5,-,-,-,zebra,tot_env>=1,3,1864,838,2.22,860,1004,46.1,-360.18,-19.32,0,-1.44,-21.17,-93.98,198,246,444,-21.34,-232.78,491,600,1091,,,,,446,,,,0,-36.02,186.4,1.807,55.3,-9.2,8.2,360.18,-1.0,-3.0,-82.82,-4.96,0,10,15,-7.62,-19.08,-19.73,-8.33,-24.04,-18.75,-21.17,444,-2.42,1,-8.57,-7.12,0,2,0,-137.74,0,DIRECAO
P1,-,0.0,-,-,,-,0,-,8.5,-,-,-,zebra,-,5,1802,708,2.55,759,1043,42.1,-363.65,-20.18,0,-3.05,-22.14,-92.75,170,249,419,-20.71,-217.61,440,611,1051,,,,,395,,,,0,-36.36,180.2,1.925,51.9,-9.8,9.7,363.65,-1.0,-5.0,-118.36,-2.69,0,10,23,-6.84,-20.81,-19.09,-9.77,-24.9,-19.59,-22.14,419,-2.55,1,-9.91,-7.98,0,2,0,-125.81,0,DIRECAO
P1,-,0.0,-,-,,-,0,-,6.5,10.5,-,-,zebra,-,4,2815,914,3.08,1366,1449,48.5,-364.51,-12.95,0,-0.41,-13.09,-90.33,332,358,690,-14.38,-239.58,795,871,1666,,,,,466,,,,0,-36.45,281.5,1.824,54.8,-6.3,8.1,364.51,-1.0,-4.0,-100.66,2.17,1,9,15,-5.37,-13.11,-12.68,-1.96,-17.67,-12.9,-13.09,690,-0.19,1,-2.2,-0.75,0,2,0,-136.11,0,DIRECAO
P2,-,0.0,-,-,,-,0,-,0.5,-,1.77,-,zebra,-,4,1916,864,2.22,795,1121,41.5,-364.54,-19.03,0,-0.6,-17.36,-77.6,187,260,447,-21.03,-235.28,452,667,1119,,,,,457,,,,0,-36.45,191.6,1.969,50.8,-9.3,9.0,364.54,-1.0,-4.0,-94.31,-2.96,0,10,15,-6.98,-20.33,-16.76,-8.04,-23.75,-19.53,-17.36,447,2.17,1,-8.27,-6.82,0,2,0,-117.12,0,DIRECAO
P2,-,0.0,-,-,,-,0,-,5.5,-,1.77,-,zebra,-,4,1911,861,2.22,791,1120,41.4,-367.17,-19.21,0,-0.6,-17.36,-77.6,187,260,447,-21.03,-235.28,452,667,1119,,,,,456,,,,0,-36.72,191.1,1.969,50.8,-9.4,9.0,367.17,-1.0,-4.0,-96.19,-2.96,0,10,15,-7.03,-20.63,-16.76,-8.22,-23.93,-19.78,-17.36,447,2.42,1,-8.46,-7.01,0,2,0,-117.12,0,DIRECAO
P2,-,0.0,-,-,,-,0,-,8.5,-,1.62,-,zebra,-,6,1808,706,2.56,756,1052,41.8,-367.45,-20.32,0,-2.81,-22.17,-92.65,169,249,418,-21.36,-225.32,436,619,1055,,,,,394,,,,0,-36.74,180.8,1.933,51.7,-9.9,9.7,367.45,-1.0,-5.0,-114.05,-2.52,0,10,24,-6.89,-20.87,-19.36,-9.92,-25.04,-19.77,-22.17,418,-2.4,1,-10.06,-8.12,0,2,0,-127.01,0,DIRECAO
P2,-,0.0,-,-,,-,0,-,7.5,-,1.62,-,zebra,-,4,2309,863,2.68,1044,1265,45.2,-368.8,-15.97,0,-1.14,-16.79,-93.84,249,310,559,-16.57,-226.24,613,752,1365,,,,,446,,,,0,-36.88,230.9,1.888,53.0,-7.8,8.8,368.8,-1.0,-4.0,-113.99,-4.7,0,10,18,-6.03,-16.17,-15.65,-4.98,-20.69,-15.71,-16.79,559,-1.08,1,-5.22,-3.77,0,2,0,-135.33,0,DIRECAO
P2,-,0.0,-,-,,-,0,-,7.5,-,1.77,-,zebra,-,4,1790,819,2.19,726,1064,40.6,-369.66,-20.65,0,-0.65,-19.86,-83.43,170,250,420,-22.35,-236.03,418,638,1056,,,,,440,,,,0,-36.97,179.0,1.974,50.7,-10.1,9.2,369.66,-1.0,-4.0,-101.05,-4.92,0,10,20,-7.26,-21.49,-19.21,-9.66,-25.37,-20.89,-19.86,420,1.03,1,-9.9,-8.45,0,2,0,-126.4,0,DIRECAO
P1,-,0.0,-,-,,-,0,-,8.5,-,-,-,zebra,-,6,1840,708,2.6,775,1065,42.1,-370.33,-20.13,0,-3.43,-22.19,-94.07,172,252,424,-20.88,-223.46,447,623,1070,,,,,395,,,,0,-37.03,184.0,1.926,51.9,-9.8,9.7,370.33,-1.0,-5.0,-117.55,-2.0,0,10,24,-6.9,-20.91,-18.76,-9.71,-24.85,-19.51,-22.19,424,-2.68,1,-9.85,-7.92,0,2,0,-125.31,0,DIRECAO
P2,-,0.0,-,-,,-,0,-,6.5,-,1.77,-,zebra,-,4,1903,857,2.22,785,1118,41.3,-371.02,-19.5,0,-0.7,-17.61,-78.18,185,259,444,-21.16,-235.72,449,665,1114,,,,,453,,,,0,-37.1,190.3,1.969,50.8,-9.5,9.0,371.02,-1.0,-4.0,-98.64,-2.96,0,10,15,-7.12,-20.99,-16.91,-8.51,-24.22,-20.07,-17.61,444,2.46,1,-8.74,-7.29,0,2,0,-117.7,0,DIRECAO
P2,-,0.0,-,-,,-,0,-,6.5,-,1.62,-,zebra,-,4,2660,912,2.92,1250,1410,47.0,-372.31,-14.0,0,-1.03,-14.41,-93.07,301,345,646,-15.28,-240.62,730,845,1575,,,,,464,,,,0,-37.23,266.0,1.859,53.8,-6.8,8.4,372.31,-1.0,-4.0,-103.99,-2.85,0,10,14,-5.66,-14.37,-13.38,-3.01,-18.72,-13.86,-14.41,646,-0.54,1,-3.24,-1.79,0,2,0,-132.95,0,DIRECAO
P4,-,0.0,-,-,,-,0,-,6.5,-,-,-,zebra,tot_env>=1,-,1674,706,2.37,703,971,42.0,-372.87,-22.27,0,-2.84,-22.29,-84.91,158,223,381,-24.3,-234.22,394,570,964,,,,,403,,,,0,-37.29,167.4,1.898,52.7,-10.7,9.5,372.87,-1.0,-4.0,-115.84,10.05,1,9,19,-7.73,-23.91,-19.45,-11.87,-26.99,-22.27,-22.29,381,-0.02,1,-12.01,-10.07,0,2,0,-119.41,0,DIRECAO
P1,-,0.0,-,-,,-,0,-,7.5,10.5,-,-,zebra,-,4,2295,865,2.65,1043,1252,45.4,-373.13,-16.26,0,-1.43,-16.56,-92.07,249,307,556,-16.56,-223.57,611,739,1350,,,,,448,,,,0,-37.31,229.5,1.872,53.4,-8.0,8.7,373.13,-1.0,-4.0,-112.9,-2.7,0,10,18,-6.17,-16.95,-15.13,-5.27,-20.98,-16.16,-16.56,556,-0.4,1,-5.5,-4.06,0,2,0,-131.45,0,DIRECAO
P1,-,0.0,-,-,,-,0,-,7.5,10.5,-,-,zebra,-,5,2297,865,2.66,1044,1253,45.5,-373.76,-16.27,0,-1.43,-16.56,-92.07,249,307,556,-16.56,-223.57,611,739,1350,,,,,448,,,,0,-37.38,229.7,1.872,53.4,-8.0,8.7,373.76,-1.0,-4.0,-113.53,-2.7,0,10,18,-6.18,-16.97,-15.13,-5.28,-20.99,-16.18,-16.56,556,-0.38,4,-5.52,-4.07,0,2,0,-131.45,0,DIRECAO
P4,-,0.0,-,-,,-,0,-,6.5,-,-,-,zebra,tot_env>=1,6,1662,706,2.35,696,966,41.9,-374.76,-22.55,0,-2.84,-22.29,-84.91,158,223,381,-24.46,-235.06,392,569,961,,,,,403,,,,0,-37.48,166.2,1.897,52.7,-10.8,9.5,374.76,-1.0,-4.0,-116.78,6.94,1,9,19,-7.83,-24.37,-19.45,-12.15,-27.27,-22.63,-22.29,381,0.34,1,-12.28,-10.35,0,2,0,-119.41,0,DIRECAO
P1,-,0.0,-,-,,-,0,-,6.5,-,-,-,zebra,-,4,2898,916,3.16,1402,1496,48.4,-375.4,-12.95,0,-0.46,-13.42,-94.32,337,366,703,-14.24,-244.12,817,897,1714,,,,,466,,,,0,-37.54,289.8,1.828,54.7,-6.3,8.2,375.4,-1.0,-4.0,-108.74,-3.74,0,10,15,-5.39,-12.95,-12.96,-1.96,-17.67,-12.81,-13.42,703,-0.61,1,-2.2,-0.75,0,2,0,-141.77,0,DIRECAO
P2,-,0.0,-,-,,-,0,-,0.5,-,1.77,-,zebra,-,6,2010,864,2.33,833,1177,41.4,-379.09,-18.86,0,-1.86,-18.7,-86.95,191,274,465,-21.1,-246.69,470,699,1169,,,,,457,,,,0,-37.91,201.0,1.975,50.6,-9.2,9.2,379.09,-1.0,-5.0,-102.66,0.54,2,8,15,-7.01,-20.02,-16.84,-7.87,-23.58,-18.91,-18.7,465,0.21,1,-8.11,-6.66,0,2,0,-123.27,0,DIRECAO
P2,-,0.0,-,-,,-,0,-,5.5,-,1.77,-,zebra,-,6,2005,861,2.33,829,1176,41.3,-381.72,-19.04,0,-1.86,-18.7,-86.95,191,274,465,-21.1,-246.69,470,699,1169,,,,,456,,,,0,-38.17,200.5,1.975,50.6,-9.3,9.2,381.72,-1.0,-5.0,-104.54,0.54,1,9,15,-7.07,-20.3,-16.84,-8.05,-23.76,-19.14,-18.7,465,0.44,1,-8.29,-6.84,0,2,0,-123.27,0,DIRECAO
P1,-,0.0,-,-,,-,0,-,8.5,-,-,-,zebra,-,7,1861,708,2.63,779,1082,41.9,-383.04,-20.58,0,-3.37,-22.73,-97.07,172,255,427,-21.42,-231.34,448,632,1080,,,,,395,,,,0,-38.3,186.1,1.929,51.9,-10.0,9.8,383.04,-1.0,-5.0,-118.61,-3.0,0,10,24,-7.21,-21.27,-19.36,-10.17,-25.3,-19.94,-22.73,427,-2.79,1,-10.31,-8.38,0,2,0,-130.31,0,DIRECAO
P2,-,0.0,-,-,,-,0,-,7.5,-,1.77,-,zebra,-,6,1876,819,2.29,761,1115,40.6,-383.13,-20.42,0,-1.37,-21.0,-91.78,174,263,437,-22.66,-249.52,433,668,1101,,,,,440,,,,0,-38.31,187.6,1.979,50.5,-10.0,9.4,383.13,-1.0,-5.0,-106.4,-4.1,0,10,20,-7.29,-20.88,-19.63,-9.43,-25.14,-20.25,-21.0,437,-0.76,1,-9.67,-8.22,0,2,0,-134.63,0,DIRECAO
P1,-,0.0,-,-,,-,0,-,7.5,-,-,-,zebra,-,4,2378,867,2.74,1079,1299,45.4,-384.02,-16.15,0,-1.47,-16.88,-96.06,254,315,569,-16.32,-228.11,633,765,1398,,,,,448,,,,0,-38.4,237.8,1.877,53.3,-7.9,8.8,384.02,-1.0,-4.0,-120.98,-2.58,0,10,18,-6.16,-16.59,-15.41,-5.16,-20.87,-15.92,-16.88,569,-0.96,1,-5.4,-3.95,0,2,0,-137.11,0,DIRECAO
P2,-,0.0,-,-,,-,0,-,8.5,-,1.62,-,zebra,-,-,1834,706,2.6,760,1074,41.4,-385.16,-21.0,0,-2.75,-22.72,-95.65,169,252,421,-21.9,-233.2,437,628,1065,,,,,394,,,,0,-38.52,183.4,1.936,51.6,-10.2,9.8,385.16,-1.0,-5.0,-117.11,-3.52,0,10,24,-7.35,-21.58,-19.97,-10.6,-25.72,-20.49,-22.72,421,-2.23,1,-10.74,-8.8,0,2,0,-132.01,0,DIRECAO
P2,-,0.0,-,-,,-,0,-,6.5,-,1.77,-,zebra,-,6,1997,857,2.33,823,1174,41.2,-385.57,-19.31,0,-1.96,-18.95,-87.53,189,273,462,-21.23,-247.13,467,697,1164,,,,,453,,,,0,-38.56,199.7,1.975,50.6,-9.4,9.2,385.57,-1.0,-5.0,-106.99,0.54,1,9,15,-7.15,-20.64,-16.99,-8.32,-24.03,-19.42,-18.95,462,0.47,1,-8.55,-7.1,0,2,0,-123.85,0,DIRECAO
P2,-,0.0,-,-,,-,0,-,0.5,-,1.77,-,zebra,-,-,2026,864,2.34,837,1189,41.3,-387.1,-19.11,0,-1.75,-18.7,-86.95,191,274,465,-21.37,-250.69,470,703,1173,,,,,457,,,,0,-38.71,202.6,1.976,50.6,-9.3,9.2,387.1,-1.0,-5.0,-102.65,0.54,2,8,15,-7.22,-20.33,-16.95,-8.12,-23.83,-19.23,-18.7,465,0.53,1,-8.35,-6.9,0,2,0,-124.27,0,DIRECAO
P1,-,0.0,-,-,,-,0,-,8.5,-,-,-,zebra,-,-,1866,708,2.64,779,1087,41.7,-388.04,-20.8,0,-3.37,-22.73,-97.07,172,255,427,-21.42,-231.34,448,632,1080,,,,,395,,,,0,-38.8,186.6,1.929,51.8,-10.1,9.8,388.04,-1.0,-5.0,-120.61,-3.0,0,10,24,-7.36,-21.6,-19.36,-10.38,-25.52,-20.22,-22.73,427,-2.51,1,-10.52,-8.59,0,2,0,-130.31,0,DIRECAO
P2,-,0.0,-,-,,-,0,-,5.5,-,1.77,-,zebra,-,-,2021,861,2.35,833,1188,41.2,-389.73,-19.28,0,-1.75,-18.7,-86.95,191,274,465,-21.37,-250.69,470,703,1173,,,,,456,,,,0,-38.97,202.1,1.976,50.6,-9.4,9.2,389.73,-1.0,-5.0,-104.53,0.54,1,9,15,-7.27,-20.61,-16.95,-8.29,-24.0,-19.46,-18.7,465,0.76,1,-8.53,-7.08,0,2,0,-124.27,0,DIRECAO
P1,-,0.0,-,-,,-,0,-,4.5,10.5,-,-,zebra,-,5,3507,922,3.8,1782,1725,50.8,-391.34,-11.16,0,-0.21,-11.39,-98.37,435,429,864,-12.28,-255.24,1044,1035,2079,,,,,470,,,,0,-39.13,350.7,1.784,56.1,-5.2,7.7,391.81,-1.0,-5.0,-86.33,1.92,1,9,16,-5.13,-11.15,-11.18,-0.17,-15.88,-11.08,-11.39,864,-0.3,1,-0.41,1.04,0,2,0,-148.79,0,DIRECAO
P4,-,0.0,-,-,,-,0,-,0.5,-,-,-,zebra,tot_env>=1,-,2117,838,2.53,981,1136,46.3,-391.91,-18.51,0,-3.05,-20.99,-103.26,219,273,492,-20.83,-255.38,553,673,1226,,,,,446,,,,0,-39.19,211.7,1.82,54.9,-8.6,8.5,391.91,-1.0,-6.0,-100.98,10.52,1,9,16,-7.44,-18.84,-17.94,-7.52,-23.23,-17.76,-20.99,492,-3.22,1,-7.76,-6.31,0,2,0,-139.96,0,DIRECAO
P1,-,0.0,-,-,,-,0,-,5.5,10.5,-,-,zebra,-,5,3325,922,3.61,1663,1662,50.0,-392.0,-11.79,0,-0.14,-11.46,-94.06,410,411,821,-12.77,-251.78,976,996,1972,,,,,470,,,,0,-39.2,332.5,1.798,55.6,-5.6,7.9,392.0,-1.0,-5.0,-99.63,0.69,1,9,15,-5.27,-12.08,-11.32,-0.8,-16.51,-11.9,-11.46,821,0.44,1,-1.04,0.41,0,2,0,-143.56,0,DIRECAO
P1,-,0.0,-,-,,-,0,-,0.5,10.5,-,-,zebra,-,5,3584,924,3.88,1832,1752,51.1,-393.09,-10.97,0,-0.29,-11.23,-98.96,446,435,881,-12.06,-255.61,1071,1049,2120,,,,,470,,,,0,-39.31,358.4,1.778,56.2,-5.1,7.6,393.56,-1.0,-5.0,-81.23,0.51,2,8,16,-5.1,-10.99,-10.94,0.02,-15.69,-10.88,-11.23,881,-0.35,3,-0.21,1.23,0,2,0,-148.54,0,DIRECAO
P2,-,0.0,-,-,,-,0,-,7.5,-,1.77,-,zebra,-,-,1890,819,2.31,763,1127,40.4,-393.12,-20.8,0,-1.26,-21.0,-91.78,174,263,437,-22.94,-253.52,433,672,1105,,,,,440,,,,0,-39.31,189.0,1.981,50.5,-10.1,9.4,393.12,-1.0,-5.0,-106.39,-4.1,0,10,20,-7.57,-21.4,-19.74,-9.81,-25.52,-20.74,-21.0,437,-0.26,1,-10.05,-8.6,0,2,0,-135.63,0,DIRECAO
P2,-,0.0,-,-,,-,0,-,6.5,-,1.77,-,zebra,-,-,2013,857,2.35,827,1186,41.1,-393.58,-19.55,0,-1.85,-18.95,-87.53,189,273,462,-21.5,-251.13,467,701,1168,,,,,453,,,,0,-39.36,201.3,1.976,50.6,-9.5,9.3,393.58,-1.0,-5.0,-106.98,0.54,1,9,15,-7.36,-20.95,-17.1,-8.56,-24.27,-19.73,-18.95,462,0.79,1,-8.8,-7.35,0,2,0,-124.85,0,DIRECAO
P1,-,0.0,-,-,,-,0,-,3.5,10.5,-,-,zebra,-,5,3573,924,3.87,1823,1750,51.0,-395.07,-11.06,0,-0.28,-11.32,-99.25,443,434,877,-12.18,-257.38,1065,1048,2113,,,,,470,,,,0,-39.51,357.3,1.779,56.2,-5.2,7.6,395.54,-1.0,-5.0,-81.23,0.51,1,9,16,-5.12,-11.07,-11.04,-0.07,-15.78,-10.97,-11.32,877,-0.34,1,-0.3,1.15,0,2,0,-149.37,0,DIRECAO
P4,-,0.0,-,-,,-,0,-,0.5,-,-,-,zebra,tot_env>=1,6,2103,838,2.51,972,1131,46.2,-395.61,-18.81,0,-3.05,-20.99,-103.26,219,273,492,-20.95,-256.22,551,672,1223,,,,,446,,,,0,-39.56,210.3,1.819,55.0,-8.8,8.5,395.61,-1.0,-6.0,-101.92,6.01,1,9,16,-7.58,-19.32,-17.94,-7.82,-23.53,-18.15,-20.99,492,-2.84,1,-8.06,-6.61,0,2,0,-139.96,0,DIRECAO
P1,-,0.0,-,-,,-,0,-,4.5,10.5,-,-,zebra,-,7,3556,922,3.86,1806,1750,50.8,-399.88,-11.25,0,-0.46,-11.65,-101.85,439,435,874,-12.27,-257.89,1056,1046,2102,,,,,470,,,,0,-39.99,355.6,1.784,56.1,-5.3,7.7,400.35,-1.0,-7.0,-93.33,3.57,2,8,16,-5.2,-11.28,-11.19,-0.26,-15.97,-11.11,-11.65,874,-0.54,1,-0.49,0.96,0,2,0,-150.67,0,DIRECAO
P1,-,0.0,-,-,,-,0,-,4.5,10.5,-,-,zebra,-,-,3557,922,3.86,1806,1751,50.8,-400.88,-11.27,0,-0.46,-11.65,-101.85,439,435,874,-12.27,-257.89,1056,1046,2102,,,,,470,,,,0,-40.09,355.7,1.784,56.1,-5.3,7.7,401.35,-1.0,-7.0,-93.33,3.57,2,8,16,-5.21,-11.32,-11.19,-0.28,-15.99,-11.15,-11.65,874,-0.51,1,-0.52,0.93,0,2,0,-150.67,0,DIRECAO
P1,-,0.0,-,-,,-,0,-,6.5,10.5,-,-,zebra,-,5,2940,914,3.22,1414,1526,48.1,-401.66,-13.66,0,-0.75,-13.7,-98.75,344,377,721,-14.73,-256.08,825,913,1738,,,,,466,,,,0,-40.17,294.0,1.827,54.7,-6.6,8.2,402.46,-1.0,-5.0,-110.66,0.34,1,9,15,-5.76,-14.1,-12.95,-2.67,-18.38,-13.65,-13.7,721,-0.05,4,-2.91,-1.46,0,2,0,-145.29,0,DIRECAO
P1,-,0.0,-,-,,-,0,-,5.5,10.5,-,-,zebra,-,6,3358,922,3.64,1676,1682,49.9,-402.14,-11.98,0,-0.22,-11.71,-97.05,413,416,829,-12.78,-253.98,984,1004,1988,,,,,470,,,,0,-40.21,335.8,1.798,55.6,-5.7,7.9,402.14,-1.0,-6.0,-105.63,1.78,1,9,16,-5.38,-12.27,-11.49,-0.99,-16.7,-12.06,-11.71,829,0.36,1,-1.22,0.23,0,2,0,-146.99,0,DIRECAO
P1,-,0.0,-,-,,-,0,-,4.5,10.5,-,-,zebra,-,6,3550,922,3.85,1801,1749,50.7,-402.75,-11.35,0,-0.3,-11.65,-101.85,439,435,874,-12.37,-259.82,1054,1046,2100,,,,,470,,,,0,-40.27,355.0,1.784,56.1,-5.3,7.7,403.22,-1.0,-6.0,-92.33,2.6,1,9,17,-5.25,-11.34,-11.35,-0.36,-16.07,-11.24,-11.65,874,-0.41,1,-0.59,0.86,0,2,0,-152.6,0,DIRECAO
P1,-,0.0,-,-,,-,0,-,5.5,10.5,-,-,zebra,-,7,3359,922,3.64,1676,1683,49.9,-403.14,-12.0,0,-0.22,-11.71,-97.05,413,416,829,-12.78,-253.98,984,1004,1988,,,,,470,,,,0,-40.31,335.9,1.798,55.6,-5.7,7.9,403.14,-1.0,-7.0,-105.63,1.78,1,9,17,-5.38,-12.31,-11.49,-1.01,-16.72,-12.1,-11.71,829,0.39,2,-1.25,0.2,0,2,0,-146.99,0,DIRECAO
P1,-,0.0,-,-,,-,0,-,2.5,10.5,-,-,zebra,-,7,3664,924,3.97,1875,1789,51.2,-404.81,-11.05,0,-0.73,-11.84,-106.69,454,447,901,-12.17,-263.08,1092,1069,2161,,,,,470,,,,0,-40.48,366.4,1.775,56.3,-5.2,7.5,405.28,-1.0,-7.0,-88.28,3.16,2,8,16,-5.18,-11.01,-11.11,-0.06,-15.77,-10.79,-11.84,901,-1.05,1,-0.29,1.15,0,2,0,-154.22,0,DIRECAO
P1,-,0.0,-,-,,-,0,-,2.5,10.5,-,-,zebra,-,-,3666,924,3.97,1876,1790,51.2,-405.4,-11.06,0,-0.73,-11.84,-106.69,454,447,901,-12.17,-263.08,1092,1069,2161,,,,,470,,,,0,-40.54,366.6,1.775,56.3,-5.2,7.5,405.87,-1.0,-7.0,-88.28,3.16,2,8,16,-5.18,-11.03,-11.11,-0.07,-15.78,-10.8,-11.84,901,-1.04,1,-0.3,1.14,0,2,0,-154.22,0,DIRECAO
P1,-,0.0,-,-,,-,0,-,3.5,10.5,-,-,zebra,-,7,3639,924,3.94,1857,1782,51.0,-405.7,-11.15,0,-0.64,-11.92,-106.32,448,444,892,-12.31,-264.08,1081,1065,2146,,,,,470,,,,0,-40.57,363.9,1.777,56.3,-5.2,7.6,406.17,-1.0,-7.0,-87.66,2.62,2,8,16,-5.2,-11.07,-11.28,-0.16,-15.87,-10.9,-11.92,892,-1.02,1,-0.4,1.05,0,2,0,-155.28,0,DIRECAO
P1,-,0.0,-,-,,-,0,-,1.5,10.5,-,-,zebra,-,-,3675,924,3.98,1882,1793,51.2,-405.83,-11.04,0,-0.71,-11.67,-105.46,457,447,904,-12.05,-260.99,1097,1069,2166,,,,,470,,,,0,-40.58,367.5,1.774,56.4,-5.1,7.5,406.3,-1.0,-7.0,-89.28,3.16,2,8,16,-5.18,-11.09,-10.96,-0.05,-15.76,-10.84,-11.67,904,-0.83,1,-0.29,1.16,0,2,0,-152.61,0,DIRECAO
P1,-,0.0,-,-,,-,0,-,0.5,10.5,-,-,zebra,-,7,3671,924,3.97,1879,1792,51.2,-406.07,-11.06,0,-0.74,-11.78,-106.29,455,447,902,-12.1,-261.82,1095,1069,2164,,,,,470,,,,0,-40.61,367.1,1.775,56.3,-5.2,7.5,406.54,-1.0,-7.0,-89.28,3.16,2,8,16,-5.18,-11.08,-11.04,-0.07,-15.78,-10.83,-11.78,902,-0.96,2,-0.31,1.14,0,2,0,-153.44,0,DIRECAO
P1,-,0.0,-,-,,-,0,-,3.5,10.5,-,-,zebra,-,-,3641,924,3.94,1858,1783,51.0,-406.29,-11.16,0,-0.64,-11.92,-106.32,448,444,892,-12.31,-264.08,1081,1065,2146,,,,,470,,,,0,-40.63,364.1,1.777,56.3,-5.2,7.6,406.76,-1.0,-7.0,-87.66,2.62,2,8,16,-5.2,-11.08,-11.28,-0.17,-15.88,-10.91,-11.92,892,-1.01,1,-0.41,1.04,0,2,0,-155.28,0,DIRECAO
P1,-,0.0,-,-,,-,0,-,0.5,10.5,-,-,zebra,-,-,3677,924,3.98,1883,1794,51.2,-406.46,-11.05,0,-0.71,-11.67,-105.46,457,447,904,-12.05,-260.99,1097,1069,2166,,,,,470,,,,0,-40.65,367.7,1.774,56.4,-5.2,7.5,406.93,-1.0,-8.0,-89.28,3.16,2,8,16,-5.19,-11.11,-10.96,-0.07,-15.77,-10.85,-11.67,904,-0.81,1,-0.3,1.15,0,2,0,-152.61,0,DIRECAO
P1,-,0.0,-,-,,-,0,-,2.5,10.5,-,-,zebra,-,6,3652,924,3.95,1866,1786,51.1,-407.48,-11.16,0,-0.52,-11.7,-105.1,453,445,898,-12.22,-263.42,1089,1067,2156,,,,,470,,,,0,-40.75,365.2,1.776,56.3,-5.2,7.6,407.95,-1.0,-6.0,-87.28,1.6,2,8,17,-5.23,-11.15,-11.18,-0.17,-15.88,-10.98,-11.7,898,-0.72,1,-0.4,1.04,0,2,0,-154.56,0,DIRECAO
P1,-,0.0,-,-,,-,0,-,0.5,10.5,-,-,zebra,-,6,3654,924,3.95,1867,1787,51.1,-408.08,-11.17,0,-0.51,-11.65,-104.7,454,445,899,-12.19,-263.02,1090,1067,2157,,,,,470,,,,0,-40.81,365.4,1.776,56.3,-5.2,7.5,408.55,-1.0,-6.0,-87.28,1.6,2,8,17,-5.23,-11.19,-11.14,-0.18,-15.89,-11.01,-11.65,899,-0.63,2,-0.41,1.03,0,2,0,-154.16,0,DIRECAO
P1,-,0.0,-,-,,-,0,-,3.5,10.5,-,-,zebra,-,6,3630,924,3.93,1849,1781,50.9,-410.0,-11.29,0,-0.5,-11.98,-106.73,447,444,891,-12.43,-266.42,1078,1065,2143,,,,,470,,,,0,-41.0,363.0,1.778,56.2,-5.3,7.6,410.47,-1.0,-6.0,-86.66,1.19,2,8,17,-5.26,-11.18,-11.48,-0.31,-16.01,-11.07,-11.98,891,-0.91,1,-0.54,0.91,0,2,0,-157.62,0,DIRECAO
P2,-,0.0,-,-,,-,0,-,7.5,-,1.62,-,zebra,-,6,2510,863,2.91,1117,1393,44.5,-422.61,-16.84,0,-1.47,-17.5,-105.0,263,337,600,-18.03,-266.23,648,829,1477,,,,,446,,,,0,-42.26,251.0,1.9,52.6,-8.1,9.1,422.61,-1.0,-4.38,-124.2,-5.35,0,10,19,-6.65,-17.32,-16.03,-5.85,-21.56,-16.63,-17.5,600,-0.87,1,-6.08,-4.63,0,2,0,-149.37,0,DIRECAO
P2,-,0.0,-,-,,-,0,-,5.5,-,1.62,-,zebra,-,6,3063,920,3.33,1440,1623,47.0,-428.76,-14.0,0,-0.79,-13.2,-97.4,349,389,738,-15.22,-275.11,838,969,1807,,,,,468,,,,0,-42.88,306.3,1.863,53.7,-6.7,8.5,428.76,-1.0,-5.0,-113.48,-3.17,0,10,14,-6.1,-14.93,-12.41,-3.01,-18.72,-14.25,-13.2,738,1.05,1,-3.24,-1.8,0,2,0,-140.43,0,DIRECAO
P1,-,0.0,-,-,,-,0,-,7.5,-,-,-,zebra,-,5,2526,867,2.91,1131,1395,44.8,-429.15,-16.99,0,-1.68,-17.73,-106.4,264,336,600,-17.51,-259.26,659,822,1481,,,,,448,,,,0,-42.91,252.6,1.885,53.1,-8.3,9.0,429.15,-1.0,-5.0,-129.85,-3.92,0,10,19,-6.74,-17.55,-16.05,-6.0,-21.71,-16.76,-17.73,600,-0.98,1,-6.24,-4.79,0,2,0,-151.03,0,DIRECAO
P2,-,0.0,-,-,,-,0,-,0.5,-,1.62,-,zebra,-,6,3084,921,3.35,1451,1633,47.0,-430.51,-13.96,0,-0.91,-13.56,-100.75,350,393,743,-15.42,-280.13,841,976,1817,,,,,468,,,,0,-43.05,308.4,1.862,53.7,-6.7,8.5,430.51,-1.0,-5.0,-110.66,-2.89,0,10,15,-6.1,-14.73,-12.65,-2.97,-18.68,-14.09,-13.56,743,0.53,1,-3.21,-1.76,0,2,0,-144.1,0,DIRECAO
P2,-,0.0,-,-,,-,0,-,7.5,-,1.62,-,zebra,-,-,2549,863,2.95,1128,1421,44.3,-438.73,-17.21,0,-1.53,-18.05,-109.0,263,341,604,-18.44,-275.11,651,841,1492,,,,,446,,,,0,-43.87,254.9,1.903,52.6,-8.3,9.2,438.73,-1.0,-4.38,-126.19,-3.59,0,10,19,-6.96,-17.62,-16.52,-6.22,-21.93,-16.95,-18.05,604,-1.09,1,-6.46,-5.01,0,2,0,-155.25,0,DIRECAO
P2,-,0.0,-,-,,-,0,-,6.5,-,1.62,-,zebra,-,6,2914,912,3.2,1343,1571,46.1,-439.93,-15.1,0,-1.38,-15.08,-106.17,323,381,704,-16.46,-283.21,781,940,1721,,,,,464,,,,0,-43.99,291.4,1.874,53.4,-7.3,8.7,439.93,-1.0,-5.0,-119.29,-3.06,0,10,14,-6.4,-15.93,-13.7,-4.11,-19.82,-15.1,-15.08,704,0.02,1,-4.34,-2.89,0,2,0,-149.02,0,DIRECAO
P4,-,0.0,-,-,,-,0,-,7.5,-,-,-,zebra,dif>=0,6,2588,866,2.99,1157,1431,44.7,-440.23,-17.01,0,-1.84,-17.6,-108.06,270,344,614,-17.84,-270.17,670,844,1514,,,,,448,,,,0,-44.02,258.8,1.888,53.0,-8.3,9.1,440.23,-1.0,-5.0,-133.19,-3.23,0,10,19,-6.8,-17.75,-15.76,-6.02,-21.73,-16.83,-17.6,614,-0.77,1,-6.26,-4.81,0,2,0,-151.62,0,DIRECAO
P1,-,0.0,-,-,,-,0,-,7.5,-,-,-,zebra,-,6,2593,867,2.99,1159,1434,44.7,-441.24,-17.02,0,-1.88,-17.73,-109.06,270,345,615,-17.85,-271.18,672,847,1519,,,,,448,,,,0,-44.12,259.3,1.888,53.0,-8.3,9.1,441.24,-1.0,-5.0,-133.19,-3.23,0,10,19,-6.8,-17.71,-15.85,-6.03,-21.74,-16.79,-17.73,615,-0.94,1,-6.26,-4.81,0,2,0,-152.62,0,DIRECAO
P2,-,0.0,-,-,,-,0,-,5.5,-,1.62,-,zebra,-,-,3119,920,3.39,1460,1659,46.8,-443.21,-14.21,0,-0.93,-13.79,-102.89,350,396,746,-15.64,-286.08,843,986,1829,,,,,468,,,,0,-44.32,311.9,1.867,53.6,-6.7,8.6,443.21,-1.0,-5.0,-117.55,3.97,1,9,18,-6.31,-14.99,-12.86,-3.22,-18.93,-14.34,-13.79,746,0.55,1,-3.46,-2.01,0,2,0,-147.4,0,DIRECAO
P2,-,0.0,-,-,,-,0,-,0.5,-,1.62,-,zebra,-,-,3140,921,3.41,1471,1669,46.8,-444.96,-14.17,0,-1.05,-14.15,-106.24,351,400,751,-15.83,-291.1,846,993,1839,,,,,468,,,,0,-44.5,314.0,1.866,53.6,-6.7,8.6,444.96,-1.0,-5.0,-114.73,4.77,1,9,19,-6.31,-14.79,-13.1,-3.18,-18.89,-14.18,-14.15,751,0.03,1,-3.42,-1.97,0,2,0,-151.07,0,DIRECAO
P1,-,0.0,-,-,,-,0,-,4.5,-,-,-,zebra,-,5,3693,924,4.0,1848,1845,50.0,-446.15,-12.08,0,-0.08,-12.48,-112.03,445,453,898,-13.39,-292.78,1079,1107,2186,,,,,470,,,,0,-44.61,369.3,1.795,55.7,-5.7,7.9,446.15,-1.0,-5.0,-98.52,-4.45,0,10,16,-5.72,-11.89,-12.4,-1.09,-16.8,-11.95,-12.48,898,-0.52,1,-1.33,0.12,0,2,0,-172.09,0,DIRECAO
P1,-,0.0,-,-,,-,0,-,5.5,-,-,-,zebra,-,5,3511,924,3.8,1729,1782,49.2,-446.81,-12.73,0,-0.01,-12.6,-107.72,420,435,855,-13.92,-289.32,1011,1068,2079,,,,,470,,,,0,-44.68,351.1,1.808,55.3,-6.0,8.1,446.81,-1.0,-5.0,-111.82,-5.77,0,10,15,-5.87,-12.81,-12.59,-1.74,-17.45,-12.77,-12.6,855,0.17,1,-1.97,-0.52,0,2,0,-166.86,0,DIRECAO
P1,-,0.0,-,-,,-,0,-,0.5,-,-,-,zebra,-,5,3770,926,4.07,1898,1872,50.3,-447.9,-11.88,0,-0.17,-12.31,-112.62,456,459,915,-13.16,-293.15,1106,1121,2227,,,,,470,,,,0,-44.79,377.0,1.789,55.9,-5.6,7.8,447.9,-1.0,-5.0,-93.42,-2.79,0,10,16,-5.68,-11.72,-12.14,-0.89,-16.6,-11.74,-12.31,915,-0.56,3,-1.13,0.32,0,2,0,-171.84,0,DIRECAO
P1,-,0.0,-,-,,-,0,-,3.5,-,-,-,zebra,-,5,3759,926,4.06,1889,1870,50.3,-449.88,-11.97,0,-0.14,-12.39,-112.91,453,458,911,-13.28,-294.92,1100,1120,2220,,,,,470,,,,0,-44.99,375.9,1.79,55.9,-5.6,7.8,449.88,-1.0,-5.0,-93.42,-3.33,0,10,16,-5.7,-11.8,-12.25,-0.98,-16.69,-11.83,-12.39,911,-0.56,1,-1.21,0.23,0,2,0,-172.67,0,DIRECAO
P1,-,0.0,-,-,,-,0,-,7.5,-,-,-,zebra,-,7,2622,867,3.02,1169,1453,44.6,-450.09,-17.17,0,-1.94,-18.26,-113.06,270,349,619,-18.2,-279.06,675,858,1533,,,,,448,,,,0,-45.01,262.2,1.89,52.9,-8.3,9.1,450.09,-1.0,-5.0,-133.75,-4.23,0,10,19,-6.96,-17.66,-16.32,-6.18,-21.89,-16.83,-18.26,619,-1.44,1,-6.41,-4.96,0,2,0,-158.5,0,DIRECAO
P2,-,0.0,-,-,,-,0,-,6.5,-,1.62,-,zebra,-,-,2965,912,3.25,1361,1604,45.9,-453.52,-15.3,0,-1.45,-15.45,-109.66,324,386,710,-16.78,-292.18,786,955,1741,,,,,464,,,,0,-45.35,296.5,1.878,53.2,-7.3,8.8,453.52,-1.0,-5.0,-122.36,0.13,1,9,17,-6.6,-16.06,-14.0,-4.31,-20.02,-15.25,-15.45,710,-0.2,1,-4.54,-3.09,0,2,0,-153.99,0,DIRECAO
P4,-,0.0,-,-,,-,0,-,7.5,-,-,-,zebra,dif>=0,-,2628,866,3.03,1169,1459,44.5,-455.98,-17.35,0,-1.89,-18.13,-112.06,270,348,618,-18.25,-279.05,673,856,1529,,,,,448,,,,0,-45.6,262.8,1.891,52.9,-8.4,9.1,455.98,-1.0,-5.0,-134.81,-3.77,0,10,19,-7.1,-18.0,-16.24,-6.36,-22.07,-17.11,-18.13,618,-1.02,1,-6.6,-5.15,0,2,0,-157.5,0,DIRECAO
P1,-,0.0,-,-,,-,0,-,6.5,-,-,-,zebra,-,5,3126,916,3.41,1480,1646,47.3,-456.47,-14.6,0,-0.59,-14.89,-112.41,354,401,755,-15.91,-293.62,860,985,1845,,,,,466,,,,0,-45.65,312.6,1.838,54.4,-7.1,8.4,456.47,-1.0,-5.0,-122.85,-5.6,0,10,15,-6.38,-14.79,-14.3,-3.61,-19.32,-14.51,-14.89,755,-0.38,1,-3.85,-2.4,0,2,0,-168.59,0,DIRECAO
P1,-,0.0,-,-,,-,0,-,7.5,-,-,-,zebra,-,-,2633,867,3.04,1171,1462,44.5,-456.99,-17.36,0,-1.94,-18.26,-113.06,270,349,619,-18.26,-280.06,675,859,1534,,,,,448,,,,0,-45.7,263.3,1.891,52.9,-8.4,9.1,456.99,-1.0,-5.0,-134.81,-3.77,0,10,19,-7.11,-17.96,-16.32,-6.37,-22.08,-17.08,-18.26,619,-1.19,1,-6.6,-5.15,0,2,0,-158.5,0,DIRECAO
P1,-,0.0,-,-,,-,0,-,5.5,-,-,-,zebra,-,6,3625,924,3.92,1777,1848,49.0,-469.22,-12.94,0,-0.57,-12.91,-113.73,431,450,881,-13.94,-298.64,1040,1103,2143,,,,,470,,,,0,-46.92,362.5,1.813,55.2,-6.1,8.2,469.22,-1.0,-6.0,-121.21,-1.7,0,10,16,-6.03,-13.31,-12.34,-1.95,-17.66,-12.96,-12.91,881,0.05,1,-2.19,-0.74,0,2,0,-168.25,0,DIRECAO
P1,-,0.0,-,-,,-,0,-,4.5,-,-,-,zebra,-,6,3817,924,4.13,1902,1915,49.8,-469.83,-12.31,0,-0.64,-12.8,-118.53,457,469,926,-13.5,-304.48,1110,1145,2255,,,,,470,,,,0,-46.98,381.7,1.799,55.6,-5.8,8.0,469.83,-1.0,-6.0,-107.91,-0.59,0,10,17,-5.9,-12.4,-12.16,-1.32,-17.03,-12.15,-12.8,926,-0.65,1,-1.56,-0.11,0,2,0,-173.86,0,DIRECAO
P4,-,0.0,-,-,,-,0,-,6.5,-,-,-,zebra,dif>=0,6,3209,915,3.51,1514,1695,47.2,-472.26,-14.72,0,-1.17,-15.04,-116.43,362,412,774,-15.96,-301.73,879,1011,1890,,,,,466,,,,0,-47.23,320.9,1.843,54.3,-7.1,8.5,472.26,-1.0,-6.0,-129.86,-3.09,0,10,16,-6.49,-15.23,-13.87,-3.73,-19.44,-14.61,-15.04,774,-0.43,1,-3.96,-2.51,0,2,0,-167.55,0,DIRECAO
P1,-,0.0,-,-,,-,0,-,6.5,-,-,-,zebra,-,6,3217,916,3.51,1518,1699,47.2,-472.89,-14.7,0,-1.21,-15.15,-117.43,362,413,775,-16.02,-303.74,881,1015,1896,,,,,466,,,,0,-47.29,321.7,1.843,54.3,-7.1,8.5,472.89,-1.0,-6.0,-129.24,-3.09,0,10,16,-6.49,-15.16,-13.94,-3.71,-19.42,-14.56,-15.15,775,-0.6,1,-3.95,-2.5,0,2,0,-168.55,0,DIRECAO
P4,-,0.0,-,-,,-,0,-,0.5,-,-,-,zebra,dif>=0,6,3912,925,4.23,1964,1948,50.2,-473.53,-12.1,0,-0.79,-12.67,-120.38,472,478,950,-13.26,-305.67,1144,1162,2306,,,,,470,,,,0,-47.35,391.2,1.791,55.8,-5.6,7.9,473.53,-1.0,-6.0,-102.48,1.07,1,9,17,-5.86,-12.24,-11.88,-1.12,-16.82,-11.92,-12.67,950,-0.75,1,-1.35,0.1,0,2,0,-174.42,0,DIRECAO
P1,-,0.0,-,-,,-,0,-,2.5,-,-,-,zebra,-,6,3919,926,4.23,1967,1952,50.2,-474.56,-12.11,0,-0.84,-12.82,-121.78,471,479,950,-13.33,-308.08,1145,1166,2311,,,,,470,,,,0,-47.46,391.9,1.791,55.8,-5.6,7.9,474.56,-1.0,-6.0,-102.86,1.07,1,9,17,-5.87,-12.19,-11.98,-1.12,-16.83,-11.88,-12.82,950,-0.94,1,-1.36,0.09,0,2,0,-175.82,0,DIRECAO
P1,-,0.0,-,-,,-,0,-,0.5,-,-,-,zebra,-,6,3921,926,4.23,1968,1953,50.2,-475.16,-12.12,0,-0.82,-12.76,-121.38,472,479,951,-13.31,-307.68,1146,1166,2312,,,,,470,,,,0,-47.52,392.1,1.791,55.8,-5.6,7.9,475.16,-1.0,-6.0,-102.86,1.07,1,9,17,-5.87,-12.22,-11.94,-1.13,-16.84,-11.91,-12.76,951,-0.85,2,-1.36,0.08,0,2,0,-175.42,0,DIRECAO
P1,-,0.0,-,-,,-,0,-,3.5,-,-,-,zebra,-,6,3897,926,4.21,1950,1947,50.0,-477.08,-12.24,0,-0.82,-13.09,-123.41,465,478,943,-13.54,-311.08,1134,1164,2298,,,,,470,,,,0,-47.71,389.7,1.793,55.8,-5.7,7.9,477.08,-1.0,-6.0,-102.24,0.53,1,9,17,-5.9,-12.23,-12.27,-1.25,-16.96,-11.97,-13.09,943,-1.11,1,-1.49,-0.04,0,2,0,-178.88,0,DIRECAO
P1,-,0.0,-,-,,-,0,-,6.5,-,-,-,zebra,-,7,3256,916,3.55,1534,1722,47.1,-479.54,-14.73,0,-1.26,-15.27,-119.74,365,419,784,-16.19,-310.45,888,1030,1918,,,,,466,,,,0,-47.95,325.6,1.845,54.2,-7.1,8.6,479.54,-1.0,-6.0,-131.95,-1.48,0,10,17,-6.55,-15.16,-14.01,-3.74,-19.45,-14.56,-15.27,784,-0.72,1,-3.97,-2.53,0,2,0,-171.34,0,DIRECAO
P1,-,0.0,-,-,,-,0,-,4.5,-,-,-,zebra,-,7,3868,924,4.19,1922,1946,49.7,-481.88,-12.46,0,-0.91,-13.11,-122.84,460,477,937,-13.68,-312.26,1119,1163,2282,,,,,470,,,,0,-48.19,386.8,1.802,55.5,-5.8,8.0,481.88,-1.0,-7.0,-114.62,-0.03,0,10,16,-6.04,-12.61,-12.2,-1.47,-17.18,-12.25,-13.11,937,-0.86,1,-1.7,-0.26,0,2,0,-176.72,0,DIRECAO
P1,-,0.0,-,-,,-,0,-,5.5,-,-,-,zebra,-,7,3672,924,3.97,1793,1879,48.8,-483.97,-13.18,0,-0.69,-13.23,-118.04,434,458,892,-14.22,-308.35,1047,1121,2168,,,,,470,,,,0,-48.4,367.2,1.816,55.1,-6.2,8.2,483.97,-1.0,-7.0,-126.92,-2.02,0,10,17,-6.21,-13.57,-12.54,-2.19,-17.9,-13.16,-13.23,892,-0.07,1,-2.43,-0.98,0,2,0,-173.04,0,DIRECAO
P1,-,0.0,-,-,,-,0,-,4.5,-,-,-,zebra,-,-,3893,924,4.21,1933,1960,49.7,-484.11,-12.44,0,-0.84,-13.11,-122.84,460,477,937,-13.75,-314.38,1120,1166,2286,,,,,470,,,,0,-48.41,389.3,1.804,55.4,-5.8,8.1,484.11,-1.0,-7.0,-114.61,5.51,1,9,16,-6.05,-12.54,-12.27,-1.45,-17.16,-12.22,-13.11,937,-0.89,1,-1.68,-0.23,0,2,0,-177.72,0,DIRECAO
P4,-,0.0,-,-,,-,0,-,6.5,-,-,-,zebra,dif>=0,-,3268,915,3.57,1537,1731,47.0,-484.26,-14.82,0,-1.15,-15.16,-118.74,365,418,783,-16.21,-310.56,887,1029,1916,,,,,466,,,,0,-48.43,326.8,1.847,54.1,-7.1,8.6,484.26,-1.0,-6.0,-132.56,2.28,1,9,20,-6.64,-15.3,-14.01,-3.83,-19.54,-14.71,-15.16,783,-0.46,1,-4.06,-2.62,0,2,0,-171.34,0,DIRECAO
P1,-,0.0,-,-,,-,0,-,6.5,-,-,-,zebra,-,-,3276,916,3.58,1541,1735,47.0,-484.89,-14.8,0,-1.19,-15.27,-119.74,365,419,784,-16.26,-312.57,889,1033,1922,,,,,466,,,,0,-48.49,327.6,1.847,54.1,-7.1,8.6,484.89,-1.0,-6.0,-131.94,2.28,1,9,20,-6.63,-15.23,-14.08,-3.81,-19.52,-14.65,-15.27,784,-0.62,1,-4.05,-2.6,0,2,0,-172.34,0,DIRECAO
P1,-,0.0,-,-,,-,0,-,5.5,-,-,-,zebra,-,-,3695,924,4.0,1803,1892,48.8,-486.37,-13.16,0,-0.63,-13.23,-118.04,434,458,892,-14.29,-310.47,1048,1124,2172,,,,,470,,,,0,-48.64,369.5,1.818,55.0,-6.2,8.3,486.37,-1.0,-7.0,-126.91,3.72,1,9,17,-6.23,-13.5,-12.6,-2.17,-17.88,-13.14,-13.23,892,-0.09,1,-2.41,-0.96,0,2,0,-174.04,0,DIRECAO
P1,-,0.0,-,-,,-,0,-,2.5,-,-,-,zebra,-,7,3976,926,4.29,1991,1985,50.1,-486.81,-12.24,0,-1.13,-13.24,-127.68,475,489,964,-13.56,-317.45,1155,1186,2341,,,,,470,,,,0,-48.68,397.6,1.794,55.7,-5.7,7.9,486.81,-1.0,-7.0,-109.57,1.63,1,9,16,-6.01,-12.33,-12.11,-1.25,-16.96,-11.92,-13.24,964,-1.32,1,-1.49,-0.04,0,2,0,-180.27,0,DIRECAO
P1,-,0.0,-,-,,-,0,-,3.5,-,-,-,zebra,-,7,3951,926,4.27,1973,1978,49.9,-487.7,-12.34,0,-1.05,-13.33,-127.31,469,486,955,-13.69,-318.45,1144,1182,2326,,,,,470,,,,0,-48.77,395.1,1.796,55.7,-5.7,7.9,487.7,-1.0,-7.0,-108.95,1.09,1,9,16,-6.03,-12.38,-12.28,-1.35,-17.06,-12.03,-13.33,955,-1.3,1,-1.59,-0.14,0,2,0,-181.33,0,DIRECAO
P4,-,0.0,-,-,,-,0,-,0.5,-,-,-,zebra,dif>=0,-,4004,925,4.33,2006,1998,50.1,-488.06,-12.19,0,-1.02,-12.99,-125.45,478,488,966,-13.46,-315.47,1159,1185,2344,,,,,470,,,,0,-48.81,400.4,1.795,55.7,-5.6,7.9,488.06,-1.0,-8.0,-110.18,2.47,2,8,16,-6.0,-12.32,-11.97,-1.2,-16.91,-11.94,-12.99,966,-1.05,1,-1.44,0.01,0,2,0,-178.66,0,DIRECAO
P1,-,0.0,-,-,,-,0,-,0.5,-,-,-,zebra,-,7,3983,926,4.3,1995,1988,50.1,-488.07,-12.25,0,-1.15,-13.19,-127.28,476,489,965,-13.49,-316.19,1158,1186,2344,,,,,470,,,,0,-48.81,398.3,1.793,55.8,-5.7,7.9,488.07,-1.0,-7.0,-110.57,1.63,1,9,16,-6.01,-12.38,-12.04,-1.26,-16.97,-11.95,-13.19,965,-1.24,2,-1.5,-0.05,0,2,0,-179.49,0,DIRECAO
P1,-,0.0,-,-,,-,0,-,2.5,-,-,-,zebra,-,-,4002,926,4.32,2003,1999,50.0,-488.63,-12.21,0,-1.07,-13.24,-127.68,475,489,964,-13.63,-319.57,1156,1189,2345,,,,,470,,,,0,-48.86,400.2,1.796,55.7,-5.6,7.9,488.63,-1.0,-7.0,-109.56,3.62,2,8,16,-6.01,-12.24,-12.17,-1.22,-16.93,-11.88,-13.24,964,-1.36,1,-1.46,-0.01,0,2,0,-181.27,0,DIRECAO
P1,-,0.0,-,-,,-,0,-,1.5,-,-,-,zebra,-,-,4011,926,4.33,2009,2002,50.1,-489.06,-12.19,0,-1.05,-13.08,-126.45,478,489,967,-13.51,-317.48,1161,1189,2350,,,,,470,,,,0,-48.91,401.1,1.795,55.7,-5.6,7.9,489.06,-1.0,-7.0,-110.56,3.1,2,8,16,-6.01,-12.29,-12.03,-1.2,-16.91,-11.91,-13.08,967,-1.16,1,-1.44,0.01,0,2,0,-179.66,0,DIRECAO
P1,-,0.0,-,-,,-,0,-,3.5,-,-,-,zebra,-,-,3977,926,4.29,1985,1992,49.9,-489.52,-12.31,0,-0.99,-13.33,-127.31,469,486,955,-13.76,-320.57,1145,1185,2330,,,,,470,,,,0,-48.95,397.7,1.798,55.6,-5.7,8.0,489.52,-1.0,-7.0,-108.94,4.1,2,8,16,-6.03,-12.29,-12.34,-1.32,-17.03,-11.99,-13.33,955,-1.35,1,-1.56,-0.11,0,2,0,-182.33,0,DIRECAO
P1,-,0.0,-,-,,-,0,-,0.5,-,-,-,zebra,-,-,4013,926,4.33,2010,2003,50.1,-489.69,-12.2,0,-1.05,-13.08,-126.45,478,489,967,-13.51,-317.48,1161,1189,2350,,,,,470,,,,0,-48.97,401.3,1.795,55.7,-5.6,7.9,489.69,-1.0,-8.0,-110.56,2.47,2,8,16,-6.01,-12.31,-12.03,-1.21,-16.92,-11.93,-13.08,967,-1.15,1,-1.45,0.0,0,2,0,-179.66,0,DIRECAO
