bot;aposta_id;event_id;mercado_tick;mercado_tipo;linha;selecao;odd;liga;apostado_em;veredito;motivos
SENTINELA-B-NBA2K-HC;70661;89334388;Handicap;156;-4.50;Dubai (Koko) -4.5;2.020;NBA 2K Battle European Conference 4x5 minutes;2026-07-20 21:56:57.432377;OK;
SENTINELA-B-NBA2K-HC;70662;89334388;Handicap;156;4.50;Bayern Munich (HolyPurp) +4.5;1.600;NBA 2K Battle European Conference 4x5 minutes;2026-07-20 21:56:57.432710;OK;
SENTINELA-B-NBA2K-HC;70691;89334263;Handicap;156;-4.50;Monaco (Mitko) -4.5;1.700;NBA 2K Battle European Conference 4x5 minutes;2026-07-20 22:05:12.560965;OK;
SENTINELA-B-NBA2K-HC;70693;89334263;Handicap;156;-6.50;Monaco (Mitko) -6.5;1.930;NBA 2K Battle European Conference 4x5 minutes;2026-07-20 22:05:12.563098;OK;
SENTINELA-B-NBA2K-HC;70692;89334263;Handicap;156;6.50;Milano (MrKrab) (Esports) +6.5;1.670;NBA 2K Battle European Conference 4x5 minutes;2026-07-20 22:05:12.563135;OK;
SENTINELA-B-NBA2K-HC;70756;89334353;Handicap;156;-15.50;Bayern Munich (HolyPurp) -15.5;1.700;NBA 2K Battle European Conference 4x5 minutes;2026-07-20 22:40:16.226810;OK;
SENTINELA-B-NBA2K-HC;70761;89334255;Handicap;156;-17.50;Dubai (Koko) -17.5;1.930;NBA 2K Battle European Conference 4x5 minutes;2026-07-20 22:41:04.177444;OK;
SENTINELA-B-NBA2K-HC;70760;89334255;Handicap;156;16.50;Milano (MrKrab) (Esports) +16.5;1.750;NBA 2K Battle European Conference 4x5 minutes;2026-07-20 22:41:04.177963;OK;
SENTINELA-B-NBA2K-HC;70762;89334255;Handicap;156;17.50;Milano (MrKrab) (Esports) +17.5;1.670;NBA 2K Battle European Conference 4x5 minutes;2026-07-20 22:41:04.179521;OK;
SENTINELA-B-NBA2K-HC;70763;89334255;Handicap;156;15.50;Milano (MrKrab) (Esports) +15.5;1.870;NBA 2K Battle European Conference 4x5 minutes;2026-07-20 22:41:04.179569;OK;
SENTINELA-B-NBA2K-HC;70802;89334351;Handicap;156;2.50;Monaco (Mitko) +2.5;1.570;NBA 2K Battle European Conference 4x5 minutes;2026-07-20 23:15:14.319044;OK;
SENTINELA-B-NBA2K-HC;70805;89334257;Handicap;156;-4.50;Anadolu Efes (Legolas792) (Esports) -4.5;1.980;NBA 2K Battle European Conference 4x5 minutes;2026-07-20 23:15:15.404234;OK;
SENTINELA-B-NBA2K-HC;70806;89334257;Handicap;156;2.50;Milano (MrKrab) (Esports) +2.5;1.880;NBA 2K Battle European Conference 4x5 minutes;2026-07-20 23:15:15.407110;OK;
SENTINELA-B-NBA2K-HC;70814;89334260;Handicap;156;15.50;Milano (MrKrab) (Esports) +15.5;1.620;NBA 2K Battle European Conference 4x5 minutes;2026-07-20 23:50:16.137104;OK;
SENTINELA-B-NBA2K-HC;70815;89334260;Handicap;156;-13.50;Bayern Munich (HolyPurp) -13.5;1.750;NBA 2K Battle European Conference 4x5 minutes;2026-07-20 23:50:16.139165;OK;
SENTINELA-B-NBA2K-HC;70817;89334364;Handicap;156;1.50;Anadolu Efes (Legolas792) (Esports) +1.5;1.980;NBA 2K Battle European Conference 4x5 minutes;2026-07-20 23:50:19.098090;OK;
SENTINELA-B-NBA2K-HC;70818;89334364;Handicap;156;-2.50;Monaco (Mitko) -2.5;1.780;NBA 2K Battle European Conference 4x5 minutes;2026-07-20 23:50:19.098524;OK;
SENTINELA-B-NBA2K-HC;70819;89334364;Handicap;156;2.50;Anadolu Efes (Legolas792) (Esports) +2.5;1.780;NBA 2K Battle European Conference 4x5 minutes;2026-07-20 23:50:19.100224;OK;
SENTINELA-B-NBA2K-HC;70820;89334364;Handicap;156;-1.50;Monaco (Mitko) -1.5;1.620;NBA 2K Battle European Conference 4x5 minutes;2026-07-20 23:50:19.100525;OK;
SENTINELA-B-NBA2K-HC;70821;89334364;Handicap;156;-3.50;Monaco (Mitko) -3.5;1.880;NBA 2K Battle European Conference 4x5 minutes;2026-07-20 23:50:19.100918;OK;
SENTINELA-B-NBA2K-HC;70822;89334364;Handicap;156;3.50;Anadolu Efes (Legolas792) (Esports) +3.5;1.700;NBA 2K Battle European Conference 4x5 minutes;2026-07-20 23:50:19.101502;OK;
SENTINELA-B-NBA2K-HC;70843;89334316;Handicap;156;-4.50;Dubai (Koko) -4.5;1.750;NBA 2K Battle European Conference 4x5 minutes;2026-07-21 00:25:14.448248;OK;
SENTINELA-B-NBA2K-HC;70844;89334316;Handicap;156;-5.50;Dubai (Koko) -5.5;1.880;NBA 2K Battle European Conference 4x5 minutes;2026-07-21 00:25:14.449142;OK;
SENTINELA-B-NBA2K-HC;70846;89334316;Handicap;156;5.50;Anadolu Efes (Legolas792) (Esports) +5.5;1.700;NBA 2K Battle European Conference 4x5 minutes;2026-07-21 00:25:14.449887;OK;
SENTINELA-B-NBA2K-HC;70845;89334316;Handicap;156;3.50;Anadolu Efes (Legolas792) (Esports) +3.5;1.980;NBA 2K Battle European Conference 4x5 minutes;2026-07-21 00:25:14.449905;OK;
SENTINELA-B-NBA2K-HC;70850;89334376;Handicap;156;3.50;Monaco (Mitko) +3.5;1.830;NBA 2K Battle European Conference 4x5 minutes;2026-07-21 00:25:23.605620;OK;
SENTINELA-B-NBA2K-HC;70851;89334376;Handicap;156;2.50;Monaco (Mitko) +2.5;1.980;NBA 2K Battle European Conference 4x5 minutes;2026-07-21 00:25:23.606383;OK;
SENTINELA-B-NBA2K-HC;70852;89334376;Handicap;156;-2.50;Bayern Munich (HolyPurp) -2.5;1.620;NBA 2K Battle European Conference 4x5 minutes;2026-07-21 00:25:23.606885;OK;
SENTINELA-B-NBA2K-HC;70888;89388650;Handicap;156;3.50;Monaco (Aiger) +3.5;1.600;NBA 2K Battle European Conference 4x5 minutes;2026-07-21 01:10:20.951493;OK;
SENTINELA-B-NBA2K-HC;70889;89388650;Handicap;156;1.50;Monaco (Aiger) +1.5;1.830;NBA 2K Battle European Conference 4x5 minutes;2026-07-21 01:10:20.951969;OK;
SENTINELA-B-NBA2K-HC;70892;89388658;Handicap;156;-4.50;Milano (DJKeYDJ) (Esports) -4.5;1.720;NBA 2K Battle European Conference 4x5 minutes;2026-07-21 01:10:25.737301;OK;
SENTINELA-B-NBA2K-HC;70918;89388645;Handicap;156;-13.50;Fenerbahce (Z1K0) -13.5;1.880;NBA 2K Battle European Conference 4x5 minutes;2026-07-21 01:45:11.020914;OK;
SENTINELA-B-NBA2K-HC;70919;89388645;Handicap;156;13.50;Milano (DJKeYDJ) (Esports) +13.5;1.700;NBA 2K Battle European Conference 4x5 minutes;2026-07-21 01:45:11.021253;OK;
SENTINELA-B-NBA2K-HC;70920;89388645;Handicap;156;11.50;Milano (DJKeYDJ) (Esports) +11.5;1.930;NBA 2K Battle European Conference 4x5 minutes;2026-07-21 01:45:11.021606;OK;
SENTINELA-B-NBA2K-HC;70925;89388648;Handicap;156;-7.50;Crvena Zvezda (SnoopCat) -7.5;1.670;NBA 2K Battle European Conference 4x5 minutes;2026-07-21 01:45:12.201851;OK;
SENTINELA-B-NBA2K-HC;70957;89388653;Handicap;156;2.50;Monaco (Aiger) +2.5;1.720;NBA 2K Battle European Conference 4x5 minutes;2026-07-21 02:20:10.560044;OK;
SENTINELA-B-NBA2K-HC;70961;89388636;Handicap;156;-1.50;Crvena Zvezda (SnoopCat) -1.5;1.700;NBA 2K Battle European Conference 4x5 minutes;2026-07-21 02:20:13.007592;OK;
SENTINELA-B-NBA2K-HC;70991;89388654;Handicap;156;7.50;Monaco (Aiger) +7.5;1.780;NBA 2K Battle European Conference 4x5 minutes;2026-07-21 02:55:14.060429;OK;
SENTINELA-B-NBA2K-HC;70993;89388654;Handicap;156;-6.50;Fenerbahce (Z1K0) -6.5;1.670;NBA 2K Battle European Conference 4x5 minutes;2026-07-21 02:55:14.061141;OK;
SENTINELA-B-NBA2K-HC;70992;89388654;Handicap;156;6.50;Monaco (Aiger) +6.5;1.930;NBA 2K Battle European Conference 4x5 minutes;2026-07-21 02:55:14.061676;OK;
SENTINELA-B-NBA2K-HC;70997;89388647;Handicap;156;-4.50;Crvena Zvezda (SnoopCat) -4.5;1.830;NBA 2K Battle European Conference 4x5 minutes;2026-07-21 02:55:29.589821;OK;
SENTINELA-B-NBA2K-HC;71027;89388657;Handicap;156;3.50;Milano (DJKeYDJ) (Esports) +3.5;1.820;NBA 2K Battle European Conference 4x5 minutes;2026-07-21 03:30:15.813627;OK;
SENTINELA-B-NBA2K-HC;71030;89388657;Handicap;156;2.50;Milano (DJKeYDJ) (Esports) +2.5;1.980;NBA 2K Battle European Conference 4x5 minutes;2026-07-21 03:30:15.814628;OK;
SENTINELA-B-NBA2K-HC;71028;89388657;Handicap;156;-3.50;Monaco (Aiger) -3.5;1.750;NBA 2K Battle European Conference 4x5 minutes;2026-07-21 03:30:15.815054;OK;
SENTINELA-B-NBA2K-HC;71029;89388657;Handicap;156;4.50;Milano (DJKeYDJ) (Esports) +4.5;1.700;NBA 2K Battle European Conference 4x5 minutes;2026-07-21 03:30:15.815991;OK;
SENTINELA-B-NBA2K-HC;71038;89388638;Handicap;156;8.50;Bayern Munich (Riodan) (Esports) +8.5;1.700;NBA 2K Battle European Conference 4x5 minutes;2026-07-21 03:45:18.509925;OK;
SENTINELA-B-NBA2K-HC;71039;89388638;Handicap;156;-7.50;Fenerbahce (Z1K0) -7.5;1.750;NBA 2K Battle European Conference 4x5 minutes;2026-07-21 03:45:18.511004;OK;
SENTINELA-B-NBA2K-HC;71052;89388641;Handicap;156;3.50;Monaco (Aiger) +3.5;1.750;NBA 2K Battle European Conference 4x5 minutes;2026-07-21 04:20:15.518346;OK;
SENTINELA-B-NBA2K-HC;71054;89388655;Handicap;156;3.50;Bayern Munich (Riodan) (Esports) +3.5;1.880;NBA 2K Battle European Conference 4x5 minutes;2026-07-21 04:20:17.884997;OK;
SENTINELA-B-NBA2K-HC;71055;89388655;Handicap;156;-4.50;Milano (DJKeYDJ) (Esports) -4.5;1.820;NBA 2K Battle European Conference 4x5 minutes;2026-07-21 04:20:17.887172;OK;
SENTINELA-B-NBA2K-HC;71089;89388643;Handicap;156;8.50;Bayern Munich (Riodan) (Esports) +8.5;1.750;NBA 2K Battle European Conference 4x5 minutes;2026-07-21 04:55:14.961838;OK;
SENTINELA-B-NBA2K-HC;71090;89388640;Handicap;156;-5.50;Fenerbahce (Z1K0) -5.5;1.670;NBA 2K Battle European Conference 4x5 minutes;2026-07-21 04:55:15.126871;OK;
SENTINELA-B-NBA2K-HC;71126;89388644;Handicap;156;-1.50;Monaco (Aiger) -1.5;1.830;NBA 2K Battle European Conference 4x5 minutes;2026-07-21 05:30:17.953863;OK;
SENTINELA-B-NBA2K-HC;71129;89388656;Handicap;156;-3.50;Crvena Zvezda (SnoopCat) -3.5;2.020;NBA 2K Battle European Conference 4x5 minutes;2026-07-21 05:30:20.388621;OK;
SENTINELA-B-NBA2K-HC;71130;89388656;Handicap;156;-1.50;Crvena Zvezda (SnoopCat) -1.5;1.750;NBA 2K Battle European Conference 4x5 minutes;2026-07-21 05:30:20.389459;OK;
SENTINELA-B-NBA2K-HC;71169;89388646;Handicap;156;7.50;Monaco (Aiger) +7.5;1.830;NBA 2K Battle European Conference 4x5 minutes;2026-07-21 06:05:25.762924;OK;
SENTINELA-B-NBA2K-HC;71191;89388659;Handicap;156;4.50;Milano (DJKeYDJ) (Esports) +4.5;1.670;NBA 2K Battle European Conference 4x5 minutes;2026-07-21 06:20:51.419579;OK;
SENTINELA-B-NBA2K-HC;71192;89388659;Handicap;156;3.50;Milano (DJKeYDJ) (Esports) +3.5;1.780;NBA 2K Battle European Conference 4x5 minutes;2026-07-21 06:20:51.421650;OK;
SENTINELA-B-NBA2K-HC;71194;89388659;Handicap;156;-3.50;Crvena Zvezda (SnoopCat) -3.5;1.780;NBA 2K Battle European Conference 4x5 minutes;2026-07-21 06:20:51.422068;OK;
SENTINELA-B-NBA2K-HC;71193;89388659;Handicap;156;-4.50;Crvena Zvezda (SnoopCat) -4.5;1.930;NBA 2K Battle European Conference 4x5 minutes;2026-07-21 06:20:51.422459;OK;
SENTINELA-B-NBA2K-HC;71244;89388637;Handicap;156;11.50;Bayern Munich (Riodan) (Esports) +11.5;1.700;NBA 2K Battle European Conference 4x5 minutes;2026-07-21 06:55:12.476870;OK;
SENTINELA-B-NBA2K-HC;71247;89388652;Handicap;156;-3.50;Monaco (Aiger) -3.5;1.830;NBA 2K Battle European Conference 4x5 minutes;2026-07-21 06:55:23.923288;OK;
SENTINELA-B-NBA2K-HC;71295;89388639;Handicap;156;1.50;Monaco (Aiger) +1.5;1.780;NBA 2K Battle European Conference 4x5 minutes;2026-07-21 07:30:15.488578;OK;
SENTINELA-B-NBA2K-HC;71296;89388639;Handicap;156;2.50;Monaco (Aiger) +2.5;1.670;NBA 2K Battle European Conference 4x5 minutes;2026-07-21 07:30:15.491515;OK;
SENTINELA-B-NBA2K-HC;71299;89388651;Handicap;156;4.50;Bayern Munich (Riodan) (Esports) +4.5;1.620;NBA 2K Battle European Conference 4x5 minutes;2026-07-21 07:30:22.466379;OK;
SENTINELA-B-NBA2K-HC;71342;89388642;Handicap;156;-8.50;Fenerbahce (Z1K0) -8.5;1.700;NBA 2K Battle European Conference 4x5 minutes;2026-07-21 08:05:09.882029;OK;
SENTINELA-B-NBA2K-HC;71347;89388649;Handicap;156;-4.50;Crvena Zvezda (SnoopCat) -4.5;1.670;NBA 2K Battle European Conference 4x5 minutes;2026-07-21 08:05:23.050041;OK;
SENTINELA-B-NBA2K-HC;71348;89388649;Handicap;156;-5.50;Crvena Zvezda (SnoopCat) -5.5;1.750;NBA 2K Battle European Conference 4x5 minutes;2026-07-21 08:05:23.050464;OK;
SENTINELA-B-NBA2K-HC;71366;89388700;Handicap;156;1.50;Zalgiris Kaunas (Kotkata) (Esports) +1.5;1.600;NBA 2K Battle European Conference 4x5 minutes;2026-07-21 08:45:18.587050;OK;
SENTINELA-B-NBA2K-HC;71367;89388700;Handicap;156;-1.50;Zalgiris Kaunas (Kotkata) (Esports) -1.5;1.820;NBA 2K Battle European Conference 4x5 minutes;2026-07-21 08:45:18.587388;OK;
SENTINELA-B-NBA2K-HC;71368;89388700;Handicap;156;1.50;Milano (Erik) +1.5;1.750;NBA 2K Battle European Conference 4x5 minutes;2026-07-21 08:45:18.588455;OK;
SENTINELA-B-NBA2K-HC;71369;89388703;Handicap;156;-11.50;Real Madrid (Josh) -11.5;1.830;NBA 2K Battle European Conference 4x5 minutes;2026-07-21 08:45:21.082357;OK;
SENTINELA-B-NBA2K-HC;71394;89388672;Handicap;156;-6.50;Milano (Erik) -6.5;1.980;NBA 2K Battle European Conference 4x5 minutes;2026-07-21 09:20:15.627614;OK;
SENTINELA-B-NBA2K-HC;71395;89388672;Handicap;156;4.50;Real Madrid (Josh) +4.5;1.870;NBA 2K Battle European Conference 4x5 minutes;2026-07-21 09:20:15.631316;OK;
SENTINELA-B-NBA2K-HC;71396;89388672;Handicap;156;3.50;Real Madrid (Josh) +3.5;1.980;NBA 2K Battle European Conference 4x5 minutes;2026-07-21 09:20:15.634973;OK;
SENTINELA-B-NBA2K-HC;71397;89388672;Handicap;156;6.50;Real Madrid (Josh) +6.5;1.620;NBA 2K Battle European Conference 4x5 minutes;2026-07-21 09:20:15.636319;OK;
SENTINELA-B-NBA2K-HC;71399;89388672;Handicap;156;-5.50;Milano (Erik) -5.5;1.830;NBA 2K Battle European Conference 4x5 minutes;2026-07-21 09:20:15.636883;OK;
SENTINELA-B-NBA2K-HC;71400;89388672;Handicap;156;-3.50;Milano (Erik) -3.5;1.620;NBA 2K Battle European Conference 4x5 minutes;2026-07-21 09:20:15.637349;OK;
SENTINELA-B-NBA2K-HC;71398;89388672;Handicap;156;5.50;Real Madrid (Josh) +5.5;1.750;NBA 2K Battle European Conference 4x5 minutes;2026-07-21 09:20:15.637978;OK;
SENTINELA-B-NBA2K-HC;71403;89388702;Handicap;156;3.50;Olympiacos (Bobkata) +3.5;1.930;NBA 2K Battle European Conference 4x5 minutes;2026-07-21 09:20:16.034502;OK;
SENTINELA-B-NBA2K-HC;71427;89388720;Handicap;156;-3.50;Zalgiris Kaunas (Kotkata) (Esports) -3.5;2.000;NBA 2K Battle European Conference 4x5 minutes;2026-07-21 09:55:15.632756;OK;
SENTINELA-B-NBA2K-HC;71431;89388706;Handicap;156;-1.50;Milano (Erik) -1.5;1.620;NBA 2K Battle European Conference 4x5 minutes;2026-07-21 09:56:41.719854;OK;
SENTINELA-B-NBA2K-HC;71463;89388701;Handicap;156;5.50;Fenerbahce (MrMike) (Esports) +5.5;1.720;NBA 2K Battle European Conference 4x5 minutes;2026-07-21 10:30:50.355739;OK;
SENTINELA-B-NBA2K-HC;71464;89388701;Handicap;156;-5.50;Zalgiris Kaunas (Kotkata) (Esports) -5.5;1.870;NBA 2K Battle European Conference 4x5 minutes;2026-07-21 10:30:50.360202;OK;
SENTINELA-B-NBA2K-HC;71467;89388694;Handicap;156;-4.50;Milano (Erik) -4.5;1.700;NBA 2K Battle European Conference 4x5 minutes;2026-07-21 10:30:52.962206;OK;
SENTINELA-B-NBA2K-HC;71491;89388708;Handicap;156;9.50;Olympiacos (Bobkata) +9.5;1.720;NBA 2K Battle European Conference 4x5 minutes;2026-07-21 11:05:49.203981;OK;
SENTINELA-B-NBA2K-HC;71492;89388708;Handicap;156;-7.50;Zalgiris Kaunas (Kotkata) (Esports) -7.5;1.620;NBA 2K Battle European Conference 4x5 minutes;2026-07-21 11:05:49.204607;OK;
SENTINELA-B-NBA2K-HC;71493;89388708;Handicap;156;7.50;Olympiacos (Bobkata) +7.5;1.980;NBA 2K Battle European Conference 4x5 minutes;2026-07-21 11:05:49.205825;OK;
SENTINELA-B-NBA2K-HC;71504;89388709;Handicap;156;-6.50;Real Madrid (Josh) -6.5;1.780;NBA 2K Battle European Conference 4x5 minutes;2026-07-21 11:20:45.147332;OK;
SENTINELA-B-NBA2K-HC;71505;89388709;Handicap;156;-5.50;Real Madrid (Josh) -5.5;1.700;NBA 2K Battle European Conference 4x5 minutes;2026-07-21 11:20:45.147896;OK;
SENTINELA-B-NBA2K-HC;71528;89388717;Handicap;156;15.50;Olympiacos (Bobkata) +15.5;1.620;NBA 2K Battle European Conference 4x5 minutes;2026-07-21 11:55:31.386298;OK;
SENTINELA-B-NBA2K-HC;71527;89388717;Handicap;156;-13.50;Real Madrid (Josh) -13.5;1.720;NBA 2K Battle European Conference 4x5 minutes;2026-07-21 11:55:31.386584;OK;
SENTINELA-B-NBA2K-HC;71531;89388698;Handicap;156;2.50;Milano (Erik) +2.5;1.720;NBA 2K Battle European Conference 4x5 minutes;2026-07-21 11:55:32.039920;OK;
SENTINELA-B-NBA2K-HC;71532;89388698;Handicap;156;3.50;Milano (Erik) +3.5;1.600;NBA 2K Battle European Conference 4x5 minutes;2026-07-21 11:55:32.040784;OK;
SENTINELA-B-NBA2K-HC;71533;89388698;Handicap;156;-2.50;Zalgiris Kaunas (Kotkata) (Esports) -2.5;1.870;NBA 2K Battle European Conference 4x5 minutes;2026-07-21 11:55:32.042269;OK;
SENTINELA-B-NBA2K-HC;71559;89388660;Handicap;156;-6.50;Milano (Erik) -6.5;1.700;NBA 2K Battle European Conference 4x5 minutes;2026-07-21 12:30:29.837079;OK;
SENTINELA-B-NBA2K-HC;71560;89388660;Handicap;156;-7.50;Milano (Erik) -7.5;1.820;NBA 2K Battle European Conference 4x5 minutes;2026-07-21 12:30:29.837796;OK;
SENTINELA-B-NBA2K-HC;71561;89388660;Handicap;156;-8.50;Milano (Erik) -8.5;1.930;NBA 2K Battle European Conference 4x5 minutes;2026-07-21 12:30:29.838153;OK;
SENTINELA-B-NBA2K-HC;71564;89388704;Handicap;156;8.50;Olympiacos (Bobkata) +8.5;1.700;NBA 2K Battle European Conference 4x5 minutes;2026-07-21 12:30:30.909369;OK;
SENTINELA-B-NBA2K-HC;71563;89388704;Handicap;156;-7.50;Fenerbahce (MrMike) (Esports) -7.5;1.780;NBA 2K Battle European Conference 4x5 minutes;2026-07-21 12:30:30.909846;OK;
SENTINELA-B-NBA2K-HC;71606;89388712;Handicap;156;-1.50;Zalgiris Kaunas (Kotkata) (Esports) -1.5;1.720;NBA 2K Battle European Conference 4x5 minutes;2026-07-21 13:05:13.817555;OK;
SENTINELA-B-NBA2K-HC;71609;89388696;Handicap;156;1.50;Fenerbahce (MrMike) (Esports) +1.5;1.780;NBA 2K Battle European Conference 4x5 minutes;2026-07-21 13:05:17.130509;OK;
SENTINELA-B-NBA2K-HC;71610;89388696;Handicap;156;-1.50;Milano (Erik) -1.5;1.780;NBA 2K Battle European Conference 4x5 minutes;2026-07-21 13:05:17.131153;OK;
SENTINELA-B-NBA2K-HC;71659;89388693;Handicap;156;-4.50;Zalgiris Kaunas (Kotkata) (Esports) -4.5;1.750;NBA 2K Battle European Conference 4x5 minutes;2026-07-21 13:40:15.178722;OK;
SENTINELA-B-NBA2K-HC;71660;89388693;Handicap;156;3.50;Fenerbahce (MrMike) (Esports) +3.5;1.930;NBA 2K Battle European Conference 4x5 minutes;2026-07-21 13:40:15.179428;OK;
SENTINELA-B-NBA2K-HC;71678;89388697;Handicap;156;-6.50;Milano (Erik) -6.5;1.930;NBA 2K Battle European Conference 4x5 minutes;2026-07-21 13:55:22.072860;OK;
SENTINELA-B-NBA2K-HC;71677;89388697;Handicap;156;-4.50;Milano (Erik) -4.5;1.700;NBA 2K Battle European Conference 4x5 minutes;2026-07-21 13:55:22.078997;OK;
SENTINELA-B-NBA2K-HC;71722;89388661;Handicap;156;5.50;Olympiacos (Bobkata) +5.5;1.620;NBA 2K Battle European Conference 4x5 minutes;2026-07-21 14:30:16.987882;OK;
SENTINELA-B-NBA2K-HC;71724;89388705;Handicap;156;9.50;Fenerbahce (MrMike) (Esports) +9.5;1.750;NBA 2K Battle European Conference 4x5 minutes;2026-07-21 14:30:20.192772;OK;
SENTINELA-B-NBA2K-HC;71744;89388710;Handicap;156;-11.50;Real Madrid (Josh) -11.5;1.670;NBA 2K Battle European Conference 4x5 minutes;2026-07-21 15:05:18.939187;OK;
SENTINELA-B-NBA2K-HC;71745;89388710;Handicap;156;11.50;Olympiacos (Bobkata) +11.5;1.930;NBA 2K Battle European Conference 4x5 minutes;2026-07-21 15:05:18.939841;OK;
SENTINELA-B-NBA2K-HC;71746;89388710;Handicap;156;12.50;Olympiacos (Bobkata) +12.5;1.780;NBA 2K Battle European Conference 4x5 minutes;2026-07-21 15:05:18.940534;OK;
SENTINELA-B-NBA2K-HC;71747;89388710;Handicap;156;-13.50;Real Madrid (Josh) -13.5;1.930;NBA 2K Battle European Conference 4x5 minutes;2026-07-21 15:05:18.941109;OK;
SENTINELA-B-NBA2K-HC;71751;89388707;Handicap;156;3.50;Milano (Erik) +3.5;1.720;NBA 2K Battle European Conference 4x5 minutes;2026-07-21 15:05:22.090766;OK;
SENTINELA-B-NBA2K-HC;71752;89388707;Handicap;156;1.50;Milano (Erik) +1.5;1.980;NBA 2K Battle European Conference 4x5 minutes;2026-07-21 15:05:22.091462;OK;
SENTINELA-B-NBA2K-HC;71753;89388707;Handicap;156;-1.50;Zalgiris Kaunas (Kotkata) (Esports) -1.5;1.620;NBA 2K Battle European Conference 4x5 minutes;2026-07-21 15:05:22.092401;OK;
SENTINELA-B-NBA2K-HC;71785;89388695;Handicap;156;1.50;Real Madrid (Josh) +1.5;1.980;NBA 2K Battle European Conference 4x5 minutes;2026-07-21 15:41:20.524068;OK;
SENTINELA-B-NBA2K-HC;71784;89388695;Handicap;156;-2.50;Milano (Erik) -2.5;1.750;NBA 2K Battle European Conference 4x5 minutes;2026-07-21 15:41:20.524806;OK;
SENTINELA-B-NBA2K-HC;71787;89388719;Handicap;156;-4.50;Fenerbahce (MrMike) (Esports) -4.5;1.780;NBA 2K Battle European Conference 4x5 minutes;2026-07-21 15:41:23.838944;OK;
SENTINELA-B-NBA2K-HC;71819;89388711;Handicap;156;-4.50;Milano (Erik) -4.5;1.750;NBA 2K Battle European Conference 4x5 minutes;2026-07-21 16:15:24.883611;OK;
SENTINELA-B-NBA2K-HC;71820;89388711;Handicap;156;-5.50;Milano (Erik) -5.5;1.870;NBA 2K Battle European Conference 4x5 minutes;2026-07-21 16:15:24.884990;OK;
SENTINELA-B-NBA2K-HC;71823;89388699;Handicap;156;-2.50;Zalgiris Kaunas (Kotkata) (Esports) -2.5;1.750;NBA 2K Battle European Conference 4x5 minutes;2026-07-21 16:15:28.795806;OK;
SENTINELA-B-NBA2K-HC;71849;89392990;Handicap;156;-1.50;Monaco (Mitko) -1.5;2.000;NBA 2K Battle European Conference 4x5 minutes;2026-07-21 16:55:11.291874;OK;
SENTINELA-B-NBA2K-HC;71851;89392990;Handicap;156;2.50;Monaco (Mitko) +2.5;1.600;NBA 2K Battle European Conference 4x5 minutes;2026-07-21 16:55:11.293095;OK;
SENTINELA-B-NBA2K-HC;71850;89392990;Handicap;156;1.50;Monaco (Mitko) +1.5;1.750;NBA 2K Battle European Conference 4x5 minutes;2026-07-21 16:55:11.294029;OK;
SENTINELA-B-NBA2K-HC;71852;89392990;Handicap;156;-2.50;Dubai (Koko) -2.5;2.000;NBA 2K Battle European Conference 4x5 minutes;2026-07-21 16:55:11.295867;OK;
SENTINELA-B-NBA2K-HC;71856;89388819;Handicap;156;-13.50;Anadolu Efes (Legolas792) (Esports) -13.5;1.980;NBA 2K Battle European Conference 4x5 minutes;2026-07-21 16:55:17.093748;OK;
SENTINELA-B-NBA2K-HC;71857;89388819;Handicap;156;13.50;Paris (Deenou) +13.5;1.620;NBA 2K Battle European Conference 4x5 minutes;2026-07-21 16:55:17.095979;OK;
SENTINELA-B-NBA2K-HC;71884;89388800;Handicap;156;-26.50;Bayern Munich (HolyPurp) -26.5;1.750;NBA 2K Battle European Conference 4x5 minutes;2026-07-21 17:30:28.650668;OK;
SENTINELA-B-NBA2K-HC;71883;89388800;Handicap;156;-25.50;Bayern Munich (HolyPurp) -25.5;1.670;NBA 2K Battle European Conference 4x5 minutes;2026-07-21 17:30:28.651323;OK;
SENTINELA-B-NBA2K-HC;71885;89388800;Handicap;156;26.50;Paris (Deenou) +26.5;1.820;NBA 2K Battle European Conference 4x5 minutes;2026-07-21 17:30:28.651685;OK;
SENTINELA-B-NBA2K-HC;71887;89392933;Handicap;156;5.50;Anadolu Efes (Legolas792) (Esports) +5.5;1.830;NBA 2K Battle European Conference 4x5 minutes;2026-07-21 17:30:32.136577;OK;
SENTINELA-B-NBA2K-HC;71925;89392925;Handicap;156;1.50;Dubai (Koko) +1.5;1.880;NBA 2K Battle European Conference 4x5 minutes;2026-07-21 18:05:14.056503;OK;
SENTINELA-B-NBA2K-HC;71929;89388796;Handicap;156;2.50;Monaco (Mitko) +2.5;1.870;NBA 2K Battle European Conference 4x5 minutes;2026-07-21 18:05:16.087772;OK;
SENTINELA-B-NBA2K-HC;71964;89388816;Handicap;156;2.50;Bayern Munich (HolyPurp) +2.5;1.620;NBA 2K Battle European Conference 4x5 minutes;2026-07-21 18:40:15.359698;OK;
SENTINELA-B-NBA2K-HC;71965;89388816;Handicap;156;-2.50;Monaco (Mitko) -2.5;1.980;NBA 2K Battle European Conference 4x5 minutes;2026-07-21 18:40:15.361026;OK;
SENTINELA-B-NBA2K-HC;71966;89392896;Handicap;156;-10.50;Dubai (Koko) -10.5;1.780;NBA 2K Battle European Conference 4x5 minutes;2026-07-21 18:40:15.751138;OK;
SENTINELA-B-NBA2K-OU;70659;89334388;Total de pontos;157;153.50;Mais de 153.5;1.670;NBA 2K Battle European Conference 4x5 minutes;2026-07-20 21:56:57.328977;OK;
SENTINELA-B-NBA2K-OU;70658;89334388;Total de pontos;157;154.50;Mais de 154.5;1.780;NBA 2K Battle European Conference 4x5 minutes;2026-07-20 21:56:57.329043;OK;
SENTINELA-B-NBA2K-OU;70660;89334388;Total de pontos;157;154.50;Menos de 154.5;1.850;NBA 2K Battle European Conference 4x5 minutes;2026-07-20 21:56:57.330689;OK;
SENTINELA-B-NBA2K-OU;70688;89334263;Total de pontos;157;136.50;Mais de 136.5;1.820;NBA 2K Battle European Conference 4x5 minutes;2026-07-20 22:05:12.358656;OK;
SENTINELA-B-NBA2K-OU;70690;89334263;Total de pontos;157;135.50;Mais de 135.5;1.720;NBA 2K Battle European Conference 4x5 minutes;2026-07-20 22:05:12.361185;OK;
SENTINELA-B-NBA2K-OU;70689;89334263;Total de pontos;157;135.50;Menos de 135.5;1.930;NBA 2K Battle European Conference 4x5 minutes;2026-07-20 22:05:12.361359;OK;
SENTINELA-B-NBA2K-OU;70752;89334353;Total de pontos;157;151.50;Menos de 151.5;1.820;NBA 2K Battle European Conference 4x5 minutes;2026-07-20 22:40:15.833508;OK;
SENTINELA-B-NBA2K-OU;70753;89334353;Total de pontos;157;150.50;Mais de 150.5;1.720;NBA 2K Battle European Conference 4x5 minutes;2026-07-20 22:40:15.834014;OK;
SENTINELA-B-NBA2K-OU;70754;89334353;Total de pontos;157;150.50;Menos de 150.5;1.930;NBA 2K Battle European Conference 4x5 minutes;2026-07-20 22:40:15.835268;OK;
SENTINELA-B-NBA2K-OU;70755;89334353;Total de pontos;157;151.50;Mais de 151.5;1.820;NBA 2K Battle European Conference 4x5 minutes;2026-07-20 22:40:15.836435;OK;
SENTINELA-B-NBA2K-OU;70758;89334255;Total de pontos;157;145.50;Mais de 145.5;1.780;NBA 2K Battle European Conference 4x5 minutes;2026-07-20 22:41:03.407258;OK;
SENTINELA-B-NBA2K-OU;70759;89334255;Total de pontos;157;145.50;Menos de 145.5;1.850;NBA 2K Battle European Conference 4x5 minutes;2026-07-20 22:41:03.407902;OK;
SENTINELA-B-NBA2K-OU;70800;89334351;Total de pontos;157;126.50;Menos de 126.5;1.980;NBA 2K Battle European Conference 4x5 minutes;2026-07-20 23:15:14.072579;OK;
SENTINELA-B-NBA2K-OU;70801;89334351;Total de pontos;157;127.50;Menos de 127.5;1.850;NBA 2K Battle European Conference 4x5 minutes;2026-07-20 23:15:14.074487;OK;
SENTINELA-B-NBA2K-OU;70803;89334257;Total de pontos;157;129.50;Mais de 129.5;1.780;NBA 2K Battle European Conference 4x5 minutes;2026-07-20 23:15:15.295807;OK;
SENTINELA-B-NBA2K-OU;70804;89334257;Total de pontos;157;130.50;Mais de 130.5;1.870;NBA 2K Battle European Conference 4x5 minutes;2026-07-20 23:15:15.296335;OK;
SENTINELA-B-NBA2K-OU;70813;89334260;Total de pontos;157;160.50;Menos de 160.5;1.780;NBA 2K Battle European Conference 4x5 minutes;2026-07-20 23:50:15.229225;OK;
SENTINELA-B-NBA2K-OU;70812;89334260;Total de pontos;157;160.50;Mais de 160.5;1.850;NBA 2K Battle European Conference 4x5 minutes;2026-07-20 23:50:15.229624;OK;
SENTINELA-B-NBA2K-OU;70816;89334364;Total de pontos;157;128.50;Mais de 128.5;1.780;NBA 2K Battle European Conference 4x5 minutes;2026-07-20 23:50:17.873988;OK;
SENTINELA-B-NBA2K-OU;70840;89334316;Total de pontos;157;133.50;Menos de 133.5;1.870;NBA 2K Battle European Conference 4x5 minutes;2026-07-21 00:25:14.111218;OK;
SENTINELA-B-NBA2K-OU;70841;89334316;Total de pontos;157;133.50;Mais de 133.5;1.780;NBA 2K Battle European Conference 4x5 minutes;2026-07-21 00:25:14.112577;OK;
SENTINELA-B-NBA2K-OU;70842;89334316;Total de pontos;157;132.50;Mais de 132.5;1.670;NBA 2K Battle European Conference 4x5 minutes;2026-07-21 00:25:14.113764;OK;
SENTINELA-B-NBA2K-OU;70847;89334376;Total de pontos;157;142.50;Menos de 142.5;1.850;NBA 2K Battle European Conference 4x5 minutes;2026-07-21 00:25:23.154211;OK;
SENTINELA-B-NBA2K-OU;70848;89334376;Total de pontos;157;142.50;Mais de 142.5;1.780;NBA 2K Battle European Conference 4x5 minutes;2026-07-21 00:25:23.156897;OK;
SENTINELA-B-NBA2K-OU;70849;89334376;Total de pontos;157;141.50;Menos de 141.5;1.980;NBA 2K Battle European Conference 4x5 minutes;2026-07-21 00:25:23.157427;OK;
SENTINELA-B-NBA2K-OU;70885;89388650;Total de pontos;157;141.50;Mais de 141.5;1.700;NBA 2K Battle European Conference 4x5 minutes;2026-07-21 01:10:19.142251;OK;
SENTINELA-B-NBA2K-OU;70886;89388650;Total de pontos;157;142.50;Mais de 142.5;1.780;NBA 2K Battle European Conference 4x5 minutes;2026-07-21 01:10:19.144549;OK;
SENTINELA-B-NBA2K-OU;70887;89388650;Total de pontos;157;142.50;Menos de 142.5;1.850;NBA 2K Battle European Conference 4x5 minutes;2026-07-21 01:10:19.146068;OK;
SENTINELA-B-NBA2K-OU;70890;89388658;Total de pontos;157;128.50;Menos de 128.5;1.850;NBA 2K Battle European Conference 4x5 minutes;2026-07-21 01:10:25.033430;OK;
SENTINELA-B-NBA2K-OU;70891;89388658;Total de pontos;157;128.50;Mais de 128.5;1.780;NBA 2K Battle European Conference 4x5 minutes;2026-07-21 01:10:25.035058;OK;
SENTINELA-B-NBA2K-OU;70917;89388645;Total de pontos;157;134.50;Mais de 134.5;1.850;NBA 2K Battle European Conference 4x5 minutes;2026-07-21 01:45:10.738769;OK;
SENTINELA-B-NBA2K-OU;70921;89388648;Total de pontos;157;138.50;Mais de 138.5;1.780;NBA 2K Battle European Conference 4x5 minutes;2026-07-21 01:45:12.019121;OK;
SENTINELA-B-NBA2K-OU;70922;89388648;Total de pontos;157;137.50;Mais de 137.5;1.700;NBA 2K Battle European Conference 4x5 minutes;2026-07-21 01:45:12.019374;OK;
SENTINELA-B-NBA2K-OU;70924;89388648;Total de pontos;157;137.50;Menos de 137.5;1.980;NBA 2K Battle European Conference 4x5 minutes;2026-07-21 01:45:12.020152;OK;
SENTINELA-B-NBA2K-OU;70923;89388648;Total de pontos;157;139.50;Mais de 139.5;1.900;NBA 2K Battle European Conference 4x5 minutes;2026-07-21 01:45:12.020189;OK;
SENTINELA-B-NBA2K-OU;70953;89388653;Total de pontos;157;141.50;Mais de 141.5;1.780;NBA 2K Battle European Conference 4x5 minutes;2026-07-21 02:20:10.448844;OK;
SENTINELA-B-NBA2K-OU;70955;89388653;Total de pontos;157;141.50;Menos de 141.5;1.870;NBA 2K Battle European Conference 4x5 minutes;2026-07-21 02:20:10.449385;OK;
SENTINELA-B-NBA2K-OU;70954;89388653;Total de pontos;157;140.50;Menos de 140.5;2.000;NBA 2K Battle European Conference 4x5 minutes;2026-07-21 02:20:10.451055;OK;
SENTINELA-B-NBA2K-OU;70956;89388653;Total de pontos;157;142.50;Mais de 142.5;1.870;NBA 2K Battle European Conference 4x5 minutes;2026-07-21 02:20:10.453748;OK;
SENTINELA-B-NBA2K-OU;70958;89388636;Total de pontos;157;132.50;Mais de 132.5;1.820;NBA 2K Battle European Conference 4x5 minutes;2026-07-21 02:20:12.138506;OK;
SENTINELA-B-NBA2K-OU;70959;89388636;Total de pontos;157;131.50;Mais de 131.5;1.720;NBA 2K Battle European Conference 4x5 minutes;2026-07-21 02:20:12.139728;OK;
SENTINELA-B-NBA2K-OU;70960;89388636;Total de pontos;157;131.50;Menos de 131.5;1.930;NBA 2K Battle European Conference 4x5 minutes;2026-07-21 02:20:12.139825;OK;
SENTINELA-B-NBA2K-OU;70990;89388654;Total de pontos;157;137.50;Menos de 137.5;1.780;NBA 2K Battle European Conference 4x5 minutes;2026-07-21 02:55:13.858566;OK;
SENTINELA-B-NBA2K-OU;70994;89388647;Total de pontos;157;133.50;Mais de 133.5;1.780;NBA 2K Battle European Conference 4x5 minutes;2026-07-21 02:55:27.662338;OK;
SENTINELA-B-NBA2K-OU;70995;89388647;Total de pontos;157;132.50;Mais de 132.5;1.700;NBA 2K Battle European Conference 4x5 minutes;2026-07-21 02:55:27.663214;OK;
SENTINELA-B-NBA2K-OU;70996;89388647;Total de pontos;157;133.50;Menos de 133.5;1.850;NBA 2K Battle European Conference 4x5 minutes;2026-07-21 02:55:27.664175;OK;
SENTINELA-B-NBA2K-OU;71023;89388657;Total de pontos;157;133.50;Menos de 133.5;1.930;NBA 2K Battle European Conference 4x5 minutes;2026-07-21 03:30:13.623589;OK;
SENTINELA-B-NBA2K-OU;71024;89388657;Total de pontos;157;134.50;Menos de 134.5;1.820;NBA 2K Battle European Conference 4x5 minutes;2026-07-21 03:30:13.624388;OK;
SENTINELA-B-NBA2K-OU;71025;89388657;Total de pontos;157;135.50;Mais de 135.5;1.930;NBA 2K Battle European Conference 4x5 minutes;2026-07-21 03:30:13.626198;OK;
SENTINELA-B-NBA2K-OU;71026;89388657;Total de pontos;157;133.50;Mais de 133.5;1.720;NBA 2K Battle European Conference 4x5 minutes;2026-07-21 03:30:13.627693;OK;
SENTINELA-B-NBA2K-OU;71037;89388638;Total de pontos;157;147.50;Mais de 147.5;1.780;NBA 2K Battle European Conference 4x5 minutes;2026-07-21 03:45:18.487891;OK;
SENTINELA-B-NBA2K-OU;71050;89388641;Total de pontos;157;144.50;Menos de 144.5;1.850;NBA 2K Battle European Conference 4x5 minutes;2026-07-21 04:20:14.949676;OK;
SENTINELA-B-NBA2K-OU;71051;89388641;Total de pontos;157;145.50;Mais de 145.5;1.900;NBA 2K Battle European Conference 4x5 minutes;2026-07-21 04:20:14.949991;OK;
SENTINELA-B-NBA2K-OU;71053;89388655;Total de pontos;157;130.50;Mais de 130.5;1.850;NBA 2K Battle European Conference 4x5 minutes;2026-07-21 04:20:17.123240;OK;
SENTINELA-B-NBA2K-OU;71084;89388640;Total de pontos;157;134.50;Menos de 134.5;1.930;NBA 2K Battle European Conference 4x5 minutes;2026-07-21 04:55:12.739360;OK;
SENTINELA-B-NBA2K-OU;71086;89388640;Total de pontos;157;135.50;Mais de 135.5;1.850;NBA 2K Battle European Conference 4x5 minutes;2026-07-21 04:55:12.740973;OK;
SENTINELA-B-NBA2K-OU;71085;89388640;Total de pontos;157;136.50;Mais de 136.5;1.980;NBA 2K Battle European Conference 4x5 minutes;2026-07-21 04:55:12.741504;OK;
SENTINELA-B-NBA2K-OU;71087;89388640;Total de pontos;157;134.50;Mais de 134.5;1.720;NBA 2K Battle European Conference 4x5 minutes;2026-07-21 04:55:12.742967;OK;
SENTINELA-B-NBA2K-OU;71088;89388643;Total de pontos;157;137.50;Menos de 137.5;1.870;NBA 2K Battle European Conference 4x5 minutes;2026-07-21 04:55:14.960574;OK;
SENTINELA-B-NBA2K-OU;71122;89388644;Total de pontos;157;145.50;Mais de 145.5;1.780;NBA 2K Battle European Conference 4x5 minutes;2026-07-21 05:30:17.416310;OK;
SENTINELA-B-NBA2K-OU;71123;89388644;Total de pontos;157;144.50;Mais de 144.5;1.700;NBA 2K Battle European Conference 4x5 minutes;2026-07-21 05:30:17.417307;OK;
SENTINELA-B-NBA2K-OU;71125;89388644;Total de pontos;157;146.50;Mais de 146.5;1.900;NBA 2K Battle European Conference 4x5 minutes;2026-07-21 05:30:17.419371;OK;
SENTINELA-B-NBA2K-OU;71124;89388644;Total de pontos;157;145.50;Menos de 145.5;1.850;NBA 2K Battle European Conference 4x5 minutes;2026-07-21 05:30:17.420331;OK;
SENTINELA-B-NBA2K-OU;71128;89388656;Total de pontos;157;134.50;Mais de 134.5;1.850;NBA 2K Battle European Conference 4x5 minutes;2026-07-21 05:30:19.049398;OK;
SENTINELA-B-NBA2K-OU;71127;89388656;Total de pontos;157;133.50;Mais de 133.5;1.750;NBA 2K Battle European Conference 4x5 minutes;2026-07-21 05:30:19.050124;OK;
SENTINELA-B-NBA2K-OU;71168;89388646;Total de pontos;157;142.50;Menos de 142.5;1.720;NBA 2K Battle European Conference 4x5 minutes;2026-07-21 06:05:25.586325;OK;
SENTINELA-B-NBA2K-OU;71189;89388659;Total de pontos;157;135.50;Menos de 135.5;1.820;NBA 2K Battle European Conference 4x5 minutes;2026-07-21 06:20:50.119126;OK;
SENTINELA-B-NBA2K-OU;71188;89388659;Total de pontos;157;135.50;Mais de 135.5;1.820;NBA 2K Battle European Conference 4x5 minutes;2026-07-21 06:20:50.119167;OK;
SENTINELA-B-NBA2K-OU;71190;89388659;Total de pontos;157;134.50;Menos de 134.5;1.930;NBA 2K Battle European Conference 4x5 minutes;2026-07-21 06:20:50.119368;OK;
SENTINELA-B-NBA2K-OU;71240;89388637;Total de pontos;157;145.50;Menos de 145.5;1.850;NBA 2K Battle European Conference 4x5 minutes;2026-07-21 06:55:12.427341;OK;
SENTINELA-B-NBA2K-OU;71242;89388637;Total de pontos;157;144.50;Mais de 144.5;1.700;NBA 2K Battle European Conference 4x5 minutes;2026-07-21 06:55:12.427962;OK;
SENTINELA-B-NBA2K-OU;71241;89388637;Total de pontos;157;145.50;Mais de 145.5;1.780;NBA 2K Battle European Conference 4x5 minutes;2026-07-21 06:55:12.429084;OK;
SENTINELA-B-NBA2K-OU;71243;89388637;Total de pontos;157;146.50;Mais de 146.5;1.900;NBA 2K Battle European Conference 4x5 minutes;2026-07-21 06:55:12.430244;OK;
SENTINELA-B-NBA2K-OU;71245;89388652;Total de pontos;157;132.50;Menos de 132.5;1.780;NBA 2K Battle European Conference 4x5 minutes;2026-07-21 06:55:23.639641;OK;
SENTINELA-B-NBA2K-OU;71246;89388652;Total de pontos;157;132.50;Mais de 132.5;1.850;NBA 2K Battle European Conference 4x5 minutes;2026-07-21 06:55:23.640007;OK;
SENTINELA-B-NBA2K-OU;71293;89388639;Total de pontos;157;141.50;Menos de 141.5;1.780;NBA 2K Battle European Conference 4x5 minutes;2026-07-21 07:30:14.410140;OK;
SENTINELA-B-NBA2K-OU;71294;89388639;Total de pontos;157;141.50;Mais de 141.5;1.850;NBA 2K Battle European Conference 4x5 minutes;2026-07-21 07:30:14.410524;OK;
SENTINELA-B-NBA2K-OU;71297;89388651;Total de pontos;157;135.50;Mais de 135.5;1.780;NBA 2K Battle European Conference 4x5 minutes;2026-07-21 07:30:21.716218;OK;
SENTINELA-B-NBA2K-OU;71298;89388651;Total de pontos;157;134.50;Mais de 134.5;1.700;NBA 2K Battle European Conference 4x5 minutes;2026-07-21 07:30:21.717174;OK;
SENTINELA-B-NBA2K-OU;71341;89388642;Total de pontos;157;136.50;Mais de 136.5;1.850;NBA 2K Battle European Conference 4x5 minutes;2026-07-21 08:05:09.621467;OK;
SENTINELA-B-NBA2K-OU;71343;89388649;Total de pontos;157;140.50;Menos de 140.5;1.870;NBA 2K Battle European Conference 4x5 minutes;2026-07-21 08:05:22.901616;OK;
SENTINELA-B-NBA2K-OU;71344;89388649;Total de pontos;157;140.50;Mais de 140.5;1.780;NBA 2K Battle European Conference 4x5 minutes;2026-07-21 08:05:22.902256;OK;
SENTINELA-B-NBA2K-OU;71345;89388649;Total de pontos;157;139.50;Mais de 139.5;1.700;NBA 2K Battle European Conference 4x5 minutes;2026-07-21 08:05:22.902866;OK;
SENTINELA-B-NBA2K-OU;71346;89388649;Total de pontos;157;139.50;Menos de 139.5;1.980;NBA 2K Battle European Conference 4x5 minutes;2026-07-21 08:05:22.904147;OK;
SENTINELA-B-NBA2K-OU;71364;89388700;Total de pontos;157;138.50;Menos de 138.5;2.000;NBA 2K Battle European Conference 4x5 minutes;2026-07-21 08:45:18.325684;OK;
SENTINELA-B-NBA2K-OU;71365;89388700;Total de pontos;157;139.50;Menos de 139.5;1.870;NBA 2K Battle European Conference 4x5 minutes;2026-07-21 08:45:18.326640;OK;
SENTINELA-B-NBA2K-OU;71370;89388703;Total de pontos;157;123.50;Mais de 123.5;1.820;NBA 2K Battle European Conference 4x5 minutes;2026-07-21 08:45:21.136221;OK;
SENTINELA-B-NBA2K-OU;71392;89388672;Total de pontos;157;135.50;Menos de 135.5;1.820;NBA 2K Battle European Conference 4x5 minutes;2026-07-21 09:20:15.359921;OK;
SENTINELA-B-NBA2K-OU;71393;89388672;Total de pontos;157;134.50;Mais de 134.5;1.720;NBA 2K Battle European Conference 4x5 minutes;2026-07-21 09:20:15.361436;OK;
SENTINELA-B-NBA2K-OU;71401;89388702;Total de pontos;157;134.50;Mais de 134.5;1.820;NBA 2K Battle European Conference 4x5 minutes;2026-07-21 09:20:15.772379;OK;
SENTINELA-B-NBA2K-OU;71402;89388702;Total de pontos;157;134.50;Menos de 134.5;1.820;NBA 2K Battle European Conference 4x5 minutes;2026-07-21 09:20:15.773488;OK;
SENTINELA-B-NBA2K-OU;71425;89388720;Total de pontos;157;136.50;Mais de 136.5;1.930;NBA 2K Battle European Conference 4x5 minutes;2026-07-21 09:55:15.450459;OK;
SENTINELA-B-NBA2K-OU;71426;89388720;Total de pontos;157;135.50;Mais de 135.5;1.820;NBA 2K Battle European Conference 4x5 minutes;2026-07-21 09:55:15.451545;OK;
SENTINELA-B-NBA2K-OU;71428;89388706;Total de pontos;157;142.50;Mais de 142.5;1.700;NBA 2K Battle European Conference 4x5 minutes;2026-07-21 09:56:41.326504;OK;
SENTINELA-B-NBA2K-OU;71429;89388706;Total de pontos;157;143.50;Menos de 143.5;1.850;NBA 2K Battle European Conference 4x5 minutes;2026-07-21 09:56:41.328819;OK;
SENTINELA-B-NBA2K-OU;71430;89388706;Total de pontos;157;142.50;Menos de 142.5;1.980;NBA 2K Battle European Conference 4x5 minutes;2026-07-21 09:56:41.331692;OK;
SENTINELA-B-NBA2K-OU;71460;89388701;Total de pontos;157;144.50;Menos de 144.5;1.930;NBA 2K Battle European Conference 4x5 minutes;2026-07-21 10:30:50.136190;OK;
SENTINELA-B-NBA2K-OU;71461;89388701;Total de pontos;157;146.50;Menos de 146.5;1.720;NBA 2K Battle European Conference 4x5 minutes;2026-07-21 10:30:50.136897;OK;
SENTINELA-B-NBA2K-OU;71462;89388701;Total de pontos;157;145.50;Menos de 145.5;1.820;NBA 2K Battle European Conference 4x5 minutes;2026-07-21 10:30:50.137251;OK;
SENTINELA-B-NBA2K-OU;71465;89388694;Total de pontos;157;149.50;Mais de 149.5;1.850;NBA 2K Battle European Conference 4x5 minutes;2026-07-21 10:30:52.668968;OK;
SENTINELA-B-NBA2K-OU;71466;89388694;Total de pontos;157;149.50;Menos de 149.5;1.780;NBA 2K Battle European Conference 4x5 minutes;2026-07-21 10:30:52.670554;OK;
SENTINELA-B-NBA2K-OU;71489;89388708;Total de pontos;157;133.50;Mais de 133.5;1.780;NBA 2K Battle European Conference 4x5 minutes;2026-07-21 11:05:49.004112;OK;
SENTINELA-B-NBA2K-OU;71490;89388708;Total de pontos;157;134.50;Mais de 134.5;1.900;NBA 2K Battle European Conference 4x5 minutes;2026-07-21 11:05:49.005289;OK;
SENTINELA-B-NBA2K-OU;71502;89388709;Total de pontos;157;147.50;Mais de 147.5;1.980;NBA 2K Battle European Conference 4x5 minutes;2026-07-21 11:20:44.319246;OK;
SENTINELA-B-NBA2K-OU;71501;89388709;Total de pontos;157;146.50;Mais de 146.5;1.850;NBA 2K Battle European Conference 4x5 minutes;2026-07-21 11:20:44.320405;OK;
SENTINELA-B-NBA2K-OU;71503;89388709;Total de pontos;157;145.50;Mais de 145.5;1.750;NBA 2K Battle European Conference 4x5 minutes;2026-07-21 11:20:44.323417;OK;
SENTINELA-B-NBA2K-OU;71526;89388717;Total de pontos;157;126.50;Menos de 126.5;1.780;NBA 2K Battle European Conference 4x5 minutes;2026-07-21 11:55:31.183513;OK;
SENTINELA-B-NBA2K-OU;71529;89388698;Total de pontos;157;147.50;Menos de 147.5;1.870;NBA 2K Battle European Conference 4x5 minutes;2026-07-21 11:55:31.812996;OK;
SENTINELA-B-NBA2K-OU;71530;89388698;Total de pontos;157;147.50;Mais de 147.5;1.780;NBA 2K Battle European Conference 4x5 minutes;2026-07-21 11:55:31.813465;OK;
SENTINELA-B-NBA2K-OU;71555;89388660;Total de pontos;157;145.50;Menos de 145.5;1.870;NBA 2K Battle European Conference 4x5 minutes;2026-07-21 12:30:29.458370;OK;
SENTINELA-B-NBA2K-OU;71556;89388660;Total de pontos;157;144.50;Mais de 144.5;1.670;NBA 2K Battle European Conference 4x5 minutes;2026-07-21 12:30:29.461502;OK;
SENTINELA-B-NBA2K-OU;71558;89388660;Total de pontos;157;144.50;Menos de 144.5;2.000;NBA 2K Battle European Conference 4x5 minutes;2026-07-21 12:30:29.462455;OK;
SENTINELA-B-NBA2K-OU;71557;89388660;Total de pontos;157;145.50;Mais de 145.5;1.780;NBA 2K Battle European Conference 4x5 minutes;2026-07-21 12:30:29.463045;OK;
SENTINELA-B-NBA2K-OU;71562;89388704;Total de pontos;157;138.50;Mais de 138.5;1.780;NBA 2K Battle European Conference 4x5 minutes;2026-07-21 12:30:30.692531;OK;
SENTINELA-B-NBA2K-OU;71603;89388712;Total de pontos;157;141.50;Mais de 141.5;1.720;NBA 2K Battle European Conference 4x5 minutes;2026-07-21 13:05:13.376621;OK;
SENTINELA-B-NBA2K-OU;71605;89388712;Total de pontos;157;142.50;Menos de 142.5;1.820;NBA 2K Battle European Conference 4x5 minutes;2026-07-21 13:05:13.377675;OK;
SENTINELA-B-NBA2K-OU;71604;89388712;Total de pontos;157;141.50;Menos de 141.5;1.930;NBA 2K Battle European Conference 4x5 minutes;2026-07-21 13:05:13.378659;OK;
SENTINELA-B-NBA2K-OU;71607;89388696;Total de pontos;157;152.50;Mais de 152.5;1.820;NBA 2K Battle European Conference 4x5 minutes;2026-07-21 13:05:16.938846;OK;
SENTINELA-B-NBA2K-OU;71608;89388696;Total de pontos;157;152.50;Menos de 152.5;1.820;NBA 2K Battle European Conference 4x5 minutes;2026-07-21 13:05:16.939819;OK;
SENTINELA-B-NBA2K-OU;71656;89388693;Total de pontos;157;145.50;Mais de 145.5;1.720;NBA 2K Battle European Conference 4x5 minutes;2026-07-21 13:40:13.598667;OK;
SENTINELA-B-NBA2K-OU;71657;89388693;Total de pontos;157;146.50;Menos de 146.5;1.820;NBA 2K Battle European Conference 4x5 minutes;2026-07-21 13:40:13.599568;OK;
SENTINELA-B-NBA2K-OU;71655;89388693;Total de pontos;157;146.50;Mais de 146.5;1.820;NBA 2K Battle European Conference 4x5 minutes;2026-07-21 13:40:13.599799;OK;
SENTINELA-B-NBA2K-OU;71658;89388693;Total de pontos;157;147.50;Menos de 147.5;1.720;NBA 2K Battle European Conference 4x5 minutes;2026-07-21 13:40:13.601953;OK;
SENTINELA-B-NBA2K-OU;71676;89388697;Total de pontos;157;150.50;Mais de 150.5;1.780;NBA 2K Battle European Conference 4x5 minutes;2026-07-21 13:55:22.053812;OK;
SENTINELA-B-NBA2K-OU;71720;89388661;Total de pontos;157;133.50;Mais de 133.5;1.820;NBA 2K Battle European Conference 4x5 minutes;2026-07-21 14:30:16.830065;OK;
SENTINELA-B-NBA2K-OU;71721;89388661;Total de pontos;157;133.50;Menos de 133.5;1.820;NBA 2K Battle European Conference 4x5 minutes;2026-07-21 14:30:16.831224;OK;
SENTINELA-B-NBA2K-OU;71723;89388705;Total de pontos;157;145.50;Mais de 145.5;1.850;NBA 2K Battle European Conference 4x5 minutes;2026-07-21 14:30:19.899946;OK;
SENTINELA-B-NBA2K-OU;71743;89388710;Total de pontos;157;131.50;Mais de 131.5;1.850;NBA 2K Battle European Conference 4x5 minutes;2026-07-21 15:05:18.730591;OK;
SENTINELA-B-NBA2K-OU;71748;89388707;Total de pontos;157;145.50;Mais de 145.5;1.780;NBA 2K Battle European Conference 4x5 minutes;2026-07-21 15:05:21.894613;OK;
SENTINELA-B-NBA2K-OU;71749;89388707;Total de pontos;157;144.50;Mais de 144.5;1.670;NBA 2K Battle European Conference 4x5 minutes;2026-07-21 15:05:21.895754;OK;
SENTINELA-B-NBA2K-OU;71750;89388707;Total de pontos;157;145.50;Menos de 145.5;1.870;NBA 2K Battle European Conference 4x5 minutes;2026-07-21 15:05:21.896789;OK;
SENTINELA-B-NBA2K-OU;71783;89388695;Total de pontos;157;148.50;Menos de 148.5;1.780;NBA 2K Battle European Conference 4x5 minutes;2026-07-21 15:41:19.110493;OK;
SENTINELA-B-NBA2K-OU;71786;89388719;Total de pontos;157;141.50;Mais de 141.5;1.850;NBA 2K Battle European Conference 4x5 minutes;2026-07-21 15:41:22.850985;OK;
SENTINELA-B-NBA2K-OU;71818;89388711;Total de pontos;157;146.50;Menos de 146.5;1.900;NBA 2K Battle European Conference 4x5 minutes;2026-07-21 16:15:24.608270;OK;
SENTINELA-B-NBA2K-OU;71816;89388711;Total de pontos;157;148.50;Menos de 148.5;1.700;NBA 2K Battle European Conference 4x5 minutes;2026-07-21 16:15:24.608695;OK;
SENTINELA-B-NBA2K-OU;71817;89388711;Total de pontos;157;147.50;Mais de 147.5;1.850;NBA 2K Battle European Conference 4x5 minutes;2026-07-21 16:15:24.608896;OK;
SENTINELA-B-NBA2K-OU;71821;89388699;Total de pontos;157;143.50;Mais de 143.5;1.780;NBA 2K Battle European Conference 4x5 minutes;2026-07-21 16:15:28.572457;OK;
SENTINELA-B-NBA2K-OU;71822;89388699;Total de pontos;157;142.50;Mais de 142.5;1.700;NBA 2K Battle European Conference 4x5 minutes;2026-07-21 16:15:28.573015;OK;
SENTINELA-B-NBA2K-OU;71848;89392990;Total de pontos;157;127.50;Mais de 127.5;1.780;NBA 2K Battle European Conference 4x5 minutes;2026-07-21 16:55:11.019175;OK;
SENTINELA-B-NBA2K-OU;71854;89388819;Total de pontos;157;142.50;Mais de 142.5;1.720;NBA 2K Battle European Conference 4x5 minutes;2026-07-21 16:55:16.994562;OK;
SENTINELA-B-NBA2K-OU;71855;89388819;Total de pontos;157;142.50;Menos de 142.5;1.930;NBA 2K Battle European Conference 4x5 minutes;2026-07-21 16:55:16.994731;OK;
SENTINELA-B-NBA2K-OU;71882;89388800;Total de pontos;157;157.50;Menos de 157.5;1.850;NBA 2K Battle European Conference 4x5 minutes;2026-07-21 17:30:28.277050;OK;
SENTINELA-B-NBA2K-OU;71886;89392933;Total de pontos;157;137.50;Mais de 137.5;1.850;NBA 2K Battle European Conference 4x5 minutes;2026-07-21 17:30:31.637441;OK;
SENTINELA-B-NBA2K-OU;71922;89392925;Total de pontos;157;149.50;Menos de 149.5;1.820;NBA 2K Battle European Conference 4x5 minutes;2026-07-21 18:05:12.676485;OK;
SENTINELA-B-NBA2K-OU;71923;89392925;Total de pontos;157;149.50;Mais de 149.5;1.820;NBA 2K Battle European Conference 4x5 minutes;2026-07-21 18:05:12.677480;OK;
SENTINELA-B-NBA2K-OU;71924;89392925;Total de pontos;157;148.50;Mais de 148.5;1.720;NBA 2K Battle European Conference 4x5 minutes;2026-07-21 18:05:12.678142;OK;
SENTINELA-B-NBA2K-OU;71926;89388796;Total de pontos;157;125.50;Menos de 125.5;1.820;NBA 2K Battle European Conference 4x5 minutes;2026-07-21 18:05:14.076674;OK;
SENTINELA-B-NBA2K-OU;71927;89388796;Total de pontos;157;126.50;Menos de 126.5;1.720;NBA 2K Battle European Conference 4x5 minutes;2026-07-21 18:05:14.079275;OK;
SENTINELA-B-NBA2K-OU;71928;89388796;Total de pontos;157;124.50;Menos de 124.5;1.930;NBA 2K Battle European Conference 4x5 minutes;2026-07-21 18:05:14.079945;OK;
SENTINELA-B-NBA2K-OU;71961;89388816;Total de pontos;157;143.50;Mais de 143.5;1.780;NBA 2K Battle European Conference 4x5 minutes;2026-07-21 18:40:14.007869;OK;
SENTINELA-B-NBA2K-OU;71962;89388816;Total de pontos;157;142.50;Mais de 142.5;1.700;NBA 2K Battle European Conference 4x5 minutes;2026-07-21 18:40:14.009578;OK;
SENTINELA-B-NBA2K-OU;71963;89392896;Total de pontos;157;135.50;Menos de 135.5;1.780;NBA 2K Battle European Conference 4x5 minutes;2026-07-21 18:40:15.303227;OK;
SENTINELA-E-WCA-HC;70678;17143277;Handicap;16;-1.50;Argentina (Badema) (-1.5);1.750;World Cup A;2026-07-20 22:01:51.861309;OK;
SENTINELA-E-WCA-HC;70685;17143155;Handicap;16;-0.50;England (Kavviro) (-0.5);1.800;World Cup A;2026-07-20 22:04:30.999478;OK;
SENTINELA-E-WCA-HC;70686;17143245;Handicap;16;0.50;Argentina (Simaponika) (+0.5);1.570;World Cup A;2026-07-20 22:04:31.062623;OK;
SENTINELA-E-WCA-HC;70687;17143245;Handicap;16;-0.50;France (tohi4) (-0.5);2.250;World Cup A;2026-07-20 22:04:31.062923;OK;
SENTINELA-E-WCA-HC;70705;17143294;Handicap;16;0.50;Argentina (Badema) (+0.5);2.150;World Cup A;2026-07-20 22:13:18.693671;OK;
SENTINELA-E-WCA-HC;70704;17143294;Handicap;16;-0.50;France (Lx7ss) (-0.5);1.620;World Cup A;2026-07-20 22:13:18.695013;OK;
SENTINELA-E-WCA-HC;70706;17143288;Handicap;16;-0.50;Spain (Gaga) (-0.5);1.820;World Cup A;2026-07-20 22:13:21.195258;OK;
SENTINELA-E-WCA-HC;70707;17143288;Handicap;16;0.50;Brazil (Decade) (+0.5);1.880;World Cup A;2026-07-20 22:13:21.195864;OK;
SENTINELA-E-WCA-HC;70715;17143168;Handicap;16;1.50;Argentina (Simaponika) (+1.5);1.850;World Cup A;2026-07-20 22:16:04.535197;OK;
SENTINELA-E-WCA-HC;70716;17143247;Handicap;16;0.50;Portugal (Grellz) (+0.5);1.800;World Cup A;2026-07-20 22:16:04.701892;OK;
SENTINELA-E-WCA-HC;70717;17143247;Handicap;16;-0.50;Morocco (volvo) (-0.5);1.900;World Cup A;2026-07-20 22:16:04.703128;OK;
SENTINELA-E-WCA-HC;70726;17143292;Handicap;16;0.50;France (Lx7ss) (+0.5);1.880;World Cup A;2026-07-20 22:25:27.787532;OK;
SENTINELA-E-WCA-HC;70735;17143191;Handicap;16;-1.50;Portugal (Grellz) (-1.5);1.900;World Cup A;2026-07-20 22:28:22.055006;OK;
SENTINELA-E-WCA-HC;70736;17143181;Handicap;16;-1.50;England (Kavviro) (-1.5);2.000;World Cup A;2026-07-20 22:28:22.094490;OK;
SENTINELA-E-WCA-HC;70746;17143267;Handicap;16;-0.50;France (Lx7ss) (-0.5);1.850;World Cup A;2026-07-20 22:37:21.456542;OK;
SENTINELA-E-WCA-HC;70747;17143267;Handicap;16;0.50;Spain (Gaga) (+0.5);1.850;World Cup A;2026-07-20 22:37:21.457059;OK;
SENTINELA-E-WCA-HC;70757;17143212;Handicap;16;1.50;France (tohi4) (+1.5);1.670;World Cup A;2026-07-20 22:40:23.577146;OK;
SENTINELA-E-WCA-HC;70764;17143246;Handicap;16;-1.50;Morocco (volvo) (-1.5);1.700;World Cup A;2026-07-20 22:42:19.334419;OK;
SENTINELA-E-WCA-HC;70775;17143282;Handicap;16;0.50;Argentina (Badema) (+0.5);1.700;World Cup A;2026-07-20 22:49:53.269475;OK;
SENTINELA-E-WCA-HC;70783;17143276;Handicap;16;2.50;France (tohi4) (+2.5);1.950;World Cup A;2026-07-20 22:52:56.346007;OK;
SENTINELA-E-WCA-HC;70784;17143193;Handicap;16;0.50;England (Kavviro) (+0.5);1.530;World Cup A;2026-07-20 22:52:59.933173;OK;
SENTINELA-E-WCA-HC;70796;17143169;Handicap;16;0.50;England (Kavviro) (+0.5);1.850;World Cup A;2026-07-20 23:04:06.880685;OK;
SENTINELA-E-WCA-HC;70797;17143169;Handicap;16;-0.50;Morocco (volvo) (-0.5);1.850;World Cup A;2026-07-20 23:04:06.881376;OK;
SENTINELA-E-WCA-HC;70798;17143224;Handicap;16;0.50;France (tohi4) (+0.5);1.670;World Cup A;2026-07-20 23:04:07.416816;OK;
SENTINELA-E-WCA-HC;70799;17143224;Handicap;16;-0.50;Argentina (Simaponika) (-0.5);2.080;World Cup A;2026-07-20 23:04:07.417234;OK;
SENTINELA-E-WCA-HC;70823;17143080;Handicap;16;-0.50;Czechia (Kodak) (-0.5);2.150;World Cup A;2026-07-20 23:51:05.669417;OK;
SENTINELA-E-WCA-HC;70824;17143059;Handicap;16;-0.50;Sweden (Inquisitor) (-0.5);1.700;World Cup A;2026-07-20 23:51:22.148100;OK;
SENTINELA-E-WCA-HC;70829;17143089;Handicap;16;0.50;Croatia (hotShot) (+0.5);1.800;World Cup A;2026-07-21 00:03:21.747787;OK;
SENTINELA-E-WCA-HC;70830;17143089;Handicap;16;-0.50;United States (Kray) (-0.5);1.900;World Cup A;2026-07-21 00:03:21.750295;OK;
SENTINELA-E-WCA-HC;70831;17143105;Handicap;16;0.50;Czechia (Kodak) (+0.5);1.930;World Cup A;2026-07-21 00:03:27.731997;OK;
SENTINELA-E-WCA-HC;70832;17143105;Handicap;16;-0.50;Sweden (Inquisitor) (-0.5);1.770;World Cup A;2026-07-21 00:03:27.732674;OK;
SENTINELA-E-WCA-HC;70837;17143102;Handicap;16;-0.50;Czechia (Kodak) (-0.5);2.200;World Cup A;2026-07-21 00:15:05.363863;OK;
SENTINELA-E-WCA-HC;70838;17143102;Handicap;16;0.50;Norway (RossFCDK) (+0.5);1.600;World Cup A;2026-07-21 00:15:05.364428;OK;
SENTINELA-E-WCA-HC;70839;17143070;Handicap;16;0.50;Croatia (hotShot) (+0.5);2.300;World Cup A;2026-07-21 00:15:21.847058;OK;
SENTINELA-E-WCA-HC;70859;17143027;Handicap;16;0.50;United States (Kray) (+0.5);1.600;World Cup A;2026-07-21 00:27:20.886133;OK;
SENTINELA-E-WCA-HC;70860;17143027;Handicap;16;-0.50;Sweden (Inquisitor) (-0.5);2.200;World Cup A;2026-07-21 00:27:20.896217;OK;
SENTINELA-E-WCA-HC;70861;17143046;Handicap;16;-0.50;Croatia (hotShot) (-0.5);2.400;World Cup A;2026-07-21 00:27:26.928320;OK;
SENTINELA-E-WCA-HC;70862;17143046;Handicap;16;0.50;Norway (RossFCDK) (+0.5);1.500;World Cup A;2026-07-21 00:27:26.975591;OK;
SENTINELA-E-WCA-HC;70868;17143029;Handicap;16;-0.50;United States (Kray) (-0.5);1.620;World Cup A;2026-07-21 00:39:05.622338;OK;
SENTINELA-E-WCA-HC;70869;17143029;Handicap;16;0.50;Norway (RossFCDK) (+0.5);2.150;World Cup A;2026-07-21 00:39:05.622662;OK;
SENTINELA-E-WCA-HC;70871;17143058;Handicap;16;-0.50;Czechia (Kodak) (-0.5);2.300;World Cup A;2026-07-21 00:39:20.747602;OK;
SENTINELA-E-WCA-HC;70870;17143058;Handicap;16;0.50;Croatia (hotShot) (+0.5);1.550;World Cup A;2026-07-21 00:39:20.748176;OK;
SENTINELA-E-WCA-HC;70875;17143068;Handicap;16;0.50;Norway (RossFCDK) (+0.5);2.050;World Cup A;2026-07-21 00:51:05.538335;OK;
SENTINELA-E-WCA-HC;70876;17143068;Handicap;16;-0.50;Sweden (Inquisitor) (-0.5);1.700;World Cup A;2026-07-21 00:51:05.538770;OK;
SENTINELA-E-WCA-HC;70883;17143094;Handicap;16;0.50;Sweden (Inquisitor) (+0.5);1.650;World Cup A;2026-07-21 01:03:04.588586;OK;
SENTINELA-E-WCA-HC;70884;17143069;Handicap;16;-0.50;Croatia (hotShot) (-0.5);1.930;World Cup A;2026-07-21 01:03:07.389977;OK;
SENTINELA-E-WCA-HC;70898;17143083;Handicap;16;0.50;Norway (RossFCDK) (+0.5);1.600;World Cup A;2026-07-21 01:15:06.388022;OK;
SENTINELA-E-WCA-HC;70899;17143101;Handicap;16;0.50;Sweden (Inquisitor) (+0.5);1.620;World Cup A;2026-07-21 01:15:06.407533;OK;
SENTINELA-E-WCA-HC;70905;17143075;Handicap;16;0.50;United States (Kray) (+0.5);1.650;World Cup A;2026-07-21 01:27:13.510390;OK;
SENTINELA-E-WCA-HC;70906;17143072;Handicap;16;0.50;Norway (RossFCDK) (+0.5);1.530;World Cup A;2026-07-21 01:28:05.685046;OK;
SENTINELA-E-WCA-HC;70907;17143072;Handicap;16;-0.50;Croatia (hotShot) (-0.5);2.350;World Cup A;2026-07-21 01:28:05.685701;OK;
SENTINELA-E-WCA-HC;70914;17143057;Handicap;16;-0.50;United States (Kray) (-0.5);1.650;World Cup A;2026-07-21 01:39:19.832062;OK;
SENTINELA-E-WCA-HC;70915;17143057;Handicap;16;0.50;Norway (RossFCDK) (+0.5);2.100;World Cup A;2026-07-21 01:39:19.832802;OK;
SENTINELA-E-WCA-HC;70916;17143114;Handicap;16;-0.50;Czechia (Kodak) (-0.5);2.300;World Cup A;2026-07-21 01:39:22.331682;OK;
SENTINELA-E-WCA-HC;70933;17147191;Handicap;16;-0.50;Morocco (v1nn) (-0.5);1.800;World Cup A;2026-07-21 01:46:04.237873;OK;
SENTINELA-E-WCA-HC;70934;17147191;Handicap;16;0.50;England (Wboy) (+0.5);1.900;World Cup A;2026-07-21 01:46:04.238357;OK;
SENTINELA-E-WCA-HC;70936;17147215;Handicap;16;0.50;Mexico (kraftvk) (+0.5);1.770;World Cup A;2026-07-21 01:46:26.803028;OK;
SENTINELA-E-WCA-HC;70935;17147215;Handicap;16;-0.50;France (dor1an) (-0.5);1.930;World Cup A;2026-07-21 01:46:26.803520;OK;
SENTINELA-E-WCA-HC;70941;17147171;Handicap;16;-1.50;England (Wboy) (-1.5);2.050;World Cup A;2026-07-21 01:58:06.276339;OK;
SENTINELA-E-WCA-HC;70942;17147171;Handicap;16;1.50;France (dor1an) (+1.5);1.700;World Cup A;2026-07-21 01:58:06.276829;OK;
SENTINELA-E-WCA-HC;70943;17147189;Handicap;16;0.50;Argentina (mko1919) (+0.5);1.900;World Cup A;2026-07-21 01:58:23.088480;OK;
SENTINELA-E-WCA-HC;70944;17147189;Handicap;16;-0.50;Mexico (kraftvk) (-0.5);1.800;World Cup A;2026-07-21 01:58:23.089809;OK;
SENTINELA-E-WCA-HC;70950;17147249;Handicap;16;-1.50;England (Wboy) (-1.5);2.050;World Cup A;2026-07-21 02:10:09.293875;OK;
SENTINELA-E-WCA-HC;70951;17147249;Handicap;16;1.50;Argentina (mko1919) (+1.5);1.700;World Cup A;2026-07-21 02:10:09.294513;OK;
SENTINELA-E-WCA-HC;70952;17147229;Handicap;16;-0.50;Morocco (v1nn) (-0.5);1.820;World Cup A;2026-07-21 02:10:15.197017;OK;
SENTINELA-E-WCA-HC;70966;17147201;Handicap;16;-1.50;Morocco (v1nn) (-1.5);1.930;World Cup A;2026-07-21 02:22:04.667176;OK;
SENTINELA-E-WCA-HC;70967;17147201;Handicap;16;1.50;Argentina (mko1919) (+1.5);1.770;World Cup A;2026-07-21 02:22:04.670286;OK;
SENTINELA-E-WCA-HC;70968;17147157;Handicap;16;0.50;England (Wboy) (+0.5);1.880;World Cup A;2026-07-21 02:22:15.289957;OK;
SENTINELA-E-WCA-HC;70974;17147241;Handicap;16;-0.50;France (dor1an) (-0.5);1.900;World Cup A;2026-07-21 02:34:06.893929;OK;
SENTINELA-E-WCA-HC;70975;17147190;Handicap;16;-0.50;Morocco (v1nn) (-0.5);2.100;World Cup A;2026-07-21 02:35:25.791409;OK;
SENTINELA-E-WCA-HC;70984;17147275;Handicap;16;0.50;England (Wboy) (+0.5);1.720;World Cup A;2026-07-21 02:46:05.576880;OK;
SENTINELA-E-WCA-HC;70985;17147193;Handicap;16;0.50;France (dor1an) (+0.5);1.770;World Cup A;2026-07-21 02:46:18.193162;OK;
SENTINELA-E-WCA-HC;70989;17148823;Handicap;16;1.50;France (Am1g0) (+1.5);1.320;FC26 World Cup A;2026-07-21 02:48:15.934983;OK;
SENTINELA-E-WCA-HC;71002;17147178;Handicap;16;1.50;France (dor1an) (+1.5);1.700;World Cup A;2026-07-21 02:58:04.516489;OK;
SENTINELA-E-WCA-HC;71003;17147178;Handicap;16;-1.50;England (Wboy) (-1.5);2.050;World Cup A;2026-07-21 02:58:04.517078;OK;
SENTINELA-E-WCA-HC;71004;17147197;Handicap;16;-0.50;Argentina (mko1919) (-0.5);1.600;World Cup A;2026-07-21 02:58:09.220384;OK;
SENTINELA-E-WCA-HC;71012;17147195;Handicap;16;-0.50;England (Wboy) (-0.5);1.650;World Cup A;2026-07-21 03:10:00.678847;OK;
SENTINELA-E-WCA-HC;71013;17147195;Handicap;16;0.50;Argentina (mko1919) (+0.5);2.100;World Cup A;2026-07-21 03:10:00.679535;OK;
SENTINELA-E-WCA-HC;71014;17147226;Handicap;16;0.50;France (dor1an) (+0.5);1.850;World Cup A;2026-07-21 03:10:25.359603;OK;
SENTINELA-E-WCA-HC;71015;17147226;Handicap;16;-0.50;Morocco (v1nn) (-0.5);1.850;World Cup A;2026-07-21 03:10:25.362166;OK;
SENTINELA-E-WCA-HC;71020;17147181;Handicap;16;-1.50;Morocco (v1nn) (-1.5);2.150;World Cup A;2026-07-21 03:22:04.842030;OK;
SENTINELA-E-WCA-HC;71021;17147222;Handicap;16;0.50;England (Wboy) (+0.5);1.820;World Cup A;2026-07-21 03:22:06.317862;OK;
SENTINELA-E-WCA-HC;71022;17147222;Handicap;16;-0.50;Mexico (kraftvk) (-0.5);1.880;World Cup A;2026-07-21 03:22:06.319492;OK;
SENTINELA-E-WCA-HC;71035;17147204;Handicap;16;1.50;Mexico (kraftvk) (+1.5);1.600;World Cup A;2026-07-21 03:34:07.976515;OK;
SENTINELA-E-WCA-HC;71036;17147239;Handicap;16;0.50;France (dor1an) (+0.5);1.530;World Cup A;2026-07-21 03:34:08.036395;OK;
SENTINELA-E-WCA-HC;71048;17147147;Handicap;16;-0.50;Netherlands (Revange) (-0.5);2.050;World Cup A;2026-07-21 04:11:11.425158;OK;
SENTINELA-E-WCA-HC;71047;17147147;Handicap;16;0.50;Ghana (BlackStar98) (+0.5);1.700;World Cup A;2026-07-21 04:11:11.425674;OK;
SENTINELA-E-WCA-HC;71049;17147126;Handicap;16;0.50;France (dm1trena) (+0.5);1.500;World Cup A;2026-07-21 04:11:11.828211;OK;
SENTINELA-E-WCA-HC;71063;17147141;Handicap;16;-1.50;Ghana (BlackStar98) (-1.5);1.850;World Cup A;2026-07-21 04:23:06.506577;OK;
SENTINELA-E-WCA-HC;71064;17147141;Handicap;16;1.50;France (dm1trena) (+1.5);1.850;World Cup A;2026-07-21 04:23:06.507610;OK;
SENTINELA-E-WCA-HC;71065;17147110;Handicap;16;1.50;Netherlands (Revange) (+1.5);1.750;World Cup A;2026-07-21 04:23:06.640124;OK;
SENTINELA-E-WCA-HC;71072;17147156;Handicap;16;0.50;France (dm1trena) (+0.5);2.000;World Cup A;2026-07-21 04:35:06.816036;OK;
SENTINELA-E-WCA-HC;71073;17147156;Handicap;16;-0.50;Morocco (DaVa) (-0.5);1.720;World Cup A;2026-07-21 04:35:06.825140;OK;
SENTINELA-E-WCA-HC;71074;17147127;Handicap;16;-0.50;Ghana (BlackStar98) (-0.5);2.200;World Cup A;2026-07-21 04:35:21.546180;OK;
SENTINELA-E-WCA-HC;71081;17147112;Handicap;16;-1.50;Morocco (DaVa) (-1.5);2.200;World Cup A;2026-07-21 04:47:07.133314;OK;
SENTINELA-E-WCA-HC;71082;17147112;Handicap;16;1.50;England (sane4ek8) (+1.5);1.600;World Cup A;2026-07-21 04:47:07.133754;OK;
SENTINELA-E-WCA-HC;71083;17147146;Handicap;16;2.50;France (dm1trena) (+2.5);1.600;World Cup A;2026-07-21 04:47:26.445177;OK;
SENTINELA-E-WCA-HC;71095;17147145;Handicap;16;-0.50;Morocco (DaVa) (-0.5);2.300;World Cup A;2026-07-21 04:59:20.924980;OK;
SENTINELA-E-WCA-HC;71096;17147143;Handicap;16;-0.50;Netherlands (Revange) (-0.5);2.000;World Cup A;2026-07-21 04:59:21.539011;OK;
SENTINELA-E-WCA-HC;71097;17147143;Handicap;16;0.50;England (sane4ek8) (+0.5);1.720;World Cup A;2026-07-21 04:59:21.539682;OK;
SENTINELA-E-WCA-HC;71108;17148854;Handicap;16;-1.50;Norway (metelk1n) (-1.5);3.040;FC26 World Cup A;2026-07-21 05:11:08.419557;OK;
SENTINELA-E-WCA-HC;71109;17147101;Handicap;16;0.50;Ghana (BlackStar98) (+0.5);1.800;World Cup A;2026-07-21 05:11:10.351919;OK;
SENTINELA-E-WCA-HC;71110;17147101;Handicap;16;-0.50;Netherlands (Revange) (-0.5);1.900;World Cup A;2026-07-21 05:11:10.353335;OK;
SENTINELA-E-WCA-HC;71111;17147149;Handicap;16;-0.50;England (sane4ek8) (-0.5);1.770;World Cup A;2026-07-21 05:11:22.117539;OK;
SENTINELA-E-WCA-HC;71112;17147149;Handicap;16;0.50;France (dm1trena) (+0.5);1.930;World Cup A;2026-07-21 05:11:22.118511;OK;
SENTINELA-E-WCA-HC;71119;17147103;Handicap;16;0.50;France (dm1trena) (+0.5);1.800;World Cup A;2026-07-21 05:23:04.715094;OK;
SENTINELA-E-WCA-HC;71121;17147142;Handicap;16;1.50;Netherlands (Revange) (+1.5);1.770;World Cup A;2026-07-21 05:23:04.817467;OK;
SENTINELA-E-WCA-HC;71120;17147142;Handicap;16;-1.50;Morocco (DaVa) (-1.5);1.930;World Cup A;2026-07-21 05:23:04.819736;OK;
SENTINELA-E-WCA-HC;71135;17147116;Handicap;16;0.50;France (dm1trena) (+0.5);2.050;World Cup A;2026-07-21 05:35:05.569817;OK;
SENTINELA-E-WCA-HC;71139;17148860;Handicap;16;-1.50;England (BOKURR) (-1.5);3.010;FC26 World Cup A;2026-07-21 05:46:11.577493;OK;
SENTINELA-E-WCA-HC;71147;17148859;Handicap;16;1.50;Sweden (Makaveli) (+1.5);1.310;FC26 World Cup A;2026-07-21 05:46:59.581200;OK;
SENTINELA-E-WCA-HC;71148;17148859;Handicap;16;-1.50;Norway (metelk1n) (-1.5);2.960;FC26 World Cup A;2026-07-21 05:46:59.581494;OK;
SENTINELA-E-WCA-HC;71149;17147164;Handicap;16;-0.50;Morocco (DaVa) (-0.5);2.200;World Cup A;2026-07-21 05:47:04.950820;OK;
SENTINELA-E-WCA-HC;71150;17147163;Handicap;16;-0.50;Netherlands (Revange) (-0.5);1.850;World Cup A;2026-07-21 05:47:05.077236;OK;
SENTINELA-E-WCA-HC;71158;17147192;Handicap;16;0.50;Ghana (BlackStar98) (+0.5);1.530;World Cup A;2026-07-21 05:59:05.397336;OK;
SENTINELA-E-WCA-HC;71159;17147192;Handicap;16;-0.50;Morocco (DaVa) (-0.5);2.350;World Cup A;2026-07-21 05:59:05.397892;OK;
SENTINELA-E-WCA-HC;71160;17147119;Handicap;16;-0.50;Netherlands (Revange) (-0.5);1.700;World Cup A;2026-07-21 05:59:05.855113;OK;
SENTINELA-E-WCA-HC;71165;17147364;Handicap;16;-1.50;Portugal (Ganger_29) (-1.5);1.820;World Cup A;2026-07-21 06:01:04.984023;OK;
SENTINELA-E-WCA-HC;71166;17147314;Handicap;16;-1.50;Norway (Lumix) (-1.5);1.700;World Cup A;2026-07-21 06:01:07.396790;OK;
SENTINELA-E-WCA-HC;71167;17147314;Handicap;16;1.50;Morocco (Totti) (+1.5);2.050;World Cup A;2026-07-21 06:01:07.397784;OK;
SENTINELA-E-WCA-HC;71177;17147382;Handicap;16;-1.50;Colombia (borees) (-1.5);1.950;World Cup A;2026-07-21 06:14:05.806331;OK;
SENTINELA-E-WCA-HC;71179;17147290;Handicap;16;2.50;Portugal (Ganger_29) (+2.5);1.600;World Cup A;2026-07-21 06:14:05.924513;OK;
SENTINELA-E-WCA-HC;71178;17147290;Handicap;16;-2.50;Belgium (Hyper) (-2.5);2.200;World Cup A;2026-07-21 06:14:05.925007;OK;
SENTINELA-E-WCA-HC;71184;17147233;Handicap;16;-0.50;Scotland (v1nn) (-0.5);1.950;World Cup A;2026-07-21 06:16:43.162525;OK;
SENTINELA-E-WCA-HC;71185;17147233;Handicap;16;0.50;Croatia (Wboy) (+0.5);1.750;World Cup A;2026-07-21 06:16:43.163311;OK;
SENTINELA-E-WCA-HC;71186;17147248;Handicap;16;-0.50;Qatar (KraftVK) (-0.5);1.700;World Cup A;2026-07-21 06:17:26.911021;OK;
SENTINELA-E-WCA-HC;71187;17147248;Handicap;16;0.50;Germany (dor1an) (+0.5);2.050;World Cup A;2026-07-21 06:17:26.911882;OK;
SENTINELA-E-WCA-HC;71201;17147315;Handicap;16;-2.50;Norway (Lumix) (-2.5);1.880;World Cup A;2026-07-21 06:25:26.300631;OK;
SENTINELA-E-WCA-HC;71202;17147315;Handicap;16;2.50;Colombia (borees) (+2.5);1.820;World Cup A;2026-07-21 06:25:26.301677;OK;
SENTINELA-E-WCA-HC;71203;17147310;Handicap;16;-1.50;Belgium (Hyper) (-1.5);1.800;World Cup A;2026-07-21 06:25:46.318242;OK;
SENTINELA-E-WCA-HC;71204;17147310;Handicap;16;1.50;Morocco (Totti) (+1.5);1.900;World Cup A;2026-07-21 06:25:46.318793;OK;
SENTINELA-E-WCA-HC;71209;17147210;Handicap;16;-0.50;Qatar (KraftVK) (-0.5);1.850;World Cup A;2026-07-21 06:28:36.586949;OK;
SENTINELA-E-WCA-HC;71210;17147272;Handicap;16;-1.50;Croatia (Wboy) (-1.5);2.050;World Cup A;2026-07-21 06:28:36.622765;OK;
SENTINELA-E-WCA-HC;71217;17147328;Handicap;16;0.50;Morocco (Totti) (+0.5);1.620;World Cup A;2026-07-21 06:37:33.083431;OK;
SENTINELA-E-WCA-HC;71218;17147328;Handicap;16;-0.50;Portugal (Ganger_29) (-0.5);2.150;World Cup A;2026-07-21 06:37:33.083740;OK;
SENTINELA-E-WCA-HC;71220;17147312;Handicap;16;2.50;Belgium (Hyper) (+2.5);1.550;World Cup A;2026-07-21 06:39:36.586857;OK;
SENTINELA-E-WCA-HC;71219;17147312;Handicap;16;-2.50;Norway (Lumix) (-2.5);2.300;World Cup A;2026-07-21 06:39:36.587358;OK;
SENTINELA-E-WCA-HC;71222;17147202;Handicap;16;-0.50;Croatia (Wboy) (-0.5);1.570;World Cup A;2026-07-21 06:40:37.412977;OK;
SENTINELA-E-WCA-HC;71226;17147255;Handicap;16;-2.50;Scotland (v1nn) (-2.5);2.300;World Cup A;2026-07-21 06:40:37.732612;OK;
SENTINELA-E-WCA-HC;71231;17147387;Handicap;16;-0.50;Colombia (borees) (-0.5);1.880;World Cup A;2026-07-21 06:49:04.698611;OK;
SENTINELA-E-WCA-HC;71232;17147291;Handicap;16;0.50;Norway (Lumix) (+0.5);1.530;World Cup A;2026-07-21 06:49:04.878566;OK;
SENTINELA-E-WCA-HC;71237;17147235;Handicap;16;0.50;Croatia (Wboy) (+0.5);1.700;World Cup A;2026-07-21 06:52:51.167097;OK;
SENTINELA-E-WCA-HC;71238;17147216;Handicap;16;0.50;Czechia (mko1919) (+0.5);2.150;World Cup A;2026-07-21 06:52:51.917515;OK;
SENTINELA-E-WCA-HC;71239;17147216;Handicap;16;-0.50;Scotland (v1nn) (-0.5);1.620;World Cup A;2026-07-21 06:52:51.919760;OK;
SENTINELA-E-WCA-HC;71253;17147338;Handicap;16;-0.50;Norway (Lumix) (-0.5);1.750;World Cup A;2026-07-21 07:01:15.352726;OK;
SENTINELA-E-WCA-HC;71252;17147338;Handicap;16;0.50;Morocco (Totti) (+0.5);1.950;World Cup A;2026-07-21 07:01:15.354428;OK;
SENTINELA-E-WCA-HC;71255;17147350;Handicap;16;-1.50;Portugal (Ganger_29) (-1.5);1.820;World Cup A;2026-07-21 07:01:15.439371;OK;
SENTINELA-E-WCA-HC;71254;17147350;Handicap;16;1.50;Colombia (borees) (+1.5);1.880;World Cup A;2026-07-21 07:01:15.439656;OK;
SENTINELA-E-WCA-HC;71260;17147232;Handicap;16;-0.50;Scotland (v1nn) (-0.5);1.720;World Cup A;2026-07-21 07:04:46.419132;OK;
SENTINELA-E-WCA-HC;71261;17147259;Handicap;16;0.50;Germany (dor1an) (+0.5);1.620;World Cup A;2026-07-21 07:04:46.422777;OK;
SENTINELA-E-WCA-HC;71267;17147333;Handicap;16;1.50;Portugal (Ganger_29) (+1.5);1.650;World Cup A;2026-07-21 07:13:07.695995;OK;
SENTINELA-E-WCA-HC;71268;17147333;Handicap;16;-1.50;Belgium (Hyper) (-1.5);2.100;World Cup A;2026-07-21 07:13:07.696473;OK;
SENTINELA-E-WCA-HC;71269;17147339;Handicap;16;0.50;Colombia (borees) (+0.5);1.950;World Cup A;2026-07-21 07:13:10.040431;OK;
SENTINELA-E-WCA-HC;71275;17147274;Handicap;16;0.50;Croatia (Wboy) (+0.5);1.650;World Cup A;2026-07-21 07:16:20.709838;OK;
SENTINELA-E-WCA-HC;71276;17147274;Handicap;16;-0.50;Scotland (v1nn) (-0.5);2.100;World Cup A;2026-07-21 07:16:20.711207;OK;
SENTINELA-E-WCA-HC;71277;17147220;Handicap;16;-1.50;Qatar (KraftVK) (-1.5);1.670;World Cup A;2026-07-21 07:16:20.721654;OK;
SENTINELA-E-WCA-HC;71283;17147293;Handicap;16;-0.50;Norway (Lumix) (-0.5);1.900;World Cup A;2026-07-21 07:25:03.699506;OK;
SENTINELA-E-WCA-HC;71284;17147293;Handicap;16;0.50;Colombia (borees) (+0.5);1.800;World Cup A;2026-07-21 07:25:03.700228;OK;
SENTINELA-E-WCA-HC;71286;17147311;Handicap;16;-0.50;Morocco (Totti) (-0.5);2.050;World Cup A;2026-07-21 07:25:04.897338;OK;
SENTINELA-E-WCA-HC;71285;17147311;Handicap;16;0.50;Belgium (Hyper) (+0.5);1.700;World Cup A;2026-07-21 07:25:04.897760;OK;
SENTINELA-E-WCA-HC;71289;17147281;Handicap;16;-0.50;Czechia (mko1919) (-0.5);2.050;World Cup A;2026-07-21 07:28:28.902672;OK;
SENTINELA-E-WCA-HC;71292;17147254;Handicap;16;-2.50;Croatia (Wboy) (-2.5);1.350;World Cup A;2026-07-21 07:29:10.203832;OK;
SENTINELA-E-WCA-HC;71305;17147329;Handicap;16;-0.50;Norway (Lumix) (-0.5);2.250;World Cup A;2026-07-21 07:37:48.318588;OK;
SENTINELA-E-WCA-HC;71306;17147329;Handicap;16;0.50;Belgium (Hyper) (+0.5);1.570;World Cup A;2026-07-21 07:37:48.319023;OK;
SENTINELA-E-WCA-HC;71307;17147349;Handicap;16;0.50;Morocco (Totti) (+0.5);1.620;World Cup A;2026-07-21 07:37:48.474141;OK;
SENTINELA-E-WCA-HC;71315;17147236;Handicap;16;-1.50;Scotland (v1nn) (-1.5);2.050;World Cup A;2026-07-21 07:40:20.402177;OK;
SENTINELA-E-WCA-HC;71314;17147236;Handicap;16;1.50;Germany (dor1an) (+1.5);1.700;World Cup A;2026-07-21 07:40:20.402783;OK;
SENTINELA-E-WCA-HC;71316;17147243;Handicap;16;-1.50;Croatia (Wboy) (-1.5);1.700;World Cup A;2026-07-21 07:40:20.407097;OK;
SENTINELA-E-WCA-HC;71321;17147361;Handicap;16;0.50;Colombia (borees) (+0.5);1.820;World Cup A;2026-07-21 07:50:40.784803;OK;
SENTINELA-E-WCA-HC;71322;17147361;Handicap;16;-0.50;Belgium (Hyper) (-0.5);1.880;World Cup A;2026-07-21 07:50:40.785242;OK;
SENTINELA-E-WCA-HC;71323;17147342;Handicap;16;1.50;Portugal (Ganger_29) (+1.5);2.150;World Cup A;2026-07-21 07:50:40.786436;OK;
SENTINELA-E-WCA-HC;71328;17147214;Handicap;16;1.50;Czechia (mko1919) (+1.5);1.720;World Cup A;2026-07-21 07:52:22.161127;OK;
SENTINELA-E-WCA-HC;71329;17147258;Handicap;16;-0.50;Qatar (KraftVK) (-0.5);1.880;World Cup A;2026-07-21 07:52:22.189110;OK;
SENTINELA-E-WCA-HC;71334;17147253;Handicap;16;0.50;Germany (dor1an) (+0.5);2.250;World Cup A;2026-07-21 08:04:23.355461;OK;
SENTINELA-E-WCA-HC;71335;17147234;Handicap;16;0.50;Scotland (v1nn) (+0.5);1.620;World Cup A;2026-07-21 08:04:23.399025;OK;
SENTINELA-E-WCA-HC;71340;17148903;Handicap;16;-1.50;Argentina (metelk1n) (-1.5);2.970;FC26 World Cup A;2026-07-21 08:04:27.901284;OK;
SENTINELA-E-WCA-HC;71352;17148904;Handicap;16;1.50;France (Am1g0) (+1.5);1.240;FC26 World Cup A;2026-07-21 08:23:14.938641;OK;
SENTINELA-E-WCA-HC;71355;17148906;Handicap;16;1.50;Brazil (Makaveli) (+1.5);1.260;FC26 World Cup A;2026-07-21 08:35:02.277639;OK;
SENTINELA-E-WCA-HC;71356;17148906;Handicap;16;-1.50;France (Am1g0) (-1.5);3.250;FC26 World Cup A;2026-07-21 08:35:02.277910;OK;
SENTINELA-E-WCA-HC;71357;17148907;Handicap;16;-1.50;Argentina (metelk1n) (-1.5);3.020;FC26 World Cup A;2026-07-21 08:35:02.323604;OK;
SENTINELA-E-WCA-HC;71361;17147160;Handicap;16;-0.50;Croatia (sane4ek8) (-0.5);2.200;World Cup A;2026-07-21 08:42:06.398848;OK;
SENTINELA-E-WCA-HC;71363;17147208;Handicap;16;0.50;USA (Revange) (+0.5);1.440;World Cup A;2026-07-21 08:42:06.441656;OK;
SENTINELA-E-WCA-HC;71374;17147154;Handicap;16;0.50;USA (Revange) (+0.5);1.880;World Cup A;2026-07-21 08:53:57.965475;OK;
SENTINELA-E-WCA-HC;71375;17147154;Handicap;16;-0.50;Scotland (DaVa) (-0.5);1.820;World Cup A;2026-07-21 08:53:57.966607;OK;
SENTINELA-E-WCA-HC;71378;17147161;Handicap;16;0.50;Saudi Arabia (BlackStar98) (+0.5);1.400;World Cup A;2026-07-21 08:54:19.018882;OK;
SENTINELA-E-WCA-HC;71379;17147161;Handicap;16;-0.50;Germany (dm1trena) (-0.5);2.750;World Cup A;2026-07-21 08:54:19.019840;OK;
SENTINELA-E-WCA-HC;71381;17147242;Handicap;16;-0.50;Saudi Arabia (BlackStar98) (-0.5);2.050;World Cup A;2026-07-21 09:05:23.944996;OK;
SENTINELA-E-WCA-HC;71385;17147179;Handicap;16;0.50;Germany (dm1trena) (+0.5);2.080;World Cup A;2026-07-21 09:05:48.843496;OK;
SENTINELA-E-WCA-HC;71391;17147162;Handicap;16;1.50;Croatia (sane4ek8) (+1.5);2.300;World Cup A;2026-07-21 09:17:59.483492;OK;
SENTINELA-E-WCA-HC;71390;17147162;Handicap;16;-1.50;Scotland (DaVa) (-1.5);1.550;World Cup A;2026-07-21 09:17:59.487271;OK;
SENTINELA-E-WCA-HC;71407;17147148;Handicap;16;-0.50;Scotland (DaVa) (-0.5);2.750;World Cup A;2026-07-21 09:29:31.747374;OK;
SENTINELA-E-WCA-HC;71408;17147148;Handicap;16;0.50;Saudi Arabia (BlackStar98) (+0.5);1.400;World Cup A;2026-07-21 09:29:31.748755;OK;
SENTINELA-E-WCA-HC;71412;17147172;Handicap;16;0.50;USA (Revange) (+0.5);1.800;World Cup A;2026-07-21 09:30:25.973118;OK;
SENTINELA-E-WCA-HC;71417;17147183;Handicap;16;0.50;Germany (dm1trena) (+0.5);1.850;World Cup A;2026-07-21 09:41:26.872802;OK;
SENTINELA-E-WCA-HC;71418;17147165;Handicap;16;-0.50;Saudi Arabia (BlackStar98) (-0.5);2.650;World Cup A;2026-07-21 09:41:27.117478;OK;
SENTINELA-E-WCA-HC;71423;17147170;Handicap;16;-0.50;Saudi Arabia (BlackStar98) (-0.5);2.000;World Cup A;2026-07-21 09:53:41.818623;OK;
SENTINELA-E-WCA-HC;71424;17147196;Handicap;16;1.50;USA (Revange) (+1.5);1.750;World Cup A;2026-07-21 09:53:42.015129;OK;
SENTINELA-E-WCA-HC;71434;17147200;Handicap;16;-0.50;Scotland (DaVa) (-0.5);1.750;World Cup A;2026-07-21 10:05:15.831275;OK;
SENTINELA-E-WCA-HC;71437;17147205;Handicap;16;-0.50;Croatia (sane4ek8) (-0.5);1.820;World Cup A;2026-07-21 10:05:19.255610;OK;
SENTINELA-E-WCA-HC;71438;17147205;Handicap;16;0.50;Saudi Arabia (BlackStar98) (+0.5);1.880;World Cup A;2026-07-21 10:05:19.256476;OK;
SENTINELA-E-WCA-HC;71444;17147166;Handicap;16;-0.50;Croatia (sane4ek8) (-0.5);2.500;World Cup A;2026-07-21 10:18:04.407984;OK;
SENTINELA-E-WCA-HC;71445;17147166;Handicap;16;0.50;Scotland (DaVa) (+0.5);1.470;World Cup A;2026-07-21 10:18:04.408555;OK;
SENTINELA-E-WCA-HC;71446;17147176;Handicap;16;0.50;USA (Revange) (+0.5);1.600;World Cup A;2026-07-21 10:18:56.236890;OK;
SENTINELA-E-WCA-HC;71447;17147176;Handicap;16;-0.50;Germany (dm1trena) (-0.5);2.200;World Cup A;2026-07-21 10:18:56.239436;OK;
SENTINELA-E-WCA-HC;71452;17152203;Handicap;16;-0.50;Croatia (llulle) (-0.5);1.900;World Cup A;2026-07-21 10:28:51.874600;OK;
SENTINELA-E-WCA-HC;71453;17152195;Handicap;16;2.50;Germany (cappo) (+2.5);1.750;World Cup A;2026-07-21 10:28:51.917449;OK;
SENTINELA-E-WCA-HC;71458;17147175;Handicap;16;-0.50;Scotland (DaVa) (-0.5);1.800;World Cup A;2026-07-21 10:30:06.893065;OK;
SENTINELA-E-WCA-HC;71459;17147159;Handicap;16;-1.50;Croatia (sane4ek8) (-1.5);2.250;World Cup A;2026-07-21 10:30:06.926639;OK;
SENTINELA-E-WCA-HC;71472;17152197;Handicap;16;-1.50;Croatia (llulle) (-1.5);2.100;World Cup A;2026-07-21 10:40:34.442409;OK;
SENTINELA-E-WCA-HC;71473;17152197;Handicap;16;1.50;Germany (cappo) (+1.5);1.650;World Cup A;2026-07-21 10:40:34.443071;OK;
SENTINELA-E-WCA-HC;71474;17152200;Handicap;16;-1.50;Sweden (Cofi111) (-1.5);2.150;World Cup A;2026-07-21 10:40:34.768294;OK;
SENTINELA-E-WCA-HC;71475;17152200;Handicap;16;1.50;Scotland (Sena) (+1.5);1.620;World Cup A;2026-07-21 10:40:34.768753;OK;
SENTINELA-E-WCA-HC;71478;17152210;Handicap;16;0.50;Scotland (Sena) (+0.5);1.570;World Cup A;2026-07-21 10:50:56.764806;OK;
SENTINELA-E-WCA-HC;71481;17152208;Handicap;16;0.50;Germany (cappo) (+0.5);1.670;World Cup A;2026-07-21 10:52:35.529359;OK;
SENTINELA-E-WCA-HC;71486;17152201;Handicap;16;0.50;Sweden (Cofi111) (+0.5);2.000;World Cup A;2026-07-21 11:02:14.755754;OK;
SENTINELA-E-WCA-HC;71488;17152198;Handicap;16;-1.50;Scotland (Sena) (-1.5);1.800;World Cup A;2026-07-21 11:02:23.377102;OK;
SENTINELA-E-WCA-HC;71487;17152198;Handicap;16;1.50;Czechia (Cira) (+1.5);1.900;World Cup A;2026-07-21 11:02:23.377427;OK;
SENTINELA-E-WCA-HC;71498;17152196;Handicap;16;-0.50;Sweden (Cofi111) (-0.5);1.950;World Cup A;2026-07-21 11:14:19.839971;OK;
SENTINELA-E-WCA-HC;71499;17152196;Handicap;16;0.50;Czechia (Cira) (+0.5);1.750;World Cup A;2026-07-21 11:14:19.841584;OK;
SENTINELA-E-WCA-HC;71500;17152207;Handicap;16;-1.50;Scotland (Sena) (-1.5);1.950;World Cup A;2026-07-21 11:15:10.104809;OK;
SENTINELA-E-WCA-HC;71510;17152211;Handicap;16;1.50;Czechia (Cira) (+1.5);1.820;World Cup A;2026-07-21 11:26:13.153316;OK;
SENTINELA-E-WCA-HC;71511;17152199;Handicap;16;-1.50;Sweden (Cofi111) (-1.5);1.850;World Cup A;2026-07-21 11:26:17.292703;OK;
SENTINELA-E-WCA-HC;71514;17152202;Handicap;16;0.50;Germany (cappo) (+0.5);1.750;World Cup A;2026-07-21 11:38:10.283756;OK;
SENTINELA-E-WCA-HC;71517;17152230;Handicap;16;1.50;Scotland (Sena) (+1.5);1.650;World Cup A;2026-07-21 11:38:49.720772;OK;
SENTINELA-E-WCA-HC;71522;17152217;Handicap;16;-1.50;Czechia (Cira) (-1.5);1.950;World Cup A;2026-07-21 11:50:42.999724;OK;
SENTINELA-E-WCA-HC;71523;17152217;Handicap;16;1.50;Germany (cappo) (+1.5);1.750;World Cup A;2026-07-21 11:50:43.001748;OK;
SENTINELA-E-WCA-HC;71525;17152209;Handicap;16;1.50;Croatia (llulle) (+1.5);2.150;World Cup A;2026-07-21 11:51:58.055462;OK;
SENTINELA-E-WCA-HC;71524;17152209;Handicap;16;-1.50;Scotland (Sena) (-1.5);1.620;World Cup A;2026-07-21 11:51:58.056135;OK;
SENTINELA-E-WCA-HC;71538;17152206;Handicap;16;1.50;Czechia (Cira) (+1.5);1.850;World Cup A;2026-07-21 12:02:37.291028;OK;
SENTINELA-E-WCA-HC;71539;17152204;Handicap;16;1.50;Croatia (llulle) (+1.5);1.600;World Cup A;2026-07-21 12:02:37.410972;OK;
SENTINELA-E-WCA-HC;71545;17152205;Handicap;16;0.50;Sweden (Cofi111) (+0.5);1.930;World Cup A;2026-07-21 12:14:54.559800;OK;
SENTINELA-E-WCA-HC;71546;17152238;Handicap;16;0.50;Scotland (Sena) (+0.5);2.150;World Cup A;2026-07-21 12:14:54.708432;OK;
SENTINELA-E-WCA-HC;71552;17152349;Handicap;16;-1.50;USA (Jankulovski) (-1.5);2.080;World Cup A;2026-07-21 12:21:20.054987;OK;
SENTINELA-E-WCA-HC;71551;17152349;Handicap;16;1.50;Switzerland (Lufy) (+1.5);1.670;World Cup A;2026-07-21 12:21:20.055451;OK;
SENTINELA-E-WCA-HC;71553;17152328;Handicap;16;0.50;Mexico (Pex) (+0.5);1.670;World Cup A;2026-07-21 12:22:03.148638;OK;
SENTINELA-E-WCA-HC;71554;17152328;Handicap;16;-0.50;Paraguay (Mani) (-0.5);2.080;World Cup A;2026-07-21 12:22:03.149895;OK;
SENTINELA-E-WCA-HC;71568;17152471;Handicap;16;0.50;Mexico (Pex) (+0.5);1.770;World Cup A;2026-07-21 12:33:09.541832;OK;
SENTINELA-E-WCA-HC;71570;17152362;Handicap;16;-0.50;Paraguay (Mani) (-0.5);1.750;World Cup A;2026-07-21 12:33:09.565509;OK;
SENTINELA-E-WCA-HC;71571;17152362;Handicap;16;0.50;USA (Jankulovski) (+0.5);1.950;World Cup A;2026-07-21 12:33:09.566466;OK;
SENTINELA-E-WCA-HC;71579;17152379;Handicap;16;-2.50;Canada (Dicca) (-2.5);2.050;World Cup A;2026-07-21 12:45:59.543130;OK;
SENTINELA-E-WCA-HC;71577;17152386;Handicap;16;-0.50;Switzerland (Lufy) (-0.5);2.080;World Cup A;2026-07-21 12:45:59.544034;OK;
SENTINELA-E-WCA-HC;71578;17152379;Handicap;16;2.50;USA (Jankulovski) (+2.5);1.700;World Cup A;2026-07-21 12:45:59.544556;OK;
SENTINELA-E-WCA-HC;71584;17151998;Handicap;16;-0.50;Morocco (Kivu17) (-0.5);2.200;World Cup A;2026-07-21 12:51:12.000981;OK;
SENTINELA-E-WCA-HC;71585;17152002;Handicap;16;0.50;Spain (Maki) (+0.5);1.650;World Cup A;2026-07-21 12:51:12.004021;OK;
SENTINELA-E-WCA-HC;71591;17152375;Handicap;16;1.50;Switzerland (Lufy) (+1.5);1.570;World Cup A;2026-07-21 12:57:41.396049;OK;
SENTINELA-E-WCA-HC;71592;17152375;Handicap;16;-1.50;Canada (Dicca) (-1.5);2.250;World Cup A;2026-07-21 12:57:41.396994;OK;
SENTINELA-E-WCA-HC;71594;17152346;Handicap;16;-0.50;USA (Jankulovski) (-0.5);2.300;World Cup A;2026-07-21 12:57:41.448670;OK;
SENTINELA-E-WCA-HC;71593;17152346;Handicap;16;0.50;Mexico (Pex) (+0.5);1.550;World Cup A;2026-07-21 12:57:41.449065;OK;
SENTINELA-E-WCA-HC;71600;17152000;Handicap;16;-0.50;England (chevare) (-0.5);1.820;World Cup A;2026-07-21 13:03:04.554422;OK;
SENTINELA-E-WCA-HC;71601;17152000;Handicap;16;0.50;Spain (Maki) (+0.5);1.880;World Cup A;2026-07-21 13:03:04.554647;OK;
SENTINELA-E-WCA-HC;71602;17151992;Handicap;16;0.50;Netherlands (lzrn) (+0.5);1.470;World Cup A;2026-07-21 13:03:42.309591;OK;
SENTINELA-E-WCA-HC;71619;17152350;Handicap;16;-1.50;Switzerland (Lufy) (-1.5);1.880;World Cup A;2026-07-21 13:09:09.000570;OK;
SENTINELA-E-WCA-HC;71620;17152350;Handicap;16;1.50;Mexico (Pex) (+1.5);1.820;World Cup A;2026-07-21 13:09:09.000924;OK;
SENTINELA-E-WCA-HC;71621;17152384;Handicap;16;0.50;Paraguay (Mani) (+0.5);2.150;World Cup A;2026-07-21 13:10:22.615533;OK;
SENTINELA-E-WCA-HC;71627;17152003;Handicap;16;0.50;Morocco (Kivu17) (+0.5);1.570;World Cup A;2026-07-21 13:15:04.204766;OK;
SENTINELA-E-WCA-HC;71626;17152003;Handicap;16;-0.50;Netherlands (lzrn) (-0.5);2.250;World Cup A;2026-07-21 13:15:04.205945;OK;
SENTINELA-E-WCA-HC;71628;17152015;Handicap;16;-0.50;England (chevare) (-0.5);2.050;World Cup A;2026-07-21 13:15:19.249917;OK;
SENTINELA-E-WCA-HC;71629;17152015;Handicap;16;0.50;Argentina (hit) (+0.5);1.700;World Cup A;2026-07-21 13:15:19.250811;OK;
SENTINELA-E-WCA-HC;71635;17152334;Handicap;16;0.50;Mexico (Pex) (+0.5);1.620;World Cup A;2026-07-21 13:21:32.880368;OK;
SENTINELA-E-WCA-HC;71634;17152334;Handicap;16;-0.50;Paraguay (Mani) (-0.5);2.150;World Cup A;2026-07-21 13:21:32.881213;OK;
SENTINELA-E-WCA-HC;71636;17152368;Handicap;16;0.50;Switzerland (Lufy) (+0.5);1.700;World Cup A;2026-07-21 13:21:32.884081;OK;
SENTINELA-E-WCA-HC;71637;17152368;Handicap;16;-0.50;USA (Jankulovski) (-0.5);2.050;World Cup A;2026-07-21 13:21:32.884580;OK;
SENTINELA-E-WCA-HC;71642;17151991;Handicap;16;-0.50;Morocco (Kivu17) (-0.5);2.050;World Cup A;2026-07-21 13:27:56.560007;OK;
SENTINELA-E-WCA-HC;71643;17151991;Handicap;16;0.50;England (chevare) (+0.5);1.700;World Cup A;2026-07-21 13:27:56.564016;OK;
SENTINELA-E-WCA-HC;71644;17151999;Handicap;16;1.50;Argentina (hit) (+1.5);1.620;World Cup A;2026-07-21 13:28:35.570992;OK;
SENTINELA-E-WCA-HC;71649;17152366;Handicap;16;1.50;Canada (Dicca) (+1.5);1.930;World Cup A;2026-07-21 13:33:27.779819;OK;
SENTINELA-E-WCA-HC;71650;17152356;Handicap;16;0.50;USA (Jankulovski) (+0.5);1.880;World Cup A;2026-07-21 13:33:27.784835;OK;
SENTINELA-E-WCA-HC;71661;17152005;Handicap;16;0.50;England (chevare) (+0.5);1.600;World Cup A;2026-07-21 13:40:30.674014;OK;
SENTINELA-E-WCA-HC;71662;17152005;Handicap;16;-0.50;Netherlands (lzrn) (-0.5);2.200;World Cup A;2026-07-21 13:40:30.674299;OK;
SENTINELA-E-WCA-HC;71663;17151996;Handicap;16;0.50;Spain (Maki) (+0.5);1.700;World Cup A;2026-07-21 13:40:30.718878;OK;
SENTINELA-E-WCA-HC;71668;17152354;Handicap;16;-0.50;Paraguay (Mani) (-0.5);1.720;World Cup A;2026-07-21 13:45:08.287415;OK;
SENTINELA-E-WCA-HC;71669;17152469;Handicap;16;-1.50;Canada (Dicca) (-1.5);1.950;World Cup A;2026-07-21 13:45:08.293569;OK;
SENTINELA-E-WCA-HC;71674;17151995;Handicap;16;0.50;Argentina (hit) (+0.5);1.700;World Cup A;2026-07-21 13:51:43.821523;OK;
SENTINELA-E-WCA-HC;71675;17151994;Handicap;16;-1.50;Netherlands (lzrn) (-1.5);2.100;World Cup A;2026-07-21 13:51:43.822369;OK;
SENTINELA-E-WCA-HC;71684;17152369;Handicap;16;0.50;Switzerland (Lufy) (+0.5);1.600;World Cup A;2026-07-21 13:57:04.368297;OK;
SENTINELA-E-WCA-HC;71685;17152351;Handicap;16;-1.50;USA (Jankulovski) (-1.5);1.820;World Cup A;2026-07-21 13:57:04.450080;OK;
SENTINELA-E-WCA-HC;71686;17152351;Handicap;16;1.50;Mexico (Pex) (+1.5);1.880;World Cup A;2026-07-21 13:57:04.450292;OK;
SENTINELA-E-WCA-HC;71687;17151993;Handicap;16;-0.50;Netherlands (lzrn) (-0.5);2.250;World Cup A;2026-07-21 14:03:07.567782;OK;
SENTINELA-E-WCA-HC;71694;17152006;Handicap;16;0.50;Spain (Maki) (+0.5);2.100;World Cup A;2026-07-21 14:03:54.797438;OK;
SENTINELA-E-WCA-HC;71700;17152473;Handicap;16;1.50;Paraguay (Mani) (+1.5);1.550;World Cup A;2026-07-21 14:09:17.298854;OK;
SENTINELA-E-WCA-HC;71701;17152382;Handicap;16;-1.50;Mexico (Pex) (-1.5);1.820;World Cup A;2026-07-21 14:09:17.525440;OK;
SENTINELA-E-WCA-HC;71708;17152004;Handicap;16;0.50;England (chevare) (+0.5);1.530;World Cup A;2026-07-21 14:15:04.957438;OK;
SENTINELA-E-WCA-HC;71709;17152009;Handicap;16;0.50;Netherlands (lzrn) (+0.5);1.600;World Cup A;2026-07-21 14:15:19.646243;OK;
SENTINELA-E-WCA-HC;71710;17152009;Handicap;16;-0.50;Morocco (Kivu17) (-0.5);2.200;World Cup A;2026-07-21 14:15:19.647219;OK;
SENTINELA-E-WCA-HC;71717;17152017;Handicap;16;-0.50;England (chevare) (-0.5);1.750;World Cup A;2026-07-21 14:26:55.418776;OK;
SENTINELA-E-WCA-HC;71716;17152017;Handicap;16;0.50;Morocco (Kivu17) (+0.5);1.950;World Cup A;2026-07-21 14:26:55.419810;OK;
SENTINELA-E-WCA-HC;71718;17152010;Handicap;16;-0.50;Spain (Maki) (-0.5);1.600;World Cup A;2026-07-21 14:28:51.351438;OK;
SENTINELA-E-WCA-HC;71719;17152010;Handicap;16;0.50;Argentina (hit) (+0.5);2.200;World Cup A;2026-07-21 14:28:51.352699;OK;
SENTINELA-E-WCA-HC;71730;17152013;Handicap;16;-0.50;Netherlands (lzrn) (-0.5);2.150;World Cup A;2026-07-21 14:39:31.661323;OK;
SENTINELA-E-WCA-HC;71731;17152013;Handicap;16;0.50;England (chevare) (+0.5);1.620;World Cup A;2026-07-21 14:39:31.662255;OK;
SENTINELA-E-WCA-HC;71732;17152001;Handicap;16;0.50;Morocco (Kivu17) (+0.5);1.850;World Cup A;2026-07-21 14:39:31.867877;OK;
SENTINELA-E-WCA-HC;71733;17152001;Handicap;16;-0.50;Spain (Maki) (-0.5);1.850;World Cup A;2026-07-21 14:39:31.869205;OK;
SENTINELA-E-WCA-HC;71739;17152275;Handicap;16;-0.50;England (llulle) (-0.5);2.000;World Cup A;2026-07-21 14:56:04.411866;OK;
SENTINELA-E-WCA-HC;71740;17152275;Handicap;16;0.50;Argentina (Cira) (+0.5);1.720;World Cup A;2026-07-21 14:56:04.415144;OK;
SENTINELA-E-WCA-HC;71741;17152242;Handicap;16;1.50;France (cappo) (+1.5);1.620;World Cup A;2026-07-21 14:56:19.007653;OK;
SENTINELA-E-WCA-HC;71742;17152242;Handicap;16;-1.50;Spain (Cofi111) (-1.5);2.150;World Cup A;2026-07-21 14:56:19.008443;OK;
SENTINELA-E-WCA-HC;71759;17152272;Handicap;16;0.50;Spain (Cofi111) (+0.5);1.570;World Cup A;2026-07-21 15:08:11.046094;OK;
SENTINELA-E-WCA-HC;71760;17152272;Handicap;16;-0.50;Morocco (Sena) (-0.5);2.250;World Cup A;2026-07-21 15:08:11.046721;OK;
SENTINELA-E-WCA-HC;71761;17152235;Handicap;16;0.50;France (cappo) (+0.5);1.600;World Cup A;2026-07-21 15:08:56.560083;OK;
SENTINELA-E-WCA-HC;71766;17152220;Handicap;16;0.50;England (llulle) (+0.5);1.550;World Cup A;2026-07-21 15:22:27.579975;OK;
SENTINELA-E-WCA-HC;71767;17152259;Handicap;16;2.50;Argentina (Cira) (+2.5);1.750;World Cup A;2026-07-21 15:22:27.610747;OK;
SENTINELA-E-WCA-HC;71768;17152259;Handicap;16;-2.50;France (cappo) (-2.5);1.950;World Cup A;2026-07-21 15:22:27.611423;OK;
SENTINELA-E-WCA-HC;71776;17152273;Handicap;16;1.50;Argentina (Cira) (+1.5);1.880;World Cup A;2026-07-21 15:32:40.920350;OK;
SENTINELA-E-WCA-HC;71777;17152298;Handicap;16;-0.50;Spain (Cofi111) (-0.5);2.200;World Cup A;2026-07-21 15:32:40.926363;OK;
SENTINELA-E-WCA-HC;71793;17152307;Handicap;16;-2.50;Morocco (Sena) (-2.5);1.500;World Cup A;2026-07-21 15:44:10.213446;OK;
SENTINELA-E-WCA-HC;71794;17152307;Handicap;16;2.50;France (cappo) (+2.5);2.400;World Cup A;2026-07-21 15:44:10.213894;OK;
SENTINELA-E-WCA-HC;71795;17152222;Handicap;16;0.50;Argentina (Cira) (+0.5);2.000;World Cup A;2026-07-21 15:44:10.293785;OK;
SENTINELA-E-WCA-HC;71800;17152244;Handicap;16;-0.50;Spain (Cofi111) (-0.5);1.700;World Cup A;2026-07-21 15:56:05.122396;OK;
SENTINELA-E-WCA-HC;71802;17152215;Handicap;16;2.50;Argentina (Cira) (+2.5);1.930;World Cup A;2026-07-21 15:56:13.753855;OK;
SENTINELA-E-WCA-HC;71801;17152215;Handicap;16;-2.50;England (llulle) (-2.5);1.770;World Cup A;2026-07-21 15:56:13.754514;OK;
SENTINELA-E-WCA-HC;71811;17152251;Handicap;16;-0.50;England (llulle) (-0.5);2.150;World Cup A;2026-07-21 16:08:18.670135;OK;
SENTINELA-E-WCA-HC;71812;17152257;Handicap;16;-0.50;Morocco (Sena) (-0.5);2.200;World Cup A;2026-07-21 16:08:18.863444;OK;
SENTINELA-E-WCA-HC;71826;17152278;Handicap;16;0.50;France (cappo) (+0.5);2.150;World Cup A;2026-07-21 16:20:15.929668;OK;
SENTINELA-E-WCA-HC;71831;17152267;Handicap;16;-0.50;Spain (Cofi111) (-0.5);2.250;World Cup A;2026-07-21 16:32:11.267409;OK;
SENTINELA-E-WCA-HC;71832;17152267;Handicap;16;0.50;England (llulle) (+0.5);1.570;World Cup A;2026-07-21 16:32:11.268315;OK;
SENTINELA-E-WCA-HC;71833;17152231;Handicap;16;1.50;Argentina (Cira) (+1.5);2.000;World Cup A;2026-07-21 16:32:11.453776;OK;
SENTINELA-E-WCA-HC;71834;17152231;Handicap;16;-1.50;Morocco (Sena) (-1.5);1.720;World Cup A;2026-07-21 16:32:11.454334;OK;
SENTINELA-E-WCA-HC;71842;17152292;Handicap;16;0.50;Argentina (Cira) (+0.5);1.770;World Cup A;2026-07-21 16:44:07.763298;OK;
SENTINELA-E-WCA-HC;71843;17152250;Handicap;16;0.50;France (cappo) (+0.5);2.200;World Cup A;2026-07-21 16:44:08.032829;OK;
SENTINELA-E-WCA-HC;71864;17152318;Handicap;16;-0.50;Saudi Arabia (riko) (-0.5);1.820;World Cup A;2026-07-21 16:57:57.268819;OK;
SENTINELA-E-WCA-HC;71865;17152248;Handicap;16;-0.50;Netherlands (volvo) (-0.5);1.750;World Cup A;2026-07-21 16:57:57.276513;OK;
SENTINELA-E-WCA-HC;71871;17152240;Handicap;16;0.50;Netherlands (volvo) (+0.5);1.570;World Cup A;2026-07-21 17:08:40.703023;OK;
SENTINELA-E-WCA-HC;71880;17152312;Handicap;16;-0.50;United States (nekishka) (-0.5);2.150;World Cup A;2026-07-21 17:20:15.533850;OK;
SENTINELA-E-WCA-HC;71881;17152293;Handicap;16;-2.50;Netherlands (volvo) (-2.5);2.150;World Cup A;2026-07-21 17:20:21.409447;OK;
SENTINELA-E-WCA-HC;71892;17152281;Handicap;16;-1.50;Netherlands (volvo) (-1.5);1.880;World Cup A;2026-07-21 17:32:31.539288;OK;
SENTINELA-E-WCA-HC;71893;17152223;Handicap;16;-1.50;United States (nekishka) (-1.5);2.000;World Cup A;2026-07-21 17:32:31.547527;OK;
SENTINELA-E-WCA-HC;71900;17152219;Handicap;16;1.50;Germany (Simaponika) (+1.5);1.800;World Cup A;2026-07-21 17:44:47.599994;OK;
SENTINELA-E-WCA-HC;71904;17152255;Handicap;16;-0.50;United States (nekishka) (-0.5);2.200;World Cup A;2026-07-21 17:45:55.233710;OK;
SENTINELA-E-WCA-HC;71910;17152301;Handicap;16;-0.50;Netherlands (volvo) (-0.5);1.650;World Cup A;2026-07-21 17:56:04.063800;OK;
SENTINELA-E-WCA-HC;71909;17152301;Handicap;16;0.50;United States (nekishka) (+0.5);2.100;World Cup A;2026-07-21 17:56:04.064525;OK;
SENTINELA-E-WCA-HC;71911;17152247;Handicap;16;-1.50;Saudi Arabia (riko) (-1.5);1.850;World Cup A;2026-07-21 17:56:21.288966;OK;
SENTINELA-E-WCA-HC;71912;17152247;Handicap;16;1.50;Czechia (tohi4) (+1.5);1.850;World Cup A;2026-07-21 17:56:21.290051;OK;
SENTINELA-E-WCA-HC;71934;17152288;Handicap;16;-0.50;Saudi Arabia (riko) (-0.5);2.250;World Cup A;2026-07-21 18:08:04.589124;OK;
SENTINELA-E-WCA-HC;71935;17152288;Handicap;16;0.50;Netherlands (volvo) (+0.5);1.570;World Cup A;2026-07-21 18:08:04.589863;OK;
SENTINELA-E-WCA-HC;71937;17152289;Handicap;16;0.50;Germany (Simaponika) (+0.5);1.570;World Cup A;2026-07-21 18:08:05.087840;OK;
SENTINELA-E-WCA-HC;71936;17152289;Handicap;16;-0.50;Czechia (tohi4) (-0.5);2.250;World Cup A;2026-07-21 18:08:05.088714;OK;
SENTINELA-E-WCA-HC;71945;17152246;Handicap;16;-1.50;Netherlands (volvo) (-1.5);1.820;World Cup A;2026-07-21 18:20:04.962699;OK;
SENTINELA-E-WCA-HC;71946;17152254;Handicap;16;-1.50;Saudi Arabia (riko) (-1.5);2.200;World Cup A;2026-07-21 18:20:07.275042;OK;
SENTINELA-E-WCA-HC;71947;17152254;Handicap;16;1.50;United States (nekishka) (+1.5);1.600;World Cup A;2026-07-21 18:20:07.276364;OK;
SENTINELA-E-WCA-HC;71952;17152270;Handicap;16;-1.50;Netherlands (volvo) (-1.5);1.800;World Cup A;2026-07-21 18:32:11.907188;OK;
SENTINELA-E-WCA-HC;71953;17152270;Handicap;16;1.50;Czechia (tohi4) (+1.5);1.900;World Cup A;2026-07-21 18:32:11.908007;OK;
SENTINELA-E-WCA-HC;71954;17152300;Handicap;16;0.50;Germany (Simaponika) (+0.5);1.930;World Cup A;2026-07-21 18:32:12.427927;OK;
SENTINELA-E-WCA-HC;71955;17152300;Handicap;16;-0.50;United States (nekishka) (-0.5);1.770;World Cup A;2026-07-21 18:32:12.429465;OK;
SENTINELA-E-WCA-HC;71972;17152296;Handicap;16;-0.50;United States (nekishka) (-0.5);2.000;World Cup A;2026-07-21 18:44:04.441997;OK;
SENTINELA-E-WCA-HC;71973;17152296;Handicap;16;0.50;Czechia (tohi4) (+0.5);1.720;World Cup A;2026-07-21 18:44:04.442434;OK;
SENTINELA-E-WCA-OU;70667;17143279;Total de Gols;18;4.50;Mais de 4.5;1.570;World Cup A;2026-07-20 21:57:20.649627;OK;
SENTINELA-E-WCA-OU;70666;17143279;Total de Gols;18;4.50;Menos de 4.5;2.100;World Cup A;2026-07-20 21:57:20.649821;OK;
SENTINELA-E-WCA-OU;70669;17143188;Total de Gols;18;3.50;Menos de 3.5;1.890;World Cup A;2026-07-20 21:57:20.765523;OK;
SENTINELA-E-WCA-OU;70668;17143188;Total de Gols;18;3.50;Mais de 3.5;1.720;World Cup A;2026-07-20 21:57:20.766832;OK;
SENTINELA-E-WCA-OU;70670;17143165;Total de Gols;18;4.50;Mais de 4.5;1.820;World Cup A;2026-07-20 21:57:48.033023;OK;
SENTINELA-E-WCA-OU;70671;17143165;Total de Gols;18;4.50;Menos de 4.5;1.780;World Cup A;2026-07-20 21:57:48.033819;OK;
SENTINELA-E-WCA-OU;70676;17143277;Total de Gols;18;4.50;Mais de 4.5;1.630;World Cup A;2026-07-20 22:01:51.779176;OK;
SENTINELA-E-WCA-OU;70681;17143155;Total de Gols;18;3.50;Mais de 3.5;1.810;World Cup A;2026-07-20 22:03:39.065002;OK;
SENTINELA-E-WCA-OU;70684;17143245;Total de Gols;18;5.50;Menos de 5.5;1.810;World Cup A;2026-07-20 22:03:39.103550;OK;
SENTINELA-E-WCA-OU;70700;17143288;Total de Gols;18;5.50;Mais de 5.5;2.030;World Cup A;2026-07-20 22:12:28.105279;OK;
SENTINELA-E-WCA-OU;70701;17143294;Total de Gols;18;5.50;Menos de 5.5;1.830;World Cup A;2026-07-20 22:12:28.137426;OK;
SENTINELA-E-WCA-OU;70710;17143168;Total de Gols;18;4.50;Mais de 4.5;1.760;World Cup A;2026-07-20 22:15:18.279321;OK;
SENTINELA-E-WCA-OU;70714;17143247;Total de Gols;18;5.50;Mais de 5.5;2.040;World Cup A;2026-07-20 22:15:18.311585;OK;
SENTINELA-E-WCA-OU;70723;17143292;Total de Gols;18;6.50;Mais de 6.5;1.850;World Cup A;2026-07-20 22:24:16.947561;OK;
SENTINELA-E-WCA-OU;70724;17143292;Total de Gols;18;6.50;Menos de 6.5;1.750;World Cup A;2026-07-20 22:24:16.947838;OK;
SENTINELA-E-WCA-OU;70729;17143191;Total de Gols;18;4.50;Menos de 4.5;1.960;World Cup A;2026-07-20 22:27:47.287261;OK;
SENTINELA-E-WCA-OU;70730;17143181;Total de Gols;18;4.50;Menos de 4.5;2.130;World Cup A;2026-07-20 22:27:47.320770;OK;
SENTINELA-E-WCA-OU;70743;17143267;Total de Gols;18;6.50;Mais de 6.5;1.990;World Cup A;2026-07-20 22:36:10.726390;OK;
SENTINELA-E-WCA-OU;70748;17143246;Total de Gols;18;5.50;Mais de 5.5;2.050;World Cup A;2026-07-20 22:39:38.313068;OK;
SENTINELA-E-WCA-OU;70749;17143212;Total de Gols;18;5.50;Mais de 5.5;1.730;World Cup A;2026-07-20 22:39:38.321535;OK;
SENTINELA-E-WCA-OU;70773;17143282;Total de Gols;18;3.50;Mais de 3.5;1.620;World Cup A;2026-07-20 22:49:53.087945;OK;
SENTINELA-E-WCA-OU;70779;17143193;Total de Gols;18;4.50;Menos de 4.5;1.800;World Cup A;2026-07-20 22:52:00.153704;OK;
SENTINELA-E-WCA-OU;70781;17143276;Total de Gols;18;6.50;Mais de 6.5;2.000;World Cup A;2026-07-20 22:52:00.267438;OK;
SENTINELA-E-WCA-OU;70791;17143224;Total de Gols;18;5.50;Mais de 5.5;1.610;World Cup A;2026-07-20 23:03:08.989053;OK;
SENTINELA-E-WCA-OU;70793;17143169;Total de Gols;18;3.50;Mais de 3.5;1.730;World Cup A;2026-07-20 23:03:12.729732;OK;
SENTINELA-E-WCA-OU;70809;17143080;Total de Gols;18;5.50;Menos de 5.5;1.790;World Cup A;2026-07-20 23:50:13.442439;OK;
SENTINELA-E-WCA-OU;70810;17143059;Total de Gols;18;5.50;Mais de 5.5;1.600;World Cup A;2026-07-20 23:50:13.495382;OK;
SENTINELA-E-WCA-OU;70811;17143059;Total de Gols;18;5.50;Menos de 5.5;2.050;World Cup A;2026-07-20 23:50:13.495600;OK;
SENTINELA-E-WCA-OU;70825;17143105;Total de Gols;18;4.50;Mais de 4.5;1.620;World Cup A;2026-07-21 00:02:26.683236;OK;
SENTINELA-E-WCA-OU;70827;17143089;Total de Gols;18;4.50;Menos de 4.5;1.910;World Cup A;2026-07-21 00:02:26.786457;OK;
SENTINELA-E-WCA-OU;70833;17143070;Total de Gols;18;4.50;Menos de 4.5;1.540;World Cup A;2026-07-21 00:14:22.714278;OK;
SENTINELA-E-WCA-OU;70835;17143102;Total de Gols;18;4.50;Mais de 4.5;1.810;World Cup A;2026-07-21 00:14:22.914241;OK;
SENTINELA-E-WCA-OU;70853;17143046;Total de Gols;18;4.50;Mais de 4.5;1.830;World Cup A;2026-07-21 00:26:13.720707;OK;
SENTINELA-E-WCA-OU;70856;17143027;Total de Gols;18;5.50;Menos de 5.5;1.710;World Cup A;2026-07-21 00:26:21.121582;OK;
SENTINELA-E-WCA-OU;70863;17143029;Total de Gols;18;6.50;Mais de 6.5;1.580;World Cup A;2026-07-21 00:38:13.285561;OK;
SENTINELA-E-WCA-OU;70865;17143058;Total de Gols;18;4.50;Mais de 4.5;1.800;World Cup A;2026-07-21 00:38:22.424534;OK;
SENTINELA-E-WCA-OU;70872;17143068;Total de Gols;18;5.50;Mais de 5.5;1.560;World Cup A;2026-07-21 00:50:15.388350;OK;
SENTINELA-E-WCA-OU;70873;17143068;Total de Gols;18;5.50;Menos de 5.5;2.120;World Cup A;2026-07-21 00:50:15.390307;OK;
SENTINELA-E-WCA-OU;70878;17143069;Total de Gols;18;4.50;Menos de 4.5;1.740;World Cup A;2026-07-21 01:02:09.160734;OK;
SENTINELA-E-WCA-OU;70877;17143069;Total de Gols;18;4.50;Mais de 4.5;1.860;World Cup A;2026-07-21 01:02:09.161096;OK;
SENTINELA-E-WCA-OU;70881;17143094;Total de Gols;18;4.50;Menos de 4.5;2.100;World Cup A;2026-07-21 01:02:13.127667;OK;
SENTINELA-E-WCA-OU;70893;17143083;Total de Gols;18;4.50;Mais de 4.5;2.130;World Cup A;2026-07-21 01:14:19.927204;OK;
SENTINELA-E-WCA-OU;70894;17143083;Total de Gols;18;4.50;Menos de 4.5;1.560;World Cup A;2026-07-21 01:14:19.930015;OK;
SENTINELA-E-WCA-OU;70895;17143101;Total de Gols;18;4.50;Mais de 4.5;2.020;World Cup A;2026-07-21 01:14:19.935202;OK;
SENTINELA-E-WCA-OU;70901;17143075;Total de Gols;18;5.50;Mais de 5.5;2.050;World Cup A;2026-07-21 01:26:19.158807;OK;
SENTINELA-E-WCA-OU;70902;17143072;Total de Gols;18;4.50;Mais de 4.5;1.840;World Cup A;2026-07-21 01:26:22.180249;OK;
SENTINELA-E-WCA-OU;70903;17143072;Total de Gols;18;4.50;Menos de 4.5;1.760;World Cup A;2026-07-21 01:26:22.181220;OK;
SENTINELA-E-WCA-OU;70908;17143114;Total de Gols;18;4.50;Menos de 4.5;1.900;World Cup A;2026-07-21 01:38:16.946597;OK;
SENTINELA-E-WCA-OU;70909;17143114;Total de Gols;18;4.50;Mais de 4.5;1.710;World Cup A;2026-07-21 01:38:16.946964;OK;
SENTINELA-E-WCA-OU;70912;17143057;Total de Gols;18;6.50;Menos de 6.5;1.960;World Cup A;2026-07-21 01:38:23.297829;OK;
SENTINELA-E-WCA-OU;70913;17143057;Total de Gols;18;6.50;Mais de 6.5;1.660;World Cup A;2026-07-21 01:38:23.301485;OK;
SENTINELA-E-WCA-OU;70926;17147191;Total de Gols;18;8.50;Mais de 8.5;2.070;World Cup A;2026-07-21 01:45:12.972919;OK;
SENTINELA-E-WCA-OU;70929;17147215;Total de Gols;18;6.50;Menos de 6.5;1.590;World Cup A;2026-07-21 01:45:18.754698;OK;
SENTINELA-E-WCA-OU;70930;17147215;Total de Gols;18;6.50;Mais de 6.5;2.080;World Cup A;2026-07-21 01:45:18.755079;OK;
SENTINELA-E-WCA-OU;70938;17147171;Total de Gols;18;6.50;Mais de 6.5;1.680;World Cup A;2026-07-21 01:57:15.803517;OK;
SENTINELA-E-WCA-OU;70939;17147189;Total de Gols;18;5.50;Mais de 5.5;1.550;World Cup A;2026-07-21 01:57:15.806688;OK;
SENTINELA-E-WCA-OU;70946;17147249;Total de Gols;18;6.50;Mais de 6.5;1.830;World Cup A;2026-07-21 02:09:11.533178;OK;
SENTINELA-E-WCA-OU;70947;17147249;Total de Gols;18;6.50;Menos de 6.5;1.770;World Cup A;2026-07-21 02:09:11.533510;OK;
SENTINELA-E-WCA-OU;70948;17147229;Total de Gols;18;6.50;Mais de 6.5;1.850;World Cup A;2026-07-21 02:09:17.339918;OK;
SENTINELA-E-WCA-OU;70963;17147157;Total de Gols;18;7.50;Mais de 7.5;1.880;World Cup A;2026-07-21 02:21:16.680819;OK;
SENTINELA-E-WCA-OU;70964;17147201;Total de Gols;18;6.50;Mais de 6.5;1.610;World Cup A;2026-07-21 02:21:16.764813;OK;
SENTINELA-E-WCA-OU;70969;17147241;Total de Gols;18;5.50;Mais de 5.5;1.710;World Cup A;2026-07-21 02:33:11.144273;OK;
SENTINELA-E-WCA-OU;70971;17147190;Total de Gols;18;6.50;Mais de 6.5;1.880;World Cup A;2026-07-21 02:33:18.387506;OK;
SENTINELA-E-WCA-OU;70976;17147275;Total de Gols;18;8.50;Menos de 8.5;1.610;World Cup A;2026-07-21 02:45:10.869235;OK;
SENTINELA-E-WCA-OU;70977;17147275;Total de Gols;18;8.50;Mais de 8.5;2.040;World Cup A;2026-07-21 02:45:10.870205;OK;
SENTINELA-E-WCA-OU;70980;17147193;Total de Gols;18;6.50;Mais de 6.5;2.050;World Cup A;2026-07-21 02:45:18.194780;OK;
SENTINELA-E-WCA-OU;70981;17147193;Total de Gols;18;6.50;Menos de 6.5;1.610;World Cup A;2026-07-21 02:45:18.195670;OK;
SENTINELA-E-WCA-OU;70988;17148823;Total de Gols;18;5.50;Mais de 5.5;2.170;FC26 World Cup A;2026-07-21 02:48:12.048442;OK;
SENTINELA-E-WCA-OU;70987;17148823;Total de Gols;18;5.50;Menos de 5.5;1.560;FC26 World Cup A;2026-07-21 02:48:12.049070;OK;
SENTINELA-E-WCA-OU;70999;17147197;Total de Gols;18;6.50;Menos de 6.5;1.550;World Cup A;2026-07-21 02:57:18.538014;OK;
SENTINELA-E-WCA-OU;71000;17147178;Total de Gols;18;6.50;Menos de 6.5;1.980;World Cup A;2026-07-21 02:57:18.563031;OK;
SENTINELA-E-WCA-OU;71006;17147195;Total de Gols;18;6.50;Mais de 6.5;1.840;World Cup A;2026-07-21 03:09:11.634741;OK;
SENTINELA-E-WCA-OU;71007;17147195;Total de Gols;18;6.50;Menos de 6.5;1.770;World Cup A;2026-07-21 03:09:11.636266;OK;
SENTINELA-E-WCA-OU;71009;17147226;Total de Gols;18;6.50;Mais de 6.5;1.870;World Cup A;2026-07-21 03:09:14.431955;OK;
SENTINELA-E-WCA-OU;71016;17147181;Total de Gols;18;7.50;Mais de 7.5;2.070;World Cup A;2026-07-21 03:21:12.807449;OK;
SENTINELA-E-WCA-OU;71018;17147222;Total de Gols;18;7.50;Menos de 7.5;1.800;World Cup A;2026-07-21 03:21:12.828573;OK;
SENTINELA-E-WCA-OU;71031;17147239;Total de Gols;18;5.50;Menos de 5.5;1.980;World Cup A;2026-07-21 03:33:15.923866;OK;
SENTINELA-E-WCA-OU;71034;17147204;Total de Gols;18;6.50;Mais de 6.5;1.770;World Cup A;2026-07-21 03:33:15.940307;OK;
SENTINELA-E-WCA-OU;71040;17147126;Total de Gols;18;5.50;Mais de 5.5;1.740;World Cup A;2026-07-21 04:10:09.966669;OK;
SENTINELA-E-WCA-OU;71041;17147126;Total de Gols;18;5.50;Menos de 5.5;1.860;World Cup A;2026-07-21 04:10:09.967810;OK;
SENTINELA-E-WCA-OU;71044;17147147;Total de Gols;18;4.50;Mais de 4.5;1.980;World Cup A;2026-07-21 04:10:15.761739;OK;
SENTINELA-E-WCA-OU;71057;17147141;Total de Gols;18;4.50;Menos de 4.5;1.810;World Cup A;2026-07-21 04:22:12.358739;OK;
SENTINELA-E-WCA-OU;71056;17147141;Total de Gols;18;4.50;Mais de 4.5;1.790;World Cup A;2026-07-21 04:22:12.359111;OK;
SENTINELA-E-WCA-OU;71059;17147110;Total de Gols;18;5.50;Menos de 5.5;2.140;World Cup A;2026-07-21 04:22:12.382287;OK;
SENTINELA-E-WCA-OU;71060;17147110;Total de Gols;18;5.50;Mais de 5.5;1.550;World Cup A;2026-07-21 04:22:12.383029;OK;
SENTINELA-E-WCA-OU;71066;17147156;Total de Gols;18;5.50;Menos de 5.5;1.720;World Cup A;2026-07-21 04:34:09.726722;OK;
SENTINELA-E-WCA-OU;71067;17147156;Total de Gols;18;5.50;Mais de 5.5;1.890;World Cup A;2026-07-21 04:34:09.727039;OK;
SENTINELA-E-WCA-OU;71070;17147127;Total de Gols;18;4.50;Mais de 4.5;2.110;World Cup A;2026-07-21 04:34:13.232551;OK;
SENTINELA-E-WCA-OU;71077;17147146;Total de Gols;18;4.50;Menos de 4.5;2.000;World Cup A;2026-07-21 04:46:10.301931;OK;
SENTINELA-E-WCA-OU;71075;17147146;Total de Gols;18;4.50;Mais de 4.5;1.630;World Cup A;2026-07-21 04:46:10.302444;OK;
SENTINELA-E-WCA-OU;71079;17147112;Total de Gols;18;5.50;Menos de 5.5;1.650;World Cup A;2026-07-21 04:46:14.310215;OK;
SENTINELA-E-WCA-OU;71091;17147145;Total de Gols;18;5.50;Menos de 5.5;1.620;World Cup A;2026-07-21 04:58:18.015387;OK;
SENTINELA-E-WCA-OU;71093;17147143;Total de Gols;18;5.50;Menos de 5.5;1.850;World Cup A;2026-07-21 04:58:18.041711;OK;
SENTINELA-E-WCA-OU;71101;17147149;Total de Gols;18;5.50;Mais de 5.5;1.760;World Cup A;2026-07-21 05:10:10.782388;OK;
SENTINELA-E-WCA-OU;71100;17147149;Total de Gols;18;5.50;Menos de 5.5;1.840;World Cup A;2026-07-21 05:10:10.782431;OK;
SENTINELA-E-WCA-OU;71102;17147101;Total de Gols;18;4.50;Mais de 4.5;1.960;World Cup A;2026-07-21 05:10:14.479130;OK;
SENTINELA-E-WCA-OU;71105;17148854;Total de Gols;18;5.50;Mais de 5.5;1.570;FC26 World Cup A;2026-07-21 05:11:05.647781;OK;
SENTINELA-E-WCA-OU;71114;17147103;Total de Gols;18;4.50;Mais de 4.5;1.910;World Cup A;2026-07-21 05:22:10.310753;OK;
SENTINELA-E-WCA-OU;71115;17147103;Total de Gols;18;4.50;Menos de 4.5;1.700;World Cup A;2026-07-21 05:22:10.311807;OK;
SENTINELA-E-WCA-OU;71117;17147142;Total de Gols;18;5.50;Mais de 5.5;1.560;World Cup A;2026-07-21 05:22:10.333517;OK;
SENTINELA-E-WCA-OU;71131;17147116;Total de Gols;18;5.50;Mais de 5.5;1.790;World Cup A;2026-07-21 05:34:12.779677;OK;
SENTINELA-E-WCA-OU;71132;17147116;Total de Gols;18;5.50;Menos de 5.5;1.810;World Cup A;2026-07-21 05:34:12.780757;OK;
SENTINELA-E-WCA-OU;71137;17148860;Total de Gols;18;4.50;Mais de 4.5;1.667;FC26 World Cup A;2026-07-21 05:46:07.664116;REPROVADA;odd_diverge(1.667!=1.6667)
SENTINELA-E-WCA-OU;71136;17148860;Total de Gols;18;4.50;Menos de 4.5;2.000;FC26 World Cup A;2026-07-21 05:46:07.664416;OK;
SENTINELA-E-WCA-OU;71141;17147164;Total de Gols;18;5.50;Mais de 5.5;1.970;World Cup A;2026-07-21 05:46:11.940309;OK;
SENTINELA-E-WCA-OU;71142;17147163;Total de Gols;18;5.50;Mais de 5.5;2.120;World Cup A;2026-07-21 05:46:11.952288;OK;
SENTINELA-E-WCA-OU;71144;17148859;Total de Gols;18;5.50;Mais de 5.5;1.800;FC26 World Cup A;2026-07-21 05:46:57.656467;OK;
SENTINELA-E-WCA-OU;71145;17148859;Total de Gols;18;5.50;Menos de 5.5;1.840;FC26 World Cup A;2026-07-21 05:46:57.657455;OK;
SENTINELA-E-WCA-OU;71151;17147119;Total de Gols;18;5.50;Menos de 5.5;1.820;World Cup A;2026-07-21 05:58:10.665062;OK;
SENTINELA-E-WCA-OU;71152;17147119;Total de Gols;18;5.50;Mais de 5.5;1.780;World Cup A;2026-07-21 05:58:10.666576;OK;
SENTINELA-E-WCA-OU;71155;17147192;Total de Gols;18;5.50;Mais de 5.5;1.930;World Cup A;2026-07-21 05:58:17.954754;OK;
SENTINELA-E-WCA-OU;71161;17147364;Total de Gols;18;5.50;Menos de 5.5;1.700;World Cup A;2026-07-21 06:00:14.581523;OK;
SENTINELA-E-WCA-OU;71162;17147314;Total de Gols;18;5.50;Mais de 5.5;1.860;World Cup A;2026-07-21 06:00:14.595641;OK;
SENTINELA-E-WCA-OU;71170;17147382;Total de Gols;18;7.50;Menos de 7.5;1.750;World Cup A;2026-07-21 06:14:05.530509;OK;
SENTINELA-E-WCA-OU;71171;17147382;Total de Gols;18;7.50;Mais de 7.5;1.850;World Cup A;2026-07-21 06:14:05.541441;OK;
SENTINELA-E-WCA-OU;71172;17147290;Total de Gols;18;6.50;Mais de 6.5;1.560;World Cup A;2026-07-21 06:14:05.570307;OK;
SENTINELA-E-WCA-OU;71173;17147290;Total de Gols;18;6.50;Menos de 6.5;2.130;World Cup A;2026-07-21 06:14:05.570614;OK;
SENTINELA-E-WCA-OU;71181;17147233;Total de Gols;18;7.50;Mais de 7.5;2.110;World Cup A;2026-07-21 06:16:41.864734;OK;
SENTINELA-E-WCA-OU;71183;17147248;Total de Gols;18;5.50;Mais de 5.5;1.580;World Cup A;2026-07-21 06:16:41.940831;OK;
SENTINELA-E-WCA-OU;71195;17147310;Total de Gols;18;7.50;Menos de 7.5;1.690;World Cup A;2026-07-21 06:24:23.813112;OK;
SENTINELA-E-WCA-OU;71197;17147315;Total de Gols;18;4.50;Mais de 4.5;1.670;World Cup A;2026-07-21 06:24:23.928468;OK;
SENTINELA-E-WCA-OU;71198;17147315;Total de Gols;18;4.50;Menos de 4.5;1.950;World Cup A;2026-07-21 06:24:23.930118;OK;
SENTINELA-E-WCA-OU;71205;17147272;Total de Gols;18;6.50;Menos de 6.5;1.580;World Cup A;2026-07-21 06:28:36.249820;OK;
SENTINELA-E-WCA-OU;71207;17147210;Total de Gols;18;6.50;Menos de 6.5;1.920;World Cup A;2026-07-21 06:28:36.554222;OK;
SENTINELA-E-WCA-OU;71213;17147328;Total de Gols;18;7.50;Menos de 7.5;1.570;World Cup A;2026-07-21 06:36:10.593284;OK;
SENTINELA-E-WCA-OU;71214;17147328;Total de Gols;18;7.50;Mais de 7.5;2.110;World Cup A;2026-07-21 06:36:10.596255;OK;
SENTINELA-E-WCA-OU;71216;17147312;Total de Gols;18;5.50;Mais de 5.5;1.620;World Cup A;2026-07-21 06:36:24.584541;OK;
SENTINELA-E-WCA-OU;71223;17147202;Total de Gols;18;7.50;Menos de 7.5;2.040;World Cup A;2026-07-21 06:40:37.571881;OK;
SENTINELA-E-WCA-OU;71224;17147255;Total de Gols;18;6.50;Menos de 6.5;1.890;World Cup A;2026-07-21 06:40:37.615788;OK;
SENTINELA-E-WCA-OU;71227;17147387;Total de Gols;18;5.50;Mais de 5.5;1.700;World Cup A;2026-07-21 06:48:33.411762;OK;
SENTINELA-E-WCA-OU;71228;17147291;Total de Gols;18;4.50;Menos de 4.5;2.030;World Cup A;2026-07-21 06:48:33.451413;OK;
SENTINELA-E-WCA-OU;71233;17147235;Total de Gols;18;6.50;Menos de 6.5;1.840;World Cup A;2026-07-21 06:51:58.659593;OK;
SENTINELA-E-WCA-OU;71236;17147216;Total de Gols;18;6.50;Mais de 6.5;1.730;World Cup A;2026-07-21 06:51:58.941814;OK;
SENTINELA-E-WCA-OU;71249;17147338;Total de Gols;18;5.50;Menos de 5.5;1.760;World Cup A;2026-07-21 07:00:45.221995;OK;
SENTINELA-E-WCA-OU;71251;17147350;Total de Gols;18;5.50;Menos de 5.5;1.680;World Cup A;2026-07-21 07:00:45.245677;OK;
SENTINELA-E-WCA-OU;71256;17147232;Total de Gols;18;6.50;Mais de 6.5;1.590;World Cup A;2026-07-21 07:04:44.680601;OK;
SENTINELA-E-WCA-OU;71259;17147259;Total de Gols;18;4.50;Menos de 4.5;1.990;World Cup A;2026-07-21 07:04:46.397770;OK;
SENTINELA-E-WCA-OU;71262;17147339;Total de Gols;18;6.50;Menos de 6.5;1.770;World Cup A;2026-07-21 07:12:26.891641;OK;
SENTINELA-E-WCA-OU;71263;17147333;Total de Gols;18;7.50;Menos de 7.5;1.590;World Cup A;2026-07-21 07:12:26.893276;OK;
SENTINELA-E-WCA-OU;71270;17147274;Total de Gols;18;7.50;Menos de 7.5;2.050;World Cup A;2026-07-21 07:15:11.480191;OK;
SENTINELA-E-WCA-OU;71271;17147274;Total de Gols;18;7.50;Mais de 7.5;1.610;World Cup A;2026-07-21 07:15:11.482115;OK;
SENTINELA-E-WCA-OU;71273;17147220;Total de Gols;18;5.50;Mais de 5.5;1.550;World Cup A;2026-07-21 07:15:18.388906;OK;
SENTINELA-E-WCA-OU;71278;17147311;Total de Gols;18;6.50;Menos de 6.5;2.100;World Cup A;2026-07-21 07:24:46.610239;OK;
SENTINELA-E-WCA-OU;71279;17147293;Total de Gols;18;4.50;Mais de 4.5;1.810;World Cup A;2026-07-21 07:24:46.659400;OK;
SENTINELA-E-WCA-OU;71287;17147281;Total de Gols;18;5.50;Mais de 5.5;1.630;World Cup A;2026-07-21 07:28:28.876261;OK;
SENTINELA-E-WCA-OU;71290;17147254;Total de Gols;18;8.50;Mais de 8.5;1.810;World Cup A;2026-07-21 07:29:10.073764;OK;
SENTINELA-E-WCA-OU;71300;17147329;Total de Gols;18;5.50;Mais de 5.5;1.640;World Cup A;2026-07-21 07:36:11.641959;OK;
SENTINELA-E-WCA-OU;71302;17147349;Total de Gols;18;7.50;Mais de 7.5;2.040;World Cup A;2026-07-21 07:36:11.662406;OK;
SENTINELA-E-WCA-OU;71303;17147349;Total de Gols;18;7.50;Menos de 7.5;1.610;World Cup A;2026-07-21 07:36:11.666448;OK;
SENTINELA-E-WCA-OU;71308;17147236;Total de Gols;18;6.50;Mais de 6.5;1.960;World Cup A;2026-07-21 07:39:46.781666;OK;
SENTINELA-E-WCA-OU;71309;17147236;Total de Gols;18;6.50;Menos de 6.5;1.670;World Cup A;2026-07-21 07:39:46.782110;OK;
SENTINELA-E-WCA-OU;71313;17147243;Total de Gols;18;7.50;Mais de 7.5;2.010;World Cup A;2026-07-21 07:39:48.409050;OK;
SENTINELA-E-WCA-OU;71317;17147342;Total de Gols;18;5.50;Mais de 5.5;2.100;World Cup A;2026-07-21 07:48:14.055292;OK;
SENTINELA-E-WCA-OU;71319;17147361;Total de Gols;18;5.50;Menos de 5.5;1.990;World Cup A;2026-07-21 07:48:14.068549;OK;
SENTINELA-E-WCA-OU;71324;17147258;Total de Gols;18;6.50;Mais de 6.5;1.730;World Cup A;2026-07-21 07:51:11.451086;OK;
SENTINELA-E-WCA-OU;71326;17147214;Total de Gols;18;6.50;Mais de 6.5;1.830;World Cup A;2026-07-21 07:51:11.472489;OK;
SENTINELA-E-WCA-OU;71330;17147253;Total de Gols;18;5.50;Mais de 5.5;1.770;World Cup A;2026-07-21 08:03:26.452150;OK;
SENTINELA-E-WCA-OU;71333;17147234;Total de Gols;18;6.50;Menos de 6.5;1.880;World Cup A;2026-07-21 08:03:26.619214;OK;
SENTINELA-E-WCA-OU;71336;17148903;Total de Gols;18;5.50;Mais de 5.5;1.860;FC26 World Cup A;2026-07-21 08:04:26.496210;OK;
SENTINELA-E-WCA-OU;71337;17148903;Total de Gols;18;5.50;Menos de 5.5;1.770;FC26 World Cup A;2026-07-21 08:04:26.496987;OK;
SENTINELA-E-WCA-OU;71349;17148905;Total de Gols;18;3.50;Mais de 3.5;2.170;FC26 World Cup A;2026-07-21 08:23:14.925711;OK;
SENTINELA-E-WCA-OU;71350;17148904;Total de Gols;18;6.50;Menos de 6.5;1.750;FC26 World Cup A;2026-07-21 08:23:14.926799;OK;
SENTINELA-E-WCA-OU;71351;17148905;Total de Gols;18;3.50;Menos de 3.5;1.560;FC26 World Cup A;2026-07-21 08:23:14.928698;OK;
SENTINELA-E-WCA-OU;71353;17148906;Total de Gols;18;4.50;Mais de 4.5;1.610;FC26 World Cup A;2026-07-21 08:34:59.598504;OK;
SENTINELA-E-WCA-OU;71354;17148907;Total de Gols;18;2.50;Menos de 2.5;2.130;FC26 World Cup A;2026-07-21 08:34:59.631313;OK;
SENTINELA-E-WCA-OU;71358;17147160;Total de Gols;18;6.50;Mais de 6.5;1.640;World Cup A;2026-07-21 08:42:05.595364;OK;
SENTINELA-E-WCA-OU;71360;17147208;Total de Gols;18;3.50;Mais de 3.5;1.610;World Cup A;2026-07-21 08:42:06.366359;OK;
SENTINELA-E-WCA-OU;71372;17147154;Total de Gols;18;5.50;Mais de 5.5;1.600;World Cup A;2026-07-21 08:52:47.368011;OK;
SENTINELA-E-WCA-OU;71373;17147154;Total de Gols;18;5.50;Menos de 5.5;2.060;World Cup A;2026-07-21 08:52:47.369185;OK;
SENTINELA-E-WCA-OU;71376;17147161;Total de Gols;18;4.50;Menos de 4.5;1.730;World Cup A;2026-07-21 08:54:18.535306;OK;
SENTINELA-E-WCA-OU;71380;17147179;Total de Gols;18;5.50;Mais de 5.5;2.060;World Cup A;2026-07-21 09:05:23.027214;OK;
SENTINELA-E-WCA-OU;71382;17147242;Total de Gols;18;3.50;Mais de 3.5;1.570;World Cup A;2026-07-21 09:05:24.121934;OK;
SENTINELA-E-WCA-OU;71386;17147162;Total de Gols;18;5.50;Menos de 5.5;1.630;World Cup A;2026-07-21 09:16:14.405710;OK;
SENTINELA-E-WCA-OU;71387;17147162;Total de Gols;18;5.50;Mais de 5.5;2.000;World Cup A;2026-07-21 09:16:14.407523;OK;
SENTINELA-E-WCA-OU;71404;17147148;Total de Gols;18;4.50;Menos de 4.5;2.080;World Cup A;2026-07-21 09:28:39.666660;OK;
SENTINELA-E-WCA-OU;71409;17147172;Total de Gols;18;5.50;Menos de 5.5;2.090;World Cup A;2026-07-21 09:30:25.011748;OK;
SENTINELA-E-WCA-OU;71414;17147165;Total de Gols;18;4.50;Mais de 4.5;1.850;World Cup A;2026-07-21 09:40:34.985005;OK;
SENTINELA-E-WCA-OU;71416;17147183;Total de Gols;18;5.50;Menos de 5.5;1.730;World Cup A;2026-07-21 09:40:35.287685;OK;
SENTINELA-E-WCA-OU;71419;17147170;Total de Gols;18;3.50;Mais de 3.5;1.480;World Cup A;2026-07-21 09:53:41.079547;OK;
SENTINELA-E-WCA-OU;71420;17147196;Total de Gols;18;6.50;Mais de 6.5;2.060;World Cup A;2026-07-21 09:53:41.299598;OK;
SENTINELA-E-WCA-OU;71432;17147200;Total de Gols;18;4.50;Mais de 4.5;1.610;World Cup A;2026-07-21 10:05:14.321904;OK;
SENTINELA-E-WCA-OU;71435;17147205;Total de Gols;18;5.50;Mais de 5.5;2.050;World Cup A;2026-07-21 10:05:18.105893;OK;
SENTINELA-E-WCA-OU;71439;17147166;Total de Gols;18;5.50;Mais de 5.5;1.980;World Cup A;2026-07-21 10:16:13.164361;OK;
SENTINELA-E-WCA-OU;71441;17147176;Total de Gols;18;5.50;Mais de 5.5;2.080;World Cup A;2026-07-21 10:16:13.168499;OK;
SENTINELA-E-WCA-OU;71448;17152203;Total de Gols;18;6.50;Menos de 6.5;1.720;World Cup A;2026-07-21 10:26:45.691187;OK;
SENTINELA-E-WCA-OU;71450;17152195;Total de Gols;18;7.50;Menos de 7.5;1.950;World Cup A;2026-07-21 10:26:52.593248;OK;
SENTINELA-E-WCA-OU;71454;17147159;Total de Gols;18;6.50;Mais de 6.5;1.640;World Cup A;2026-07-21 10:30:06.016052;OK;
SENTINELA-E-WCA-OU;71457;17147175;Total de Gols;18;7.50;Mais de 7.5;1.920;World Cup A;2026-07-21 10:30:06.886114;OK;
SENTINELA-E-WCA-OU;71468;17152197;Total de Gols;18;5.50;Mais de 5.5;1.570;World Cup A;2026-07-21 10:38:18.540018;OK;
SENTINELA-E-WCA-OU;71470;17152200;Total de Gols;18;6.50;Mais de 6.5;1.720;World Cup A;2026-07-21 10:38:58.217281;OK;
SENTINELA-E-WCA-OU;71476;17152210;Total de Gols;18;4.50;Mais de 4.5;1.910;World Cup A;2026-07-21 10:50:56.706251;OK;
SENTINELA-E-WCA-OU;71479;17152208;Total de Gols;18;7.50;Menos de 7.5;1.760;World Cup A;2026-07-21 10:50:56.761541;OK;
SENTINELA-E-WCA-OU;71482;17152201;Total de Gols;18;5.50;Mais de 5.5;1.710;World Cup A;2026-07-21 11:01:31.226486;OK;
SENTINELA-E-WCA-OU;71484;17152198;Total de Gols;18;6.50;Menos de 6.5;1.930;World Cup A;2026-07-21 11:01:31.386128;OK;
SENTINELA-E-WCA-OU;71494;17152196;Total de Gols;18;7.50;Mais de 7.5;1.690;World Cup A;2026-07-21 11:13:28.889398;OK;
SENTINELA-E-WCA-OU;71496;17152207;Total de Gols;18;5.50;Menos de 5.5;1.970;World Cup A;2026-07-21 11:13:29.032233;OK;
SENTINELA-E-WCA-OU;71506;17152199;Total de Gols;18;7.50;Mais de 7.5;1.640;World Cup A;2026-07-21 11:25:28.542318;OK;
SENTINELA-E-WCA-OU;71509;17152211;Total de Gols;18;7.50;Mais de 7.5;1.890;World Cup A;2026-07-21 11:25:32.907932;OK;
SENTINELA-E-WCA-OU;71513;17152202;Total de Gols;18;6.50;Mais de 6.5;1.860;World Cup A;2026-07-21 11:38:10.240252;OK;
SENTINELA-E-WCA-OU;71515;17152230;Total de Gols;18;7.50;Mais de 7.5;1.930;World Cup A;2026-07-21 11:38:49.402519;OK;
SENTINELA-E-WCA-OU;71519;17152217;Total de Gols;18;7.50;Mais de 7.5;1.720;World Cup A;2026-07-21 11:49:24.565755;OK;
SENTINELA-E-WCA-OU;71520;17152209;Total de Gols;18;5.50;Menos de 5.5;1.650;World Cup A;2026-07-21 11:49:24.680986;OK;
SENTINELA-E-WCA-OU;71535;17152204;Total de Gols;18;5.50;Mais de 5.5;1.710;World Cup A;2026-07-21 12:01:26.666046;OK;
SENTINELA-E-WCA-OU;71536;17152206;Total de Gols;18;6.50;Mais de 6.5;1.660;World Cup A;2026-07-21 12:01:26.681309;OK;
SENTINELA-E-WCA-OU;71540;17152205;Total de Gols;18;9.50;Mais de 9.5;2.010;World Cup A;2026-07-21 12:14:14.584810;OK;
SENTINELA-E-WCA-OU;71542;17152238;Total de Gols;18;5.50;Mais de 5.5;1.840;World Cup A;2026-07-21 12:14:14.600998;OK;
SENTINELA-E-WCA-OU;71548;17152328;Total de Gols;18;5.50;Mais de 5.5;1.730;World Cup A;2026-07-21 12:20:48.552999;OK;
SENTINELA-E-WCA-OU;71549;17152349;Total de Gols;18;5.50;Menos de 5.5;1.950;World Cup A;2026-07-21 12:20:58.872976;OK;
SENTINELA-E-WCA-OU;71566;17152362;Total de Gols;18;4.50;Mais de 4.5;1.990;World Cup A;2026-07-21 12:33:09.305868;OK;
SENTINELA-E-WCA-OU;71567;17152471;Total de Gols;18;5.50;Mais de 5.5;2.150;World Cup A;2026-07-21 12:33:09.525196;OK;
SENTINELA-E-WCA-OU;71572;17152379;Total de Gols;18;4.50;Mais de 4.5;1.980;World Cup A;2026-07-21 12:44:51.628537;OK;
SENTINELA-E-WCA-OU;71573;17152386;Total de Gols;18;5.50;Menos de 5.5;1.750;World Cup A;2026-07-21 12:44:51.668567;OK;
SENTINELA-E-WCA-OU;71580;17151998;Total de Gols;18;4.50;Mais de 4.5;2.040;World Cup A;2026-07-21 12:51:11.724786;OK;
SENTINELA-E-WCA-OU;71581;17151998;Total de Gols;18;4.50;Menos de 4.5;1.610;World Cup A;2026-07-21 12:51:11.726346;OK;
SENTINELA-E-WCA-OU;71583;17152002;Total de Gols;18;7.50;Mais de 7.5;1.570;World Cup A;2026-07-21 12:51:11.977112;OK;
SENTINELA-E-WCA-OU;71587;17152346;Total de Gols;18;5.50;Mais de 5.5;1.630;World Cup A;2026-07-21 12:56:08.189434;OK;
SENTINELA-E-WCA-OU;71589;17152375;Total de Gols;18;5.50;Menos de 5.5;1.620;World Cup A;2026-07-21 12:56:08.229491;OK;
SENTINELA-E-WCA-OU;71595;17151992;Total de Gols;18;5.50;Mais de 5.5;1.850;World Cup A;2026-07-21 13:02:31.195792;OK;
SENTINELA-E-WCA-OU;71597;17152000;Total de Gols;18;7.50;Mais de 7.5;1.850;World Cup A;2026-07-21 13:02:31.261927;OK;
SENTINELA-E-WCA-OU;71598;17152000;Total de Gols;18;7.50;Menos de 7.5;1.750;World Cup A;2026-07-21 13:02:31.263565;OK;
SENTINELA-E-WCA-OU;71611;17152384;Total de Gols;18;4.50;Menos de 4.5;2.040;World Cup A;2026-07-21 13:08:37.003679;OK;
SENTINELA-E-WCA-OU;71614;17152384;Total de Gols;18;4.50;Mais de 4.5;1.610;World Cup A;2026-07-21 13:08:37.011307;OK;
SENTINELA-E-WCA-OU;71615;17152350;Total de Gols;18;7.50;Mais de 7.5;2.040;World Cup A;2026-07-21 13:08:40.169663;OK;
SENTINELA-E-WCA-OU;71616;17152350;Total de Gols;18;7.50;Menos de 7.5;1.610;World Cup A;2026-07-21 13:08:40.171335;OK;
SENTINELA-E-WCA-OU;71622;17152015;Total de Gols;18;5.50;Mais de 5.5;1.890;World Cup A;2026-07-21 13:14:35.699671;OK;
SENTINELA-E-WCA-OU;71625;17152003;Total de Gols;18;5.50;Mais de 5.5;1.800;World Cup A;2026-07-21 13:14:35.711686;OK;
SENTINELA-E-WCA-OU;71631;17152368;Total de Gols;18;4.50;Mais de 4.5;1.560;World Cup A;2026-07-21 13:20:25.107833;OK;
SENTINELA-E-WCA-OU;71633;17152334;Total de Gols;18;6.50;Mais de 6.5;1.920;World Cup A;2026-07-21 13:20:25.139006;OK;
SENTINELA-E-WCA-OU;71639;17151999;Total de Gols;18;6.50;Mais de 6.5;1.740;World Cup A;2026-07-21 13:26:15.482074;OK;
SENTINELA-E-WCA-OU;71640;17151991;Total de Gols;18;5.50;Mais de 5.5;1.580;World Cup A;2026-07-21 13:26:15.483278;OK;
SENTINELA-E-WCA-OU;71645;17152366;Total de Gols;18;6.50;Mais de 6.5;1.650;World Cup A;2026-07-21 13:33:27.513943;OK;
SENTINELA-E-WCA-OU;71648;17152356;Total de Gols;18;6.50;Mais de 6.5;1.960;World Cup A;2026-07-21 13:33:27.756874;OK;
SENTINELA-E-WCA-OU;71652;17152005;Total de Gols;18;5.50;Menos de 5.5;2.040;World Cup A;2026-07-21 13:38:52.352530;OK;
SENTINELA-E-WCA-OU;71653;17151996;Total de Gols;18;7.50;Menos de 7.5;1.700;World Cup A;2026-07-21 13:38:52.424340;OK;
SENTINELA-E-WCA-OU;71664;17152354;Total de Gols;18;5.50;Mais de 5.5;1.770;World Cup A;2026-07-21 13:44:35.508677;OK;
SENTINELA-E-WCA-OU;71667;17152469;Total de Gols;18;4.50;Menos de 4.5;1.780;World Cup A;2026-07-21 13:44:35.602290;OK;
SENTINELA-E-WCA-OU;71670;17151994;Total de Gols;18;7.50;Menos de 7.5;2.050;World Cup A;2026-07-21 13:50:13.844168;OK;
SENTINELA-E-WCA-OU;71673;17151995;Total de Gols;18;4.50;Mais de 4.5;1.720;World Cup A;2026-07-21 13:50:13.919011;OK;
SENTINELA-E-WCA-OU;71679;17152369;Total de Gols;18;5.50;Mais de 5.5;1.890;World Cup A;2026-07-21 13:56:09.754685;OK;
SENTINELA-E-WCA-OU;71680;17152351;Total de Gols;18;5.50;Mais de 5.5;1.680;World Cup A;2026-07-21 13:56:09.760043;OK;
SENTINELA-E-WCA-OU;71688;17151993;Total de Gols;18;4.50;Mais de 4.5;1.650;World Cup A;2026-07-21 14:03:07.682060;OK;
SENTINELA-E-WCA-OU;71691;17152006;Total de Gols;18;7.50;Mais de 7.5;1.620;World Cup A;2026-07-21 14:03:54.640774;OK;
SENTINELA-E-WCA-OU;71696;17152382;Total de Gols;18;6.50;Mais de 6.5;1.720;World Cup A;2026-07-21 14:08:27.883426;OK;
SENTINELA-E-WCA-OU;71697;17152382;Total de Gols;18;6.50;Menos de 6.5;1.890;World Cup A;2026-07-21 14:08:27.887319;OK;
SENTINELA-E-WCA-OU;71698;17152473;Total de Gols;18;4.50;Mais de 4.5;1.760;World Cup A;2026-07-21 14:08:27.911584;OK;
SENTINELA-E-WCA-OU;71702;17152009;Total de Gols;18;5.50;Menos de 5.5;1.620;World Cup A;2026-07-21 14:14:52.109528;OK;
SENTINELA-E-WCA-OU;71705;17152004;Total de Gols;18;5.50;Menos de 5.5;1.710;World Cup A;2026-07-21 14:14:52.112252;OK;
SENTINELA-E-WCA-OU;71704;17152009;Total de Gols;18;5.50;Mais de 5.5;2.020;World Cup A;2026-07-21 14:14:52.115777;OK;
SENTINELA-E-WCA-OU;71711;17152017;Total de Gols;18;5.50;Mais de 5.5;1.630;World Cup A;2026-07-21 14:26:09.090733;OK;
SENTINELA-E-WCA-OU;71712;17152017;Total de Gols;18;5.50;Menos de 5.5;2.010;World Cup A;2026-07-21 14:26:09.092094;OK;
SENTINELA-E-WCA-OU;71714;17152010;Total de Gols;18;6.50;Menos de 6.5;1.960;World Cup A;2026-07-21 14:26:09.117923;OK;
SENTINELA-E-WCA-OU;71727;17152013;Total de Gols;18;6.50;Mais de 6.5;1.960;World Cup A;2026-07-21 14:38:28.910980;OK;
SENTINELA-E-WCA-OU;71725;17152001;Total de Gols;18;6.50;Mais de 6.5;1.740;World Cup A;2026-07-21 14:38:28.912132;OK;
SENTINELA-E-WCA-OU;71734;17152242;Total de Gols;18;7.50;Mais de 7.5;1.600;World Cup A;2026-07-21 14:55:48.604227;OK;
SENTINELA-E-WCA-OU;71738;17152275;Total de Gols;18;6.50;Mais de 6.5;1.940;World Cup A;2026-07-21 14:55:48.828538;OK;
SENTINELA-E-WCA-OU;71754;17152272;Total de Gols;18;6.50;Mais de 6.5;1.810;World Cup A;2026-07-21 15:07:44.152316;OK;
SENTINELA-E-WCA-OU;71758;17152235;Total de Gols;18;5.50;Mais de 5.5;1.690;World Cup A;2026-07-21 15:07:44.448623;OK;
SENTINELA-E-WCA-OU;71762;17152259;Total de Gols;18;8.50;Mais de 8.5;2.030;World Cup A;2026-07-21 15:20:48.255452;OK;
SENTINELA-E-WCA-OU;71763;17152220;Total de Gols;18;5.50;Mais de 5.5;2.170;World Cup A;2026-07-21 15:20:48.302465;OK;
SENTINELA-E-WCA-OU;71772;17152273;Total de Gols;18;7.50;Mais de 7.5;1.990;World Cup A;2026-07-21 15:32:40.413683;OK;
SENTINELA-E-WCA-OU;71774;17152298;Total de Gols;18;5.50;Menos de 5.5;1.580;World Cup A;2026-07-21 15:32:40.811623;OK;
SENTINELA-E-WCA-OU;71789;17152307;Total de Gols;18;7.50;Mais de 7.5;1.870;World Cup A;2026-07-21 15:44:10.016112;OK;
SENTINELA-E-WCA-OU;71790;17152222;Total de Gols;18;7.50;Mais de 7.5;2.100;World Cup A;2026-07-21 15:44:10.094551;OK;
SENTINELA-E-WCA-OU;71796;17152215;Total de Gols;18;7.50;Mais de 7.5;1.770;World Cup A;2026-07-21 15:55:53.883928;OK;
SENTINELA-E-WCA-OU;71799;17152244;Total de Gols;18;7.50;Mais de 7.5;1.630;World Cup A;2026-07-21 15:55:54.279052;OK;
SENTINELA-E-WCA-OU;71807;17152251;Total de Gols;18;6.50;Mais de 6.5;1.580;World Cup A;2026-07-21 16:07:47.904663;OK;
SENTINELA-E-WCA-OU;71808;17152257;Total de Gols;18;6.50;Menos de 6.5;1.870;World Cup A;2026-07-21 16:07:47.940136;OK;
SENTINELA-E-WCA-OU;71824;17152278;Total de Gols;18;6.50;Mais de 6.5;1.580;World Cup A;2026-07-21 16:19:26.477566;OK;
SENTINELA-E-WCA-OU;71829;17152231;Total de Gols;18;7.50;Mais de 7.5;1.930;World Cup A;2026-07-21 16:31:37.721772;OK;
SENTINELA-E-WCA-OU;71830;17152267;Total de Gols;18;5.50;Menos de 5.5;2.110;World Cup A;2026-07-21 16:31:37.723138;OK;
SENTINELA-E-WCA-OU;71839;17152250;Total de Gols;18;5.50;Mais de 5.5;1.800;World Cup A;2026-07-21 16:43:20.734631;OK;
SENTINELA-E-WCA-OU;71840;17152292;Total de Gols;18;7.50;Mais de 7.5;1.660;World Cup A;2026-07-21 16:43:20.784376;OK;
SENTINELA-E-WCA-OU;71859;17152248;Total de Gols;18;5.50;Mais de 5.5;1.760;World Cup A;2026-07-21 16:56:43.868984;OK;
SENTINELA-E-WCA-OU;71860;17152318;Total de Gols;18;5.50;Mais de 5.5;1.990;World Cup A;2026-07-21 16:56:43.873033;OK;
SENTINELA-E-WCA-OU;71868;17152240;Total de Gols;18;4.50;Mais de 4.5;2.190;World Cup A;2026-07-21 17:07:54.179659;OK;
SENTINELA-E-WCA-OU;71869;17152240;Total de Gols;18;4.50;Menos de 4.5;1.530;World Cup A;2026-07-21 17:07:54.180579;OK;
SENTINELA-E-WCA-OU;71876;17152293;Total de Gols;18;4.50;Mais de 4.5;1.550;World Cup A;2026-07-21 17:19:23.590677;OK;
SENTINELA-E-WCA-OU;71877;17152312;Total de Gols;18;4.50;Menos de 4.5;1.530;World Cup A;2026-07-21 17:19:24.697525;OK;
SENTINELA-E-WCA-OU;71889;17152223;Total de Gols;18;4.50;Mais de 4.5;1.660;World Cup A;2026-07-21 17:31:12.377958;OK;
SENTINELA-E-WCA-OU;71890;17152281;Total de Gols;18;5.50;Menos de 5.5;1.970;World Cup A;2026-07-21 17:31:12.451926;OK;
SENTINELA-E-WCA-OU;71899;17152219;Total de Gols;18;4.50;Menos de 4.5;1.540;World Cup A;2026-07-21 17:43:57.623979;OK;
SENTINELA-E-WCA-OU;71901;17152255;Total de Gols;18;6.50;Mais de 6.5;1.950;World Cup A;2026-07-21 17:45:54.796886;OK;
SENTINELA-E-WCA-OU;71905;17152247;Total de Gols;18;5.50;Menos de 5.5;1.660;World Cup A;2026-07-21 17:55:30.517557;OK;
SENTINELA-E-WCA-OU;71907;17152301;Total de Gols;18;5.50;Mais de 5.5;1.730;World Cup A;2026-07-21 17:55:30.542926;OK;
SENTINELA-E-WCA-OU;71930;17152289;Total de Gols;18;5.50;Menos de 5.5;1.800;World Cup A;2026-07-21 18:07:08.307325;OK;
SENTINELA-E-WCA-OU;71932;17152288;Total de Gols;18;4.50;Mais de 4.5;1.990;World Cup A;2026-07-21 18:07:08.362841;OK;
SENTINELA-E-WCA-OU;71942;17152246;Total de Gols;18;5.50;Mais de 5.5;2.120;World Cup A;2026-07-21 18:19:11.199765;OK;
SENTINELA-E-WCA-OU;71944;17152254;Total de Gols;18;3.50;Mais de 3.5;1.530;World Cup A;2026-07-21 18:19:11.213601;OK;
SENTINELA-E-WCA-OU;71948;17152270;Total de Gols;18;5.50;Menos de 5.5;1.830;World Cup A;2026-07-21 18:31:14.189877;OK;
SENTINELA-E-WCA-OU;71950;17152300;Total de Gols;18;4.50;Mais de 4.5;1.560;World Cup A;2026-07-21 18:31:14.272745;OK;
SENTINELA-E-WCA-OU;71969;17152296;Total de Gols;18;5.50;Menos de 5.5;2.160;World Cup A;2026-07-21 18:43:11.732082;OK;
SENTINELA-E-WCA-OU;71968;17152296;Total de Gols;18;5.50;Mais de 5.5;1.540;World Cup A;2026-07-21 18:43:11.732478;OK;
SENTINELA-E-WCA-OUHT;70677;17143277;1ª tempo - Total de gols;68;2.50;Mais de 2.5;1.860;World Cup A;2026-07-20 22:01:51.854074;OK;
SENTINELA-E-WCA-OUHT;70683;17143245;1ª tempo - Total de gols;68;2.50;Mais de 2.5;1.790;World Cup A;2026-07-20 22:03:39.081849;OK;
SENTINELA-E-WCA-OUHT;70682;17143155;1ª tempo - Total de gols;68;1.50;Menos de 1.5;1.910;World Cup A;2026-07-20 22:03:39.085071;OK;
SENTINELA-E-WCA-OUHT;70702;17143294;1ª tempo - Total de gols;68;2.50;Mais de 2.5;1.640;World Cup A;2026-07-20 22:12:28.134350;OK;
SENTINELA-E-WCA-OUHT;70703;17143288;1ª tempo - Total de gols;68;2.50;Mais de 2.5;1.840;World Cup A;2026-07-20 22:12:28.149702;OK;
SENTINELA-E-WCA-OUHT;70711;17143247;1ª tempo - Total de gols;68;2.50;Mais de 2.5;1.820;World Cup A;2026-07-20 22:15:18.285183;OK;
SENTINELA-E-WCA-OUHT;70712;17143168;1ª tempo - Total de gols;68;2.50;Menos de 2.5;1.560;World Cup A;2026-07-20 22:15:18.287036;OK;
SENTINELA-E-WCA-OUHT;70713;17143168;1ª tempo - Total de gols;68;2.50;Mais de 2.5;2.130;World Cup A;2026-07-20 22:15:18.287615;OK;
SENTINELA-E-WCA-OUHT;70725;17143292;1ª tempo - Total de gols;68;3.50;Mais de 3.5;2.130;World Cup A;2026-07-20 22:24:16.948322;OK;
SENTINELA-E-WCA-OUHT;70731;17143181;1ª tempo - Total de gols;68;2.50;Mais de 2.5;1.970;World Cup A;2026-07-20 22:27:47.329868;OK;
SENTINELA-E-WCA-OUHT;70732;17143191;1ª tempo - Total de gols;68;2.50;Menos de 2.5;1.560;World Cup A;2026-07-20 22:27:47.365479;OK;
SENTINELA-E-WCA-OUHT;70744;17143267;1ª tempo - Total de gols;68;3.50;Mais de 3.5;2.300;World Cup A;2026-07-20 22:36:10.744219;OK;
SENTINELA-E-WCA-OUHT;70745;17143267;1ª tempo - Total de gols;68;3.50;Menos de 3.5;1.480;World Cup A;2026-07-20 22:36:10.745846;OK;
SENTINELA-E-WCA-OUHT;70751;17143212;1ª tempo - Total de gols;68;2.50;Mais de 2.5;1.670;World Cup A;2026-07-20 22:39:38.326341;OK;
SENTINELA-E-WCA-OUHT;70750;17143246;1ª tempo - Total de gols;68;2.50;Mais de 2.5;1.930;World Cup A;2026-07-20 22:39:38.332217;OK;
SENTINELA-E-WCA-OUHT;70774;17143282;1ª tempo - Total de gols;68;1.50;Mais de 1.5;1.890;World Cup A;2026-07-20 22:49:53.174398;OK;
SENTINELA-E-WCA-OUHT;70780;17143193;1ª tempo - Total de gols;68;2.50;Mais de 2.5;2.210;World Cup A;2026-07-20 22:52:00.232578;OK;
SENTINELA-E-WCA-OUHT;70782;17143276;1ª tempo - Total de gols;68;3.50;Mais de 3.5;1.980;World Cup A;2026-07-20 22:52:00.415470;OK;
SENTINELA-E-WCA-OUHT;70792;17143224;1ª tempo - Total de gols;68;2.50;Mais de 2.5;1.570;World Cup A;2026-07-20 23:03:08.992340;OK;
SENTINELA-E-WCA-OUHT;70795;17143169;1ª tempo - Total de gols;68;1.50;Mais de 1.5;1.600;World Cup A;2026-07-20 23:03:12.733128;OK;
SENTINELA-E-WCA-OUHT;70794;17143169;1ª tempo - Total de gols;68;1.50;Menos de 1.5;2.050;World Cup A;2026-07-20 23:03:12.734096;OK;
SENTINELA-E-WCA-OUHT;70807;17143059;1ª tempo - Total de gols;68;2.50;Mais de 2.5;1.540;World Cup A;2026-07-20 23:50:13.432416;OK;
SENTINELA-E-WCA-OUHT;70808;17143080;1ª tempo - Total de gols;68;2.50;Menos de 2.5;1.950;World Cup A;2026-07-20 23:50:13.433423;OK;
SENTINELA-E-WCA-OUHT;70826;17143105;1ª tempo - Total de gols;68;2.50;Menos de 2.5;1.650;World Cup A;2026-07-21 00:02:26.713919;OK;
SENTINELA-E-WCA-OUHT;70828;17143089;1ª tempo - Total de gols;68;2.50;Mais de 2.5;2.070;World Cup A;2026-07-21 00:02:26.845417;OK;
SENTINELA-E-WCA-OUHT;70834;17143070;1ª tempo - Total de gols;68;1.50;Mais de 1.5;1.430;World Cup A;2026-07-21 00:14:22.909842;OK;
SENTINELA-E-WCA-OUHT;70836;17143102;1ª tempo - Total de gols;68;2.50;Mais de 2.5;2.170;World Cup A;2026-07-21 00:14:22.917825;OK;
SENTINELA-E-WCA-OUHT;70854;17143046;1ª tempo - Total de gols;68;2.50;Mais de 2.5;2.190;World Cup A;2026-07-21 00:26:13.739821;OK;
SENTINELA-E-WCA-OUHT;70855;17143046;1ª tempo - Total de gols;68;2.50;Menos de 2.5;1.530;World Cup A;2026-07-21 00:26:13.740455;OK;
SENTINELA-E-WCA-OUHT;70858;17143027;1ª tempo - Total de gols;68;2.50;Mais de 2.5;1.720;World Cup A;2026-07-21 00:26:21.162127;OK;
SENTINELA-E-WCA-OUHT;70857;17143027;1ª tempo - Total de gols;68;2.50;Menos de 2.5;1.890;World Cup A;2026-07-21 00:26:21.162767;OK;
SENTINELA-E-WCA-OUHT;70864;17143029;1ª tempo - Total de gols;68;3.50;Mais de 3.5;1.860;World Cup A;2026-07-21 00:38:13.289414;OK;
SENTINELA-E-WCA-OUHT;70866;17143058;1ª tempo - Total de gols;68;2.50;Menos de 2.5;1.550;World Cup A;2026-07-21 00:38:22.428040;OK;
SENTINELA-E-WCA-OUHT;70867;17143058;1ª tempo - Total de gols;68;2.50;Mais de 2.5;2.150;World Cup A;2026-07-21 00:38:22.428810;OK;
SENTINELA-E-WCA-OUHT;70874;17143068;1ª tempo - Total de gols;68;2.50;Menos de 2.5;2.210;World Cup A;2026-07-21 00:50:15.408178;OK;
SENTINELA-E-WCA-OUHT;70879;17143069;1ª tempo - Total de gols;68;2.50;Mais de 2.5;2.230;World Cup A;2026-07-21 01:02:09.213888;OK;
SENTINELA-E-WCA-OUHT;70880;17143069;1ª tempo - Total de gols;68;2.50;Menos de 2.5;1.510;World Cup A;2026-07-21 01:02:09.214370;OK;
SENTINELA-E-WCA-OUHT;70882;17143094;1ª tempo - Total de gols;68;2.50;Menos de 2.5;1.680;World Cup A;2026-07-21 01:02:13.137221;OK;
SENTINELA-E-WCA-OUHT;70896;17143083;1ª tempo - Total de gols;68;1.50;Mais de 1.5;1.430;World Cup A;2026-07-21 01:14:19.964444;OK;
SENTINELA-E-WCA-OUHT;70897;17143101;1ª tempo - Total de gols;68;2.50;Mais de 2.5;2.390;World Cup A;2026-07-21 01:14:19.970808;OK;
SENTINELA-E-WCA-OUHT;70900;17143075;1ª tempo - Total de gols;68;2.50;Mais de 2.5;1.800;World Cup A;2026-07-21 01:26:19.156728;OK;
SENTINELA-E-WCA-OUHT;70904;17143072;1ª tempo - Total de gols;68;2.50;Mais de 2.5;2.200;World Cup A;2026-07-21 01:26:22.186164;OK;
SENTINELA-E-WCA-OUHT;70910;17143114;1ª tempo - Total de gols;68;2.50;Mais de 2.5;2.060;World Cup A;2026-07-21 01:38:16.954896;OK;
SENTINELA-E-WCA-OUHT;70911;17143057;1ª tempo - Total de gols;68;3.50;Mais de 3.5;1.950;World Cup A;2026-07-21 01:38:23.298384;OK;
SENTINELA-E-WCA-OUHT;70927;17147191;1ª tempo - Total de gols;68;4.50;Mais de 4.5;2.160;World Cup A;2026-07-21 01:45:12.997041;OK;
SENTINELA-E-WCA-OUHT;70928;17147191;1ª tempo - Total de gols;68;4.50;Menos de 4.5;1.540;World Cup A;2026-07-21 01:45:12.997296;OK;
SENTINELA-E-WCA-OUHT;70931;17147215;1ª tempo - Total de gols;68;3.50;Mais de 3.5;2.250;World Cup A;2026-07-21 01:45:18.760368;OK;
SENTINELA-E-WCA-OUHT;70932;17147215;1ª tempo - Total de gols;68;3.50;Menos de 3.5;1.500;World Cup A;2026-07-21 01:45:18.761400;OK;
SENTINELA-E-WCA-OUHT;70937;17147171;1ª tempo - Total de gols;68;3.50;Mais de 3.5;1.890;World Cup A;2026-07-21 01:57:15.796249;OK;
SENTINELA-E-WCA-OUHT;70940;17147189;1ª tempo - Total de gols;68;3.50;Mais de 3.5;2.280;World Cup A;2026-07-21 01:57:15.820344;OK;
SENTINELA-E-WCA-OUHT;70945;17147249;1ª tempo - Total de gols;68;3.50;Menos de 3.5;1.650;World Cup A;2026-07-21 02:09:11.506744;OK;
SENTINELA-E-WCA-OUHT;70949;17147229;1ª tempo - Total de gols;68;3.50;Menos de 3.5;1.620;World Cup A;2026-07-21 02:09:17.375139;OK;
SENTINELA-E-WCA-OUHT;70962;17147157;1ª tempo - Total de gols;68;3.50;Menos de 3.5;1.970;World Cup A;2026-07-21 02:21:16.662293;OK;
SENTINELA-E-WCA-OUHT;70965;17147201;1ª tempo - Total de gols;68;3.50;Mais de 3.5;1.780;World Cup A;2026-07-21 02:21:16.765836;OK;
SENTINELA-E-WCA-OUHT;70970;17147241;1ª tempo - Total de gols;68;2.50;Mais de 2.5;1.600;World Cup A;2026-07-21 02:33:11.148472;OK;
SENTINELA-E-WCA-OUHT;70972;17147190;1ª tempo - Total de gols;68;3.50;Mais de 3.5;2.050;World Cup A;2026-07-21 02:33:18.443607;OK;
SENTINELA-E-WCA-OUHT;70973;17147190;1ª tempo - Total de gols;68;3.50;Menos de 3.5;1.600;World Cup A;2026-07-21 02:33:18.445503;OK;
SENTINELA-E-WCA-OUHT;70978;17147275;1ª tempo - Total de gols;68;4.50;Mais de 4.5;2.140;World Cup A;2026-07-21 02:45:10.882378;OK;
SENTINELA-E-WCA-OUHT;70979;17147275;1ª tempo - Total de gols;68;4.50;Menos de 4.5;1.550;World Cup A;2026-07-21 02:45:10.883008;OK;
SENTINELA-E-WCA-OUHT;70982;17147193;1ª tempo - Total de gols;68;3.50;Mais de 3.5;2.220;World Cup A;2026-07-21 02:45:18.200426;OK;
SENTINELA-E-WCA-OUHT;70983;17147193;1ª tempo - Total de gols;68;3.50;Menos de 3.5;1.510;World Cup A;2026-07-21 02:45:18.201458;OK;
SENTINELA-E-WCA-OUHT;70986;17148823;1ª tempo - Total de gols;68;2.50;Menos de 2.5;1.720;FC26 World Cup A;2026-07-21 02:48:11.921969;OK;
SENTINELA-E-WCA-OUHT;70998;17147197;1ª tempo - Total de gols;68;3.50;Menos de 3.5;1.500;World Cup A;2026-07-21 02:57:18.535812;OK;
SENTINELA-E-WCA-OUHT;71001;17147178;1ª tempo - Total de gols;68;3.50;Menos de 3.5;1.740;World Cup A;2026-07-21 02:57:18.561079;OK;
SENTINELA-E-WCA-OUHT;71005;17147195;1ª tempo - Total de gols;68;3.50;Mais de 3.5;2.020;World Cup A;2026-07-21 03:09:11.630850;OK;
SENTINELA-E-WCA-OUHT;71008;17147195;1ª tempo - Total de gols;68;3.50;Menos de 3.5;1.630;World Cup A;2026-07-21 03:09:11.637087;OK;
SENTINELA-E-WCA-OUHT;71010;17147226;1ª tempo - Total de gols;68;3.50;Mais de 3.5;2.040;World Cup A;2026-07-21 03:09:14.435044;OK;
SENTINELA-E-WCA-OUHT;71011;17147226;1ª tempo - Total de gols;68;3.50;Menos de 3.5;1.610;World Cup A;2026-07-21 03:09:14.436568;OK;
SENTINELA-E-WCA-OUHT;71017;17147181;1ª tempo - Total de gols;68;3.50;Menos de 3.5;1.860;World Cup A;2026-07-21 03:21:12.827023;OK;
SENTINELA-E-WCA-OUHT;71019;17147222;1ª tempo - Total de gols;68;3.50;Mais de 3.5;1.610;World Cup A;2026-07-21 03:21:12.846318;OK;
SENTINELA-E-WCA-OUHT;71032;17147204;1ª tempo - Total de gols;68;3.50;Mais de 3.5;1.950;World Cup A;2026-07-21 03:33:15.925898;OK;
SENTINELA-E-WCA-OUHT;71033;17147239;1ª tempo - Total de gols;68;2.50;Menos de 2.5;2.130;World Cup A;2026-07-21 03:33:15.933623;OK;
SENTINELA-E-WCA-OUHT;71042;17147126;1ª tempo - Total de gols;68;2.50;Menos de 2.5;2.010;World Cup A;2026-07-21 04:10:10.002300;OK;
SENTINELA-E-WCA-OUHT;71043;17147126;1ª tempo - Total de gols;68;2.50;Mais de 2.5;1.630;World Cup A;2026-07-21 04:10:10.003557;OK;
SENTINELA-E-WCA-OUHT;71045;17147147;1ª tempo - Total de gols;68;2.50;Menos de 2.5;1.490;World Cup A;2026-07-21 04:10:15.769533;OK;
SENTINELA-E-WCA-OUHT;71046;17147147;1ª tempo - Total de gols;68;2.50;Mais de 2.5;2.270;World Cup A;2026-07-21 04:10:15.771100;OK;
SENTINELA-E-WCA-OUHT;71058;17147141;1ª tempo - Total de gols;68;2.50;Mais de 2.5;2.080;World Cup A;2026-07-21 04:22:12.361368;OK;
SENTINELA-E-WCA-OUHT;71061;17147110;1ª tempo - Total de gols;68;2.50;Mais de 2.5;1.520;World Cup A;2026-07-21 04:22:12.394222;OK;
SENTINELA-E-WCA-OUHT;71062;17147110;1ª tempo - Total de gols;68;2.50;Menos de 2.5;2.210;World Cup A;2026-07-21 04:22:12.395129;OK;
SENTINELA-E-WCA-OUHT;71069;17147156;1ª tempo - Total de gols;68;2.50;Menos de 2.5;1.920;World Cup A;2026-07-21 04:34:09.730102;OK;
SENTINELA-E-WCA-OUHT;71068;17147156;1ª tempo - Total de gols;68;2.50;Mais de 2.5;1.690;World Cup A;2026-07-21 04:34:09.730323;OK;
SENTINELA-E-WCA-OUHT;71071;17147127;1ª tempo - Total de gols;68;2.50;Mais de 2.5;2.400;World Cup A;2026-07-21 04:34:13.240176;OK;
SENTINELA-E-WCA-OUHT;71076;17147146;1ª tempo - Total de gols;68;2.50;Mais de 2.5;1.940;World Cup A;2026-07-21 04:46:10.303186;OK;
SENTINELA-E-WCA-OUHT;71078;17147146;1ª tempo - Total de gols;68;2.50;Menos de 2.5;1.680;World Cup A;2026-07-21 04:46:10.305494;OK;
SENTINELA-E-WCA-OUHT;71080;17147112;1ª tempo - Total de gols;68;2.50;Menos de 2.5;1.800;World Cup A;2026-07-21 04:46:14.318794;OK;
SENTINELA-E-WCA-OUHT;71092;17147145;1ª tempo - Total de gols;68;2.50;Mais de 2.5;1.850;World Cup A;2026-07-21 04:58:18.017892;OK;
SENTINELA-E-WCA-OUHT;71094;17147143;1ª tempo - Total de gols;68;2.50;Mais de 2.5;1.620;World Cup A;2026-07-21 04:58:18.051974;OK;
SENTINELA-E-WCA-OUHT;71098;17147149;1ª tempo - Total de gols;68;2.50;Mais de 2.5;1.650;World Cup A;2026-07-21 05:10:10.778644;OK;
SENTINELA-E-WCA-OUHT;71099;17147149;1ª tempo - Total de gols;68;2.50;Menos de 2.5;1.980;World Cup A;2026-07-21 05:10:10.778989;OK;
SENTINELA-E-WCA-OUHT;71103;17147101;1ª tempo - Total de gols;68;2.50;Mais de 2.5;2.250;World Cup A;2026-07-21 05:10:14.487101;OK;
SENTINELA-E-WCA-OUHT;71104;17147101;1ª tempo - Total de gols;68;2.50;Menos de 2.5;1.500;World Cup A;2026-07-21 05:10:14.487677;OK;
SENTINELA-E-WCA-OUHT;71106;17148854;1ª tempo - Total de gols;68;3.50;Mais de 3.5;2.330;FC26 World Cup A;2026-07-21 05:11:05.652414;OK;
SENTINELA-E-WCA-OUHT;71107;17148854;1ª tempo - Total de gols;68;3.50;Menos de 3.5;1.490;FC26 World Cup A;2026-07-21 05:11:05.654852;OK;
SENTINELA-E-WCA-OUHT;71113;17147103;1ª tempo - Total de gols;68;2.50;Mais de 2.5;2.200;World Cup A;2026-07-21 05:22:10.310074;OK;
SENTINELA-E-WCA-OUHT;71116;17147142;1ª tempo - Total de gols;68;2.50;Mais de 2.5;1.520;World Cup A;2026-07-21 05:22:10.330726;OK;
SENTINELA-E-WCA-OUHT;71118;17147142;1ª tempo - Total de gols;68;2.50;Menos de 2.5;2.210;World Cup A;2026-07-21 05:22:10.334564;OK;
SENTINELA-E-WCA-OUHT;71134;17147116;1ª tempo - Total de gols;68;2.50;Mais de 2.5;1.630;World Cup A;2026-07-21 05:34:12.781168;OK;
SENTINELA-E-WCA-OUHT;71133;17147116;1ª tempo - Total de gols;68;2.50;Menos de 2.5;2.000;World Cup A;2026-07-21 05:34:12.782897;OK;
SENTINELA-E-WCA-OUHT;71138;17148860;1ª tempo - Total de gols;68;2.50;Mais de 2.5;2.080;FC26 World Cup A;2026-07-21 05:46:09.502501;OK;
SENTINELA-E-WCA-OUHT;71140;17147164;1ª tempo - Total de gols;68;2.50;Mais de 2.5;1.780;World Cup A;2026-07-21 05:46:11.920778;OK;
SENTINELA-E-WCA-OUHT;71143;17147163;1ª tempo - Total de gols;68;2.50;Mais de 2.5;1.820;World Cup A;2026-07-21 05:46:11.957370;OK;
SENTINELA-E-WCA-OUHT;71146;17148859;1ª tempo - Total de gols;68;2.50;Mais de 2.5;1.730;FC26 World Cup A;2026-07-21 05:46:57.658740;OK;
SENTINELA-E-WCA-OUHT;71154;17147119;1ª tempo - Total de gols;68;2.50;Menos de 2.5;2.010;World Cup A;2026-07-21 05:58:10.750781;OK;
SENTINELA-E-WCA-OUHT;71153;17147119;1ª tempo - Total de gols;68;2.50;Mais de 2.5;1.630;World Cup A;2026-07-21 05:58:10.751142;OK;
SENTINELA-E-WCA-OUHT;71157;17147192;1ª tempo - Total de gols;68;2.50;Menos de 2.5;1.820;World Cup A;2026-07-21 05:58:18.002425;OK;
SENTINELA-E-WCA-OUHT;71156;17147192;1ª tempo - Total de gols;68;2.50;Mais de 2.5;1.780;World Cup A;2026-07-21 05:58:18.002893;OK;
SENTINELA-E-WCA-OUHT;71163;17147364;1ª tempo - Total de gols;68;2.50;Mais de 2.5;1.810;World Cup A;2026-07-21 06:00:14.617412;OK;
SENTINELA-E-WCA-OUHT;71164;17147314;1ª tempo - Total de gols;68;2.50;Mais de 2.5;1.740;World Cup A;2026-07-21 06:00:14.622120;OK;
SENTINELA-E-WCA-OUHT;71174;17147382;1ª tempo - Total de gols;68;4.50;Menos de 4.5;1.440;World Cup A;2026-07-21 06:14:05.576468;OK;
SENTINELA-E-WCA-OUHT;71175;17147290;1ª tempo - Total de gols;68;3.50;Mais de 3.5;1.520;World Cup A;2026-07-21 06:14:05.581429;OK;
SENTINELA-E-WCA-OUHT;71176;17147290;1ª tempo - Total de gols;68;3.50;Menos de 3.5;2.200;World Cup A;2026-07-21 06:14:05.582122;OK;
SENTINELA-E-WCA-OUHT;71180;17147233;1ª tempo - Total de gols;68;3.50;Menos de 3.5;1.510;World Cup A;2026-07-21 06:16:41.773091;OK;
SENTINELA-E-WCA-OUHT;71182;17147248;1ª tempo - Total de gols;68;2.50;Menos de 2.5;2.080;World Cup A;2026-07-21 06:16:41.932022;OK;
SENTINELA-E-WCA-OUHT;71196;17147310;1ª tempo - Total de gols;68;3.50;Menos de 3.5;1.830;World Cup A;2026-07-21 06:24:23.906466;OK;
SENTINELA-E-WCA-OUHT;71199;17147315;1ª tempo - Total de gols;68;2.50;Menos de 2.5;1.600;World Cup A;2026-07-21 06:24:24.033122;OK;
SENTINELA-E-WCA-OUHT;71200;17147315;1ª tempo - Total de gols;68;2.50;Mais de 2.5;2.060;World Cup A;2026-07-21 06:24:24.041202;OK;
SENTINELA-E-WCA-OUHT;71206;17147272;1ª tempo - Total de gols;68;2.50;Mais de 2.5;1.680;World Cup A;2026-07-21 06:28:36.368350;OK;
SENTINELA-E-WCA-OUHT;71208;17147210;1ª tempo - Total de gols;68;3.50;Mais de 3.5;1.460;World Cup A;2026-07-21 06:28:36.570560;OK;
SENTINELA-E-WCA-OUHT;71211;17147328;1ª tempo - Total de gols;68;3.50;Mais de 3.5;1.870;World Cup A;2026-07-21 06:36:10.591592;OK;
SENTINELA-E-WCA-OUHT;71212;17147328;1ª tempo - Total de gols;68;3.50;Menos de 3.5;1.740;World Cup A;2026-07-21 06:36:10.592200;OK;
SENTINELA-E-WCA-OUHT;71215;17147312;1ª tempo - Total de gols;68;2.50;Menos de 2.5;2.060;World Cup A;2026-07-21 06:36:24.576738;OK;
SENTINELA-E-WCA-OUHT;71221;17147202;1ª tempo - Total de gols;68;4.50;Menos de 4.5;1.830;World Cup A;2026-07-21 06:40:37.319692;OK;
SENTINELA-E-WCA-OUHT;71225;17147255;1ª tempo - Total de gols;68;3.50;Mais de 3.5;1.890;World Cup A;2026-07-21 06:40:37.704049;OK;
SENTINELA-E-WCA-OUHT;71229;17147387;1ª tempo - Total de gols;68;2.50;Mais de 2.5;1.610;World Cup A;2026-07-21 06:48:33.551838;OK;
SENTINELA-E-WCA-OUHT;71230;17147291;1ª tempo - Total de gols;68;2.50;Mais de 2.5;1.980;World Cup A;2026-07-21 06:48:33.573841;OK;
SENTINELA-E-WCA-OUHT;71234;17147235;1ª tempo - Total de gols;68;3.50;Menos de 3.5;1.680;World Cup A;2026-07-21 06:51:58.702514;OK;
SENTINELA-E-WCA-OUHT;71235;17147216;1ª tempo - Total de gols;68;3.50;Mais de 3.5;1.880;World Cup A;2026-07-21 06:51:58.744760;OK;
SENTINELA-E-WCA-OUHT;71248;17147338;1ª tempo - Total de gols;68;2.50;Mais de 2.5;1.810;World Cup A;2026-07-21 07:00:45.217412;OK;
SENTINELA-E-WCA-OUHT;71250;17147350;1ª tempo - Total de gols;68;2.50;Menos de 2.5;1.710;World Cup A;2026-07-21 07:00:45.232234;OK;
SENTINELA-E-WCA-OUHT;71257;17147259;1ª tempo - Total de gols;68;2.50;Menos de 2.5;1.410;World Cup A;2026-07-21 07:04:44.686666;OK;
SENTINELA-E-WCA-OUHT;71258;17147232;1ª tempo - Total de gols;68;3.50;Mais de 3.5;1.800;World Cup A;2026-07-21 07:04:44.688700;OK;
SENTINELA-E-WCA-OUHT;71264;17147333;1ª tempo - Total de gols;68;3.50;Mais de 3.5;1.530;World Cup A;2026-07-21 07:12:26.907911;OK;
SENTINELA-E-WCA-OUHT;71265;17147339;1ª tempo - Total de gols;68;3.50;Mais de 3.5;2.130;World Cup A;2026-07-21 07:12:26.912447;OK;
SENTINELA-E-WCA-OUHT;71266;17147339;1ª tempo - Total de gols;68;3.50;Menos de 3.5;1.560;World Cup A;2026-07-21 07:12:26.913584;OK;
SENTINELA-E-WCA-OUHT;71272;17147274;1ª tempo - Total de gols;68;4.50;Menos de 4.5;1.520;World Cup A;2026-07-21 07:15:11.484693;OK;
SENTINELA-E-WCA-OUHT;71274;17147220;1ª tempo - Total de gols;68;2.50;Mais de 2.5;1.480;World Cup A;2026-07-21 07:15:18.396517;OK;
SENTINELA-E-WCA-OUHT;71280;17147293;1ª tempo - Total de gols;68;2.50;Mais de 2.5;2.340;World Cup A;2026-07-21 07:24:46.693820;OK;
SENTINELA-E-WCA-OUHT;71281;17147311;1ª tempo - Total de gols;68;3.50;Menos de 3.5;1.670;World Cup A;2026-07-21 07:24:46.694654;OK;
SENTINELA-E-WCA-OUHT;71282;17147311;1ª tempo - Total de gols;68;3.50;Mais de 3.5;1.950;World Cup A;2026-07-21 07:24:46.696462;OK;
SENTINELA-E-WCA-OUHT;71288;17147281;1ª tempo - Total de gols;68;3.50;Mais de 3.5;2.380;World Cup A;2026-07-21 07:28:28.896277;OK;
SENTINELA-E-WCA-OUHT;71291;17147254;1ª tempo - Total de gols;68;5.50;Menos de 5.5;1.460;World Cup A;2026-07-21 07:29:10.082694;OK;
SENTINELA-E-WCA-OUHT;71301;17147329;1ª tempo - Total de gols;68;2.50;Mais de 2.5;1.610;World Cup A;2026-07-21 07:36:11.654289;OK;
SENTINELA-E-WCA-OUHT;71304;17147349;1ª tempo - Total de gols;68;3.50;Menos de 3.5;1.770;World Cup A;2026-07-21 07:36:11.677406;OK;
SENTINELA-E-WCA-OUHT;71310;17147236;1ª tempo - Total de gols;68;3.50;Mais de 3.5;2.180;World Cup A;2026-07-21 07:39:46.783032;OK;
SENTINELA-E-WCA-OUHT;71311;17147236;1ª tempo - Total de gols;68;3.50;Menos de 3.5;1.530;World Cup A;2026-07-21 07:39:46.785273;OK;
SENTINELA-E-WCA-OUHT;71312;17147243;1ª tempo - Total de gols;68;3.50;Mais de 3.5;1.560;World Cup A;2026-07-21 07:39:48.391482;OK;
SENTINELA-E-WCA-OUHT;71318;17147342;1ª tempo - Total de gols;68;2.50;Mais de 2.5;1.920;World Cup A;2026-07-21 07:48:14.055866;OK;
SENTINELA-E-WCA-OUHT;71320;17147361;1ª tempo - Total de gols;68;2.50;Menos de 2.5;2.090;World Cup A;2026-07-21 07:48:14.090308;OK;
SENTINELA-E-WCA-OUHT;71325;17147258;1ª tempo - Total de gols;68;3.50;Mais de 3.5;1.910;World Cup A;2026-07-21 07:51:11.467702;OK;
SENTINELA-E-WCA-OUHT;71327;17147214;1ª tempo - Total de gols;68;3.50;Mais de 3.5;1.970;World Cup A;2026-07-21 07:51:11.486548;OK;
SENTINELA-E-WCA-OUHT;71331;17147253;1ª tempo - Total de gols;68;2.50;Mais de 2.5;1.620;World Cup A;2026-07-21 08:03:26.603991;OK;
SENTINELA-E-WCA-OUHT;71332;17147234;1ª tempo - Total de gols;68;3.50;Menos de 3.5;1.700;World Cup A;2026-07-21 08:03:26.607797;OK;
SENTINELA-E-WCA-OUHT;71338;17148903;1ª tempo - Total de gols;68;2.50;Mais de 2.5;1.760;FC26 World Cup A;2026-07-21 08:04:26.500820;OK;
SENTINELA-E-WCA-OUHT;71339;17148903;1ª tempo - Total de gols;68;2.50;Menos de 2.5;1.880;FC26 World Cup A;2026-07-21 08:04:26.501401;OK;
SENTINELA-E-WCA-OUHT;71359;17147160;1ª tempo - Total de gols;68;3.50;Mais de 3.5;1.540;World Cup A;2026-07-21 08:42:06.363302;OK;
SENTINELA-E-WCA-OUHT;71362;17147208;1ª tempo - Total de gols;68;1.50;Mais de 1.5;1.950;World Cup A;2026-07-21 08:42:06.420338;OK;
SENTINELA-E-WCA-OUHT;71371;17147154;1ª tempo - Total de gols;68;2.50;Menos de 2.5;2.080;World Cup A;2026-07-21 08:52:47.363702;OK;
SENTINELA-E-WCA-OUHT;71377;17147161;1ª tempo - Total de gols;68;2.50;Menos de 2.5;1.520;World Cup A;2026-07-21 08:54:18.536123;OK;
SENTINELA-E-WCA-OUHT;71383;17147179;1ª tempo - Total de gols;68;2.50;Menos de 2.5;1.710;World Cup A;2026-07-21 09:05:24.231032;OK;
SENTINELA-E-WCA-OUHT;71384;17147242;1ª tempo - Total de gols;68;1.50;Menos de 1.5;1.940;World Cup A;2026-07-21 09:05:24.282426;OK;
SENTINELA-E-WCA-OUHT;71388;17147162;1ª tempo - Total de gols;68;2.50;Mais de 2.5;1.780;World Cup A;2026-07-21 09:16:14.412753;OK;
SENTINELA-E-WCA-OUHT;71389;17147162;1ª tempo - Total de gols;68;2.50;Menos de 2.5;1.820;World Cup A;2026-07-21 09:16:14.414063;OK;
SENTINELA-E-WCA-OUHT;71406;17147148;1ª tempo - Total de gols;68;2.50;Mais de 2.5;1.960;World Cup A;2026-07-21 09:28:39.791358;OK;
SENTINELA-E-WCA-OUHT;71405;17147148;1ª tempo - Total de gols;68;2.50;Menos de 2.5;1.660;World Cup A;2026-07-21 09:28:39.791872;OK;
SENTINELA-E-WCA-OUHT;71410;17147172;1ª tempo - Total de gols;68;3.50;Menos de 3.5;1.470;World Cup A;2026-07-21 09:30:25.031319;OK;
SENTINELA-E-WCA-OUHT;71411;17147172;1ª tempo - Total de gols;68;3.50;Mais de 3.5;2.320;World Cup A;2026-07-21 09:30:25.031629;OK;
SENTINELA-E-WCA-OUHT;71413;17147183;1ª tempo - Total de gols;68;2.50;Mais de 2.5;1.820;World Cup A;2026-07-21 09:40:34.984229;OK;
SENTINELA-E-WCA-OUHT;71415;17147165;1ª tempo - Total de gols;68;2.50;Mais de 2.5;2.230;World Cup A;2026-07-21 09:40:35.057262;OK;
SENTINELA-E-WCA-OUHT;71421;17147196;1ª tempo - Total de gols;68;3.50;Mais de 3.5;2.170;World Cup A;2026-07-21 09:53:41.737049;OK;
SENTINELA-E-WCA-OUHT;71422;17147170;1ª tempo - Total de gols;68;1.50;Mais de 1.5;1.590;World Cup A;2026-07-21 09:53:41.741592;OK;
SENTINELA-E-WCA-OUHT;71433;17147200;1ª tempo - Total de gols;68;2.50;Menos de 2.5;1.510;World Cup A;2026-07-21 10:05:14.433479;OK;
SENTINELA-E-WCA-OUHT;71436;17147205;1ª tempo - Total de gols;68;2.50;Mais de 2.5;1.550;World Cup A;2026-07-21 10:05:18.215916;OK;
SENTINELA-E-WCA-OUHT;71440;17147166;1ª tempo - Total de gols;68;2.50;Menos de 2.5;1.820;World Cup A;2026-07-21 10:16:13.164949;OK;
SENTINELA-E-WCA-OUHT;71442;17147176;1ª tempo - Total de gols;68;2.50;Mais de 2.5;1.790;World Cup A;2026-07-21 10:16:13.212810;OK;
SENTINELA-E-WCA-OUHT;71443;17147176;1ª tempo - Total de gols;68;2.50;Menos de 2.5;1.810;World Cup A;2026-07-21 10:16:13.213567;OK;
SENTINELA-E-WCA-OUHT;71449;17152203;1ª tempo - Total de gols;68;3.50;Mais de 3.5;2.160;World Cup A;2026-07-21 10:26:45.705736;OK;
SENTINELA-E-WCA-OUHT;71451;17152195;1ª tempo - Total de gols;68;3.50;Menos de 3.5;2.070;World Cup A;2026-07-21 10:26:52.596033;OK;
SENTINELA-E-WCA-OUHT;71455;17147159;1ª tempo - Total de gols;68;3.50;Mais de 3.5;1.480;World Cup A;2026-07-21 10:30:06.699981;OK;
SENTINELA-E-WCA-OUHT;71456;17147175;1ª tempo - Total de gols;68;4.50;Mais de 4.5;1.670;World Cup A;2026-07-21 10:30:06.865094;OK;
SENTINELA-E-WCA-OUHT;71469;17152197;1ª tempo - Total de gols;68;2.50;Mais de 2.5;1.500;World Cup A;2026-07-21 10:38:18.603095;OK;
SENTINELA-E-WCA-OUHT;71471;17152200;1ª tempo - Total de gols;68;3.50;Mais de 3.5;2.100;World Cup A;2026-07-21 10:38:58.254478;OK;
SENTINELA-E-WCA-OUHT;71477;17152208;1ª tempo - Total de gols;68;3.50;Mais de 3.5;1.840;World Cup A;2026-07-21 10:50:56.713176;OK;
SENTINELA-E-WCA-OUHT;71480;17152210;1ª tempo - Total de gols;68;1.50;Mais de 1.5;1.690;World Cup A;2026-07-21 10:50:56.780415;OK;
SENTINELA-E-WCA-OUHT;71483;17152201;1ª tempo - Total de gols;68;2.50;Menos de 2.5;2.030;World Cup A;2026-07-21 11:01:31.371886;OK;
SENTINELA-E-WCA-OUHT;71485;17152198;1ª tempo - Total de gols;68;3.50;Mais de 3.5;1.980;World Cup A;2026-07-21 11:01:31.525120;OK;
SENTINELA-E-WCA-OUHT;71495;17152207;1ª tempo - Total de gols;68;2.50;Mais de 2.5;1.590;World Cup A;2026-07-21 11:13:29.020347;OK;
SENTINELA-E-WCA-OUHT;71497;17152196;1ª tempo - Total de gols;68;3.50;Mais de 3.5;1.610;World Cup A;2026-07-21 11:13:29.031834;OK;
SENTINELA-E-WCA-OUHT;71507;17152199;1ª tempo - Total de gols;68;3.50;Mais de 3.5;1.590;World Cup A;2026-07-21 11:25:28.675550;OK;
SENTINELA-E-WCA-OUHT;71508;17152211;1ª tempo - Total de gols;68;4.50;Mais de 4.5;2.310;World Cup A;2026-07-21 11:25:32.846694;OK;
SENTINELA-E-WCA-OUHT;71512;17152202;1ª tempo - Total de gols;68;3.50;Mais de 3.5;1.990;World Cup A;2026-07-21 11:38:10.234725;OK;
SENTINELA-E-WCA-OUHT;71516;17152230;1ª tempo - Total de gols;68;3.50;Mais de 3.5;1.640;World Cup A;2026-07-21 11:38:49.652128;OK;
SENTINELA-E-WCA-OUHT;71518;17152209;1ª tempo - Total de gols;68;2.50;Menos de 2.5;1.830;World Cup A;2026-07-21 11:49:24.534105;OK;
SENTINELA-E-WCA-OUHT;71521;17152217;1ª tempo - Total de gols;68;3.50;Menos de 3.5;2.000;World Cup A;2026-07-21 11:49:24.710420;OK;
SENTINELA-E-WCA-OUHT;71534;17152204;1ª tempo - Total de gols;68;2.50;Mais de 2.5;1.600;World Cup A;2026-07-21 12:01:26.442644;OK;
SENTINELA-E-WCA-OUHT;71537;17152206;1ª tempo - Total de gols;68;3.50;Mais de 3.5;1.950;World Cup A;2026-07-21 12:01:26.691043;OK;
SENTINELA-E-WCA-OUHT;71541;17152205;1ª tempo - Total de gols;68;5.50;Mais de 5.5;2.100;World Cup A;2026-07-21 12:14:14.591981;OK;
SENTINELA-E-WCA-OUHT;71543;17152238;1ª tempo - Total de gols;68;2.50;Mais de 2.5;1.880;World Cup A;2026-07-21 12:14:14.640849;OK;
SENTINELA-E-WCA-OUHT;71544;17152238;1ª tempo - Total de gols;68;2.50;Menos de 2.5;1.730;World Cup A;2026-07-21 12:14:14.667145;OK;
SENTINELA-E-WCA-OUHT;71547;17152328;1ª tempo - Total de gols;68;2.50;Mais de 2.5;1.770;World Cup A;2026-07-21 12:20:48.332001;OK;
SENTINELA-E-WCA-OUHT;71550;17152349;1ª tempo - Total de gols;68;3.50;Mais de 3.5;2.280;World Cup A;2026-07-21 12:20:59.003362;OK;
SENTINELA-E-WCA-OUHT;71565;17152471;1ª tempo - Total de gols;68;2.50;Mais de 2.5;2.180;World Cup A;2026-07-21 12:33:09.269405;OK;
SENTINELA-E-WCA-OUHT;71569;17152362;1ª tempo - Total de gols;68;1.50;Mais de 1.5;1.560;World Cup A;2026-07-21 12:33:09.551678;OK;
SENTINELA-E-WCA-OUHT;71574;17152386;1ª tempo - Total de gols;68;2.50;Mais de 2.5;1.870;World Cup A;2026-07-21 12:44:51.889298;OK;
SENTINELA-E-WCA-OUHT;71575;17152379;1ª tempo - Total de gols;68;1.50;Mais de 1.5;1.490;World Cup A;2026-07-21 12:44:51.893277;OK;
SENTINELA-E-WCA-OUHT;71576;17152379;1ª tempo - Total de gols;68;1.50;Menos de 1.5;2.260;World Cup A;2026-07-21 12:44:51.893781;OK;
SENTINELA-E-WCA-OUHT;71582;17151998;1ª tempo - Total de gols;68;1.50;Menos de 1.5;2.070;World Cup A;2026-07-21 12:51:11.953181;OK;
SENTINELA-E-WCA-OUHT;71586;17152002;1ª tempo - Total de gols;68;4.50;Menos de 4.5;1.480;World Cup A;2026-07-21 12:51:12.029916;OK;
SENTINELA-E-WCA-OUHT;71588;17152346;1ª tempo - Total de gols;68;2.50;Mais de 2.5;1.570;World Cup A;2026-07-21 12:56:08.216620;OK;
SENTINELA-E-WCA-OUHT;71590;17152375;1ª tempo - Total de gols;68;2.50;Menos de 2.5;1.790;World Cup A;2026-07-21 12:56:08.266156;OK;
SENTINELA-E-WCA-OUHT;71596;17151992;1ª tempo - Total de gols;68;2.50;Mais de 2.5;1.740;World Cup A;2026-07-21 13:02:31.243840;OK;
SENTINELA-E-WCA-OUHT;71599;17152000;1ª tempo - Total de gols;68;3.50;Mais de 3.5;1.770;World Cup A;2026-07-21 13:02:31.316906;OK;
SENTINELA-E-WCA-OUHT;71612;17152384;1ª tempo - Total de gols;68;2.50;Menos de 2.5;1.600;World Cup A;2026-07-21 13:08:37.008215;OK;
SENTINELA-E-WCA-OUHT;71613;17152384;1ª tempo - Total de gols;68;2.50;Mais de 2.5;2.060;World Cup A;2026-07-21 13:08:37.010232;OK;
SENTINELA-E-WCA-OUHT;71617;17152350;1ª tempo - Total de gols;68;3.50;Mais de 3.5;1.600;World Cup A;2026-07-21 13:08:40.173054;OK;
SENTINELA-E-WCA-OUHT;71618;17152350;1ª tempo - Total de gols;68;3.50;Menos de 3.5;2.060;World Cup A;2026-07-21 13:08:40.173406;OK;
SENTINELA-E-WCA-OUHT;71623;17152015;1ª tempo - Total de gols;68;2.50;Menos de 2.5;1.760;World Cup A;2026-07-21 13:14:35.704422;OK;
SENTINELA-E-WCA-OUHT;71624;17152003;1ª tempo - Total de gols;68;2.50;Mais de 2.5;1.740;World Cup A;2026-07-21 13:14:35.714594;OK;
SENTINELA-E-WCA-OUHT;71630;17152334;1ª tempo - Total de gols;68;3.50;Menos de 3.5;1.540;World Cup A;2026-07-21 13:20:25.107580;OK;
SENTINELA-E-WCA-OUHT;71632;17152368;1ª tempo - Total de gols;68;2.50;Mais de 2.5;1.930;World Cup A;2026-07-21 13:20:25.143120;OK;
SENTINELA-E-WCA-OUHT;71638;17151999;1ª tempo - Total de gols;68;3.50;Menos de 3.5;1.640;World Cup A;2026-07-21 13:26:15.483755;OK;
SENTINELA-E-WCA-OUHT;71641;17151991;1ª tempo - Total de gols;68;2.50;Mais de 2.5;1.530;World Cup A;2026-07-21 13:26:15.484720;OK;
SENTINELA-E-WCA-OUHT;71646;17152366;1ª tempo - Total de gols;68;3.50;Menos de 3.5;2.370;World Cup A;2026-07-21 13:33:27.537562;OK;
SENTINELA-E-WCA-OUHT;71647;17152356;1ª tempo - Total de gols;68;3.50;Menos de 3.5;2.050;World Cup A;2026-07-21 13:33:27.606505;OK;
SENTINELA-E-WCA-OUHT;71651;17152005;1ª tempo - Total de gols;68;2.50;Menos de 2.5;1.980;World Cup A;2026-07-21 13:38:52.250373;OK;
SENTINELA-E-WCA-OUHT;71654;17151996;1ª tempo - Total de gols;68;3.50;Mais de 3.5;1.530;World Cup A;2026-07-21 13:38:52.446168;OK;
SENTINELA-E-WCA-OUHT;71666;17152354;1ª tempo - Total de gols;68;2.50;Menos de 2.5;1.880;World Cup A;2026-07-21 13:44:35.583705;OK;
SENTINELA-E-WCA-OUHT;71665;17152469;1ª tempo - Total de gols;68;2.50;Mais de 2.5;2.290;World Cup A;2026-07-21 13:44:35.588047;OK;
SENTINELA-E-WCA-OUHT;71671;17151995;1ª tempo - Total de gols;68;2.50;Menos de 2.5;1.580;World Cup A;2026-07-21 13:50:13.862946;OK;
SENTINELA-E-WCA-OUHT;71672;17151994;1ª tempo - Total de gols;68;3.50;Mais de 3.5;1.560;World Cup A;2026-07-21 13:50:13.900492;OK;
SENTINELA-E-WCA-OUHT;71681;17152369;1ª tempo - Total de gols;68;2.50;Mais de 2.5;1.730;World Cup A;2026-07-21 13:56:09.763609;OK;
SENTINELA-E-WCA-OUHT;71683;17152351;1ª tempo - Total de gols;68;2.50;Mais de 2.5;1.600;World Cup A;2026-07-21 13:56:09.784230;OK;
SENTINELA-E-WCA-OUHT;71682;17152351;1ª tempo - Total de gols;68;2.50;Menos de 2.5;2.050;World Cup A;2026-07-21 13:56:09.784760;OK;
SENTINELA-E-WCA-OUHT;71689;17151993;1ª tempo - Total de gols;68;2.50;Mais de 2.5;2.350;World Cup A;2026-07-21 14:03:07.722592;OK;
SENTINELA-E-WCA-OUHT;71690;17151993;1ª tempo - Total de gols;68;2.50;Menos de 2.5;1.460;World Cup A;2026-07-21 14:03:07.727660;OK;
SENTINELA-E-WCA-OUHT;71692;17152006;1ª tempo - Total de gols;68;3.50;Mais de 3.5;1.560;World Cup A;2026-07-21 14:03:54.649035;OK;
SENTINELA-E-WCA-OUHT;71693;17152006;1ª tempo - Total de gols;68;3.50;Menos de 3.5;2.120;World Cup A;2026-07-21 14:03:54.649811;OK;
SENTINELA-E-WCA-OUHT;71695;17152473;1ª tempo - Total de gols;68;2.50;Mais de 2.5;2.190;World Cup A;2026-07-21 14:08:27.882734;OK;
SENTINELA-E-WCA-OUHT;71699;17152382;1ª tempo - Total de gols;68;3.50;Mais de 3.5;2.020;World Cup A;2026-07-21 14:08:27.926116;OK;
SENTINELA-E-WCA-OUHT;71703;17152009;1ª tempo - Total de gols;68;2.50;Mais de 2.5;1.930;World Cup A;2026-07-21 14:14:52.110262;OK;
SENTINELA-E-WCA-OUHT;71707;17152004;1ª tempo - Total de gols;68;2.50;Menos de 2.5;1.670;World Cup A;2026-07-21 14:14:52.119074;OK;
SENTINELA-E-WCA-OUHT;71706;17152004;1ª tempo - Total de gols;68;2.50;Mais de 2.5;1.950;World Cup A;2026-07-21 14:14:52.144329;OK;
SENTINELA-E-WCA-OUHT;71713;17152017;1ª tempo - Total de gols;68;2.50;Mais de 2.5;1.570;World Cup A;2026-07-21 14:26:09.094422;OK;
SENTINELA-E-WCA-OUHT;71715;17152010;1ª tempo - Total de gols;68;3.50;Mais de 3.5;1.920;World Cup A;2026-07-21 14:26:09.315160;OK;
SENTINELA-E-WCA-OUHT;71726;17152001;1ª tempo - Total de gols;68;3.50;Menos de 3.5;1.600;World Cup A;2026-07-21 14:38:28.908266;OK;
SENTINELA-E-WCA-OUHT;71728;17152013;1ª tempo - Total de gols;68;2.50;Mais de 2.5;1.500;World Cup A;2026-07-21 14:38:28.955643;OK;
SENTINELA-E-WCA-OUHT;71729;17152013;1ª tempo - Total de gols;68;2.50;Menos de 2.5;2.250;World Cup A;2026-07-21 14:38:28.957871;OK;
SENTINELA-E-WCA-OUHT;71735;17152242;1ª tempo - Total de gols;68;3.50;Menos de 3.5;2.080;World Cup A;2026-07-21 14:55:48.713267;OK;
SENTINELA-E-WCA-OUHT;71736;17152242;1ª tempo - Total de gols;68;3.50;Mais de 3.5;1.590;World Cup A;2026-07-21 14:55:48.714138;OK;
SENTINELA-E-WCA-OUHT;71737;17152275;1ª tempo - Total de gols;68;2.50;Mais de 2.5;1.480;World Cup A;2026-07-21 14:55:48.744541;OK;
SENTINELA-E-WCA-OUHT;71755;17152272;1ª tempo - Total de gols;68;3.50;Mais de 3.5;2.230;World Cup A;2026-07-21 15:07:44.243498;OK;
SENTINELA-E-WCA-OUHT;71756;17152235;1ª tempo - Total de gols;68;2.50;Menos de 2.5;1.980;World Cup A;2026-07-21 15:07:44.402036;OK;
SENTINELA-E-WCA-OUHT;71757;17152235;1ª tempo - Total de gols;68;2.50;Mais de 2.5;1.650;World Cup A;2026-07-21 15:07:44.402600;OK;
SENTINELA-E-WCA-OUHT;71764;17152259;1ª tempo - Total de gols;68;4.50;Mais de 4.5;1.970;World Cup A;2026-07-21 15:20:48.327360;OK;
SENTINELA-E-WCA-OUHT;71765;17152220;1ª tempo - Total de gols;68;2.50;Mais de 2.5;1.940;World Cup A;2026-07-21 15:20:48.391695;OK;
SENTINELA-E-WCA-OUHT;71773;17152273;1ª tempo - Total de gols;68;3.50;Menos de 3.5;1.780;World Cup A;2026-07-21 15:32:40.809079;OK;
SENTINELA-E-WCA-OUHT;71775;17152298;1ª tempo - Total de gols;68;1.50;Menos de 1.5;2.470;World Cup A;2026-07-21 15:32:40.858365;OK;
SENTINELA-E-WCA-OUHT;71791;17152307;1ª tempo - Total de gols;68;4.50;Mais de 4.5;1.970;World Cup A;2026-07-21 15:44:10.096027;OK;
SENTINELA-E-WCA-OUHT;71792;17152222;1ª tempo - Total de gols;68;3.50;Menos de 3.5;1.510;World Cup A;2026-07-21 15:44:10.107085;OK;
SENTINELA-E-WCA-OUHT;71797;17152215;1ª tempo - Total de gols;68;4.50;Mais de 4.5;2.310;World Cup A;2026-07-21 15:55:53.905879;OK;
SENTINELA-E-WCA-OUHT;71798;17152244;1ª tempo - Total de gols;68;3.50;Menos de 3.5;1.840;World Cup A;2026-07-21 15:55:54.284814;OK;
SENTINELA-E-WCA-OUHT;71809;17152251;1ª tempo - Total de gols;68;3.50;Mais de 3.5;1.610;World Cup A;2026-07-21 16:07:47.977098;OK;
SENTINELA-E-WCA-OUHT;71810;17152257;1ª tempo - Total de gols;68;3.50;Menos de 3.5;1.570;World Cup A;2026-07-21 16:07:48.010549;OK;
SENTINELA-E-WCA-OUHT;71825;17152278;1ª tempo - Total de gols;68;3.50;Mais de 3.5;1.890;World Cup A;2026-07-21 16:19:26.519842;OK;
SENTINELA-E-WCA-OUHT;71827;17152267;1ª tempo - Total de gols;68;2.50;Mais de 2.5;1.530;World Cup A;2026-07-21 16:31:37.502732;OK;
SENTINELA-E-WCA-OUHT;71828;17152231;1ª tempo - Total de gols;68;3.50;Mais de 3.5;1.770;World Cup A;2026-07-21 16:31:37.724196;OK;
SENTINELA-E-WCA-OUHT;71838;17152292;1ª tempo - Total de gols;68;3.50;Mais de 3.5;1.590;World Cup A;2026-07-21 16:43:20.721023;OK;
SENTINELA-E-WCA-OUHT;71841;17152250;1ª tempo - Total de gols;68;2.50;Mais de 2.5;1.660;World Cup A;2026-07-21 16:43:20.814607;OK;
SENTINELA-E-WCA-OUHT;71861;17152318;1ª tempo - Total de gols;68;2.50;Mais de 2.5;1.790;World Cup A;2026-07-21 16:56:43.873908;OK;
SENTINELA-E-WCA-OUHT;71862;17152248;1ª tempo - Total de gols;68;2.50;Mais de 2.5;1.660;World Cup A;2026-07-21 16:56:43.891457;OK;
SENTINELA-E-WCA-OUHT;71870;17152240;1ª tempo - Total de gols;68;1.50;Mais de 1.5;1.560;World Cup A;2026-07-21 17:07:54.484762;OK;
SENTINELA-E-WCA-OUHT;71878;17152293;1ª tempo - Total de gols;68;2.50;Mais de 2.5;1.900;World Cup A;2026-07-21 17:19:24.697721;OK;
SENTINELA-E-WCA-OUHT;71879;17152312;1ª tempo - Total de gols;68;1.50;Mais de 1.5;1.450;World Cup A;2026-07-21 17:19:24.713099;OK;
SENTINELA-E-WCA-OUHT;71888;17152281;1ª tempo - Total de gols;68;2.50;Menos de 2.5;2.080;World Cup A;2026-07-21 17:31:12.375483;OK;
SENTINELA-E-WCA-OUHT;71891;17152223;1ª tempo - Total de gols;68;2.50;Menos de 2.5;1.630;World Cup A;2026-07-21 17:31:12.532080;OK;
SENTINELA-E-WCA-OUHT;71898;17152219;1ª tempo - Total de gols;68;1.50;Menos de 1.5;2.160;World Cup A;2026-07-21 17:43:57.626239;OK;
SENTINELA-E-WCA-OUHT;71902;17152255;1ª tempo - Total de gols;68;3.50;Menos de 3.5;1.550;World Cup A;2026-07-21 17:45:55.181529;OK;
SENTINELA-E-WCA-OUHT;71903;17152255;1ª tempo - Total de gols;68;3.50;Mais de 3.5;2.150;World Cup A;2026-07-21 17:45:55.181756;OK;
SENTINELA-E-WCA-OUHT;71906;17152247;1ª tempo - Total de gols;68;2.50;Mais de 2.5;1.770;World Cup A;2026-07-21 17:55:30.521106;OK;
SENTINELA-E-WCA-OUHT;71908;17152301;1ª tempo - Total de gols;68;2.50;Mais de 2.5;1.620;World Cup A;2026-07-21 17:55:30.542003;OK;
SENTINELA-E-WCA-OUHT;71931;17152289;1ª tempo - Total de gols;68;2.50;Mais de 2.5;1.710;World Cup A;2026-07-21 18:07:08.348625;OK;
SENTINELA-E-WCA-OUHT;71933;17152288;1ª tempo - Total de gols;68;2.50;Mais de 2.5;2.340;World Cup A;2026-07-21 18:07:08.384822;OK;
SENTINELA-E-WCA-OUHT;71941;17152254;1ª tempo - Total de gols;68;1.50;Menos de 1.5;2.300;World Cup A;2026-07-21 18:19:11.173290;OK;
SENTINELA-E-WCA-OUHT;71943;17152246;1ª tempo - Total de gols;68;2.50;Menos de 2.5;1.740;World Cup A;2026-07-21 18:19:11.207021;OK;
SENTINELA-E-WCA-OUHT;71949;17152270;1ª tempo - Total de gols;68;2.50;Mais de 2.5;1.650;World Cup A;2026-07-21 18:31:14.264138;OK;
SENTINELA-E-WCA-OUHT;71951;17152300;1ª tempo - Total de gols;68;2.50;Mais de 2.5;1.890;World Cup A;2026-07-21 18:31:14.270919;OK;
SENTINELA-E-WCA-OUHT;71970;17152296;1ª tempo - Total de gols;68;2.50;Mais de 2.5;1.520;World Cup A;2026-07-21 18:43:11.740297;OK;
SENTINELA-E-WCA-OUHT;71971;17152296;1ª tempo - Total de gols;68;2.50;Menos de 2.5;2.210;World Cup A;2026-07-21 18:43:11.740605;OK;
SENTINELA-S-ADRIATIC-HC;70663;14105654;Handicap (Inc. prorrogação);HANDICAP;0.50;Cleveland Cavaliers (Roma) (0.5);1.800;Adriatic Premier;2026-07-20 21:56:57.735403;REPROVADA;liga_fora_da_whitelist(Adriatic Premier)
SENTINELA-S-ADRIATIC-HC;70664;14105657;Handicap (Inc. prorrogação);HANDICAP;-3.50;Houston Rockets (Saopaulo) (-3.5);1.750;Adriatic Premier;2026-07-20 21:57:02.675089;REPROVADA;liga_fora_da_whitelist(Adriatic Premier)
SENTINELA-S-ADRIATIC-HC;70665;14105657;Handicap (Inc. prorrogação);HANDICAP;3.50;Golden State Warriors (Shanghai) (3.5);1.800;Adriatic Premier;2026-07-20 21:57:02.675672;REPROVADA;liga_fora_da_whitelist(Adriatic Premier)
SENTINELA-S-ADRIATIC-HC;70699;14105656;Handicap (Inc. prorrogação);HANDICAP;5.50;Philadelphia 76ers (Sydney) (5.5);1.750;Adriatic Premier;2026-07-20 22:10:19.157254;REPROVADA;liga_fora_da_whitelist(Adriatic Premier)
SENTINELA-S-ADRIATIC-HC;70739;14105686;Handicap (Inc. prorrogação);HANDICAP;7.50;Philadelphia 76ers (Sydney) (7.5);1.750;Adriatic Premier;2026-07-20 22:35:15.091336;REPROVADA;liga_fora_da_whitelist(Adriatic Premier)
SENTINELA-S-ADRIATIC-HC;70740;14105686;Handicap (Inc. prorrogação);HANDICAP;-7.50;Houston Rockets (Saopaulo) (-7.5);1.800;Adriatic Premier;2026-07-20 22:35:15.092824;REPROVADA;liga_fora_da_whitelist(Adriatic Premier)
SENTINELA-S-ADRIATIC-HC;71769;14119865;Handicap (Inc. prorrogação);HANDICAP;-11.50;Minnesota Timberwolves (Kiev) (-11.5);1.800;EAL - NextGen;2026-07-21 15:25:08.717304;OK;
SENTINELA-S-ADRIATIC-HC;71770;14119877;Handicap (Inc. prorrogação);HANDICAP;-16.50;Philadelphia 76ers (Johannesburg) (-16.5);1.900;EAL - NextGen;2026-07-21 15:25:08.746992;OK;
SENTINELA-S-ADRIATIC-HC;71771;14119891;Handicap (Inc. prorrogação);HANDICAP;9.50;Milwaukee Bucks (Tokyo) (9.5);1.900;EAL - NextGen;2026-07-21 15:25:08.753029;OK;
SENTINELA-S-ADRIATIC-HC;71778;14119902;Handicap (Inc. prorrogação);HANDICAP;4.50;Boston Celtics (Lagos) (4.5);1.800;EAL - NextGen;2026-07-21 15:36:17.159533;OK;
SENTINELA-S-ADRIATIC-HC;71779;14119902;Handicap (Inc. prorrogação);HANDICAP;-4.50;Chicago Bulls (Shanghai) (-4.5);1.750;EAL - NextGen;2026-07-21 15:36:17.161550;OK;
SENTINELA-S-ADRIATIC-HC;71780;14119878;Handicap (Inc. prorrogação);HANDICAP;0.50;Los Angeles Lakers (Abudhabi) (0.5);1.750;EAL - NextGen;2026-07-21 15:39:13.637458;OK;
SENTINELA-S-ADRIATIC-HC;71781;14119878;Handicap (Inc. prorrogação);HANDICAP;-0.50;Minnesota Timberwolves (Kiev) (-0.5);1.800;EAL - NextGen;2026-07-21 15:39:13.638826;OK;
SENTINELA-S-ADRIATIC-HC;71782;14119889;Handicap (Inc. prorrogação);HANDICAP;-5.50;Milwaukee Bucks (Tokyo) (-5.5);1.750;EAL - NextGen;2026-07-21 15:41:18.992268;OK;
SENTINELA-S-ADRIATIC-HC;71788;14119879;Handicap (Inc. prorrogação);HANDICAP;3.50;Cleveland Cavaliers (Amsterdam) (3.5);1.800;EAL - NextGen;2026-07-21 15:42:33.620733;OK;
SENTINELA-S-ADRIATIC-HC;71803;14119860;Handicap (Inc. prorrogação);HANDICAP;4.50;Philadelphia 76ers (Johannesburg) (4.5);1.800;EAL - NextGen;2026-07-21 16:05:20.199994;OK;
SENTINELA-S-ADRIATIC-HC;71804;14119860;Handicap (Inc. prorrogação);HANDICAP;-4.50;Los Angeles Lakers (Abudhabi) (-4.5);1.750;EAL - NextGen;2026-07-21 16:05:20.200384;OK;
SENTINELA-S-ADRIATIC-HC;71805;14119897;Handicap (Inc. prorrogação);HANDICAP;4.50;Milwaukee Bucks (Tokyo) (4.5);1.750;EAL - NextGen;2026-07-21 16:06:25.590995;OK;
SENTINELA-S-ADRIATIC-HC;71806;14119897;Handicap (Inc. prorrogação);HANDICAP;-4.50;Chicago Bulls (Shanghai) (-4.5);1.800;EAL - NextGen;2026-07-21 16:06:25.592708;OK;
SENTINELA-S-ADRIATIC-HC;71813;14119853;Handicap (Inc. prorrogação);HANDICAP;0.50;Minnesota Timberwolves (Kiev) (0.5);1.800;EAL - NextGen;2026-07-21 16:11:02.997556;OK;
SENTINELA-S-ADRIATIC-HC;71814;14119853;Handicap (Inc. prorrogação);HANDICAP;-0.50;Cleveland Cavaliers (Amsterdam) (-0.5);1.750;EAL - NextGen;2026-07-21 16:11:02.998253;OK;
SENTINELA-S-ADRIATIC-HC;71815;14119895;Handicap (Inc. prorrogação);HANDICAP;-8.50;Golden State Warriors (Rotterdam) (-8.5);1.750;EAL - NextGen;2026-07-21 16:11:03.000026;OK;
SENTINELA-S-ADRIATIC-HC;71835;14119908;Handicap (Inc. prorrogação);HANDICAP;4.50;Golden State Warriors (Rotterdam) (4.5);1.800;EAL - NextGen;2026-07-21 16:35:31.108780;OK;
SENTINELA-S-ADRIATIC-HC;71836;14119908;Handicap (Inc. prorrogação);HANDICAP;-4.50;Chicago Bulls (Shanghai) (-4.5);1.750;EAL - NextGen;2026-07-21 16:35:31.109818;OK;
SENTINELA-S-ADRIATIC-HC;71837;14119882;Handicap (Inc. prorrogação);HANDICAP;3.50;Cleveland Cavaliers (Amsterdam) (3.5);1.800;EAL - NextGen;2026-07-21 16:36:48.203384;OK;
SENTINELA-S-ADRIATIC-HC;71866;14119911;Handicap (Inc. prorrogação);HANDICAP;8.50;Oklahoma City Thunder (Dhaka) (8.5);1.750;EAL - NextGen;2026-07-21 17:05:47.147093;OK;
SENTINELA-S-ADRIATIC-HC;71867;14119869;Handicap (Inc. prorrogação);HANDICAP;2.50;Los Angeles Lakers (Abudhabi) (2.5);1.800;EAL - NextGen;2026-07-21 17:06:44.506805;OK;
SENTINELA-S-ADRIATIC-HC;71872;14119868;Handicap (Inc. prorrogação);HANDICAP;4.50;Philadelphia 76ers (Johannesburg) (4.5);1.750;EAL - NextGen;2026-07-21 17:10:19.510629;OK;
SENTINELA-S-ADRIATIC-HC;71873;14119868;Handicap (Inc. prorrogação);HANDICAP;-4.50;Minnesota Timberwolves (Kiev) (-4.5);1.800;EAL - NextGen;2026-07-21 17:10:19.511326;OK;
SENTINELA-S-ADRIATIC-HC;71874;14119906;Handicap (Inc. prorrogação);HANDICAP;-3.50;Milwaukee Bucks (Tokyo) (-3.5);1.750;EAL - NextGen;2026-07-21 17:11:50.615339;OK;
SENTINELA-S-ADRIATIC-HC;71875;14119906;Handicap (Inc. prorrogação);HANDICAP;3.50;Boston Celtics (Lagos) (3.5);1.800;EAL - NextGen;2026-07-21 17:11:50.617986;OK;
SENTINELA-S-ADRIATIC-HC;71895;14119907;Handicap (Inc. prorrogação);HANDICAP;-8.50;Chicago Bulls (Shanghai) (-8.5);1.750;EAL - NextGen;2026-07-21 17:35:42.034073;OK;
SENTINELA-S-ADRIATIC-HC;71894;14119907;Handicap (Inc. prorrogação);HANDICAP;8.50;Oklahoma City Thunder (Dhaka) (8.5);1.800;EAL - NextGen;2026-07-21 17:35:42.034833;OK;
SENTINELA-S-ADRIATIC-HC;71896;14119874;Handicap (Inc. prorrogação);HANDICAP;1.50;Milwaukee Bucks (Tokyo) (1.5);1.800;EAL - NextGen;2026-07-21 17:41:12.036546;OK;
SENTINELA-S-ADRIATIC-HC;71897;14119874;Handicap (Inc. prorrogação);HANDICAP;-1.50;Golden State Warriors (Rotterdam) (-1.5);1.750;EAL - NextGen;2026-07-21 17:41:12.037023;OK;
SENTINELA-S-ADRIATIC-HC;71920;14119894;Handicap (Inc. prorrogação);HANDICAP;7.50;Boston Celtics (Lagos) (7.5);1.750;EAL - NextGen;2026-07-21 18:05:07.435659;OK;
SENTINELA-S-ADRIATIC-HC;71921;14119918;Handicap (Inc. prorrogação);HANDICAP;3.50;Los Angeles Lakers (Sydney) (3.5);1.750;EAL - NextGen;2026-07-21 18:05:07.520656;OK;
SENTINELA-S-ADRIATIC-HC;71938;14119924;Handicap (Inc. prorrogação);HANDICAP;-4.50;Denver Nuggets (Melbourne) (-4.5);1.750;EAL - NextGen;2026-07-21 18:09:53.971780;OK;
SENTINELA-S-ADRIATIC-HC;71939;14119924;Handicap (Inc. prorrogação);HANDICAP;4.50;Milwaukee Bucks (Roma) (4.5);1.800;EAL - NextGen;2026-07-21 18:09:53.972384;OK;
SENTINELA-S-ADRIATIC-HC;71940;14119904;Handicap (Inc. prorrogação);HANDICAP;-8.50;Milwaukee Bucks (Tokyo) (-8.5);1.800;EAL - NextGen;2026-07-21 18:10:43.089202;OK;
SENTINELA-S-ADRIATIC-HC;71956;14119929;Handicap (Inc. prorrogação);HANDICAP;-1.50;Los Angeles Lakers (Sydney) (-1.5);1.800;EAL - NextGen;2026-07-21 18:35:22.792451;OK;
SENTINELA-S-ADRIATIC-HC;71957;14119929;Handicap (Inc. prorrogação);HANDICAP;1.50;Boston Celtics (Saopaulo) (1.5);1.750;EAL - NextGen;2026-07-21 18:35:22.792812;OK;
SENTINELA-S-ADRIATIC-HC;71958;14119896;Handicap (Inc. prorrogação);HANDICAP;7.50;Milwaukee Bucks (Tokyo) (7.5);1.750;EAL - NextGen;2026-07-21 18:37:19.105943;OK;
SENTINELA-S-ADRIATIC-HC;71959;14119887;Handicap (Inc. prorrogação);HANDICAP;4.50;Boston Celtics (Lagos) (4.5);1.750;EAL - NextGen;2026-07-21 18:40:06.164876;OK;
SENTINELA-S-ADRIATIC-HC;71960;14119887;Handicap (Inc. prorrogação);HANDICAP;-4.50;Golden State Warriors (Rotterdam) (-4.5);1.800;EAL - NextGen;2026-07-21 18:40:06.166539;OK;
SENTINELA-S-ADRIATIC-HC;71967;14119938;Handicap (Inc. prorrogação);HANDICAP;-6.50;Dallas Mavericks (Paris) (-6.5);1.750;EAL - NextGen;2026-07-21 18:41:59.612446;OK;
SENTINELA-S-ESTRELAS-HC;70673;14128254;Handicap 2-way;HANDICAP;-1.50;Croácia (AGENT) (-1.5);1.850;Liga das Estrelas;2026-07-20 21:58:21.489254;OK;
SENTINELA-S-ESTRELAS-HC;70675;14135466;Handicap 2-way;HANDICAP;0.50;Barcelona (GLORY) (0.5);1.600;Liga das Estrelas;2026-07-20 21:58:21.789476;OK;
SENTINELA-S-ESTRELAS-HC;70680;14135332;Handicap 2-way;HANDICAP;0.50;Inglaterra (HAPPY HOUR) (0.5);1.700;Liga das Estrelas;2026-07-20 22:01:57.814207;OK;
SENTINELA-S-ESTRELAS-HC;70695;14128514;Handicap 2-way;HANDICAP;0.50;Tottenham (STORM) (0.5);1.800;Liga das Estrelas;2026-07-20 22:05:23.738842;OK;
SENTINELA-S-ESTRELAS-HC;70696;14128514;Handicap 2-way;HANDICAP;-0.50;Arsenal (RIFT) (-0.5);1.850;Liga das Estrelas;2026-07-20 22:05:23.739626;OK;
SENTINELA-S-ESTRELAS-HC;70698;14128259;Handicap 2-way;HANDICAP;1.50;Suécia (EMPEROR) (1.5);2.200;Liga das Estrelas;2026-07-20 22:10:10.508899;OK;
SENTINELA-S-ESTRELAS-HC;70708;14135333;Handicap 2-way;HANDICAP;0.50;Atletico Madrid (GRIMACE) (0.5);1.650;Liga das Estrelas;2026-07-20 22:13:28.200635;OK;
SENTINELA-S-ESTRELAS-HC;70720;14135336;Handicap 2-way;HANDICAP;0.50;Portugal (CHASER) (0.5);1.450;Liga das Estrelas;2026-07-20 22:20:27.182193;OK;
SENTINELA-S-ESTRELAS-HC;70719;14135336;Handicap 2-way;HANDICAP;-0.50;Espanha (DECIMATOR) (-0.5);2.450;Liga das Estrelas;2026-07-20 22:20:27.182511;OK;
SENTINELA-S-ESTRELAS-HC;70722;14128388;Handicap 2-way;HANDICAP;0.50;Tottenham (STORM) (0.5);1.550;Liga das Estrelas;2026-07-20 22:20:32.583818;OK;
SENTINELA-S-ESTRELAS-HC;70728;14128389;Handicap 2-way;HANDICAP;-0.50;Croácia (AGENT) (-0.5);2.250;Liga das Estrelas;2026-07-20 22:25:29.164443;OK;
SENTINELA-S-ESTRELAS-HC;70734;14135469;Handicap 2-way;HANDICAP;0.50;Barcelona (GLORY) (0.5);1.700;Liga das Estrelas;2026-07-20 22:27:50.725906;OK;
SENTINELA-S-ESTRELAS-HC;70738;14135338;Handicap 2-way;HANDICAP;-0.50;Espanha (DECIMATOR) (-0.5);2.000;Liga das Estrelas;2026-07-20 22:32:31.199643;OK;
SENTINELA-S-ESTRELAS-HC;70742;14128513;Handicap 2-way;HANDICAP;-0.50;Arsenal (RIFT) (-0.5);2.000;Liga das Estrelas;2026-07-20 22:35:22.686794;OK;
SENTINELA-S-ESTRELAS-HC;70765;14128421;Handicap 2-way;HANDICAP;0.50;Suécia (EMPEROR) (0.5);2.600;Liga das Estrelas;2026-07-20 22:42:21.077784;OK;
SENTINELA-S-ESTRELAS-HC;70769;14135471;Handicap 2-way;HANDICAP;0.50;Barcelona (GLORY) (0.5);1.600;Liga das Estrelas;2026-07-20 22:43:25.821555;OK;
SENTINELA-S-ESTRELAS-HC;70770;14135471;Handicap 2-way;HANDICAP;-0.50;Napoli (THREAT) (-0.5);2.100;Liga das Estrelas;2026-07-20 22:43:25.822424;OK;
SENTINELA-S-ESTRELAS-HC;70772;14128291;Handicap 2-way;HANDICAP;-0.50;Portugal (CHASER) (-0.5);1.950;Liga das Estrelas;2026-07-20 22:46:15.103467;OK;
SENTINELA-S-ESTRELAS-HC;70777;14128516;Handicap 2-way;HANDICAP;-0.50;Arsenal (RIFT) (-0.5);1.850;Liga das Estrelas;2026-07-20 22:50:35.878467;OK;
SENTINELA-S-ESTRELAS-HC;70778;14128516;Handicap 2-way;HANDICAP;0.50;Tottenham (STORM) (0.5);1.800;Liga das Estrelas;2026-07-20 22:50:35.878772;OK;
SENTINELA-S-ESTRELAS-HC;70786;14128295;Handicap 2-way;HANDICAP;0.50;Portugal (INFERNO) (0.5);1.600;Liga das Estrelas;2026-07-20 22:55:33.045143;OK;
SENTINELA-S-ESTRELAS-HC;70788;14135339;Handicap 2-way;HANDICAP;0.50;Atletico Madrid (GRIMACE) (0.5);1.650;Liga das Estrelas;2026-07-20 22:58:09.390419;OK;
SENTINELA-S-ESTRELAS-HC;70790;14135298;Handicap 2-way;HANDICAP;-0.50;Portugal (CHASER) (-0.5);2.200;Liga das Estrelas;2026-07-20 23:01:55.503655;OK;
SENTINELA-S-ESTRELAS-HC;71915;14143154;Handicap 2-way;HANDICAP;0.50;Aston Villa (DANTE) (0.5);1.550;Liga das Estrelas;2026-07-21 18:00:06.738510;OK;
SENTINELA-S-ESTRELAS-HC;71918;14143155;Handicap 2-way;HANDICAP;-0.50;Barcelona (GRIMACE) (-0.5);1.950;Liga das Estrelas;2026-07-21 18:01:22.597582;OK;
SENTINELA-S-ESTRELAS-HC;71919;14143155;Handicap 2-way;HANDICAP;0.50;Atletico Madrid (RESISTANCE) (0.5);1.700;Liga das Estrelas;2026-07-21 18:01:22.597926;OK;
SENTINELA-S-ESTRELAS-OU;70672;14128254;Total de Gols;OVER_UNDER;2.50;Mais de 2.5;2.000;Liga das Estrelas;2026-07-20 21:58:21.367058;OK;
SENTINELA-S-ESTRELAS-OU;70674;14135466;Total de Gols;OVER_UNDER;2.50;Mais de 2.5;1.420;Liga das Estrelas;2026-07-20 21:58:21.531282;OK;
SENTINELA-S-ESTRELAS-OU;70679;14135332;Total de Gols;OVER_UNDER;2.50;Mais de 2.5;1.750;Liga das Estrelas;2026-07-20 22:01:57.645439;OK;
SENTINELA-S-ESTRELAS-OU;70694;14128514;Total de Gols;OVER_UNDER;1.50;Mais de 1.5;1.180;Liga das Estrelas;2026-07-20 22:05:23.566607;OK;
SENTINELA-S-ESTRELAS-OU;70697;14128259;Total de Gols;OVER_UNDER;4.50;Menos de 4.5;1.200;Liga das Estrelas;2026-07-20 22:10:10.215008;OK;
SENTINELA-S-ESTRELAS-OU;70709;14135333;Total de Gols;OVER_UNDER;2.50;Menos de 2.5;2.000;Liga das Estrelas;2026-07-20 22:13:28.196692;OK;
SENTINELA-S-ESTRELAS-OU;70718;14135336;Total de Gols;OVER_UNDER;3.50;Mais de 3.5;1.700;Liga das Estrelas;2026-07-20 22:20:26.753951;OK;
SENTINELA-S-ESTRELAS-OU;70721;14128388;Total de Gols;OVER_UNDER;2.50;Mais de 2.5;1.700;Liga das Estrelas;2026-07-20 22:20:32.558527;OK;
SENTINELA-S-ESTRELAS-OU;70727;14128389;Total de Gols;OVER_UNDER;1.50;Mais de 1.5;1.380;Liga das Estrelas;2026-07-20 22:25:29.136519;OK;
SENTINELA-S-ESTRELAS-OU;70733;14135469;Total de Gols;OVER_UNDER;1.50;Mais de 1.5;1.160;Liga das Estrelas;2026-07-20 22:27:50.693305;OK;
SENTINELA-S-ESTRELAS-OU;70737;14135338;Total de Gols;OVER_UNDER;0.50;Menos de 0.5;5.000;Liga das Estrelas;2026-07-20 22:32:31.042084;OK;
SENTINELA-S-ESTRELAS-OU;70741;14128513;Total de Gols;OVER_UNDER;1.50;Mais de 1.5;1.180;Liga das Estrelas;2026-07-20 22:35:22.578918;OK;
SENTINELA-S-ESTRELAS-OU;70766;14128421;Total de Gols;OVER_UNDER;3.50;Mais de 3.5;4.300;Liga das Estrelas;2026-07-20 22:42:21.145616;OK;
SENTINELA-S-ESTRELAS-OU;70767;14128421;Total de Gols;OVER_UNDER;3.50;Menos de 3.5;1.160;Liga das Estrelas;2026-07-20 22:42:21.146114;OK;
SENTINELA-S-ESTRELAS-OU;70768;14135471;Total de Gols;OVER_UNDER;2.50;Mais de 2.5;1.500;Liga das Estrelas;2026-07-20 22:43:25.748375;OK;
SENTINELA-S-ESTRELAS-OU;70771;14128291;Total de Gols;OVER_UNDER;3.50;Menos de 3.5;1.350;Liga das Estrelas;2026-07-20 22:46:14.911021;OK;
SENTINELA-S-ESTRELAS-OU;70776;14128516;Total de Gols;OVER_UNDER;1.50;Mais de 1.5;1.180;Liga das Estrelas;2026-07-20 22:50:35.798404;OK;
SENTINELA-S-ESTRELAS-OU;70785;14128295;Total de Gols;OVER_UNDER;4.50;Mais de 4.5;4.100;Liga das Estrelas;2026-07-20 22:55:32.726622;OK;
SENTINELA-S-ESTRELAS-OU;70787;14135339;Total de Gols;OVER_UNDER;1.50;Mais de 1.5;1.220;Liga das Estrelas;2026-07-20 22:58:09.226117;OK;
SENTINELA-S-ESTRELAS-OU;70789;14135298;Total de Gols;OVER_UNDER;1.50;Menos de 1.5;3.400;Liga das Estrelas;2026-07-20 23:01:55.288621;OK;
SENTINELA-S-ESTRELAS-OU;71913;14143154;Total de Gols;OVER_UNDER;2.50;Menos de 2.5;1.530;Liga das Estrelas;2026-07-21 18:00:05.959016;OK;
SENTINELA-S-ESTRELAS-OU;71914;14143154;Total de Gols;OVER_UNDER;3.50;Mais de 3.5;4.100;Liga das Estrelas;2026-07-21 18:00:05.959971;OK;
SENTINELA-S-ESTRELAS-OU;71916;14143155;Total de Gols;OVER_UNDER;4.50;Mais de 4.5;2.650;Liga das Estrelas;2026-07-21 18:01:22.165759;OK;
SENTINELA-S-ESTRELAS-OU;71917;14143155;Total de Gols;OVER_UNDER;2.50;Menos de 2.5;3.200;Liga das Estrelas;2026-07-21 18:01:22.166212;OK;
